ERR: Census Tract 8412 Census Tract 7706.02 -- No solution found, Unable to retrieve attribute 'ObjVal'
ERR Source 874447445 is not in G: Census Tract 8390 Census Tract 8391 -- No path found, (874447445, 740243448), [(28289318, 740243448, 0), (28290296, 11060811046, 0), (258957316, 258957340, 0), (258957340, 10923165760, 0), (619625983, 1536858520, 0), (1536858516, 258957316, 0), (1536858520, 1536858516, 0), (3682780135, 619625983, 0), (3682780135, 3682780135, 0), (10923165760, 28290296, 0), (11060811046, 28289318, 0)]
ERR Source 874447445 is not in G: Census Tract 8390 Census Tract 8419 -- No path found, (874447445, 256612742), [(1655435350, 256612742, 0), (1655457006, 1655457007, 0), (1655457007, 1655435350, 0), (1923791237, 2203813886, 0), (1923791237, 1923791237, 0), (2203813886, 1655457006, 0)]
ERR Source 874447445 is not in G: Census Tract 8390 Census Tract 8423 -- No path found, (874447445, 262368116), [(261193491, 261223241, 0), (261223241, 344250481, 0), (344250479, 345389426, 0), (344250481, 344250479, 0), (344357410, 11751927278, 0), (345389426, 734122955, 0), (369880823, 369880823, 0), (369880823, 261193491, 0), (734122955, 344357410, 0), (11751927278, 11751927279, 0), (11751927279, 262368116, 0)]
ERR Source 1324353893 is not in G: Census Tract 8382 Census Tract 8391 -- No path found, (1324353893, 740243448), [(28289318, 740243448, 0), (28290296, 11060811046, 0), (258957316, 258957340, 0), (258957340, 10923165760, 0), (619625983, 1536858520, 0), (1536858516, 258957316, 0), (1536858520, 1536858516, 0), (3682780135, 619625983, 0), (3682780135, 3682780135, 0), (10923165760, 28290296, 0), (11060811046, 28289318, 0)]
ERR Source 1324353893 is not in G: Census Tract 8382 Census Tract 8419 -- No path found, (1324353893, 256612742), [(1655435350, 256612742, 0), (1655457006, 1655457007, 0), (1655457007, 1655435350, 0), (1923791237, 2203813886, 0), (1923791237, 1923791237, 0), (2203813886, 1655457006, 0)]
ERR Source 6821685223 is not in G: Census Tract 6503.01 Census Tract 6505 -- No path found, (6821685223, 4363724216), [(261116399, 1102978862, 0), (261116443, 261163893, 0), (261116735, 261216642, 0), (261131893, 261166817, 0), (261134838, 261134839, 0), (261134838, 261134838, 1), (261134839, 261163892, 0), (261151737, 4363724216, 0), (261162513, 261216634, 0), (261163892, 261116443, 0), (261163893, 261163894, 0), (261163894, 261210608, 0), (261166817, 6991113807, 0), (261170055, 261184374, 0), (261174116, 4337842251, 0), (261179888, 261131893, 0), (261184374, 261116735, 0), (261185736, 4336128942, 0), (261192062, 261216645, 0), (261200129, 261216632, 0), (261204893, 710276542, 0), (261210608, 261204893, 0), (261213406, 261216641, 0), (261216631, 261200129, 0), (261216632, 261216633, 0), (261216633, 261162513, 0), (261216634, 261179888, 0), (261216641, 261170055, 0), (261216642, 261174116, 0), (261216645, 261216646, 0), (261216646, 261216648, 0), (261216648, 261216649, 0), (261216649, 261299643, 0), (261299643, 261116399, 0), (710276542, 261216631, 0), (1102978862, 261185736, 0), (1102978958, 261151737, 0), (4336128942, 1102978958, 0), (4337842251, 261192062, 0), (6991113807, 261213406, 0)]
ERR Source 6821685223 is not in G: Census Tract 6503.01 Census Tract 6611 -- No path found, (6821685223, 261131902), [(261098995, 261194726, 0), (261131904, 5274567751, 0), (261134838, 261134839, 0), (261134838, 261134838, 1), (261134839, 261163892, 0), (261142091, 261259846, 0), (261162571, 261271679, 0), (261163892, 261185774, 0), (261164007, 261179903, 0), (261179903, 261098995, 0), (261185774, 261336061, 0), (261194726, 261325895, 0), (261200105, 261295828, 0), (261201117, 261325901, 0), (261204929, 261319922, 0), (261210529, 261204929, 0), (261222166, 261201117, 0), (261231233, 261131904, 0), (261259846, 261164007, 0), (261271679, 261325897, 0), (261287897, 261200105, 0), (261295828, 261222166, 0), (261319922, 261287897, 0), (261325895, 261231233, 0), (261325897, 261142091, 0), (261325899, 261162571, 0), (261325901, 261325899, 0), (261325909, 7625126089, 0), (261329627, 261325909, 0), (261336061, 261342008, 0), (261342008, 261329627, 0), (5274567751, 261131902, 0), (7625126089, 261210529, 0)]
ERR Source 6821685223 is not in G: Census Tract 6503.01 Census Tract 8390 -- No path found, (6821685223, 874447445), [(704695415, 10925076862, 0), (874447446, 874447445, 0), (1105879188, 1105879277, 0), (1105879277, 1105879625, 0), (1105879625, 704695415, 0), (1923791237, 2203813886, 0), (1923791237, 1923791237, 0), (2203813886, 2231137214, 0), (2231137214, 1105879188, 0), (10925076862, 874447446, 0)]
ERR Source 6821685223 is not in G: Census Tract 6503.01 Census Tract 8391 -- No path found, (6821685223, 740243448), [(28289318, 740243448, 0), (28290296, 11060811046, 0), (258957316, 258957340, 0), (258957340, 10923165760, 0), (619625983, 1536858520, 0), (1536858516, 258957316, 0), (1536858520, 1536858516, 0), (3682780135, 619625983, 0), (3682780135, 3682780135, 0), (10923165760, 28290296, 0), (11060811046, 28289318, 0)]
ERR Source 6821685223 is not in G: Census Tract 6503.01 Census Tract 8419 -- No path found, (6821685223, 256612742), [(1655435350, 256612742, 0), (1655457006, 1655457007, 0), (1655457007, 1655435350, 0), (1923791237, 2203813886, 0), (1923791237, 1923791237, 0), (2203813886, 1655457006, 0)]
ERR: Census Tract 208.01 Census Tract 9800 -- No solution found, Unable to retrieve attribute 'ObjVal'
ERR Source 261236606 is not in G: Census Tract 701.02 Census Tract 702 -- No path found, (261236606, 261141229), [(26817975, 261141227, 0), (250756035, 261141224, 0), (261141224, 261141225, 0), (261141225, 26817975, 0), (261141227, 261141228, 0), (261141228, 261141229, 0), (261197248, 388773352, 0), (261221362, 250756035, 0), (314768213, 261197248, 0), (314768213, 314768213, 0), (388773352, 261221362, 0)]
ERR Source 261236606 is not in G: Census Tract 701.02 Census Tract 713 -- No path found, (261236606, 262370227), [(261197248, 388773352, 0), (261264636, 264825736, 0), (262370244, 262370227, 0), (264825736, 262370244, 0), (314768213, 261197248, 0), (314768213, 314768213, 0), (388773352, 261264636, 0)]
ERR Source 261236606 is not in G: Census Tract 701.02 Census Tract 715 -- No path found, (261236606, 10845363481), [(27440477, 713311573, 0), (102713556, 261278115, 0), (250755885, 10845363478, 0), (258964573, 258964574, 0), (258964574, 102713556, 0), (258964576, 269445370, 0), (261209198, 264429103, 0), (261229891, 261209198, 0), (261278115, 258964576, 0), (263984614, 258964573, 0), (264429103, 271147928, 0), (269445370, 269446293, 0), (269446276, 27440477, 0), (269446293, 269446276, 0), (271147928, 263984614, 0), (713311573, 10845477605, 0), (1477432263, 1477432263, 1), (1477432263, 261229891, 0), (10845363478, 10845363481, 0), (10845477605, 10845477607, 0), (10845477607, 10845477610, 0), (10845477610, 250755885, 0)]
ERR Source 261236606 is not in G: Census Tract 701.02 Census Tract 812.01 -- No path found, (261236606, 261149262), [(102713553, 250755813, 0), (250755811, 261875667, 0), (250755813, 4043180080, 0), (261147577, 261209197, 0), (261209197, 261264057, 0), (261210849, 102713553, 0), (261229891, 261147577, 0), (261256259, 261210849, 0), (261264057, 261309128, 0), (261296050, 5068363645, 0), (261309128, 261256259, 0), (261875667, 675646169, 0), (262072430, 261296050, 0), (675646169, 261149262, 0), (1477432263, 1477432263, 1), (1477432263, 261229891, 0), (4043180079, 262072430, 0), (4043180080, 4043180079, 0), (5068363644, 250755811, 0), (5068363645, 5068363644, 0)]
ERR Source 261236606 is not in G: Census Tract 701.02 Census Tract 814.01 -- No path found, (261236606, 262184019), [(33718424, 258023343, 0), (258022762, 271187550, 0), (258023343, 258023461, 0), (258023461, 258965934, 0), (258934621, 258934623, 0), (258934623, 369890932, 0), (258965934, 262184057, 0), (262184057, 262184019, 0), (271187550, 1034227190, 0), (369890932, 33718424, 0), (619019057, 2779938540, 0), (619019058, 619019057, 0), (929489865, 258934621, 0), (1034227190, 619019058, 0), (1052707326, 929489865, 0), (1107253707, 1107253707, 0), (1107253707, 1107253804, 0), (1107253804, 258022762, 0), (1386043169, 1052707326, 0), (2779938540, 10950881700, 0), (10950881700, 1386043169, 0)]
ERR Source 261236606 is not in G: Census Tract 701.02 Census Tract 8307 -- No path found, (261236606, 257168646), [(26794614, 257168646, 0), (26794623, 257095285, 0), (257095285, 257167962, 0), (257108503, 260099994, 0), (257112419, 257112419, 0), (257112419, 257108503, 0), (257167962, 257375160, 0), (257169230, 10080927066, 0), (257375160, 257169230, 0), (260099994, 26794623, 0), (7324507927, 26794614, 0), (10080927065, 7324507927, 0), (10080927066, 10080927065, 0)]
ERR Source 261236606 is not in G: Census Tract 701.02 Census Tract 8362 -- No path found, (261236606, 261176761), [(261137190, 261207772, 0), (261140664, 261140671, 0), (261140671, 261137190, 0), (261145920, 261286244, 0), (261160185, 261140664, 0), (261167224, 261286249, 0), (261181131, 261227633, 0), (261192511, 261176761, 0), (261202782, 261192511, 0), (261207772, 261145920, 0), (261227633, 261277228, 0), (261277228, 261202782, 0), (261286244, 261286247, 0), (261286247, 261167224, 0), (261286249, 261286251, 0), (261286251, 261181131, 0), (538166278, 538166278, 0), (538166278, 261160185, 0)]
ERR Source 261236606 is not in G: Census Tract 701.02 Census Tract 8391 -- No path found, (261236606, 740243448), [(28289318, 740243448, 0), (28290296, 11060811046, 0), (258957316, 258957340, 0), (258957340, 10923165760, 0), (619625983, 1536858520, 0), (1536858516, 258957316, 0), (1536858520, 1536858516, 0), (3682780135, 619625983, 0), (3682780135, 3682780135, 0), (10923165760, 28290296, 0), (11060811046, 28289318, 0)]
ERR: Census Tract 701.02 Census Tract 9800 -- No solution found, Unable to retrieve attribute 'ObjVal'
ERR: Census Tract 315.02 Census Tract 9800 -- No solution found, Unable to retrieve attribute 'ObjVal'
ERR Source 261149779 is not in G: Census Tract 8348 Census Tract 8439 -- No path found, (261149779, 27729926), [(27729740, 27729749, 0), (27729749, 27729777, 0), (27729777, 10844935201, 0), (261089544, 27729740, 0), (261113223, 2149670613, 0), (261160185, 5710403566, 0), (261171708, 261089544, 0), (261175597, 261113223, 0), (269450148, 1394127098, 0), (269712830, 27729926, 0), (538166278, 538166278, 0), (538166278, 261160185, 0), (712771323, 261171708, 0), (1394127043, 11028420930, 0), (1394127098, 1394127043, 0), (2149670613, 712771323, 0), (5710403566, 261175597, 0), (10844935201, 269450148, 0), (11028420930, 269712830, 0)]
ERR Source 261158079 is not in G: Census Tract 402.01 Census Tract 406 -- No path found, (261158079, 261212626), [(158730531, 264413978, 0), (256170553, 306047309, 0), (257110952, 264414206, 0), (261127865, 261212626, 0), (261129963, 261134301, 0), (261132263, 261156608, 0), (261134301, 257110952, 0), (261156608, 307940832, 0), (263985433, 158730531, 0), (263985482, 261129963, 0), (264413978, 263985482, 0), (264414206, 261127865, 0), (306047304, 263985433, 0), (306047305, 306047304, 0), (306047306, 306047305, 0), (306047307, 306047306, 0), (306047308, 306047307, 0), (306047309, 10058337707, 0), (307940832, 11337127508, 0), (307940846, 307940886, 0), (307940886, 307940891, 0), (307940891, 256170553, 0), (2397341526, 261132263, 0), (2397341531, 2397341526, 0), (2397341531, 2397341531, 0), (10058337707, 306047308, 0), (11337127508, 307940846, 0)]
ERR Source 261158079 is not in G: Census Tract 402.01 Census Tract 502 -- No path found, (261158079, 261235213), [(256170553, 4147982414, 0), (261132263, 261156608, 0), (261156608, 307940832, 0), (261180496, 261235213, 0), (261235210, 261235212, 0), (261235212, 261180496, 0), (306047311, 4332494924, 0), (306047312, 306047313, 0), (306047313, 261235210, 0), (307940832, 11337127508, 0), (307940846, 307940886, 0), (307940886, 307940891, 0), (307940891, 256170553, 0), (2397341526, 261132263, 0), (2397341531, 2397341526, 0), (2397341531, 2397341531, 0), (4147982414, 10844809889, 0), (4332494924, 306047312, 0), (10844809889, 306047311, 0), (11337127508, 307940846, 0)]
ERR Source 261158079 is not in G: Census Tract 402.01 Census Tract 604 -- No path found, (261158079, 261166441), [(261125010, 261166399, 0), (261145267, 308441076, 0), (261166399, 261166441, 0), (308441076, 2518161246, 0), (495674282, 261145267, 0), (495674285, 495674282, 0), (2447758338, 2447758340, 0), (2447758340, 2447758342, 0), (2447758342, 2447758343, 0), (2447758343, 2447758345, 0), (2447758345, 4387385671, 0), (2447758359, 2447758362, 0), (2447758362, 261125010, 0), (2518161246, 2518161247, 0), (2518161247, 2518161248, 0), (2518161248, 2662779629, 0), (2584233690, 495674285, 0), (2584233700, 2584233700, 1), (2584233700, 2584233690, 0), (2662779629, 2447758338, 0), (4387385671, 2447758359, 0)]
ERR Source 261158079 is not in G: Census Tract 402.01 Census Tract 710 -- No path found, (261158079, 286369393), [(250755910, 370097351, 0), (250756035, 262369215, 0), (250756039, 286368854, 0), (261197248, 388773352, 0), (261221362, 250756035, 0), (262369215, 262369322, 0), (262369322, 250755910, 0), (286368854, 286369393, 0), (314768213, 261197248, 0), (314768213, 314768213, 0), (370097351, 370097483, 0), (370097483, 452377003, 0), (388773352, 261221362, 0), (452377003, 250756039, 0)]
ERR Source 261158079 is not in G: Census Tract 402.01 Census Tract 711 -- No path found, (261158079, 370097483), [(250755910, 370097351, 0), (250756035, 262369215, 0), (261197248, 388773352, 0), (261221362, 250756035, 0), (262369215, 262369322, 0), (262369322, 250755910, 0), (314768213, 261197248, 0), (314768213, 314768213, 0), (370097351, 370097483, 0), (388773352, 261221362, 0)]
ERR Source 261158079 is not in G: Census Tract 402.01 Census Tract 814.01 -- No path found, (261158079, 262184019), [(33718424, 258023343, 0), (258022762, 271187550, 0), (258023343, 258023461, 0), (258023461, 258965934, 0), (258934621, 258934623, 0), (258934623, 369890932, 0), (258965934, 262184057, 0), (262184057, 262184019, 0), (271187550, 1034227190, 0), (369890932, 33718424, 0), (619019057, 2779938540, 0), (619019058, 619019057, 0), (929489865, 258934621, 0), (1034227190, 619019058, 0), (1052707326, 929489865, 0), (1107253707, 1107253707, 0), (1107253707, 1107253804, 0), (1107253804, 258022762, 0), (1386043169, 1052707326, 0), (2779938540, 10950881700, 0), (10950881700, 1386043169, 0)]
ERR Source 261158079 is not in G: Census Tract 402.01 Census Tract 8319 -- No path found, (261158079, 2447758345), [(261145267, 308441076, 0), (308441076, 2518161246, 0), (495674282, 261145267, 0), (495674285, 495674282, 0), (2447758338, 2447758340, 0), (2447758340, 2447758342, 0), (2447758342, 2447758343, 0), (2447758343, 2447758345, 0), (2518161246, 2518161247, 0), (2518161247, 2518161248, 0), (2518161248, 2662779629, 0), (2584233690, 495674285, 0), (2584233700, 2584233700, 1), (2584233700, 2584233690, 0), (2662779629, 2447758338, 0)]
ERR Source 261158079 is not in G: Census Tract 402.01 Census Tract 8331 -- No path found, (261158079, 261239964), [(256591099, 1676390756, 0), (256613293, 261239964, 0), (1308245851, 1308245884, 0), (1308245880, 1308245886, 0), (1308245882, 1324316159, 0), (1308245884, 1308245880, 0), (1308245886, 1308245882, 0), (1324316156, 1640004517, 0), (1324316159, 1324316156, 0), (1640004517, 256591099, 0), (1676390756, 256613293, 0), (2004538828, 1308245851, 0), (2203792340, 2004538828, 0), (2203792340, 2203792340, 0)]
ERR Source 261158079 is not in G: Census Tract 402.01 Census Tract 8380 -- No path found, (261158079, 261154216), [(256591099, 2051982639, 0), (261110014, 261261490, 0), (261154210, 261154211, 0), (261154211, 261154212, 0), (261154212, 261154216, 0), (261261490, 261154210, 0), (293974158, 1937532132, 0), (345098144, 345098154, 0), (345098154, 261110014, 0), (708281420, 345098144, 0), (1308245851, 1308245884, 0), (1308245880, 1308245886, 0), (1308245882, 1324316159, 0), (1308245884, 1308245880, 0), (1308245886, 1308245882, 0), (1324316156, 1640004517, 0), (1324316159, 1324316156, 0), (1640004517, 256591099, 0), (1937532132, 708281420, 0), (2004538828, 1308245851, 0), (2051982639, 293974158, 0), (2203792340, 2004538828, 0), (2203792340, 2203792340, 0)]
ERR Source 261158079 is not in G: Census Tract 402.01 Census Tract 8391 -- No path found, (261158079, 740243448), [(28289318, 740243448, 0), (28290296, 11060811046, 0), (258957316, 258957340, 0), (258957340, 10923165760, 0), (619625983, 1536858520, 0), (1536858516, 258957316, 0), (1536858520, 1536858516, 0), (3682780135, 619625983, 0), (3682780135, 3682780135, 0), (10923165760, 28290296, 0), (11060811046, 28289318, 0)]
ERR Source 261158079 is not in G: Census Tract 402.01 Census Tract 8419 -- No path found, (261158079, 256612742), [(1655435350, 256612742, 0), (1655457006, 1655457007, 0), (1655457007, 1655435350, 0), (1923791237, 2203813886, 0), (1923791237, 1923791237, 0), (2203813886, 1655457006, 0)]
ERR Source 261158079 is not in G: Census Tract 402.01 Census Tract 8422 -- No path found, (261158079, 2401648276), [(35313351, 102708202, 0), (102680962, 262368937, 0), (102680963, 4255745555, 0), (102680965, 264429937, 0), (102691173, 35313351, 0), (102708202, 265642209, 0), (250755794, 264429518, 0), (261147577, 261147578, 0), (261147578, 250755794, 0), (261229891, 261147577, 0), (261230957, 2401648276, 0), (261260014, 261230957, 0), (262368739, 264431935, 0), (262368937, 102691173, 0), (264429518, 2291929261, 0), (264429937, 264430217, 0), (264430062, 102680963, 0), (264430217, 264430062, 0), (264430961, 102680962, 0), (264431126, 264430961, 0), (264431935, 261260014, 0), (265642209, 265642220, 0), (265642220, 262368739, 0), (1477432263, 1477432263, 1), (1477432263, 261229891, 0), (2291929261, 102680965, 0), (4255745555, 264431126, 0)]
ERR Source 261224252 is not in G: Census Tract 203.02 Census Tract 2819 -- No path found, (261224252, 257381494), [(28358883, 28358888, 0), (28358888, 28358891, 0), (28358891, 28358895, 0), (28358895, 271167057, 0), (257381489, 257381494, 0), (257381516, 257381489, 0), (271166509, 3921106500, 0), (271166785, 619040194, 0), (271166846, 271166785, 0), (271167057, 271166846, 0), (619040194, 271166509, 0), (619625983, 1536858520, 0), (1536858520, 28358883, 0), (3682780135, 619625983, 0), (3682780135, 3682780135, 0), (3921106500, 11061920316, 0), (11061920316, 257381516, 0)]
ERR Source 261224252 is not in G: Census Tract 203.02 Census Tract 3201 -- No path found, (261224252, 623820257), [(258022758, 271188194, 0), (258022762, 271187550, 0), (271187550, 271187564, 0), (271187564, 740367296, 0), (271188194, 623820258, 0), (271188336, 10838732049, 0), (272350581, 7142848056, 0), (619011842, 272350581, 0), (623820258, 623820257, 0), (740367296, 2787312481, 0), (1107253707, 1107253707, 0), (1107253707, 1107253804, 0), (1107253804, 258022762, 0), (2392243937, 619011842, 0), (2787312481, 271188336, 0), (7142848056, 258022758, 0), (10838732049, 10838732050, 0), (10838732050, 2392243937, 0)]
ERR Source 261224252 is not in G: Census Tract 203.02 Census Tract 8319 -- No path found, (261224252, 2447758345), [(261145267, 308441076, 0), (308441076, 2518161246, 0), (495674282, 261145267, 0), (495674285, 495674282, 0), (2447758338, 2447758340, 0), (2447758340, 2447758342, 0), (2447758342, 2447758343, 0), (2447758343, 2447758345, 0), (2518161246, 2518161247, 0), (2518161247, 2518161248, 0), (2518161248, 2662779629, 0), (2584233690, 495674285, 0), (2584233700, 2584233700, 0), (2584233700, 2584233690, 0), (2662779629, 2447758338, 0)]
ERR Source 261224252 is not in G: Census Tract 203.02 Census Tract 8419 -- No path found, (261224252, 256612742), [(1655435350, 256612742, 0), (1655457006, 1655457007, 0), (1655457007, 1655435350, 0), (1923791237, 2203813886, 0), (1923791237, 1923791237, 0), (2203813886, 1655457006, 0)]
ERR: Census Tract 105.02 Census Tract 7608.01 -- No solution found, Unable to retrieve attribute 'ObjVal'
ERR Source 261289111 is not in G: Census Tract 107.02 Census Tract 1907.01 -- No path found, (261289111, 261191266), [(157719704, 348167529, 0), (157719711, 316309147, 0), (157719713, 287487414, 0), (157719715, 256170706, 0), (256170566, 317747338, 0), (256170706, 157719713, 0), (261126457, 261210216, 0), (261141682, 261191266, 0), (261195084, 305912902, 0), (261210216, 261141682, 0), (261260840, 261313678, 0), (261295007, 261260840, 0), (261313678, 261126457, 0), (261334846, 261295007, 0), (287235765, 734839838, 0), (287487414, 369630846, 0), (294178233, 261334846, 0), (305912844, 305912844, 1), (305912844, 261195084, 0), (305912902, 287235765, 0), (316309147, 365061608, 0), (316319260, 316324910, 0), (316324910, 316325745, 0), (316325745, 316325766, 0), (316325766, 316325886, 0), (316325886, 256170566, 0), (316328114, 317749784, 0), (317747338, 317747461, 0), (317747461, 316328114, 0), (317749680, 317750090, 0), (317749777, 317750132, 0), (317749784, 317749777, 0), (317750090, 157719704, 0), (317750132, 317749680, 0), (348167529, 845883305, 0), (348167785, 348167897, 0), (348167897, 348168258, 0), (348168258, 348168276, 0), (348168276, 348168287, 0), (348168287, 294178233, 0), (365061608, 316319260, 0), (369630846, 369630897, 0), (369630897, 369630899, 0), (369630899, 369630905, 0), (369630905, 409169165, 0), (369630918, 157719711, 0), (409169165, 369630918, 0), (734839838, 1479104340, 0), (845883305, 348167785, 0), (1479104340, 1479104354, 0), (1479104354, 157719715, 0)]
ERR Source 261289111 is not in G: Census Tract 107.02 Census Tract 206.02 -- No path found, (261289111, 261141610), [(261141609, 261141610, 0), (261159024, 261240197, 0), (261225880, 261159024, 0), (261238992, 287209285, 0), (261240197, 287209290, 0), (287209285, 261225880, 0), (287209290, 287209503, 0), (287209500, 9892858310, 0), (287209501, 287209500, 0), (287209502, 287209501, 0), (287209503, 10750053794, 0), (2196305817, 2196305817, 0), (2196305817, 261238992, 0), (9892858310, 261141609, 0), (10750053794, 287209502, 0)]
ERR Source 261289111 is not in G: Census Tract 107.02 Census Tract 2424 -- No path found, (261289111, 261135337), [(261112469, 261135338, 0), (261119853, 261135337, 0), (261119869, 365024930, 0), (261135338, 261119853, 0), (261207075, 346048537, 0), (344250624, 5891694372, 0), (344253106, 344250624, 0), (346048221, 346048369, 0), (346048369, 261207075, 0), (346048537, 346048899, 0), (346048899, 346050145, 0), (346050145, 346050353, 0), (346050353, 346050520, 0), (346050520, 346051384, 0), (346051384, 346051631, 0), (346051631, 346052328, 0), (346052328, 346052838, 0), (346052838, 353792433, 0), (346054076, 261112469, 0), (353792433, 346054076, 0), (365024877, 261119869, 0), (365024927, 365024877, 0), (365024927, 365024927, 0), (365024930, 344253106, 0), (5891694372, 5891694373, 0), (5891694373, 346048221, 0)]
ERR Source 261289111 is not in G: Census Tract 107.02 Census Tract 2435 -- No path found, (261289111, 261204537), [(43503249, 261089719, 0), (102723053, 739187881, 0), (261089719, 261104757, 0), (261104757, 261164740, 0), (261164735, 368003219, 0), (261164740, 365026544, 0), (265644052, 368003216, 0), (365024877, 43503249, 0), (365024927, 365024877, 0), (365024927, 365024927, 0), (365026544, 102723053, 0), (368003216, 739188012, 0), (368003218, 265644052, 0), (368003219, 368003218, 0), (739187881, 739187886, 0), (739187886, 261164735, 0), (739188012, 261204537, 0)]
ERR Source 261289111 is not in G: Census Tract 107.02 Census Tract 2801 -- No path found, (261289111, 258020602), [(28358883, 28358888, 0), (28358888, 258020603, 0), (258020603, 258956212, 0), (258956212, 258020602, 0), (619625983, 1536858520, 0), (1536858520, 28358883, 0), (3682780135, 619625983, 0), (3682780135, 3682780135, 0)]
ERR Source 261289111 is not in G: Census Tract 107.02 Census Tract 2819 -- No path found, (261289111, 257381494), [(28358883, 28358888, 0), (28358888, 28358891, 0), (28358891, 28358895, 0), (28358895, 271167057, 0), (257381489, 257381494, 0), (257381516, 257381489, 0), (271166509, 3921106500, 0), (271166785, 619040194, 0), (271166846, 271166785, 0), (271167057, 271166846, 0), (619040194, 271166509, 0), (619625983, 1536858520, 0), (1536858520, 28358883, 0), (3682780135, 619625983, 0), (3682780135, 3682780135, 0), (3921106500, 11061920316, 0), (11061920316, 257381516, 0)]
ERR Source 261289111 is not in G: Census Tract 107.02 Census Tract 317 -- No path found, (261289111, 257168831), [(257108489, 257109490, 0), (257108503, 257108489, 0), (257109490, 257112973, 0), (257110946, 257167960, 0), (257110947, 257148596, 0), (257110948, 257168323, 0), (257112419, 257112419, 0), (257112419, 257108503, 0), (257112973, 257110946, 0), (257148596, 257110948, 0), (257167960, 257169224, 0), (257168173, 257168816, 0), (257168210, 257168173, 0), (257168323, 257168210, 0), (257168816, 257168831, 0), (257169224, 257110947, 0)]
ERR Source 261289111 is not in G: Census Tract 107.02 Census Tract 3201 -- No path found, (261289111, 623820257), [(258022758, 271188194, 0), (258022762, 271187550, 0), (271187550, 271187564, 0), (271187564, 740367296, 0), (271188194, 623820258, 0), (271188336, 10838732049, 0), (272350581, 7142848056, 0), (619011842, 272350581, 0), (623820258, 623820257, 0), (740367296, 2787312481, 0), (1107253707, 1107253707, 0), (1107253707, 1107253804, 0), (1107253804, 258022762, 0), (2392243937, 619011842, 0), (2787312481, 271188336, 0), (7142848056, 258022758, 0), (10838732049, 10838732050, 0), (10838732050, 2392243937, 0)]
ERR Source 261289111 is not in G: Census Tract 107.02 Census Tract 3206 -- No path found, (261289111, 258288004), [(26098097, 705003083, 0), (258289673, 3810503851, 0), (270863238, 7770322435, 0), (270863238, 270863238, 0), (704695482, 258288004, 0), (705003083, 258289673, 0), (1062997771, 26098097, 0), (3810503851, 704695482, 0), (7770322435, 1062997771, 0)]
ERR Source 261289111 is not in G: Census Tract 107.02 Census Tract 321 -- No path found, (261289111, 257372149), [(26794623, 257095285, 0), (257095285, 257167962, 0), (257108503, 260099994, 0), (257112419, 257112419, 0), (257112419, 257108503, 0), (257167962, 257375160, 0), (257169230, 257169231, 0), (257169231, 257374357, 0), (257374357, 257372149, 0), (257375160, 257169230, 0), (260099994, 26794623, 0)]
ERR Source 261289111 is not in G: Census Tract 107.02 Census Tract 630 -- No path found, (261289111, 4173985509), [(26817984, 308440447, 0), (250278937, 308440333, 0), (250278943, 2518161241, 0), (260099191, 4173985509, 0), (260099213, 260099191, 0), (261296684, 308441301, 0), (308440333, 308440334, 0), (308440334, 260099213, 0), (308440390, 250278937, 0), (308440440, 308440390, 0), (308440447, 308440440, 0), (308440993, 308441001, 0), (308441001, 308441025, 0), (308441017, 308441050, 0), (308441025, 308441046, 0), (308441033, 26817984, 0), (308441046, 308441017, 0), (308441050, 308441033, 0), (308441268, 250278943, 0), (308441301, 308441268, 0), (495674281, 261296684, 0), (2518161241, 308440993, 0), (2584233690, 495674281, 0), (2584233700, 2584233700, 1), (2584233700, 2584233690, 0)]
ERR Source 261289111 is not in G: Census Tract 107.02 Census Tract 633.03 -- No path found, (261289111, 10845487570), [(26099529, 250755865, 0), (26099544, 258487701, 0), (26794425, 250278971, 0), (26794523, 10845487567, 0), (26817935, 258964877, 0), (26817937, 261197252, 0), (250278971, 250278972, 0), (250278972, 257972850, 0), (250755865, 26099544, 0), (257972850, 26794523, 0), (258487701, 10845487547, 0), (258964877, 26099529, 0), (261142619, 26817935, 0), (261197248, 264430370, 0), (261197252, 656680113, 0), (262072125, 11455038593, 0), (264430370, 262072125, 0), (314768213, 261197248, 0), (314768213, 314768213, 0), (656680113, 261142619, 0), (10845487547, 10845487550, 0), (10845487550, 10845487555, 0), (10845487555, 10845487558, 0), (10845487558, 10845487563, 0), (10845487563, 10845487566, 0), (10845487566, 10845487571, 0), (10845487567, 10845487570, 0), (10845487571, 10845487574, 0), (10845487574, 26794425, 0), (11455038593, 11455038594, 0), (11455038594, 26817937, 0)]
ERR Source 261289111 is not in G: Census Tract 107.02 Census Tract 707 -- No path found, (261289111, 6131657470), [(261296684, 308441301, 0), (263360946, 263360950, 0), (263360950, 6131657470, 0), (308441301, 263360946, 0), (495674281, 261296684, 0), (2584233690, 495674281, 0), (2584233700, 2584233700, 1), (2584233700, 2584233690, 0)]
ERR Source 261289111 is not in G: Census Tract 107.02 Census Tract 7608.03 -- No path found, (261289111, 261189623), [(702090, 1223297118, 0), (261088978, 9300557797, 0), (261135404, 261088978, 0), (261140245, 261140246, 0), (261140246, 261135404, 0), (261161138, 261189623, 0), (261179494, 261140245, 0), (261179495, 261179494, 0), (261179496, 261179495, 0), (261179497, 1343383340, 0), (261179498, 261179497, 0), (261179499, 261179498, 0), (261189210, 261179499, 0), (261189210, 261189210, 0), (261196526, 261276979, 0), (261276979, 261161138, 0), (261276981, 261196526, 0), (261276983, 261276981, 0), (261327672, 261276983, 0), (261345032, 261327672, 0), (263822240, 8693882983, 0), (263827988, 263822240, 0), (266800212, 702090, 0), (1223297118, 263827988, 0), (1343383340, 261179496, 0), (4332891699, 5353666683, 0), (5353666640, 5353666658, 0), (5353666658, 4332891699, 0), (5353666683, 8721172115, 0), (8693882983, 5353666640, 0), (8721172114, 261345032, 0), (8721172115, 8721172114, 0), (9300557797, 266800212, 0)]
ERR Source 261289111 is not in G: Census Tract 107.02 Census Tract 812.01 -- No path found, (261289111, 261149262), [(102713553, 250755813, 0), (250755811, 261875667, 0), (250755813, 4043180080, 0), (261147577, 261209197, 0), (261209197, 261264057, 0), (261210849, 102713553, 0), (261229891, 261147577, 0), (261256259, 261210849, 0), (261264057, 261309128, 0), (261296050, 5068363645, 0), (261309128, 261256259, 0), (261875667, 675646169, 0), (262072430, 261296050, 0), (675646169, 261149262, 0), (1477432263, 1477432263, 1), (1477432263, 261229891, 0), (4043180079, 262072430, 0), (4043180080, 4043180079, 0), (5068363644, 250755811, 0), (5068363645, 5068363644, 0)]
ERR Source 261289111 is not in G: Census Tract 107.02 Census Tract 814.02 -- No path found, (261289111, 736932687), [(258022887, 271278847, 0), (271197330, 3856852862, 0), (271278847, 736932687, 0), (271278860, 258022887, 0), (619030961, 271278860, 0), (739118569, 739118573, 0), (739118573, 619030961, 0), (739118898, 739118569, 0), (740365189, 740365200, 0), (740365200, 740365208, 0), (740365207, 740365216, 0), (740365208, 740365209, 0), (740365209, 740365210, 0), (740365210, 740365207, 0), (740365216, 10947960098, 0), (1107253707, 1107253707, 0), (1107253707, 1107253804, 0), (1107253804, 1648106860, 0), (1648106860, 271197330, 0), (3856852862, 10947960312, 0), (10947960009, 739118898, 0), (10947960098, 10947960009, 0), (10947960312, 10947960317, 0), (10947960317, 740365189, 0)]
ERR Source 261289111 is not in G: Census Tract 107.02 Census Tract 814.03 -- No path found, (261289111, 736932687), [(258022887, 271278847, 0), (271197330, 3856852862, 0), (271278847, 736932687, 0), (271278860, 258022887, 0), (619030961, 271278860, 0), (739118569, 739118573, 0), (739118573, 619030961, 0), (739118898, 739118569, 0), (740365189, 740365200, 0), (740365200, 740365208, 0), (740365207, 740365216, 0), (740365208, 740365209, 0), (740365209, 740365210, 0), (740365210, 740365207, 0), (740365216, 10947960098, 0), (1107253707, 1107253707, 0), (1107253707, 1107253804, 0), (1107253804, 1648106860, 0), (1648106860, 271197330, 0), (3856852862, 10947960312, 0), (10947960009, 739118898, 0), (10947960098, 10947960009, 0), (10947960312, 10947960317, 0), (10947960317, 740365189, 0)]
ERR Source 261289111 is not in G: Census Tract 107.02 Census Tract 815 -- No path found, (261289111, 258023463), [(29411956, 258024206, 0), (29412106, 29411956, 0), (258023316, 258023392, 0), (258023392, 258023464, 0), (258023464, 258023463, 0), (258024205, 619626858, 0), (258024206, 258023316, 0), (310697817, 619626336, 0), (310697880, 310697907, 0), (310697907, 258024205, 0), (619626336, 310697880, 0), (619626858, 29412106, 0), (3682780135, 310697817, 0), (3682780135, 3682780135, 0)]
ERR Source 261289111 is not in G: Census Tract 107.02 Census Tract 8382 -- No path found, (261289111, 1324353893), [(261136237, 5893011786, 0), (261181936, 538647038, 0), (538647020, 261181936, 0), (538647038, 1308208364, 0), (1308131704, 1308131758, 0), (1308131714, 1308131704, 0), (1308131732, 1308131714, 0), (1308131758, 1318401260, 0), (1308208364, 1324363040, 0), (1318401260, 538647020, 0), (1324363040, 1324353893, 0), (2282590140, 261136237, 0), (2282590140, 2282590140, 0), (5893011786, 5893011788, 0), (5893011788, 5893011792, 0), (5893011792, 5893011797, 0), (5893011797, 5893011803, 0), (5893011803, 1308131732, 0)]
ERR Source 261289111 is not in G: Census Tract 107.02 Census Tract 8391 -- No path found, (261289111, 740243448), [(28289318, 740243448, 0), (28290296, 11060811046, 0), (258957316, 258957340, 0), (258957340, 10923165760, 0), (619625983, 1536858520, 0), (1536858516, 258957316, 0), (1536858520, 1536858516, 0), (3682780135, 619625983, 0), (3682780135, 3682780135, 0), (10923165760, 28290296, 0), (11060811046, 28289318, 0)]
ERR Source 261174899 is not in G: Census Tract 2106.02 Census Tract 2206.01 -- No path found, (261174899, 261147073), [(261163516, 261236480, 0), (261191259, 261198947, 0), (261198947, 369649710, 0), (261210167, 261236482, 0), (261236480, 261210167, 0), (261236482, 261147073, 0), (261288987, 369650640, 0), (369649678, 369650449, 0), (369649681, 369649684, 0), (369649684, 369649687, 0), (369649687, 369649678, 0), (369649696, 369649681, 0), (369649709, 369649711, 0), (369649710, 369649709, 0), (369649711, 369649712, 0), (369649712, 369649696, 0), (369650449, 261288987, 0), (369650536, 369650538, 0), (369650538, 261163516, 0), (369650640, 11282489637, 0), (2196827063, 261191259, 0), (2196827063, 2196827063, 0), (11282489637, 369650536, 0)]
ERR Source 261174899 is not in G: Census Tract 2106.02 Census Tract 2819 -- No path found, (261174899, 257381494), [(28358883, 28358888, 0), (28358888, 28358891, 0), (28358891, 28358895, 0), (28358895, 271167057, 0), (257381489, 257381494, 0), (257381516, 257381489, 0), (271166509, 3921106500, 0), (271166785, 619040194, 0), (271166846, 271166785, 0), (271167057, 271166846, 0), (619040194, 271166509, 0), (619625983, 1536858520, 0), (1536858520, 28358883, 0), (3682780135, 619625983, 0), (3682780135, 3682780135, 0), (3921106500, 11061920316, 0), (11061920316, 257381516, 0)]
ERR Source 261174899 is not in G: Census Tract 2106.02 Census Tract 3201 -- No path found, (261174899, 623820257), [(258022758, 271188194, 0), (258022762, 271187550, 0), (271187550, 271187564, 0), (271187564, 740367296, 0), (271188194, 623820258, 0), (271188336, 10838732049, 0), (272350581, 7142848056, 0), (619011842, 272350581, 0), (623820258, 623820257, 0), (740367296, 2787312481, 0), (1107253707, 1107253707, 0), (1107253707, 1107253804, 0), (1107253804, 258022762, 0), (2392243937, 619011842, 0), (2787312481, 271188336, 0), (7142848056, 258022758, 0), (10838732049, 10838732050, 0), (10838732050, 2392243937, 0)]
ERR Source 261174899 is not in G: Census Tract 2106.02 Census Tract 3204 -- No path found, (261174899, 258024673), [(26098097, 705003083, 0), (258024674, 258024673, 0), (258288004, 258024674, 0), (258289673, 3810503851, 0), (270863238, 7770322435, 0), (270863238, 270863238, 0), (704695482, 258288004, 0), (705003083, 258289673, 0), (1062997771, 26098097, 0), (3810503851, 704695482, 0), (7770322435, 1062997771, 0)]
ERR Source 261174899 is not in G: Census Tract 2106.02 Census Tract 3301 -- No path found, (261174899, 269450404), [(270863238, 7770322435, 0), (270863238, 270863238, 0), (1062997771, 269450404, 0), (7770322435, 1062997771, 0)]
ERR Source 261174899 is not in G: Census Tract 2106.02 Census Tract 4202 -- No path found, (261174899, 261140622), [(261137156, 261140622, 0), (261137190, 261207772, 0), (261139504, 261286254, 0), (261140664, 261140671, 0), (261140671, 261137190, 0), (261145920, 261286244, 0), (261160185, 261140664, 0), (261167224, 261286249, 0), (261181131, 261227633, 0), (261202782, 261139504, 0), (261207129, 261207135, 0), (261207135, 261266042, 0), (261207772, 261145920, 0), (261217409, 261137156, 0), (261227633, 261277228, 0), (261266042, 261217409, 0), (261277228, 261202782, 0), (261286244, 261286247, 0), (261286247, 261167224, 0), (261286249, 261286251, 0), (261286251, 261181131, 0), (261286254, 261207129, 0), (538166278, 538166278, 0), (538166278, 261160185, 0)]
ERR Source 261174899 is not in G: Census Tract 2106.02 Census Tract 8104 -- No path found, (261174899, 1223297537), [(702090, 1223297118, 0), (261088978, 9300557797, 0), (261135404, 261088978, 0), (261140245, 261140246, 0), (261140246, 261135404, 0), (261179494, 261140245, 0), (261179495, 261179494, 0), (261179496, 261179495, 0), (261179497, 1343383340, 0), (261179498, 261179497, 0), (261179499, 261179498, 0), (261189210, 261179499, 0), (261189210, 261189210, 0), (263822240, 8693882983, 0), (263827988, 263822240, 0), (266800212, 702090, 0), (1223297118, 263827988, 0), (1343383340, 261179496, 0), (4332891699, 5353666645, 0), (5353666640, 5353666658, 0), (5353666645, 6997586504, 0), (5353666658, 4332891699, 0), (6997586504, 1223297537, 0), (8693882983, 5353666640, 0), (9300557797, 266800212, 0)]
ERR Source 261174899 is not in G: Census Tract 2106.02 Census Tract 812.02 -- No path found, (261174899, 10845477605), [(27440477, 713311573, 0), (102713556, 261278115, 0), (258964573, 258964574, 0), (258964574, 102713556, 0), (258964576, 269445370, 0), (261209198, 264429103, 0), (261229891, 261209198, 0), (261278115, 258964576, 0), (263984614, 258964573, 0), (264429103, 271147928, 0), (269445370, 269446293, 0), (269446276, 27440477, 0), (269446293, 269446276, 0), (271147928, 263984614, 0), (713311573, 10845477605, 0), (1477432263, 1477432263, 1), (1477432263, 261229891, 0)]
ERR Source 261174899 is not in G: Census Tract 2106.02 Census Tract 8311 -- No path found, (261174899, 4081947312), [(261157730, 261181602, 0), (261160342, 261178091, 0), (261160343, 261160342, 0), (261178091, 4081947312, 0), (261181602, 289550352, 0), (261181603, 261157730, 0), (263370971, 263372347, 0), (263372347, 6301950721, 0), (289550352, 289550363, 0), (289550363, 734844620, 0), (734844620, 263370971, 0), (1447529950, 261181603, 0), (1447529950, 1447529950, 0), (6301950721, 261160343, 0)]
ERR Source 261174899 is not in G: Census Tract 2106.02 Census Tract 8362 -- No path found, (261174899, 261176761), [(261137190, 261207772, 0), (261140664, 261140671, 0), (261140671, 261137190, 0), (261145920, 261286244, 0), (261160185, 261140664, 0), (261167224, 261286249, 0), (261181131, 261227633, 0), (261192511, 261176761, 0), (261202782, 261192511, 0), (261207772, 261145920, 0), (261227633, 261277228, 0), (261277228, 261202782, 0), (261286244, 261286247, 0), (261286247, 261167224, 0), (261286249, 261286251, 0), (261286251, 261181131, 0), (538166278, 538166278, 0), (538166278, 261160185, 0)]
ERR Source 261174899 is not in G: Census Tract 2106.02 Census Tract 8391 -- No path found, (261174899, 740243448), [(28289318, 740243448, 0), (28290296, 11060811046, 0), (258957316, 258957340, 0), (258957340, 10923165760, 0), (619625983, 1536858520, 0), (1536858516, 258957316, 0), (1536858520, 1536858516, 0), (3682780135, 619625983, 0), (3682780135, 3682780135, 0), (10923165760, 28290296, 0), (11060811046, 28289318, 0)]
ERR Source 261174899 is not in G: Census Tract 2106.02 Census Tract 8419 -- No path found, (261174899, 256612742), [(1655435350, 256612742, 0), (1655457006, 1655457007, 0), (1655457007, 1655435350, 0), (1923791237, 2203813886, 0), (1923791237, 1923791237, 0), (2203813886, 1655457006, 0)]
ERR Source 261174899 is not in G: Census Tract 2106.02 Census Tract 8426 -- No path found, (261174899, 261250999), [(256181107, 2279329721, 0), (261200148, 767577450, 0), (261223163, 261250999, 0), (349877745, 6044528744, 0), (386373569, 261223163, 0), (386378004, 256181107, 0), (456161811, 538495420, 0), (456161891, 456161811, 0), (456164152, 456161891, 0), (538495420, 538495430, 0), (538495430, 1402597979, 0), (539183209, 261200148, 0), (767577450, 9265293031, 0), (1402597979, 386378004, 0), (1894144797, 1894144797, 1), (1894144797, 1894144806, 0), (1894144806, 539183209, 0), (2279329721, 386373569, 0), (4334144309, 456164152, 0), (6044528744, 4334144309, 0), (9265293031, 349877745, 0)]
ERR: Census Tract 2206.01 Census Tract 7608.01 -- No solution found, Unable to retrieve attribute 'ObjVal'
ERR Source 261142605 is not in G: Census Tract 2209.02 Census Tract 3204 -- No path found, (261142605, 258024673), [(26098097, 705003083, 0), (258024674, 258024673, 0), (258288004, 258024674, 0), (258289673, 3810503851, 0), (270863238, 7770322435, 0), (270863238, 270863238, 0), (704695482, 258288004, 0), (705003083, 258289673, 0), (1062997771, 26098097, 0), (3810503851, 704695482, 0), (7770322435, 1062997771, 0)]
ERR Source 261142605 is not in G: Census Tract 2209.02 Census Tract 8329 -- No path found, (261142605, 1309327401), [(261126696, 1309327401, 0), (261126706, 261126707, 0), (261126707, 261126708, 0), (261126708, 261126696, 0), (1308245851, 1308245884, 0), (1308245880, 1308245886, 0), (1308245884, 1308245880, 0), (1308245886, 261126706, 0), (2004538828, 1308245851, 0), (2203792340, 2004538828, 0), (2203792340, 2203792340, 0)]
ERR Source 261142605 is not in G: Census Tract 2209.02 Census Tract 8391 -- No path found, (261142605, 740243448), [(28289318, 740243448, 0), (28290296, 11060811046, 0), (258957316, 258957340, 0), (258957340, 10923165760, 0), (619625983, 1536858520, 0), (1536858516, 258957316, 0), (1536858520, 1536858516, 0), (3682780135, 619625983, 0), (3682780135, 3682780135, 0), (10923165760, 28290296, 0), (11060811046, 28289318, 0)]
ERR Source 261197750 is not in G: Census Tract 8381 Census Tract 8391 -- No path found, (261197750, 740243448), [(28289318, 740243448, 0), (28290296, 11060811046, 0), (258957316, 258957340, 0), (258957340, 10923165760, 0), (619625983, 1536858520, 0), (1536858516, 258957316, 0), (1536858520, 1536858516, 0), (3682780135, 619625983, 0), (3682780135, 3682780135, 0), (10923165760, 28290296, 0), (11060811046, 28289318, 0)]
ERR Source 153405691 is not in G: Census Tract 307.06 Census Tract 627 -- No path found, (153405691, 2895997706), [(261145267, 308441076, 0), (308441076, 2518161246, 0), (495674282, 261145267, 0), (495674285, 495674282, 0), (2518161246, 2895997706, 0), (2584233690, 495674285, 0), (2584233700, 2584233700, 1), (2584233700, 2584233690, 0)]
ERR Source 153405691 is not in G: Census Tract 307.06 Census Tract 814.01 -- No path found, (153405691, 262184019), [(33718424, 258023343, 0), (258022762, 271187550, 0), (258023343, 258023461, 0), (258023461, 258965934, 0), (258934621, 258934623, 0), (258934623, 369890932, 0), (258965934, 262184057, 0), (262184057, 262184019, 0), (271187550, 1034227190, 0), (369890932, 33718424, 0), (619019057, 2779938540, 0), (619019058, 619019057, 0), (929489865, 258934621, 0), (1034227190, 619019058, 0), (1052707326, 929489865, 0), (1107253707, 1107253707, 0), (1107253707, 1107253804, 0), (1107253804, 258022762, 0), (1386043169, 1052707326, 0), (2779938540, 10950881700, 0), (10950881700, 1386043169, 0)]
ERR Source 153405691 is not in G: Census Tract 307.06 Census Tract 817 -- No path found, (153405691, 2291929239), [(258023318, 2291929237, 0), (258024205, 619626858, 0), (310697817, 619626336, 0), (310697880, 310697907, 0), (310697907, 258024205, 0), (619626336, 310697880, 0), (619626858, 258023318, 0), (2291929237, 2291929239, 0), (3682780135, 310697817, 0), (3682780135, 3682780135, 0)]
ERR Source 153405691 is not in G: Census Tract 307.06 Census Tract 818 -- No path found, (153405691, 709413342), [(257957639, 257957640, 0), (257957640, 257957641, 0), (257957641, 709413333, 0), (310697817, 257957639, 0), (709413333, 709413342, 0), (3682780135, 310697817, 0), (3682780135, 3682780135, 0)]
ERR Source 153405691 is not in G: Census Tract 307.06 Census Tract 8391 -- No path found, (153405691, 740243448), [(28289318, 740243448, 0), (28290296, 11060811046, 0), (258957316, 258957340, 0), (258957340, 10923165760, 0), (619625983, 1536858520, 0), (1536858516, 258957316, 0), (1536858520, 1536858516, 0), (3682780135, 619625983, 0), (3682780135, 3682780135, 0), (10923165760, 28290296, 0), (11060811046, 28289318, 0)]
ERR Source 153405691 is not in G: Census Tract 307.06 Census Tract 8419 -- No path found, (153405691, 256612742), [(1655435350, 256612742, 0), (1655457006, 1655457007, 0), (1655457007, 1655435350, 0), (1923791237, 2203813886, 0), (1923791237, 1923791237, 0), (2203813886, 1655457006, 0)]
ERR Source 153405691 is not in G: Census Tract 307.06 Census Tract 8420 -- No path found, (153405691, 1699189487), [(1699189726, 1699189487, 0), (1699189726, 1699189726, 0)]
ERR: Census Tract 307.06 Census Tract 9800 -- No solution found, Unable to retrieve attribute 'ObjVal'
ERR Source 261239964 is not in G: Census Tract 8331 Census Tract 8347 -- No path found, (261239964, 261199911), [(253960337, 256181121, 0), (256181121, 368378615, 0), (261195706, 368379996, 0), (261200148, 767577450, 0), (261214580, 253960337, 0), (349877745, 6044528744, 0), (350970664, 350978134, 0), (350973254, 350970664, 0), (350978134, 350978388, 0), (350978388, 350981480, 0), (350981480, 368380111, 0), (368378615, 261199911, 0), (368379996, 261214580, 0), (368380107, 261195706, 0), (368380111, 368380107, 0), (539183209, 261200148, 0), (767577450, 9265293031, 0), (1894144797, 1894144797, 1), (1894144797, 1894144806, 0), (1894144806, 539183209, 0), (6044528744, 9600678723, 0), (9265293031, 349877745, 0), (9600678723, 350973254, 0)]
ERR Source 261239964 is not in G: Census Tract 8331 Census Tract 8362 -- No path found, (261239964, 261176761), [(261137190, 261207772, 0), (261140664, 261140671, 0), (261140671, 261137190, 0), (261145920, 261286244, 0), (261160185, 261140664, 0), (261167224, 261286249, 0), (261181131, 261227633, 0), (261192511, 261176761, 0), (261202782, 261192511, 0), (261207772, 261145920, 0), (261227633, 261277228, 0), (261277228, 261202782, 0), (261286244, 261286247, 0), (261286247, 261167224, 0), (261286249, 261286251, 0), (261286251, 261181131, 0), (538166278, 538166278, 0), (538166278, 261160185, 0)]
ERR Source 261239964 is not in G: Census Tract 8331 Census Tract 8382 -- No path found, (261239964, 1324353893), [(261136237, 5893011786, 0), (261181936, 538647038, 0), (538647020, 261181936, 0), (538647038, 1308208364, 0), (1308131704, 1308131758, 0), (1308131714, 1308131704, 0), (1308131732, 1308131714, 0), (1308131758, 1318401260, 0), (1308208364, 1324363040, 0), (1318401260, 538647020, 0), (1324363040, 1324353893, 0), (2282590140, 261136237, 0), (2282590140, 2282590140, 0), (5893011786, 5893011788, 0), (5893011788, 5893011792, 0), (5893011792, 5893011797, 0), (5893011797, 5893011803, 0), (5893011803, 1308131732, 0)]
ERR Source 261239964 is not in G: Census Tract 8331 Census Tract 8383 -- No path found, (261239964, 4499068774), [(102723064, 261190186, 0), (257957639, 257957640, 0), (257957640, 257957641, 0), (257957641, 709413333, 0), (257957643, 262803236, 0), (257957644, 102723064, 0), (258023911, 257957643, 0), (261149964, 4499068774, 0), (261163426, 261252718, 0), (261190186, 261211537, 0), (261211537, 261163426, 0), (261252718, 261252720, 0), (261252720, 261149964, 0), (262803236, 257957644, 0), (310697817, 257957639, 0), (709413333, 258023911, 0), (3682780135, 310697817, 0), (3682780135, 3682780135, 0)]
ERR Source 261239964 is not in G: Census Tract 8331 Census Tract 8391 -- No path found, (261239964, 740243448), [(28289318, 740243448, 0), (28290296, 11060811046, 0), (258957316, 258957340, 0), (258957340, 10923165760, 0), (619625983, 1536858520, 0), (1536858516, 258957316, 0), (1536858520, 1536858516, 0), (3682780135, 619625983, 0), (3682780135, 3682780135, 0), (10923165760, 28290296, 0), (11060811046, 28289318, 0)]
ERR Source 740243448 is not in G: Census Tract 8391 Census Tract 8422 -- No path found, (740243448, 2401648276), [(35313351, 102708202, 0), (102680962, 262368937, 0), (102680963, 4255745555, 0), (102680965, 264429937, 0), (102691173, 35313351, 0), (102708202, 265642209, 0), (250755794, 264429518, 0), (261147577, 261147578, 0), (261147578, 250755794, 0), (261229891, 261147577, 0), (261230957, 2401648276, 0), (261260014, 261230957, 0), (262368739, 264431935, 0), (262368937, 102691173, 0), (264429518, 2291929261, 0), (264429937, 264430217, 0), (264430062, 102680963, 0), (264430217, 264430062, 0), (264430961, 102680962, 0), (264431126, 264430961, 0), (264431935, 261260014, 0), (265642209, 265642220, 0), (265642220, 262368739, 0), (1477432263, 1477432263, 1), (1477432263, 261229891, 0), (2291929261, 102680965, 0), (4255745555, 264431126, 0)]
ERR Source 740243448 is not in G: Census Tract 8391 Census Tract 8423 -- No path found, (740243448, 262368116), [(261193491, 261223241, 0), (261223241, 344250481, 0), (344250479, 345389426, 0), (344250481, 344250479, 0), (344357410, 11751927278, 0), (345389426, 734122955, 0), (369880823, 369880823, 0), (369880823, 261193491, 0), (734122955, 344357410, 0), (11751927278, 11751927279, 0), (11751927279, 262368116, 0)]
ERR: Census Tract 1504.01 Census Tract 7608.01 -- No solution found, Unable to retrieve attribute 'ObjVal'
ERR Source 261145916 is not in G: Census Tract 3904 Census Tract 6809 -- No path found, (261145916, 261195722), [(261155526, 261195722, 0), (261184485, 261184655, 0), (261184653, 261195721, 0), (261184655, 261184653, 0), (261195721, 261155526, 0), (261200148, 767577450, 0), (349877745, 6044528744, 0), (350970664, 350978134, 0), (350973254, 350970664, 0), (350978134, 350986408, 0), (350986408, 350987065, 0), (350987065, 9321026109, 0), (350999654, 350999882, 0), (350999882, 351003663, 0), (351003663, 10155432723, 0), (539183209, 261200148, 0), (767577450, 9265293031, 0), (1894144797, 1894144797, 1), (1894144797, 1894144806, 0), (1894144806, 539183209, 0), (6044528744, 9600678723, 0), (9265293031, 349877745, 0), (9321026109, 350999654, 0), (9600678723, 350973254, 0), (10155432668, 261184485, 0), (10155432723, 10155432668, 0)]
ERR Source 261145916 is not in G: Census Tract 3904 Census Tract 810 -- No path found, (261145916, 2291929252), [(102680965, 261179253, 0), (102713551, 263984854, 0), (250755794, 264429518, 0), (261147577, 261147578, 0), (261147578, 250755794, 0), (261179253, 262072286, 0), (261229891, 261147577, 0), (262072286, 262072379, 0), (262072379, 102713551, 0), (263984854, 263984855, 0), (263984855, 11115030535, 0), (264429518, 2291929261, 0), (1477432263, 1477432263, 1), (1477432263, 261229891, 0), (2291929261, 102680965, 0), (11115030535, 2291929252, 0)]
ERR: Census Tract 1105.02 Census Tract 7608.01 -- No solution found, Unable to retrieve attribute 'ObjVal'
ERR: Census Tract 1105.02 Census Tract 9800 -- No solution found, Unable to retrieve attribute 'ObjVal'
ERR: Census Tract 8343 Census Tract 7706.02 -- No solution found, Unable to retrieve attribute 'ObjVal'
ERR: Census Tract 8311 Census Tract 9800 -- No solution found, Unable to retrieve attribute 'ObjVal'
ERR: Census Tract 8317 Census Tract 7608.01 -- No solution found, Unable to retrieve attribute 'ObjVal'
ERR Source 261152719 is not in G: Census Tract 4402.02 Census Tract 814.01 -- No path found, (261152719, 262184019), [(33718424, 258023343, 0), (258022762, 271187550, 0), (258023343, 258023461, 0), (258023461, 258965934, 0), (258934621, 258934623, 0), (258934623, 369890932, 0), (258965934, 262184057, 0), (262184057, 262184019, 0), (271187550, 1034227190, 0), (369890932, 33718424, 0), (619019057, 2779938540, 0), (619019058, 619019057, 0), (929489865, 258934621, 0), (1034227190, 619019058, 0), (1052707326, 929489865, 0), (1107253707, 1107253707, 0), (1107253707, 1107253804, 0), (1107253804, 258022762, 0), (1386043169, 1052707326, 0), (2779938540, 10950881700, 0), (10950881700, 1386043169, 0)]
ERR Source 261152719 is not in G: Census Tract 4402.02 Census Tract 8309 -- No path found, (261152719, 261092768), [(260098465, 4081878195, 0), (260098734, 261092768, 0), (261191259, 261198947, 0), (261198947, 369649710, 0), (263330690, 260098465, 0), (369649710, 369649713, 0), (369649713, 369649715, 0), (369649714, 263330690, 0), (369649715, 369649714, 0), (2196827063, 261191259, 0), (2196827063, 2196827063, 0), (4081878195, 4081878197, 0), (4081878197, 4081878198, 0), (4081878198, 260098734, 0)]
ERR Source 261152719 is not in G: Census Tract 4402.02 Census Tract 8359 -- No path found, (261152719, 497398788), [(254241334, 468419469, 0), (261163520, 468419937, 0), (468419457, 261163520, 0), (468419462, 468419457, 0), (468419465, 468419462, 0), (468419469, 468419465, 0), (468419816, 497398788, 0), (468419937, 468420076, 0), (468420076, 468419816, 0), (1894144797, 1894144797, 1), (1894144797, 1894144806, 0), (1894144806, 254241334, 0)]
ERR Source 261152719 is not in G: Census Tract 4402.02 Census Tract 8424 -- No path found, (261152719, 261224834), [(261093229, 387576725, 0), (261105412, 387571144, 0), (261173982, 261250051, 0), (261184495, 261185749, 0), (261185746, 6436642937, 0), (261185747, 261185746, 0), (261185748, 261185747, 0), (261185749, 261185748, 0), (261185750, 261184495, 0), (261185751, 261185750, 0), (261185752, 716927534, 0), (261185754, 261185752, 0), (261185755, 261185754, 0), (261190776, 261224834, 0), (261250051, 261250052, 0), (261250052, 261190776, 0), (387571144, 387571411, 0), (387571411, 387571459, 0), (387571459, 387576416, 0), (387576416, 261093229, 0), (387576725, 387576734, 0), (387576734, 2276241747, 0), (716927534, 261185751, 0), (2274064880, 261185755, 0), (2274064886, 2274064880, 0), (2274064888, 2274064886, 0), (2274064888, 2274064888, 1), (2276241747, 261173982, 0), (6436642934, 261105412, 0), (6436642937, 6436642934, 0)]
ERR Source 261309002 is not in G: Census Tract 5805.02 Census Tract 812.01 -- No path found, (261309002, 261149262), [(102713553, 250755813, 0), (250755811, 261875667, 0), (250755813, 4043180080, 0), (261147577, 261209197, 0), (261209197, 261264057, 0), (261210849, 102713553, 0), (261229891, 261147577, 0), (261256259, 261210849, 0), (261264057, 261309128, 0), (261296050, 5068363645, 0), (261309128, 261256259, 0), (261875667, 675646169, 0), (262072430, 261296050, 0), (675646169, 261149262, 0), (1477432263, 1477432263, 1), (1477432263, 261229891, 0), (4043180079, 262072430, 0), (4043180080, 4043180079, 0), (5068363644, 250755811, 0), (5068363645, 5068363644, 0)]
ERR Source 261309002 is not in G: Census Tract 5805.02 Census Tract 813 -- No path found, (261309002, 27440574), [(27440571, 27440574, 0), (250755884, 10845477611, 0), (258964107, 739096775, 0), (258964440, 250755884, 0), (261209198, 264429103, 0), (261229891, 261209198, 0), (264429103, 258964440, 0), (739096775, 27440571, 0), (1477432263, 1477432263, 1), (1477432263, 261229891, 0), (10845477611, 10845477614, 0), (10845477614, 258964107, 0)]
ERR Source 261309002 is not in G: Census Tract 5805.02 Census Tract 8391 -- No path found, (261309002, 740243448), [(28289318, 740243448, 0), (28290296, 11060811046, 0), (258957316, 258957340, 0), (258957340, 10923165760, 0), (619625983, 1536858520, 0), (1536858516, 258957316, 0), (1536858520, 1536858516, 0), (3682780135, 619625983, 0), (3682780135, 3682780135, 0), (10923165760, 28290296, 0), (11060811046, 28289318, 0)]
ERR Source 261309002 is not in G: Census Tract 5805.02 Census Tract 8411 -- No path found, (261309002, 261118916), [(33404764, 261118914, 0), (261118914, 261118915, 0), (261118915, 261118916, 0), (261136888, 704990298, 0), (261145300, 261145302, 0), (261145302, 270407982, 0), (261185887, 261194683, 0), (261194683, 33404764, 0), (261219634, 261185887, 0), (261296749, 3270291674, 0), (262186019, 261296749, 0), (270407966, 270407967, 0), (270407967, 917877781, 0), (270407982, 270407966, 0), (704990298, 262186019, 0), (917877781, 261136888, 0), (3270291674, 261219634, 0), (5811649328, 261145300, 0), (5811649328, 5811649328, 0)]
ERR Source 261309002 is not in G: Census Tract 5805.02 Census Tract 8413 -- No path found, (261309002, 261200145), [(261136237, 5893011786, 0), (261151990, 261197745, 0), (261174717, 261151990, 0), (261197745, 261210990, 0), (261210517, 261210993, 0), (261210990, 261210992, 0), (261210992, 261210517, 0), (261210993, 261210994, 0), (261210994, 261200145, 0), (2282590140, 261136237, 0), (2282590140, 2282590140, 0), (5893011170, 5893041386, 0), (5893011173, 5893011170, 0), (5893011175, 5893011173, 0), (5893011178, 5893011175, 0), (5893011182, 5893011178, 0), (5893011786, 5893011787, 0), (5893011787, 5893011182, 0), (5893036083, 5893052089, 0), (5893041386, 5893036083, 0), (5893052089, 261174717, 0)]
ERR: Census Tract 814.03 Census Tract 7608.01 -- No solution found, Unable to retrieve attribute 'ObjVal'
ERR Source 736932687 is not in G: Census Tract 814.03 Census Tract 815 -- No path found, (736932687, 258023463), [(29411956, 258024206, 0), (29412106, 29411956, 0), (258023316, 258023392, 0), (258023392, 258023464, 0), (258023464, 258023463, 0), (258024205, 619626858, 0), (258024206, 258023316, 0), (310697817, 619626336, 0), (310697880, 310697907, 0), (310697907, 258024205, 0), (619626336, 310697880, 0), (619626858, 29412106, 0), (3682780135, 310697817, 0), (3682780135, 3682780135, 0)]
ERR Source 736932687 is not in G: Census Tract 814.03 Census Tract 8362 -- No path found, (736932687, 261176761), [(261137190, 261207772, 0), (261140664, 261140671, 0), (261140671, 261137190, 0), (261145920, 261286244, 0), (261160185, 261140664, 0), (261167224, 261286249, 0), (261181131, 261227633, 0), (261192511, 261176761, 0), (261202782, 261192511, 0), (261207772, 261145920, 0), (261227633, 261277228, 0), (261277228, 261202782, 0), (261286244, 261286247, 0), (261286247, 261167224, 0), (261286249, 261286251, 0), (261286251, 261181131, 0), (538166278, 538166278, 0), (538166278, 261160185, 0)]
ERR Source 736932687 is not in G: Census Tract 814.03 Census Tract 8391 -- No path found, (736932687, 740243448), [(28289318, 740243448, 0), (28290296, 11060811046, 0), (258957316, 258957340, 0), (258957340, 10923165760, 0), (619625983, 1536858520, 0), (1536858516, 258957316, 0), (1536858520, 1536858516, 0), (3682780135, 619625983, 0), (3682780135, 3682780135, 0), (10923165760, 28290296, 0), (11060811046, 28289318, 0)]
ERR: Census Tract 8318 Census Tract 7608.01 -- No solution found, Unable to retrieve attribute 'ObjVal'
ERR Source 261288782 is not in G: Census Tract 8318 Census Tract 8381 -- No path found, (261288782, 261197750), [(256591099, 2051982639, 0), (293974158, 1937532132, 0), (708281420, 9251471276, 0), (736014657, 261197750, 0), (1308245851, 1308245884, 0), (1308245880, 1308245886, 0), (1308245882, 1324316159, 0), (1308245884, 1308245880, 0), (1308245886, 1308245882, 0), (1324316156, 1640004517, 0), (1324316159, 1324316156, 0), (1640004517, 256591099, 0), (1937532132, 708281420, 0), (2004538828, 1308245851, 0), (2051982639, 293974158, 0), (2203792340, 2004538828, 0), (2203792340, 2203792340, 0), (4336093358, 4403665398, 0), (4403665397, 736014657, 0), (4403665398, 4403665397, 0), (5892708079, 4336093358, 0), (9251471276, 5892708079, 0)]
ERR Source 261288782 is not in G: Census Tract 8318 Census Tract 8391 -- No path found, (261288782, 740243448), [(28289318, 740243448, 0), (28290296, 11060811046, 0), (258957316, 258957340, 0), (258957340, 10923165760, 0), (619625983, 1536858520, 0), (1536858516, 258957316, 0), (1536858520, 1536858516, 0), (3682780135, 619625983, 0), (3682780135, 3682780135, 0), (10923165760, 28290296, 0), (11060811046, 28289318, 0)]
ERR Source 265641952 is not in G: Census Tract 8326 Census Tract 8381 -- No path found, (265641952, 261197750), [(256591099, 2051982639, 0), (293974158, 1937532132, 0), (708281420, 9251471276, 0), (736014657, 261197750, 0), (1308245851, 1308245884, 0), (1308245880, 1308245886, 0), (1308245882, 1324316159, 0), (1308245884, 1308245880, 0), (1308245886, 1308245882, 0), (1324316156, 1640004517, 0), (1324316159, 1324316156, 0), (1640004517, 256591099, 0), (1937532132, 708281420, 0), (2004538828, 1308245851, 0), (2051982639, 293974158, 0), (2203792340, 2004538828, 0), (2203792340, 2203792340, 0), (4336093358, 4403665398, 0), (4403665397, 736014657, 0), (4403665398, 4403665397, 0), (5892708079, 4336093358, 0), (9251471276, 5892708079, 0)]
ERR Source 265641952 is not in G: Census Tract 8326 Census Tract 8391 -- No path found, (265641952, 740243448), [(28289318, 740243448, 0), (28290296, 11060811046, 0), (258957316, 258957340, 0), (258957340, 10923165760, 0), (619625983, 1536858520, 0), (1536858516, 258957316, 0), (1536858520, 1536858516, 0), (3682780135, 619625983, 0), (3682780135, 3682780135, 0), (10923165760, 28290296, 0), (11060811046, 28289318, 0)]
ERR Source 261161832 is not in G: Census Tract 8399 Census Tract 8402 -- No path found, (261161832, 261302563), [(261209262, 276585466, 0), (261209263, 261209262, 0), (261209264, 261209263, 0), (276585466, 276585472, 0), (276585472, 537983015, 0), (276587446, 5485576609, 0), (347572901, 537982974, 0), (347572915, 347572901, 0), (347572934, 347572915, 0), (347572942, 2405485566, 0), (347573107, 347572942, 0), (347573129, 347573107, 0), (347573144, 347573129, 0), (347573310, 5485576607, 0), (537982973, 347573310, 0), (537982974, 537982973, 0), (537983015, 276587446, 0), (2405482047, 347573144, 0), (2405485566, 347572934, 0), (3448517609, 3448517609, 0), (3448517609, 261209264, 0), (5485576607, 5485582528, 0), (5485576609, 2405482047, 0), (5485582528, 261302563, 0)]
ERR Source 261161832 is not in G: Census Tract 8399 Census Tract 8415 -- No path found, (261161832, 261213393), [(261116541, 261132061, 0), (261121479, 261126651, 0), (261126651, 7735711911, 0), (261132044, 261199237, 0), (261132045, 261132044, 0), (261132047, 261132045, 0), (261132048, 261132047, 0), (261132049, 261132048, 0), (261132051, 261132049, 0), (261132053, 261132051, 0), (261132054, 261132053, 0), (261132057, 737087449, 0), (261132059, 261132057, 0), (261132061, 261132059, 0), (261132062, 261116541, 0), (261132063, 261121479, 0), (261132067, 261132063, 0), (261132068, 261132067, 0), (261132070, 261132068, 0), (261199237, 261213394, 0), (261213394, 261213393, 0), (737087449, 261132054, 0), (2190712584, 2190712584, 0), (2190712584, 261132070, 0), (7735711911, 261132062, 0)]
ERR Source 261161832 is not in G: Census Tract 8399 Census Tract 8419 -- No path found, (261161832, 256612742), [(1655435350, 256612742, 0), (1655457006, 1655457007, 0), (1655457007, 1655435350, 0), (1923791237, 2203813886, 0), (1923791237, 1923791237, 0), (2203813886, 1655457006, 0)]
ERR Source 261161832 is not in G: Census Tract 8399 Census Tract 8429 -- No path found, (261161832, 261145360), [(261136237, 5893011786, 0), (261151978, 1884589642, 0), (1337519800, 3372431607, 0), (1884589642, 1337519800, 0), (2282590140, 261136237, 0), (2282590140, 2282590140, 0), (3372431607, 261145360, 0), (5893011786, 5893011787, 0), (5893011787, 261151978, 0)]
ERR Source 1257584223 is not in G: Census Tract 301.04 Census Tract 3206 -- No path found, (1257584223, 258288004), [(26098097, 705003083, 0), (258289673, 3810503851, 0), (270863238, 7770322435, 0), (270863238, 270863238, 0), (704695482, 258288004, 0), (705003083, 258289673, 0), (1062997771, 26098097, 0), (3810503851, 704695482, 0), (7770322435, 1062997771, 0)]
ERR Source 1257584223 is not in G: Census Tract 301.04 Census Tract 814.01 -- No path found, (1257584223, 262184019), [(33718424, 258023343, 0), (258022762, 271187550, 0), (258023343, 258023461, 0), (258023461, 258965934, 0), (258934621, 258934623, 0), (258934623, 369890932, 0), (258965934, 262184057, 0), (262184057, 262184019, 0), (271187550, 1034227190, 0), (369890932, 33718424, 0), (619019057, 2779938540, 0), (619019058, 619019057, 0), (929489865, 258934621, 0), (1034227190, 619019058, 0), (1052707326, 929489865, 0), (1107253707, 1107253707, 0), (1107253707, 1107253804, 0), (1107253804, 258022762, 0), (1386043169, 1052707326, 0), (2779938540, 10950881700, 0), (10950881700, 1386043169, 0)]
ERR Source 1257584223 is not in G: Census Tract 301.04 Census Tract 815 -- No path found, (1257584223, 258023463), [(29411956, 258024206, 0), (29412106, 29411956, 0), (258023316, 258023392, 0), (258023392, 258023464, 0), (258023464, 258023463, 0), (258024205, 619626858, 0), (258024206, 258023316, 0), (310697817, 619626336, 0), (310697880, 310697907, 0), (310697907, 258024205, 0), (619626336, 310697880, 0), (619626858, 29412106, 0), (3682780135, 310697817, 0), (3682780135, 3682780135, 0)]
ERR Source 261224226 is not in G: Census Tract 8324 Census Tract 8330 -- No path found, (261224226, 258956097), [(256591099, 1676390756, 0), (256613293, 261239964, 0), (261143286, 410791905, 0), (261209662, 261143286, 0), (261239963, 5970344154, 0), (261239964, 261239963, 0), (410791905, 418155586, 0), (410791918, 258956097, 0), (418155586, 410791918, 0), (1308245851, 1308245884, 0), (1308245880, 1308245886, 0), (1308245882, 1324316159, 0), (1308245884, 1308245880, 0), (1308245886, 1308245882, 0), (1324316156, 1640004517, 0), (1324316159, 1324316156, 0), (1640004517, 256591099, 0), (1676390756, 256613293, 0), (2004538828, 1308245851, 0), (2203792340, 2004538828, 0), (2203792340, 2203792340, 0), (5970344154, 261209662, 0)]
ERR Source 261224226 is not in G: Census Tract 8324 Census Tract 8391 -- No path found, (261224226, 740243448), [(28289318, 740243448, 0), (28290296, 11060811046, 0), (258957316, 258957340, 0), (258957340, 10923165760, 0), (619625983, 1536858520, 0), (1536858516, 258957316, 0), (1536858520, 1536858516, 0), (3682780135, 619625983, 0), (3682780135, 3682780135, 0), (10923165760, 28290296, 0), (11060811046, 28289318, 0)]
ERR Source 261173898 is not in G: Census Tract 8340 Census Tract 8407 -- No path found, (261173898, 261194660), [(261136237, 5893011786, 0), (261151983, 261197737, 0), (261194656, 261194658, 0), (261194658, 261194659, 0), (261194659, 261194660, 0), (261197737, 261228577, 0), (261204881, 261285852, 0), (261210507, 261204881, 0), (261218213, 3908994383, 0), (261223303, 261194656, 0), (261228577, 261341964, 0), (261253008, 261151983, 0), (261285852, 261287986, 0), (261287283, 261223303, 0), (261287986, 261295755, 0), (261295755, 261218213, 0), (261341964, 261210507, 0), (2282590140, 261136237, 0), (2282590140, 2282590140, 0), (3908994383, 261287283, 0), (5893011175, 261253008, 0), (5893011178, 5893011175, 0), (5893011182, 5893011178, 0), (5893011786, 5893011787, 0), (5893011787, 5893011182, 0)]
ERR Source 261336620 is not in G: Census Tract 8355 Census Tract 8391 -- No path found, (261336620, 740243448), [(28289318, 740243448, 0), (28290296, 11060811046, 0), (258957316, 258957340, 0), (258957340, 10923165760, 0), (619625983, 1536858520, 0), (1536858516, 258957316, 0), (1536858520, 1536858516, 0), (3682780135, 619625983, 0), (3682780135, 3682780135, 0), (10923165760, 28290296, 0), (11060811046, 28289318, 0)]
ERR Source 261336620 is not in G: Census Tract 8355 Census Tract 8404 -- No path found, (261336620, 261151952), [(256180881, 5893137255, 0), (261151950, 261151951, 0), (261151951, 261151952, 0), (261209262, 276585466, 0), (261209263, 261209262, 0), (261209264, 261209263, 0), (276585466, 256180881, 0), (705676129, 10112219263, 0), (3448517609, 3448517609, 0), (3448517609, 261209264, 0), (5893137255, 5893137256, 0), (5893137256, 705676129, 0), (10112219263, 261151950, 0)]
ERR Source 261227065 is not in G: Census Tract 8395 Census Tract 8420 -- No path found, (261227065, 1699189487), [(1699189726, 1699189487, 0), (1699189726, 1699189726, 0)]
ERR Source 261227065 is not in G: Census Tract 8395 Census Tract 8421 -- No path found, (261227065, 261163677), [(261123881, 261123882, 0), (261123882, 261123883, 0), (261123883, 408455060, 0), (261130210, 9924006954, 0), (261132070, 261132071, 0), (261132071, 261132072, 0), (261132072, 1314248313, 0), (261137236, 261198391, 0), (261163671, 261163672, 0), (261163672, 261163673, 0), (261163673, 261163674, 0), (261163674, 261163675, 0), (261163675, 261163676, 0), (261163676, 261163677, 0), (261176532, 9924006950, 0), (261198391, 261250129, 0), (261221005, 261221007, 0), (261221007, 261221008, 0), (261221008, 9924006959, 0), (261250121, 261250123, 0), (261250123, 261137236, 0), (261250129, 261250131, 0), (261250131, 261250133, 0), (261250133, 261163671, 0), (408455060, 261130210, 0), (733198094, 261250121, 0), (1314248313, 261123881, 0), (2190712584, 2190712584, 0), (2190712584, 261132070, 0), (9924006950, 9924006955, 0), (9924006954, 261176532, 0), (9924006955, 261221005, 0), (9924006959, 733198094, 0)]
ERR: Census Tract 8392 Census Tract 9800 -- No solution found, Unable to retrieve attribute 'ObjVal'
ERR Source 261194660 is not in G: Census Tract 8407 Census Tract 8422 -- No path found, (261194660, 2401648276), [(35313351, 102708202, 0), (102680962, 262368937, 0), (102680963, 4255745555, 0), (102680965, 264429937, 0), (102691173, 35313351, 0), (102708202, 265642209, 0), (250755794, 264429518, 0), (261147577, 261147578, 0), (261147578, 250755794, 0), (261229891, 261147577, 0), (261230957, 2401648276, 0), (261260014, 261230957, 0), (262368739, 264431935, 0), (262368937, 102691173, 0), (264429518, 2291929261, 0), (264429937, 264430217, 0), (264430062, 102680963, 0), (264430217, 264430062, 0), (264430961, 102680962, 0), (264431126, 264430961, 0), (264431935, 261260014, 0), (265642209, 265642220, 0), (265642220, 262368739, 0), (1477432263, 1477432263, 1), (1477432263, 261229891, 0), (2291929261, 102680965, 0), (4255745555, 264431126, 0)]
ERR: Census Tract 8325 Census Tract 7608.01 -- No solution found, Unable to retrieve attribute 'ObjVal'
ERR Source 250755914 is not in G: Census Tract 8325 Census Tract 8331 -- No path found, (250755914, 261239964), [(256591099, 1676390756, 0), (256613293, 261239964, 0), (1308245851, 1308245884, 0), (1308245880, 1308245886, 0), (1308245882, 1324316159, 0), (1308245884, 1308245880, 0), (1308245886, 1308245882, 0), (1324316156, 1640004517, 0), (1324316159, 1324316156, 0), (1640004517, 256591099, 0), (1676390756, 256613293, 0), (2004538828, 1308245851, 0), (2203792340, 2004538828, 0), (2203792340, 2203792340, 0)]
ERR Source 261298305 is not in G: Census Tract 8396 Census Tract 8426 -- No path found, (261298305, 261250999), [(256181107, 2279329721, 0), (261200148, 767577450, 0), (261223163, 261250999, 0), (349877745, 6044528744, 0), (386373569, 261223163, 0), (386378004, 256181107, 0), (456161811, 538495420, 0), (456161891, 456161811, 0), (456164152, 456161891, 0), (538495420, 538495430, 0), (538495430, 1402597979, 0), (539183209, 261200148, 0), (767577450, 9265293031, 0), (1402597979, 386378004, 0), (1894144797, 1894144797, 1), (1894144797, 1894144806, 0), (1894144806, 539183209, 0), (2279329721, 386373569, 0), (4334144309, 456164152, 0), (6044528744, 4334144309, 0), (9265293031, 349877745, 0)]
ERR Source 261127022 is not in G: Census Tract 4909.02 Census Tract 5001 -- No path found, (261127022, 261156514), [(261119338, 261286217, 0), (261119367, 261154846, 0), (261154846, 261213261, 0), (261154847, 261119367, 0), (261154848, 261154847, 0), (261158717, 261158717, 1), (261158717, 261154848, 0), (261213261, 261262879, 0), (261215223, 261156514, 0), (261226023, 261275578, 0), (261262879, 261275586, 0), (261275578, 261119338, 0), (261275586, 11699206918, 0), (261286217, 261286222, 0), (261286222, 261215223, 0), (4158887645, 261226023, 0), (11699206918, 11699206919, 0), (11699206919, 4158887645, 0)]
ERR Source 261127022 is not in G: Census Tract 4909.02 Census Tract 8382 -- No path found, (261127022, 1324353893), [(261136237, 5893011786, 0), (261181936, 538647038, 0), (538647020, 261181936, 0), (538647038, 1308208364, 0), (1308131704, 1308131758, 0), (1308131714, 1308131704, 0), (1308131732, 1308131714, 0), (1308131758, 1318401260, 0), (1308208364, 1324363040, 0), (1318401260, 538647020, 0), (1324363040, 1324353893, 0), (2282590140, 261136237, 0), (2282590140, 2282590140, 0), (5893011786, 5893011788, 0), (5893011788, 5893011792, 0), (5893011792, 5893011797, 0), (5893011797, 5893011803, 0), (5893011803, 1308131732, 0)]
ERR Source 261127022 is not in G: Census Tract 4909.02 Census Tract 8391 -- No path found, (261127022, 740243448), [(28289318, 740243448, 0), (28290296, 11060811046, 0), (258957316, 258957340, 0), (258957340, 10923165760, 0), (619625983, 1536858520, 0), (1536858516, 258957316, 0), (1536858520, 1536858516, 0), (3682780135, 619625983, 0), (3682780135, 3682780135, 0), (10923165760, 28290296, 0), (11060811046, 28289318, 0)]
ERR Source 261127022 is not in G: Census Tract 4909.02 Census Tract 8419 -- No path found, (261127022, 256612742), [(1655435350, 256612742, 0), (1655457006, 1655457007, 0), (1655457007, 1655435350, 0), (1923791237, 2203813886, 0), (1923791237, 1923791237, 0), (2203813886, 1655457006, 0)]
ERR Source 2447758345 is not in G: Census Tract 8319 Census Tract 8391 -- No path found, (2447758345, 740243448), [(28289318, 740243448, 0), (28290296, 11060811046, 0), (258957316, 258957340, 0), (258957340, 10923165760, 0), (619625983, 1536858520, 0), (1536858516, 258957316, 0), (1536858520, 1536858516, 0), (3682780135, 619625983, 0), (3682780135, 3682780135, 0), (10923165760, 28290296, 0), (11060811046, 28289318, 0)]
ERR Source 261225702 is not in G: Census Tract 4603.02 Census Tract 7105 -- No path found, (261225702, 261177259), [(261116442, 261299625, 0), (261134838, 261134839, 0), (261134838, 261134838, 1), (261134839, 261163892, 0), (261163892, 261185774, 0), (261177257, 261177258, 0), (261177258, 261177259, 0), (261185774, 261116442, 0), (261216628, 261342017, 0), (261299625, 261216628, 0), (261342017, 261177257, 0)]
ERR Source 261225702 is not in G: Census Tract 4603.02 Census Tract 8419 -- No path found, (261225702, 256612742), [(1655435350, 256612742, 0), (1655457006, 1655457007, 0), (1655457007, 1655435350, 0), (1923791237, 2203813886, 0), (1923791237, 1923791237, 0), (2203813886, 1655457006, 0)]
ERR Source 261225702 is not in G: Census Tract 4603.02 Census Tract 8433 -- No path found, (261225702, 261162522), [(261132837, 11218784841, 0), (261132855, 1446638271, 0), (261136237, 5893011786, 0), (261162523, 261162522, 0), (261181936, 538647038, 0), (261181948, 6052713414, 0), (538647002, 261181948, 0), (538647004, 538647002, 0), (538647020, 261181936, 0), (538647038, 1308208364, 0), (1308131704, 1308131758, 0), (1308131714, 1308131704, 0), (1308131732, 1308131714, 0), (1308131758, 1318401260, 0), (1308208364, 1308208368, 0), (1308208368, 538647004, 0), (1308231968, 1308232012, 0), (1308232012, 1446638284, 0), (1318401260, 538647020, 0), (1446638271, 1446638282, 0), (1446638281, 261132855, 0), (1446638282, 261132837, 0), (1446638284, 1446638281, 0), (1446638301, 1308231968, 0), (2282590140, 261136237, 0), (2282590140, 2282590140, 0), (5893011786, 5893011788, 0), (5893011788, 5893011792, 0), (5893011792, 5893011797, 0), (5893011797, 5893011803, 0), (5893011803, 1308131732, 0), (6052713414, 1446638301, 0), (11218784841, 261162523, 0)]
ERR Source 261289123 is not in G: Census Tract 204 Census Tract 302 -- No path found, (261289123, 261159008), [(102825447, 287215739, 0), (261126870, 261159006, 0), (261159006, 261159007, 0), (261159007, 261159008, 0), (261198152, 261242504, 0), (261226267, 261226267, 0), (261226267, 261226270, 0), (261226270, 261198152, 0), (261242504, 261325492, 0), (261294461, 261325491, 0), (261325491, 7615335554, 0), (261325492, 261294461, 0), (261325501, 3242152385, 0), (287215739, 287215742, 0), (287215742, 261126870, 0), (3242152385, 4336169726, 0), (4336169726, 102825447, 0), (6346119538, 261325501, 0), (7615335554, 6346119538, 0)]
ERR Source 261289123 is not in G: Census Tract 204 Census Tract 307.06 -- No path found, (261289123, 153405691), [(153401283, 257109633, 0), (257107907, 153401283, 0), (257108482, 257107907, 0), (257108489, 257108482, 1), (257108503, 257108489, 0), (257109633, 257149878, 0), (257112419, 257112419, 0), (257112419, 257108503, 0), (257149878, 2328729126, 0), (271133516, 153405691, 0), (2328729126, 271133516, 1)]
ERR Source 261289123 is not in G: Census Tract 204 Census Tract 309 -- No path found, (261289123, 257170004), [(153023595, 261221424, 0), (158733110, 305525929, 0), (158733111, 257157896, 0), (257147420, 257172347, 0), (257157896, 262157938, 0), (257170003, 257170004, 0), (257172347, 257170003, 0), (257172604, 257172689, 0), (257172689, 257147420, 0), (261211814, 305519653, 0), (261221424, 158733110, 0), (261238992, 261211814, 0), (262157233, 262157612, 0), (262157612, 257172604, 0), (262157938, 305525817, 0), (291140768, 305527217, 0), (305519653, 305522185, 0), (305522120, 291140768, 0), (305522162, 305522120, 0), (305522175, 305522162, 0), (305522185, 305522175, 0), (305525817, 262157233, 0), (305525916, 158733111, 0), (305525917, 305525916, 0), (305525929, 305525917, 0), (305527033, 153023595, 0), (305527051, 305527033, 0), (305527080, 305527051, 0), (305527126, 305527080, 0), (305527217, 305527126, 0), (2196305817, 2196305817, 0), (2196305817, 261238992, 0)]
ERR Source 261289123 is not in G: Census Tract 204 Census Tract 315.01 -- No path found, (261289123, 257168007), [(257108489, 257109490, 0), (257108503, 257108489, 0), (257109490, 257112973, 0), (257110946, 257167960, 0), (257112419, 257112419, 0), (257112419, 257108503, 0), (257112973, 257110946, 0), (257167960, 257168008, 0), (257168006, 257168007, 0), (257168008, 257168006, 0)]
ERR Source 261289123 is not in G: Census Tract 204 Census Tract 403 -- No path found, (261289123, 261215916), [(261128135, 261196548, 0), (261140924, 261169159, 0), (261169159, 261202027, 0), (261170249, 261128135, 0), (261196548, 261355889, 0), (261202027, 261170249, 0), (261211814, 305519653, 0), (261238992, 261211814, 0), (261266737, 261140924, 0), (261344407, 261215916, 0), (261355889, 261344407, 0), (305519653, 261266737, 0), (2196305817, 2196305817, 0), (2196305817, 261238992, 0)]
ERR Source 261289123 is not in G: Census Tract 204 Census Tract 404.02 -- No path found, (261289123, 262158752), [(153023595, 261221424, 0), (158733110, 305525929, 0), (158733111, 257157896, 0), (257157490, 262158752, 0), (257157896, 262157774, 0), (261211814, 305519653, 0), (261221424, 158733110, 0), (261238992, 261211814, 0), (262157774, 257157490, 0), (291140768, 305527217, 0), (305519653, 305522185, 0), (305522120, 291140768, 0), (305522162, 305522120, 0), (305522175, 305522162, 0), (305522185, 305522175, 0), (305525916, 158733111, 0), (305525917, 305525916, 0), (305525929, 305525917, 0), (305527033, 153023595, 0), (305527051, 305527033, 0), (305527080, 305527051, 0), (305527126, 305527080, 0), (305527217, 305527126, 0), (2196305817, 2196305817, 0), (2196305817, 261238992, 0)]
ERR Source 261289123 is not in G: Census Tract 204 Census Tract 602 -- No path found, (261289123, 26794584), [(26794550, 26794625, 0), (26794583, 26794584, 0), (26794625, 26794583, 0), (256170553, 4147982414, 0), (261132263, 261156608, 0), (261156608, 307940832, 0), (306046491, 7614087408, 0), (306046502, 306046491, 0), (306046503, 4332503809, 0), (306047311, 4332494924, 0), (306047312, 306047313, 0), (306047313, 4332494927, 0), (307940832, 11337127508, 0), (307940846, 307940886, 0), (307940886, 307940891, 0), (307940891, 256170553, 0), (2397341526, 261132263, 0), (2397341531, 2397341526, 0), (2397341531, 2397341531, 0), (4147982414, 10844809889, 0), (4332494924, 306047312, 0), (4332494927, 306046503, 0), (4332503809, 306046502, 0), (7614087407, 7614087412, 0), (7614087408, 7614087407, 0), (7614087412, 7614087413, 0), (7614087413, 7614087417, 0), (7614087417, 7614087421, 0), (7614087418, 26794550, 0), (7614087421, 7614087418, 0), (10844809889, 306047311, 0), (11337127508, 307940846, 0)]
ERR Source 261289123 is not in G: Census Tract 204 Census Tract 812.01 -- No path found, (261289123, 261149262), [(102713553, 250755813, 0), (250755811, 261875667, 0), (250755813, 4043180080, 0), (261147577, 261209197, 0), (261209197, 261264057, 0), (261210849, 102713553, 0), (261229891, 261147577, 0), (261256259, 261210849, 0), (261264057, 261309128, 0), (261296050, 5068363645, 0), (261309128, 261256259, 0), (261875667, 675646169, 0), (262072430, 261296050, 0), (675646169, 261149262, 0), (1477432263, 1477432263, 1), (1477432263, 261229891, 0), (4043180079, 262072430, 0), (4043180080, 4043180079, 0), (5068363644, 250755811, 0), (5068363645, 5068363644, 0)]
ERR Source 261289123 is not in G: Census Tract 204 Census Tract 8318 -- No path found, (261289123, 261288782), [(261118614, 261158111, 0), (261128028, 261128030, 0), (261128030, 261288782, 0), (261147297, 4180038773, 0), (261158109, 261147297, 0), (261158110, 261158109, 0), (261158111, 261158110, 0), (261314564, 261128028, 0), (305529056, 5311567445, 0), (305529087, 305529056, 0), (305529088, 305529087, 0), (1447056052, 1447056052, 0), (1447056052, 261118614, 0), (4180038773, 305529088, 0), (5311567445, 261314564, 0)]
ERR Source 261289123 is not in G: Census Tract 204 Census Tract 8331 -- No path found, (261289123, 261239964), [(256591099, 1676390756, 0), (256613293, 261239964, 0), (1308245851, 1308245884, 0), (1308245880, 1308245886, 0), (1308245882, 1324316159, 0), (1308245884, 1308245880, 0), (1308245886, 1308245882, 0), (1324316156, 1640004517, 0), (1324316159, 1324316156, 0), (1640004517, 256591099, 0), (1676390756, 256613293, 0), (2004538828, 1308245851, 0), (2203792340, 2004538828, 0), (2203792340, 2203792340, 0)]
ERR Source 261289123 is not in G: Census Tract 204 Census Tract 8391 -- No path found, (261289123, 740243448), [(28289318, 740243448, 0), (28290296, 11060811046, 0), (258957316, 258957340, 0), (258957340, 10923165760, 0), (619625983, 1536858520, 0), (1536858516, 258957316, 0), (1536858520, 1536858516, 0), (3682780135, 619625983, 0), (3682780135, 3682780135, 0), (10923165760, 28290296, 0), (11060811046, 28289318, 0)]
ERR Source 261289123 is not in G: Census Tract 204 Census Tract 8410 -- No path found, (261289123, 258019322), [(26098008, 258016969, 0), (258016969, 713056367, 0), (258019235, 713057030, 0), (349821018, 258019235, 0), (349823101, 713056267, 0), (349838957, 26098008, 0), (459360777, 1699189882, 0), (459360780, 459360782, 0), (459360782, 1693264440, 0), (537981748, 537981765, 0), (537981765, 713243362, 0), (713056267, 349821018, 0), (713056367, 349823101, 0), (713057030, 258019322, 0), (713243362, 349838957, 0), (1693264436, 459360777, 0), (1693264440, 537981748, 0), (1699189487, 1693264436, 0), (1699189726, 1699189487, 0), (1699189726, 1699189726, 0), (1699189882, 459360780, 0)]
ERR Source 261289123 is not in G: Census Tract 204 Census Tract 8423 -- No path found, (261289123, 262368116), [(261193491, 261223241, 0), (261223241, 344250481, 0), (344250479, 345389426, 0), (344250481, 344250479, 0), (344357410, 11751927278, 0), (345389426, 734122955, 0), (369880823, 369880823, 0), (369880823, 261193491, 0), (734122955, 344357410, 0), (11751927278, 11751927279, 0), (11751927279, 262368116, 0)]
ERR Source 261289123 is not in G: Census Tract 204 Census Tract 8426 -- No path found, (261289123, 261250999), [(256181107, 2279329721, 0), (261200148, 767577450, 0), (261223163, 261250999, 0), (349877745, 6044528744, 0), (386373569, 261223163, 0), (386378004, 256181107, 0), (456161811, 538495420, 0), (456161891, 456161811, 0), (456164152, 456161891, 0), (538495420, 538495430, 0), (538495430, 1402597979, 0), (539183209, 261200148, 0), (767577450, 9265293031, 0), (1402597979, 386378004, 0), (1894144797, 1894144797, 1), (1894144797, 1894144806, 0), (1894144806, 539183209, 0), (2279329721, 386373569, 0), (4334144309, 456164152, 0), (6044528744, 4334144309, 0), (9265293031, 349877745, 0)]
ERR Source 261149812 is not in G: Census Tract 6403 Census Tract 6404 -- No path found, (261149812, 261149827), [(261110831, 261316388, 0), (261117982, 261138333, 0), (261124019, 261300245, 0), (261127803, 261316386, 0), (261133163, 261193133, 0), (261134351, 261316383, 0), (261138333, 261316384, 0), (261142999, 261149822, 0), (261149820, 261149821, 0), (261149821, 261142999, 0), (261149822, 261149823, 0), (261149823, 261149824, 0), (261149824, 261149825, 0), (261149825, 261149826, 0), (261149826, 261149827, 0), (261151754, 261238004, 0), (261160833, 261288602, 0), (261168975, 261263606, 0), (261170830, 261160833, 0), (261174138, 261192104, 0), (261174141, 261174138, 0), (261182140, 261267302, 0), (261188006, 261149820, 0), (261192104, 418473696, 0), (261193133, 261110831, 0), (261195929, 261281563, 0), (261197465, 261277133, 0), (261197551, 261316395, 0), (261199413, 261316377, 0), (261204482, 261197551, 0), (261208453, 261316401, 0), (261216454, 261199413, 0), (261220080, 261316382, 0), (261226480, 261188006, 0), (261238004, 261316379, 0), (261251231, 261133163, 0), (261263606, 261216454, 0), (261266442, 261288603, 0), (261267302, 261197465, 0), (261277133, 261127803, 0), (261280975, 10758010281, 0), (261281563, 261294338, 0), (261288602, 261266442, 0), (261288603, 261226480, 0), (261294338, 261204482, 0), (261296501, 261134351, 0), (261300245, 261220080, 0), (261316377, 261151754, 0), (261316379, 261124019, 0), (261316382, 2919664112, 0), (261316383, 261117982, 0), (261316384, 261316385, 0), (261316385, 261182140, 0), (261316386, 261316387, 0), (261316387, 261251231, 0), (261316388, 261316389, 0), (261316389, 261316391, 0), (261316391, 261195929, 0), (261316395, 261316397, 0), (261316397, 261316399, 0), (261316399, 261208453, 0), (261316401, 261280975, 0), (418473696, 418514775, 0), (418474970, 418475027, 0), (418475027, 538047768, 0), (418514775, 418514823, 0), (418514823, 418474970, 0), (538047768, 261168975, 0), (538527489, 261296501, 0), (2919664112, 538527489, 0), (9322428735, 9322428735, 1), (9322428735, 261174141, 0), (10758010281, 261170830, 0)]
ERR Source 261149812 is not in G: Census Tract 6403 Census Tract 7102 -- No path found, (261149812, 261185763), [(261144666, 261185758, 0), (261149424, 261185760, 0), (261161795, 261185762, 0), (261162174, 261185763, 0), (261185660, 261185761, 0), (261185755, 261144666, 0), (261185758, 261185759, 0), (261185759, 261149424, 0), (261185760, 261185660, 0), (261185761, 261161795, 0), (261185762, 261162174, 0), (2274064880, 261185755, 0), (2274064886, 2274064880, 0), (2274064888, 2274064886, 0), (2274064888, 2274064888, 1)]
ERR Source 261149812 is not in G: Census Tract 6403 Census Tract 8310 -- No path found, (261149812, 261295947), [(48990563, 261147614, 0), (261114968, 369873723, 0), (261115285, 261147618, 0), (261125013, 1888714459, 0), (261147614, 261147615, 0), (261147615, 314768930, 0), (261147618, 4255766658, 0), (261166397, 261125013, 0), (261193491, 261166397, 0), (261222751, 261252631, 0), (261252631, 9194897523, 0), (261295945, 261222751, 0), (314768930, 261114968, 0), (369872255, 261295945, 0), (369873723, 261115285, 0), (369880823, 369880823, 0), (369880823, 261193491, 0), (1888714306, 1888714527, 0), (1888714372, 48990563, 0), (1888714459, 1888714530, 0), (1888714527, 1888714746, 0), (1888714530, 1888714306, 0), (1888714705, 1888714372, 0), (1888714746, 1888714705, 0), (4255766658, 369872255, 0), (9194897523, 261295947, 0)]
ERR Source 261149812 is not in G: Census Tract 6403 Census Tract 8391 -- No path found, (261149812, 740243448), [(28289318, 740243448, 0), (28290296, 11060811046, 0), (258957316, 258957340, 0), (258957340, 10923165760, 0), (619625983, 1536858520, 0), (1536858516, 258957316, 0), (1536858520, 1536858516, 0), (3682780135, 619625983, 0), (3682780135, 3682780135, 0), (10923165760, 28290296, 0), (11060811046, 28289318, 0)]
ERR Source 261198151 is not in G: Census Tract 104 Census Tract 105.02 -- No path found, (261198151, 261212860), [(261198152, 261198153, 0), (261198153, 261212860, 0), (261226267, 261226267, 0), (261226267, 261226270, 0), (261226270, 261198152, 0)]
ERR Source 261198151 is not in G: Census Tract 104 Census Tract 106 -- No path found, (261198151, 261166381), [(261166380, 261166381, 0), (261198152, 261198153, 0), (261198153, 261198154, 0), (261198154, 261198155, 0), (261198155, 261198157, 0), (261198157, 261198158, 0), (261198158, 261166380, 0), (261226267, 261226267, 0), (261226267, 261226270, 0), (261226270, 261198152, 0)]
ERR Source 261198151 is not in G: Census Tract 104 Census Tract 1302 -- No path found, (261198151, 270406891), [(270406891, 270406891, 1)]
ERR Source 261198151 is not in G: Census Tract 104 Census Tract 2819 -- No path found, (261198151, 257381494), [(28358883, 28358888, 0), (28358888, 28358891, 0), (28358891, 28358895, 0), (28358895, 271167057, 0), (257381489, 257381494, 0), (257381516, 257381489, 0), (271166509, 3921106500, 0), (271166785, 619040194, 0), (271166846, 271166785, 0), (271167057, 271166846, 0), (619040194, 271166509, 0), (619625983, 1536858520, 0), (1536858520, 28358883, 0), (3682780135, 619625983, 0), (3682780135, 3682780135, 0), (3921106500, 11061920316, 0), (11061920316, 257381516, 0)]
ERR Source 261198151 is not in G: Census Tract 104 Census Tract 301.04 -- No path found, (261198151, 1257584223), [(102825447, 424329169, 0), (261198152, 261242504, 0), (261226267, 261226267, 0), (261226267, 261226270, 0), (261226270, 261198152, 0), (261242504, 261325492, 0), (261294461, 261325491, 0), (261325491, 7615335554, 0), (261325492, 261294461, 0), (261325501, 3242152385, 0), (339269514, 1257584223, 0), (424329169, 339269514, 0), (3242152385, 4336169726, 0), (4336169726, 102825447, 0), (6346119538, 261325501, 0), (7615335554, 6346119538, 0)]
ERR Source 261198151 is not in G: Census Tract 104 Census Tract 3201 -- No path found, (261198151, 623820257), [(258022758, 271188194, 0), (258022762, 271187550, 0), (271187550, 271187564, 0), (271187564, 740367296, 0), (271188194, 623820258, 0), (271188336, 10838732049, 0), (272350581, 7142848056, 0), (619011842, 272350581, 0), (623820258, 623820257, 0), (740367296, 2787312481, 0), (1107253707, 1107253707, 0), (1107253707, 1107253804, 0), (1107253804, 258022762, 0), (2392243937, 619011842, 0), (2787312481, 271188336, 0), (7142848056, 258022758, 0), (10838732049, 10838732050, 0), (10838732050, 2392243937, 0)]
ERR Source 261198151 is not in G: Census Tract 104 Census Tract 3204 -- No path found, (261198151, 258024673), [(26098097, 705003083, 0), (258024674, 258024673, 0), (258288004, 258024674, 0), (258289673, 3810503851, 0), (270863238, 7770322435, 0), (270863238, 270863238, 0), (704695482, 258288004, 0), (705003083, 258289673, 0), (1062997771, 26098097, 0), (3810503851, 704695482, 0), (7770322435, 1062997771, 0)]
ERR Source 261198151 is not in G: Census Tract 104 Census Tract 703 -- No path found, (261198151, 261236458), [(26817984, 261191235, 0), (250278943, 2518161241, 0), (261191235, 262369965, 0), (261236460, 261236458, 0), (261296684, 308441301, 0), (262369459, 261236460, 0), (262369965, 262369459, 0), (308440993, 308441001, 0), (308441001, 308441025, 0), (308441017, 308441050, 0), (308441025, 308441046, 0), (308441033, 26817984, 0), (308441046, 308441017, 0), (308441050, 308441033, 0), (308441268, 250278943, 0), (308441301, 308441268, 0), (495674281, 261296684, 0), (2518161241, 308440993, 0), (2584233690, 495674281, 0), (2584233700, 2584233700, 0), (2584233700, 2584233690, 0)]
ERR Source 261198151 is not in G: Census Tract 104 Census Tract 812.01 -- No path found, (261198151, 261149262), [(102713553, 250755813, 0), (250755811, 261875667, 0), (250755813, 4043180080, 0), (261147577, 261209197, 0), (261209197, 261264057, 0), (261210849, 102713553, 0), (261229891, 261147577, 0), (261256259, 261210849, 0), (261264057, 261309128, 0), (261296050, 5068363645, 0), (261309128, 261256259, 0), (261875667, 675646169, 0), (262072430, 261296050, 0), (675646169, 261149262, 0), (1477432263, 1477432263, 1), (1477432263, 261229891, 0), (4043180079, 262072430, 0), (4043180080, 4043180079, 0), (5068363644, 250755811, 0), (5068363645, 5068363644, 0)]
ERR Source 261198151 is not in G: Census Tract 104 Census Tract 814.01 -- No path found, (261198151, 262184019), [(33718424, 258023343, 0), (258022762, 271187550, 0), (258023343, 258023461, 0), (258023461, 258965934, 0), (258934621, 258934623, 0), (258934623, 369890932, 0), (258965934, 262184057, 0), (262184057, 262184019, 0), (271187550, 1034227190, 0), (369890932, 33718424, 0), (619019057, 2779938540, 0), (619019058, 619019057, 0), (929489865, 258934621, 0), (1034227190, 619019058, 0), (1052707326, 929489865, 0), (1107253707, 1107253707, 0), (1107253707, 1107253804, 0), (1107253804, 258022762, 0), (1386043169, 1052707326, 0), (2779938540, 10950881700, 0), (10950881700, 1386043169, 0)]
ERR Source 261198151 is not in G: Census Tract 104 Census Tract 815 -- No path found, (261198151, 258023463), [(29411956, 258024206, 0), (29412106, 29411956, 0), (258023316, 258023392, 0), (258023392, 258023464, 0), (258023464, 258023463, 0), (258024205, 619626858, 0), (258024206, 258023316, 0), (310697817, 619626336, 0), (310697880, 310697907, 0), (310697907, 258024205, 0), (619626336, 310697880, 0), (619626858, 29412106, 0), (3682780135, 310697817, 0), (3682780135, 3682780135, 0)]
ERR Source 261198151 is not in G: Census Tract 104 Census Tract 8307 -- No path found, (261198151, 257168646), [(26794614, 257168646, 0), (26794623, 257095285, 0), (257095285, 257167962, 0), (257108503, 260099994, 0), (257112419, 257112419, 0), (257112419, 257108503, 0), (257167962, 257375160, 0), (257169230, 10080927066, 0), (257375160, 257169230, 0), (260099994, 26794623, 0), (7324507927, 26794614, 0), (10080927065, 7324507927, 0), (10080927066, 10080927065, 0)]
ERR Source 261198151 is not in G: Census Tract 104 Census Tract 8325 -- No path found, (261198151, 250755914), [(102708209, 250755914, 0), (250278943, 309802308, 0), (261296684, 308441301, 0), (308441268, 250278943, 0), (308441301, 308441268, 0), (309802308, 2480840766, 0), (495674281, 261296684, 0), (1868481027, 4840604636, 0), (2480840764, 5891205779, 0), (2480840766, 2480840764, 0), (2584233690, 495674281, 0), (2584233700, 2584233700, 0), (2584233700, 2584233690, 0), (4840604636, 102708209, 0), (5891205778, 1868481027, 0), (5891205779, 5891205778, 0)]
ERR Source 261198151 is not in G: Census Tract 104 Census Tract 8391 -- No path found, (261198151, 740243448), [(28289318, 740243448, 0), (28290296, 11060811046, 0), (258957316, 258957340, 0), (258957340, 10923165760, 0), (619625983, 1536858520, 0), (1536858516, 258957316, 0), (1536858520, 1536858516, 0), (3682780135, 619625983, 0), (3682780135, 3682780135, 0), (10923165760, 28290296, 0), (11060811046, 28289318, 0)]
ERR: Census Tract 1603 Census Tract 7608.01 -- No solution found, Unable to retrieve attribute 'ObjVal'
ERR Source 10845363481 is not in G: Census Tract 715 Census Tract 811 -- No path found, (10845363481, 250755811), [(102713553, 250755813, 0), (250755813, 4043180080, 0), (261147577, 261209197, 0), (261209197, 261264057, 0), (261210849, 102713553, 0), (261229891, 261147577, 0), (261256259, 261210849, 0), (261264057, 261309128, 0), (261296050, 5068363645, 0), (261309128, 261256259, 0), (262072430, 261296050, 0), (1477432263, 1477432263, 1), (1477432263, 261229891, 0), (4043180079, 262072430, 0), (4043180080, 4043180079, 0), (5068363644, 250755811, 0), (5068363645, 5068363644, 0)]
ERR Source 10845363481 is not in G: Census Tract 715 Census Tract 814.01 -- No path found, (10845363481, 262184019), [(33718424, 258023343, 0), (258022762, 271187550, 0), (258023343, 258023461, 0), (258023461, 258965934, 0), (258934621, 258934623, 0), (258934623, 369890932, 0), (258965934, 262184057, 0), (262184057, 262184019, 0), (271187550, 1034227190, 0), (369890932, 33718424, 0), (619019057, 2779938540, 0), (619019058, 619019057, 0), (929489865, 258934621, 0), (1034227190, 619019058, 0), (1052707326, 929489865, 0), (1107253707, 1107253707, 0), (1107253707, 1107253804, 0), (1107253804, 258022762, 0), (1386043169, 1052707326, 0), (2779938540, 10950881700, 0), (10950881700, 1386043169, 0)]
ERR Source 10845363481 is not in G: Census Tract 715 Census Tract 817 -- No path found, (10845363481, 2291929239), [(258023318, 2291929237, 0), (258024205, 619626858, 0), (310697817, 619626336, 0), (310697880, 310697907, 0), (310697907, 258024205, 0), (619626336, 310697880, 0), (619626858, 258023318, 0), (2291929237, 2291929239, 0), (3682780135, 310697817, 0), (3682780135, 3682780135, 0)]
ERR Source 10845363481 is not in G: Census Tract 715 Census Tract 8330 -- No path found, (10845363481, 258956097), [(256591099, 1676390756, 0), (256613293, 261239964, 0), (261143286, 410791905, 0), (261209662, 261143286, 0), (261239963, 5970344154, 0), (261239964, 261239963, 0), (410791905, 418155586, 0), (410791918, 258956097, 0), (418155586, 410791918, 0), (1308245851, 1308245884, 0), (1308245880, 1308245886, 0), (1308245882, 1324316159, 0), (1308245884, 1308245880, 0), (1308245886, 1308245882, 0), (1324316156, 1640004517, 0), (1324316159, 1324316156, 0), (1640004517, 256591099, 0), (1676390756, 256613293, 0), (2004538828, 1308245851, 0), (2203792340, 2004538828, 0), (2203792340, 2203792340, 0), (5970344154, 261209662, 0)]
ERR Source 10845363481 is not in G: Census Tract 715 Census Tract 8391 -- No path found, (10845363481, 740243448), [(28289318, 740243448, 0), (28290296, 11060811046, 0), (258957316, 258957340, 0), (258957340, 10923165760, 0), (619625983, 1536858520, 0), (1536858516, 258957316, 0), (1536858520, 1536858516, 0), (3682780135, 619625983, 0), (3682780135, 3682780135, 0), (10923165760, 28290296, 0), (11060811046, 28289318, 0)]
ERR: Census Tract 6714 Census Tract 9800 -- No solution found, Unable to retrieve attribute 'ObjVal'
ERR Source 261198927 is not in G: Census Tract 2410 Census Tract 2412 -- No path found, (261198927, 261135341), [(261119869, 365024930, 0), (261135340, 2538372710, 0), (261207075, 346048537, 0), (344250624, 5891694372, 0), (344253106, 344250624, 0), (346048221, 346048369, 0), (346048369, 261207075, 0), (346048537, 346048899, 0), (346048899, 346050145, 0), (346050145, 346050353, 0), (346050353, 346050520, 0), (346050520, 346051384, 0), (346051384, 346051631, 0), (346051631, 346052328, 0), (346052328, 346052838, 0), (346052838, 353792433, 0), (346054076, 261135340, 0), (353792433, 346054076, 0), (365024877, 261119869, 0), (365024927, 365024877, 0), (365024927, 365024927, 0), (365024930, 344253106, 0), (2538372710, 261135341, 0), (5891694372, 5891694373, 0), (5891694373, 346048221, 0)]
ERR Source 261198927 is not in G: Census Tract 2410 Census Tract 2414 -- No path found, (261198927, 261110397), [(261115169, 261115170, 0), (261115170, 11279519534, 0), (261119869, 365024930, 0), (261207075, 346048537, 0), (344250624, 5891694372, 0), (344253106, 344250624, 0), (346048221, 346048369, 0), (346048369, 261207075, 0), (346048537, 346048899, 0), (346048899, 346050145, 0), (346050145, 346050353, 0), (346050353, 346050520, 0), (346050520, 346051384, 0), (346051384, 261115169, 0), (365024877, 261119869, 0), (365024927, 365024877, 0), (365024927, 365024927, 0), (365024930, 344253106, 0), (5891694372, 5891694373, 0), (5891694373, 346048221, 0), (11279519534, 261110397, 0)]
ERR Source 261198927 is not in G: Census Tract 2410 Census Tract 2603 -- No path found, (261198927, 261230298), [(261123881, 261123882, 0), (261123882, 261123883, 0), (261123883, 408455060, 0), (261130210, 9924006954, 0), (261132070, 261132071, 0), (261132071, 261132072, 0), (261132072, 1314248313, 0), (261176532, 9924006950, 0), (261204762, 261212970, 0), (261212969, 261230298, 0), (261212970, 9924006973, 0), (261221005, 261221007, 0), (261221007, 261221008, 0), (261221008, 9924006959, 0), (261221010, 261204762, 0), (408455060, 261130210, 0), (1314248313, 261123881, 0), (2190712584, 2190712584, 0), (2190712584, 261132070, 0), (9924006950, 9924006955, 0), (9924006954, 261176532, 0), (9924006955, 261221005, 0), (9924006959, 261221010, 0), (9924006973, 261212969, 0)]
ERR Source 261198927 is not in G: Census Tract 2410 Census Tract 3204 -- No path found, (261198927, 258024673), [(26098097, 705003083, 0), (258024674, 258024673, 0), (258288004, 258024674, 0), (258289673, 3810503851, 0), (270863238, 7770322435, 0), (270863238, 270863238, 0), (704695482, 258288004, 0), (705003083, 258289673, 0), (1062997771, 26098097, 0), (3810503851, 704695482, 0), (7770322435, 1062997771, 0)]
ERR Source 261198927 is not in G: Census Tract 2410 Census Tract 814.01 -- No path found, (261198927, 262184019), [(33718424, 258023343, 0), (258022762, 271187550, 0), (258023343, 258023461, 0), (258023461, 258965934, 0), (258934621, 258934623, 0), (258934623, 369890932, 0), (258965934, 262184057, 0), (262184057, 262184019, 0), (271187550, 1034227190, 0), (369890932, 33718424, 0), (619019057, 2779938540, 0), (619019058, 619019057, 0), (929489865, 258934621, 0), (1034227190, 619019058, 0), (1052707326, 929489865, 0), (1107253707, 1107253707, 0), (1107253707, 1107253804, 0), (1107253804, 258022762, 0), (1386043169, 1052707326, 0), (2779938540, 10950881700, 0), (10950881700, 1386043169, 0)]
ERR Source 261198927 is not in G: Census Tract 2410 Census Tract 815 -- No path found, (261198927, 258023463), [(29411956, 258024206, 0), (29412106, 29411956, 0), (258023316, 258023392, 0), (258023392, 258023464, 0), (258023464, 258023463, 0), (258024205, 619626858, 0), (258024206, 258023316, 0), (310697817, 619626336, 0), (310697880, 310697907, 0), (310697907, 258024205, 0), (619626336, 310697880, 0), (619626858, 29412106, 0), (3682780135, 310697817, 0), (3682780135, 3682780135, 0)]
ERR Source 261198927 is not in G: Census Tract 2410 Census Tract 8314 -- No path found, (261198927, 737143769), [(26218631, 345098644, 0), (261107631, 345098621, 0), (261116530, 737143769, 0), (261126627, 261182167, 0), (261132068, 261154162, 0), (261132070, 261132068, 0), (261154159, 261154466, 0), (261154160, 261154159, 0), (261154161, 261154160, 0), (261154162, 261154161, 0), (261154466, 261107631, 0), (261182167, 261197491, 0), (261197491, 261116530, 0), (281895452, 345098799, 0), (345098621, 26218631, 0), (345098644, 345098704, 0), (345098704, 281895452, 0), (345098799, 345098828, 0), (345098828, 345098832, 0), (345098832, 261126627, 0), (2190712584, 2190712584, 0), (2190712584, 261132070, 0)]
ERR Source 261198927 is not in G: Census Tract 2410 Census Tract 8391 -- No path found, (261198927, 740243448), [(28289318, 740243448, 0), (28290296, 11060811046, 0), (258957316, 258957340, 0), (258957340, 10923165760, 0), (619625983, 1536858520, 0), (1536858516, 258957316, 0), (1536858520, 1536858516, 0), (3682780135, 619625983, 0), (3682780135, 3682780135, 0), (10923165760, 28290296, 0), (11060811046, 28289318, 0)]
ERR Source 261198927 is not in G: Census Tract 2410 Census Tract 8431 -- No path found, (261198927, 1446674904), [(261116541, 261132061, 0), (261121479, 261126651, 0), (261126651, 7735711911, 0), (261132049, 261224745, 0), (261132051, 261132049, 0), (261132053, 261132051, 0), (261132054, 261132053, 0), (261132057, 737087449, 0), (261132059, 261132057, 0), (261132061, 261132059, 0), (261132062, 261116541, 0), (261132063, 261121479, 0), (261132067, 261132063, 0), (261132068, 261132067, 0), (261132070, 261132068, 0), (261132828, 1446674900, 0), (261224743, 358541413, 0), (261224745, 358541394, 0), (358541394, 261224743, 0), (358541413, 1446668519, 0), (737087449, 261132054, 0), (1446668519, 261132828, 0), (1446674900, 1446674904, 0), (2190712584, 2190712584, 0), (2190712584, 261132070, 0), (7735711911, 261132062, 0)]
ERR: Census Tract 2214 Census Tract 7608.01 -- No solution found, Unable to retrieve attribute 'ObjVal'
ERR Source 261286592 is not in G: Census Tract 1610 Census Tract 1904.02 -- No path found, (261286592, 261145157), [(35034227, 845871158, 0), (256170567, 261128256, 0), (256170803, 261229803, 0), (256170809, 256170810, 0), (256170810, 4110511972, 0), (261125631, 261145158, 0), (261128256, 261229799, 0), (261145158, 261145157, 0), (261145160, 261125631, 0), (261221620, 261229798, 0), (261229795, 1126941596, 0), (261229797, 9517344535, 0), (261229798, 261229797, 0), (261229799, 261221620, 0), (261229801, 256170567, 0), (261229803, 261229801, 0), (316335138, 261145160, 0), (367776794, 256170803, 0), (367776794, 367776794, 1), (838696260, 845871141, 0), (838696588, 838696635, 0), (838696635, 838696685, 0), (838696685, 35034227, 0), (845871141, 316335138, 0), (845871158, 838696260, 0), (845876312, 256170809, 0), (845876485, 845876543, 0), (845876495, 845876525, 0), (845876525, 845876485, 0), (845876543, 845876568, 0), (845876568, 845876312, 0), (1126941596, 845876495, 0), (4110511972, 838696588, 0), (9517344535, 261229795, 0)]
ERR Source 261286592 is not in G: Census Tract 1610 Census Tract 6505 -- No path found, (261286592, 4363724216), [(261116399, 1102978862, 0), (261116443, 261163893, 0), (261116735, 261216642, 0), (261131893, 261166817, 0), (261134838, 261134839, 0), (261134838, 261134838, 1), (261134839, 261163892, 0), (261151737, 4363724216, 0), (261162513, 261216634, 0), (261163892, 261116443, 0), (261163893, 261163894, 0), (261163894, 261210608, 0), (261166817, 6991113807, 0), (261170055, 261184374, 0), (261174116, 4337842251, 0), (261179888, 261131893, 0), (261184374, 261116735, 0), (261185736, 4336128942, 0), (261192062, 261216645, 0), (261200129, 261216632, 0), (261204893, 710276542, 0), (261210608, 261204893, 0), (261213406, 261216641, 0), (261216631, 261200129, 0), (261216632, 261216633, 0), (261216633, 261162513, 0), (261216634, 261179888, 0), (261216641, 261170055, 0), (261216642, 261174116, 0), (261216645, 261216646, 0), (261216646, 261216648, 0), (261216648, 261216649, 0), (261216649, 261299643, 0), (261299643, 261116399, 0), (710276542, 261216631, 0), (1102978862, 261185736, 0), (1102978958, 261151737, 0), (4336128942, 1102978958, 0), (4337842251, 261192062, 0), (6991113807, 261213406, 0)]
ERR Source 261286592 is not in G: Census Tract 1610 Census Tract 8391 -- No path found, (261286592, 740243448), [(28289318, 740243448, 0), (28290296, 11060811046, 0), (258957316, 258957340, 0), (258957340, 10923165760, 0), (619625983, 1536858520, 0), (1536858516, 258957316, 0), (1536858520, 1536858516, 0), (3682780135, 619625983, 0), (3682780135, 3682780135, 0), (10923165760, 28290296, 0), (11060811046, 28289318, 0)]
ERR Source 261264061 is not in G: Census Tract 801 Census Tract 811 -- No path found, (261264061, 250755811), [(102713553, 250755813, 0), (250755813, 4043180080, 0), (261147577, 261209197, 0), (261209197, 261264057, 0), (261210849, 102713553, 0), (261229891, 261147577, 0), (261256259, 261210849, 0), (261264057, 261309128, 0), (261296050, 5068363645, 0), (261309128, 261256259, 0), (262072430, 261296050, 0), (1477432263, 1477432263, 0), (1477432263, 261229891, 0), (4043180079, 262072430, 0), (4043180080, 4043180079, 0), (5068363644, 250755811, 0), (5068363645, 5068363644, 0)]
ERR Source 261264061 is not in G: Census Tract 801 Census Tract 814.01 -- No path found, (261264061, 262184019), [(33718424, 258023343, 0), (258022762, 271187550, 0), (258023343, 258023461, 0), (258023461, 258965934, 0), (258934621, 258934623, 0), (258934623, 369890932, 0), (258965934, 262184057, 0), (262184057, 262184019, 0), (271187550, 1034227190, 0), (369890932, 33718424, 0), (619019057, 2779938540, 0), (619019058, 619019057, 0), (929489865, 258934621, 0), (1034227190, 619019058, 0), (1052707326, 929489865, 0), (1107253707, 1107253707, 0), (1107253707, 1107253804, 0), (1107253804, 258022762, 0), (1386043169, 1052707326, 0), (2779938540, 10950881700, 0), (10950881700, 1386043169, 0)]
ERR Source 261264061 is not in G: Census Tract 801 Census Tract 817 -- No path found, (261264061, 2291929239), [(258023318, 2291929237, 0), (258024205, 619626858, 0), (310697817, 619626336, 0), (310697880, 310697907, 0), (310697907, 258024205, 0), (619626336, 310697880, 0), (619626858, 258023318, 0), (2291929237, 2291929239, 0), (3682780135, 310697817, 0), (3682780135, 3682780135, 0)]
ERR Source 261264061 is not in G: Census Tract 801 Census Tract 818 -- No path found, (261264061, 709413342), [(257957639, 257957640, 0), (257957640, 257957641, 0), (257957641, 709413333, 0), (310697817, 257957639, 0), (709413333, 709413342, 0), (3682780135, 310697817, 0), (3682780135, 3682780135, 0)]
ERR Source 261264061 is not in G: Census Tract 801 Census Tract 8391 -- No path found, (261264061, 740243448), [(28289318, 740243448, 0), (28290296, 11060811046, 0), (258957316, 258957340, 0), (258957340, 10923165760, 0), (619625983, 1536858520, 0), (1536858516, 258957316, 0), (1536858520, 1536858516, 0), (3682780135, 619625983, 0), (3682780135, 3682780135, 0), (10923165760, 28290296, 0), (11060811046, 28289318, 0)]
ERR Source 261264061 is not in G: Census Tract 801 Census Tract 8422 -- No path found, (261264061, 2401648276), [(35313351, 102708202, 0), (102680962, 262368937, 0), (102680963, 4255745555, 0), (102680965, 264429937, 0), (102691173, 35313351, 0), (102708202, 265642209, 0), (250755794, 264429518, 0), (261147577, 261147578, 0), (261147578, 250755794, 0), (261229891, 261147577, 0), (261230957, 2401648276, 0), (261260014, 261230957, 0), (262368739, 264431935, 0), (262368937, 102691173, 0), (264429518, 2291929261, 0), (264429937, 264430217, 0), (264430062, 102680963, 0), (264430217, 264430062, 0), (264430961, 102680962, 0), (264431126, 264430961, 0), (264431935, 261260014, 0), (265642209, 265642220, 0), (265642220, 262368739, 0), (1477432263, 1477432263, 0), (1477432263, 261229891, 0), (2291929261, 102680965, 0), (4255745555, 264431126, 0)]
ERR Source 2291929252 is not in G: Census Tract 810 Census Tract 814.01 -- No path found, (2291929252, 262184019), [(33718424, 258023343, 0), (258022762, 271187550, 0), (258023343, 258023461, 0), (258023461, 258965934, 0), (258934621, 258934623, 0), (258934623, 369890932, 0), (258965934, 262184057, 0), (262184057, 262184019, 0), (271187550, 1034227190, 0), (369890932, 33718424, 0), (619019057, 2779938540, 0), (619019058, 619019057, 0), (929489865, 258934621, 0), (1034227190, 619019058, 0), (1052707326, 929489865, 0), (1107253707, 1107253707, 0), (1107253707, 1107253804, 0), (1107253804, 258022762, 0), (1386043169, 1052707326, 0), (2779938540, 10950881700, 0), (10950881700, 1386043169, 0)]
ERR Source 2291929252 is not in G: Census Tract 810 Census Tract 815 -- No path found, (2291929252, 258023463), [(29411956, 258024206, 0), (29412106, 29411956, 0), (258023316, 258023392, 0), (258023392, 258023464, 0), (258023464, 258023463, 0), (258024205, 619626858, 0), (258024206, 258023316, 0), (310697817, 619626336, 0), (310697880, 310697907, 0), (310697907, 258024205, 0), (619626336, 310697880, 0), (619626858, 29412106, 0), (3682780135, 310697817, 0), (3682780135, 3682780135, 0)]
ERR Source 2291929252 is not in G: Census Tract 810 Census Tract 816 -- No path found, (2291929252, 258023465), [(29411954, 258023465, 0), (29411955, 29411954, 0), (29411956, 29411955, 0), (29412106, 29411956, 0), (258024205, 619626858, 0), (310697817, 619626336, 0), (310697880, 310697907, 0), (310697907, 258024205, 0), (619626336, 310697880, 0), (619626858, 29412106, 0), (3682780135, 310697817, 0), (3682780135, 3682780135, 0)]
ERR Source 2291929252 is not in G: Census Tract 810 Census Tract 817 -- No path found, (2291929252, 2291929239), [(258023318, 2291929237, 0), (258024205, 619626858, 0), (310697817, 619626336, 0), (310697880, 310697907, 0), (310697907, 258024205, 0), (619626336, 310697880, 0), (619626858, 258023318, 0), (2291929237, 2291929239, 0), (3682780135, 310697817, 0), (3682780135, 3682780135, 0)]
ERR Source 2291929252 is not in G: Census Tract 810 Census Tract 818 -- No path found, (2291929252, 709413342), [(257957639, 257957640, 0), (257957640, 257957641, 0), (257957641, 709413333, 0), (310697817, 257957639, 0), (709413333, 709413342, 0), (3682780135, 310697817, 0), (3682780135, 3682780135, 0)]
ERR Source 2291929252 is not in G: Census Tract 810 Census Tract 8330 -- No path found, (2291929252, 258956097), [(256591099, 1676390756, 0), (256613293, 261239964, 0), (261143286, 410791905, 0), (261209662, 261143286, 0), (261239963, 5970344154, 0), (261239964, 261239963, 0), (410791905, 418155586, 0), (410791918, 258956097, 0), (418155586, 410791918, 0), (1308245851, 1308245884, 0), (1308245880, 1308245886, 0), (1308245882, 1324316159, 0), (1308245884, 1308245880, 0), (1308245886, 1308245882, 0), (1324316156, 1640004517, 0), (1324316159, 1324316156, 0), (1640004517, 256591099, 0), (1676390756, 256613293, 0), (2004538828, 1308245851, 0), (2203792340, 2004538828, 0), (2203792340, 2203792340, 0), (5970344154, 261209662, 0)]
ERR Source 2291929252 is not in G: Census Tract 810 Census Tract 8331 -- No path found, (2291929252, 261239964), [(256591099, 1676390756, 0), (256613293, 261239964, 0), (1308245851, 1308245884, 0), (1308245880, 1308245886, 0), (1308245882, 1324316159, 0), (1308245884, 1308245880, 0), (1308245886, 1308245882, 0), (1324316156, 1640004517, 0), (1324316159, 1324316156, 0), (1640004517, 256591099, 0), (1676390756, 256613293, 0), (2004538828, 1308245851, 0), (2203792340, 2004538828, 0), (2203792340, 2203792340, 0)]
ERR Source 2291929252 is not in G: Census Tract 810 Census Tract 8333 -- No path found, (2291929252, 2004538727), [(2203792394, 2004538727, 0), (2203792394, 2203792394, 0)]
ERR Source 2291929252 is not in G: Census Tract 810 Census Tract 8391 -- No path found, (2291929252, 740243448), [(28289318, 740243448, 0), (28290296, 11060811046, 0), (258957316, 258957340, 0), (258957340, 10923165760, 0), (619625983, 1536858520, 0), (1536858516, 258957316, 0), (1536858520, 1536858516, 0), (3682780135, 619625983, 0), (3682780135, 3682780135, 0), (10923165760, 28290296, 0), (11060811046, 28289318, 0)]
ERR Source 2291929252 is not in G: Census Tract 810 Census Tract 8411 -- No path found, (2291929252, 261118916), [(33404764, 261118914, 0), (261118914, 261118915, 0), (261118915, 261118916, 0), (261136888, 704990298, 0), (261145300, 261145302, 0), (261145302, 270407982, 0), (261185887, 261194683, 0), (261194683, 33404764, 0), (261219634, 261185887, 0), (261296749, 3270291674, 0), (262186019, 261296749, 0), (270407966, 270407967, 0), (270407967, 917877781, 0), (270407982, 270407966, 0), (704990298, 262186019, 0), (917877781, 261136888, 0), (3270291674, 261219634, 0), (5811649328, 261145300, 0), (5811649328, 5811649328, 0)]
ERR Source 2291929252 is not in G: Census Tract 810 Census Tract 8419 -- No path found, (2291929252, 256612742), [(1655435350, 256612742, 0), (1655457006, 1655457007, 0), (1655457007, 1655435350, 0), (1923791237, 2203813886, 0), (1923791237, 1923791237, 0), (2203813886, 1655457006, 0)]
ERR Source 2291929252 is not in G: Census Tract 810 Census Tract 8422 -- No path found, (2291929252, 2401648276), [(35313351, 102708202, 0), (102680962, 262368937, 0), (102680963, 4255745555, 0), (102680965, 264429937, 0), (102691173, 35313351, 0), (102708202, 265642209, 0), (250755794, 264429518, 0), (261147577, 261147578, 0), (261147578, 250755794, 0), (261229891, 261147577, 0), (261230957, 2401648276, 0), (261260014, 261230957, 0), (262368739, 264431935, 0), (262368937, 102691173, 0), (264429518, 2291929261, 0), (264429937, 264430217, 0), (264430062, 102680963, 0), (264430217, 264430062, 0), (264430961, 102680962, 0), (264431126, 264430961, 0), (264431935, 261260014, 0), (265642209, 265642220, 0), (265642220, 262368739, 0), (1477432263, 1477432263, 1), (1477432263, 261229891, 0), (2291929261, 102680965, 0), (4255745555, 264431126, 0)]
ERR Source 261222843 is not in G: Census Tract 6504 Census Tract 6505 -- No path found, (261222843, 4363724216), [(261116399, 1102978862, 0), (261116443, 261163893, 0), (261116735, 261216642, 0), (261131893, 261166817, 0), (261134838, 261134839, 0), (261134838, 261134838, 1), (261134839, 261163892, 0), (261151737, 4363724216, 0), (261162513, 261216634, 0), (261163892, 261116443, 0), (261163893, 261163894, 0), (261163894, 261210608, 0), (261166817, 6991113807, 0), (261170055, 261184374, 0), (261174116, 4337842251, 0), (261179888, 261131893, 0), (261184374, 261116735, 0), (261185736, 4336128942, 0), (261192062, 261216645, 0), (261200129, 261216632, 0), (261204893, 710276542, 0), (261210608, 261204893, 0), (261213406, 261216641, 0), (261216631, 261200129, 0), (261216632, 261216633, 0), (261216633, 261162513, 0), (261216634, 261179888, 0), (261216641, 261170055, 0), (261216642, 261174116, 0), (261216645, 261216646, 0), (261216646, 261216648, 0), (261216648, 261216649, 0), (261216649, 261299643, 0), (261299643, 261116399, 0), (710276542, 261216631, 0), (1102978862, 261185736, 0), (1102978958, 261151737, 0), (4336128942, 1102978958, 0), (4337842251, 261192062, 0), (6991113807, 261213406, 0)]
ERR Source 261222843 is not in G: Census Tract 6504 Census Tract 6605 -- No path found, (261222843, 261169886), [(261116672, 261169883, 0), (261133715, 261174164, 0), (261142755, 261174156, 0), (261149853, 261174162, 0), (261155596, 261213362, 0), (261169883, 261184694, 0), (261174141, 261174142, 0), (261174142, 261174143, 0), (261174143, 261174144, 0), (261174144, 261174145, 0), (261174145, 1402601172, 0), (261174149, 261174153, 0), (261174153, 261174154, 0), (261174154, 261174155, 0), (261174155, 261142755, 0), (261174156, 261174157, 0), (261174157, 1402601168, 0), (261174159, 261174160, 0), (261174160, 261174161, 0), (261174161, 261149853, 0), (261174162, 261174163, 0), (261174163, 261133715, 0), (261174164, 261184591, 0), (261184591, 5326535833, 0), (261184694, 261213360, 0), (261213360, 261155596, 0), (261213362, 261213363, 0), (261213363, 261169886, 0), (1402601168, 261174159, 0), (1402601172, 261174149, 0), (5326535833, 261116672, 0), (9322428735, 9322428735, 1), (9322428735, 261174141, 0)]
ERR Source 261222843 is not in G: Census Tract 6504 Census Tract 6606 -- No path found, (261222843, 261142085), [(261122125, 261150060, 0), (261134838, 261134839, 0), (261134838, 261134838, 1), (261134839, 261163892, 0), (261142087, 6708445699, 0), (261142088, 261142087, 0), (261150060, 261150061, 0), (261150061, 261150062, 0), (261150062, 261150063, 0), (261150063, 261150067, 0), (261150067, 261150070, 0), (261150070, 261150075, 0), (261150075, 261150078, 0), (261150078, 261142088, 0), (261163892, 261185774, 0), (261185774, 261336061, 0), (261200105, 261295828, 0), (261204929, 261319922, 0), (261210529, 261204929, 0), (261279845, 261122125, 0), (261287897, 261200105, 0), (261295826, 261279845, 0), (261295828, 261295826, 0), (261319922, 261287897, 0), (261325909, 7625126089, 0), (261329627, 261325909, 0), (261336061, 261342008, 0), (261342008, 261329627, 0), (6708445699, 261142085, 0), (7625126089, 261210529, 0)]
ERR Source 261222843 is not in G: Census Tract 6504 Census Tract 814.02 -- No path found, (261222843, 736932687), [(258022887, 271278847, 0), (271197330, 3856852862, 0), (271278847, 736932687, 0), (271278860, 258022887, 0), (619030961, 271278860, 0), (739118569, 739118573, 0), (739118573, 619030961, 0), (739118898, 739118569, 0), (740365189, 740365200, 0), (740365200, 740365208, 0), (740365207, 740365216, 0), (740365208, 740365209, 0), (740365209, 740365210, 0), (740365210, 740365207, 0), (740365216, 10947960098, 0), (1107253707, 1107253707, 0), (1107253707, 1107253804, 0), (1107253804, 1648106860, 0), (1648106860, 271197330, 0), (3856852862, 10947960312, 0), (10947960009, 739118898, 0), (10947960098, 10947960009, 0), (10947960312, 10947960317, 0), (10947960317, 740365189, 0)]
ERR Source 261222843 is not in G: Census Tract 6504 Census Tract 8318 -- No path found, (261222843, 261288782), [(261118614, 261158111, 0), (261128028, 261128030, 0), (261128030, 261288782, 0), (261147297, 4180038773, 0), (261158109, 261147297, 0), (261158110, 261158109, 0), (261158111, 261158110, 0), (261314564, 261128028, 0), (305529056, 5311567445, 0), (305529087, 305529056, 0), (305529088, 305529087, 0), (1447056052, 1447056052, 0), (1447056052, 261118614, 0), (4180038773, 305529088, 0), (5311567445, 261314564, 0)]
ERR: Census Tract 2215 Census Tract 7608.01 -- No solution found, Unable to retrieve attribute 'ObjVal'
ERR Source 1471357878 is not in G: Census Tract 201 Census Tract 302 -- No path found, (1471357878, 261159008), [(102825447, 287215739, 0), (261126870, 261159006, 0), (261159006, 261159007, 0), (261159007, 261159008, 0), (261198152, 261242504, 0), (261226267, 261226267, 0), (261226267, 261226270, 0), (261226270, 261198152, 0), (261242504, 261325492, 0), (261294461, 261325491, 0), (261325491, 7615335554, 0), (261325492, 261294461, 0), (261325501, 3242152385, 0), (287215739, 287215742, 0), (287215742, 261126870, 0), (3242152385, 4336169726, 0), (4336169726, 102825447, 0), (6346119538, 261325501, 0), (7615335554, 6346119538, 0)]
ERR Source 1471357878 is not in G: Census Tract 201 Census Tract 812.01 -- No path found, (1471357878, 261149262), [(102713553, 250755813, 0), (250755811, 261875667, 0), (250755813, 4043180080, 0), (261147577, 261209197, 0), (261209197, 261264057, 0), (261210849, 102713553, 0), (261229891, 261147577, 0), (261256259, 261210849, 0), (261264057, 261309128, 0), (261296050, 5068363645, 0), (261309128, 261256259, 0), (261875667, 675646169, 0), (262072430, 261296050, 0), (675646169, 261149262, 0), (1477432263, 1477432263, 1), (1477432263, 261229891, 0), (4043180079, 262072430, 0), (4043180080, 4043180079, 0), (5068363644, 250755811, 0), (5068363645, 5068363644, 0)]
ERR Source 1471357878 is not in G: Census Tract 201 Census Tract 8419 -- No path found, (1471357878, 256612742), [(1655435350, 256612742, 0), (1655457006, 1655457007, 0), (1655457007, 1655435350, 0), (1923791237, 2203813886, 0), (1923791237, 1923791237, 0), (2203813886, 1655457006, 0)]
ERR Source 261134243 is not in G: Census Tract 2216 Census Tract 2226 -- No path found, (261134243, 261154537), [(48991444, 261269095, 0), (261096028, 261305961, 0), (261142592, 261215675, 0), (261147066, 768249764, 0), (261177936, 261147066, 0), (261191259, 261198947, 0), (261198947, 369649710, 0), (261202963, 261096028, 0), (261215675, 261202963, 0), (261269095, 261142592, 0), (261269650, 261177936, 0), (261302979, 261154537, 0), (261302980, 261302979, 0), (261305961, 261302980, 0), (366227803, 48991444, 0), (369649681, 369649684, 0), (369649684, 261269650, 0), (369649696, 369649681, 0), (369649709, 369649711, 0), (369649710, 369649709, 0), (369649711, 369649712, 0), (369649712, 369649696, 0), (768249764, 366227803, 0), (2196827063, 261191259, 0), (2196827063, 2196827063, 0)]
ERR Source 261134243 is not in G: Census Tract 2216 Census Tract 2424 -- No path found, (261134243, 261135337), [(261112469, 261135338, 0), (261119853, 261135337, 0), (261119869, 365024930, 0), (261135338, 261119853, 0), (261207075, 346048537, 0), (344250624, 5891694372, 0), (344253106, 344250624, 0), (346048221, 346048369, 0), (346048369, 261207075, 0), (346048537, 346048899, 0), (346048899, 346050145, 0), (346050145, 346050353, 0), (346050353, 346050520, 0), (346050520, 346051384, 0), (346051384, 346051631, 0), (346051631, 346052328, 0), (346052328, 346052838, 0), (346052838, 353792433, 0), (346054076, 261112469, 0), (353792433, 346054076, 0), (365024877, 261119869, 0), (365024927, 365024877, 0), (365024927, 365024927, 0), (365024930, 344253106, 0), (5891694372, 5891694373, 0), (5891694373, 346048221, 0)]
ERR Source 261134243 is not in G: Census Tract 2216 Census Tract 2435 -- No path found, (261134243, 261204537), [(43503249, 261089719, 0), (102723053, 739187881, 0), (261089719, 261104757, 0), (261104757, 261164740, 0), (261164735, 368003219, 0), (261164740, 365026544, 0), (265644052, 368003216, 0), (365024877, 43503249, 0), (365024927, 365024877, 0), (365024927, 365024927, 0), (365026544, 102723053, 0), (368003216, 739188012, 0), (368003218, 265644052, 0), (368003219, 368003218, 0), (739187881, 739187886, 0), (739187886, 261164735, 0), (739188012, 261204537, 0)]
ERR Source 261134243 is not in G: Census Tract 2216 Census Tract 2819 -- No path found, (261134243, 257381494), [(28358883, 28358888, 0), (28358888, 28358891, 0), (28358891, 28358895, 0), (28358895, 271167057, 0), (257381489, 257381494, 0), (257381516, 257381489, 0), (271166509, 3921106500, 0), (271166785, 619040194, 0), (271166846, 271166785, 0), (271167057, 271166846, 0), (619040194, 271166509, 0), (619625983, 1536858520, 0), (1536858520, 28358883, 0), (3682780135, 619625983, 0), (3682780135, 3682780135, 0), (3921106500, 11061920316, 0), (11061920316, 257381516, 0)]
ERR Source 261134243 is not in G: Census Tract 2216 Census Tract 3201 -- No path found, (261134243, 623820257), [(258022758, 271188194, 0), (258022762, 271187550, 0), (271187550, 271187564, 0), (271187564, 740367296, 0), (271188194, 623820258, 0), (271188336, 10838732049, 0), (272350581, 7142848056, 0), (619011842, 272350581, 0), (623820258, 623820257, 0), (740367296, 2787312481, 0), (1107253707, 1107253707, 0), (1107253707, 1107253804, 0), (1107253804, 258022762, 0), (2392243937, 619011842, 0), (2787312481, 271188336, 0), (7142848056, 258022758, 0), (10838732049, 10838732050, 0), (10838732050, 2392243937, 0)]
ERR Source 261134243 is not in G: Census Tract 2216 Census Tract 3204 -- No path found, (261134243, 258024673), [(26098097, 705003083, 0), (258024674, 258024673, 0), (258288004, 258024674, 0), (258289673, 3810503851, 0), (270863238, 7770322435, 0), (270863238, 270863238, 0), (704695482, 258288004, 0), (705003083, 258289673, 0), (1062997771, 26098097, 0), (3810503851, 704695482, 0), (7770322435, 1062997771, 0)]
ERR: Census Tract 2216 Census Tract 7608.01 -- No solution found, Unable to retrieve attribute 'ObjVal'
ERR Source 261134243 is not in G: Census Tract 2216 Census Tract 814.01 -- No path found, (261134243, 262184019), [(33718424, 258023343, 0), (258022762, 271187550, 0), (258023343, 258023461, 0), (258023461, 258965934, 0), (258934621, 258934623, 0), (258934623, 369890932, 0), (258965934, 262184057, 0), (262184057, 262184019, 0), (271187550, 1034227190, 0), (369890932, 33718424, 0), (619019057, 2779938540, 0), (619019058, 619019057, 0), (929489865, 258934621, 0), (1034227190, 619019058, 0), (1052707326, 929489865, 0), (1107253707, 1107253707, 0), (1107253707, 1107253804, 0), (1107253804, 258022762, 0), (1386043169, 1052707326, 0), (2779938540, 10950881700, 0), (10950881700, 1386043169, 0)]
ERR Source 261134243 is not in G: Census Tract 2216 Census Tract 8309 -- No path found, (261134243, 261092768), [(260098465, 4081878195, 0), (260098734, 261092768, 0), (261191259, 261198947, 0), (261198947, 369649710, 0), (263330690, 260098465, 0), (369649710, 369649713, 0), (369649713, 369649715, 0), (369649714, 263330690, 0), (369649715, 369649714, 0), (2196827063, 261191259, 0), (2196827063, 2196827063, 0), (4081878195, 4081878197, 0), (4081878197, 4081878198, 0), (4081878198, 260098734, 0)]
ERR Source 261134243 is not in G: Census Tract 2216 Census Tract 8323 -- No path found, (261134243, 4332713755), [(26703648, 26703650, 0), (26703650, 26704169, 0), (26704169, 8454014149, 0), (250755950, 4332713755, 0), (260098756, 26703648, 0), (261146415, 261191260, 0), (261191259, 261146415, 0), (261191260, 261223351, 0), (261223351, 260098756, 0), (2196827063, 261191259, 0), (2196827063, 2196827063, 0), (8454014149, 250755950, 0)]
ERR Source 261134243 is not in G: Census Tract 2216 Census Tract 8330 -- No path found, (261134243, 258956097), [(256591099, 1676390756, 0), (256613293, 261239964, 0), (261143286, 410791905, 0), (261209662, 261143286, 0), (261239963, 5970344154, 0), (261239964, 261239963, 0), (410791905, 418155586, 0), (410791918, 258956097, 0), (418155586, 410791918, 0), (1308245851, 1308245884, 0), (1308245880, 1308245886, 0), (1308245882, 1324316159, 0), (1308245884, 1308245880, 0), (1308245886, 1308245882, 0), (1324316156, 1640004517, 0), (1324316159, 1324316156, 0), (1640004517, 256591099, 0), (1676390756, 256613293, 0), (2004538828, 1308245851, 0), (2203792340, 2004538828, 0), (2203792340, 2203792340, 0), (5970344154, 261209662, 0)]
ERR Source 261134243 is not in G: Census Tract 2216 Census Tract 8331 -- No path found, (261134243, 261239964), [(256591099, 1676390756, 0), (256613293, 261239964, 0), (1308245851, 1308245884, 0), (1308245880, 1308245886, 0), (1308245882, 1324316159, 0), (1308245884, 1308245880, 0), (1308245886, 1308245882, 0), (1324316156, 1640004517, 0), (1324316159, 1324316156, 0), (1640004517, 256591099, 0), (1676390756, 256613293, 0), (2004538828, 1308245851, 0), (2203792340, 2004538828, 0), (2203792340, 2203792340, 0)]
ERR Source 261134243 is not in G: Census Tract 2216 Census Tract 8382 -- No path found, (261134243, 1324353893), [(261136237, 5893011786, 0), (261181936, 538647038, 0), (538647020, 261181936, 0), (538647038, 1308208364, 0), (1308131704, 1308131758, 0), (1308131714, 1308131704, 0), (1308131732, 1308131714, 0), (1308131758, 1318401260, 0), (1308208364, 1324363040, 0), (1318401260, 538647020, 0), (1324363040, 1324353893, 0), (2282590140, 261136237, 0), (2282590140, 2282590140, 0), (5893011786, 5893011788, 0), (5893011788, 5893011792, 0), (5893011792, 5893011797, 0), (5893011797, 5893011803, 0), (5893011803, 1308131732, 0)]
ERR Source 261134243 is not in G: Census Tract 2216 Census Tract 8391 -- No path found, (261134243, 740243448), [(28289318, 740243448, 0), (28290296, 11060811046, 0), (258957316, 258957340, 0), (258957340, 10923165760, 0), (619625983, 1536858520, 0), (1536858516, 258957316, 0), (1536858520, 1536858516, 0), (3682780135, 619625983, 0), (3682780135, 3682780135, 0), (10923165760, 28290296, 0), (11060811046, 28289318, 0)]
ERR: Census Tract 2216 Census Tract 9800 -- No solution found, Unable to retrieve attribute 'ObjVal'
ERR Source 261149854 is not in G: Census Tract 6501 Census Tract 6505 -- No path found, (261149854, 4363724216), [(261116399, 1102978862, 0), (261116443, 261163893, 0), (261116735, 261216642, 0), (261131893, 261166817, 0), (261134838, 261134839, 0), (261134838, 261134838, 1), (261134839, 261163892, 0), (261151737, 4363724216, 0), (261162513, 261216634, 0), (261163892, 261116443, 0), (261163893, 261163894, 0), (261163894, 261210608, 0), (261166817, 6991113807, 0), (261170055, 261184374, 0), (261174116, 4337842251, 0), (261179888, 261131893, 0), (261184374, 261116735, 0), (261185736, 4336128942, 0), (261192062, 261216645, 0), (261200129, 261216632, 0), (261204893, 710276542, 0), (261210608, 261204893, 0), (261213406, 261216641, 0), (261216631, 261200129, 0), (261216632, 261216633, 0), (261216633, 261162513, 0), (261216634, 261179888, 0), (261216641, 261170055, 0), (261216642, 261174116, 0), (261216645, 261216646, 0), (261216646, 261216648, 0), (261216648, 261216649, 0), (261216649, 261299643, 0), (261299643, 261116399, 0), (710276542, 261216631, 0), (1102978862, 261185736, 0), (1102978958, 261151737, 0), (4336128942, 1102978958, 0), (4337842251, 261192062, 0), (6991113807, 261213406, 0)]
ERR Source 261149854 is not in G: Census Tract 6501 Census Tract 8339 -- No path found, (261149854, 261181271), [(261113935, 261113937, 0), (261113937, 351098873, 0), (261113939, 261113940, 0), (261113940, 711368229, 0), (261116230, 261181270, 0), (261116231, 261116230, 0), (261129030, 261142335, 0), (261142335, 261142336, 0), (261142336, 261116231, 0), (261181270, 261181271, 0), (261189786, 351097836, 0), (261198127, 4168390775, 0), (261198128, 261198128, 0), (261198128, 261198127, 0), (261262325, 261189786, 0), (261333407, 261360896, 0), (261339052, 261262325, 0), (261360896, 261339052, 0), (351097836, 351097850, 0), (351097850, 4624134795, 0), (351098873, 261113939, 0), (711368229, 261129030, 0), (4168390775, 261333407, 0), (4624134795, 261113935, 0)]
ERR: Census Tract 4206 Census Tract 3802 -- No solution found, Unable to retrieve attribute 'ObjVal'
ERR Source 261124986 is not in G: Census Tract 101 Census Tract 2801 -- No path found, (261124986, 258020602), [(28358883, 28358888, 0), (28358888, 258020603, 0), (258020603, 258956212, 0), (258956212, 258020602, 0), (619625983, 1536858520, 0), (1536858520, 28358883, 0), (3682780135, 619625983, 0), (3682780135, 3682780135, 0)]
ERR Source 261124986 is not in G: Census Tract 101 Census Tract 301.03 -- No path found, (261124986, 261159001), [(102825447, 424329169, 0), (261198152, 261242504, 0), (261226267, 261226267, 0), (261226267, 261226270, 0), (261226270, 261198152, 0), (261242504, 261325492, 0), (261294461, 261325491, 0), (261325491, 7615335554, 0), (261325492, 261294461, 0), (261325501, 3242152385, 0), (286900268, 4069458195, 0), (339269514, 1257584223, 0), (424329169, 339269514, 0), (1257584223, 286900268, 0), (3242152385, 4336169726, 0), (4069458195, 261159001, 0), (4336169726, 102825447, 0), (6346119538, 261325501, 0), (7615335554, 6346119538, 0)]
ERR Source 261124986 is not in G: Census Tract 101 Census Tract 3201 -- No path found, (261124986, 623820257), [(258022758, 271188194, 0), (258022762, 271187550, 0), (271187550, 271187564, 0), (271187564, 740367296, 0), (271188194, 623820258, 0), (271188336, 10838732049, 0), (272350581, 7142848056, 0), (619011842, 272350581, 0), (623820258, 623820257, 0), (740367296, 2787312481, 0), (1107253707, 1107253707, 0), (1107253707, 1107253804, 0), (1107253804, 258022762, 0), (2392243937, 619011842, 0), (2787312481, 271188336, 0), (7142848056, 258022758, 0), (10838732049, 10838732050, 0), (10838732050, 2392243937, 0)]
ERR Source 261124986 is not in G: Census Tract 101 Census Tract 712 -- No path found, (261124986, 262369215), [(250756035, 262369215, 0), (261197248, 388773352, 0), (261221362, 250756035, 0), (314768213, 261197248, 0), (314768213, 314768213, 0), (388773352, 261221362, 0)]
ERR Source 261124986 is not in G: Census Tract 101 Census Tract 814.01 -- No path found, (261124986, 262184019), [(33718424, 258023343, 0), (258022762, 271187550, 0), (258023343, 258023461, 0), (258023461, 258965934, 0), (258934621, 258934623, 0), (258934623, 369890932, 0), (258965934, 262184057, 0), (262184057, 262184019, 0), (271187550, 1034227190, 0), (369890932, 33718424, 0), (619019057, 2779938540, 0), (619019058, 619019057, 0), (929489865, 258934621, 0), (1034227190, 619019058, 0), (1052707326, 929489865, 0), (1107253707, 1107253707, 0), (1107253707, 1107253804, 0), (1107253804, 258022762, 0), (1386043169, 1052707326, 0), (2779938540, 10950881700, 0), (10950881700, 1386043169, 0)]
ERR Source 261124986 is not in G: Census Tract 101 Census Tract 8307 -- No path found, (261124986, 257168646), [(26794614, 257168646, 0), (26794623, 257095285, 0), (257095285, 257167962, 0), (257108503, 260099994, 0), (257112419, 257112419, 0), (257112419, 257108503, 0), (257167962, 257375160, 0), (257169230, 10080927066, 0), (257375160, 257169230, 0), (260099994, 26794623, 0), (7324507927, 26794614, 0), (10080927065, 7324507927, 0), (10080927066, 10080927065, 0)]
ERR Source 261124986 is not in G: Census Tract 101 Census Tract 8308 -- No path found, (261124986, 264415063), [(26794558, 306045111, 0), (26794572, 257168668, 0), (256170553, 4147982414, 0), (257110951, 264414966, 0), (257168668, 257110951, 0), (261132263, 261156608, 0), (261156608, 307940832, 0), (264414966, 264415063, 0), (306045111, 1299650218, 0), (306045438, 306045623, 0), (306045440, 26794572, 0), (306045623, 306045440, 0), (306045652, 306045438, 0), (306045708, 306045652, 0), (306046491, 7614087408, 0), (306046502, 306046491, 0), (306046503, 4332503809, 0), (306047311, 4332494924, 0), (306047312, 306047313, 0), (306047313, 4332494927, 0), (307940832, 11337127508, 0), (307940846, 307940886, 0), (307940886, 307940891, 0), (307940891, 256170553, 0), (1299650218, 306045708, 0), (2397341526, 261132263, 0), (2397341531, 2397341526, 0), (2397341531, 2397341531, 0), (4147982414, 10844809889, 0), (4332494924, 306047312, 0), (4332494927, 306046503, 0), (4332503809, 306046502, 0), (7614087408, 26794558, 0), (10844809889, 306047311, 0), (11337127508, 307940846, 0)]
ERR Source 261124986 is not in G: Census Tract 101 Census Tract 8318 -- No path found, (261124986, 261288782), [(261118614, 261158111, 0), (261128028, 261128030, 0), (261128030, 261288782, 0), (261147297, 4180038773, 0), (261158109, 261147297, 0), (261158110, 261158109, 0), (261158111, 261158110, 0), (261314564, 261128028, 0), (305529056, 5311567445, 0), (305529087, 305529056, 0), (305529088, 305529087, 0), (1447056052, 1447056052, 0), (1447056052, 261118614, 0), (4180038773, 305529088, 0), (5311567445, 261314564, 0)]
ERR Source 261124986 is not in G: Census Tract 101 Census Tract 8381 -- No path found, (261124986, 261197750), [(256591099, 2051982639, 0), (293974158, 1937532132, 0), (708281420, 9251471276, 0), (736014657, 261197750, 0), (1308245851, 1308245884, 0), (1308245880, 1308245886, 0), (1308245882, 1324316159, 0), (1308245884, 1308245880, 0), (1308245886, 1308245882, 0), (1324316156, 1640004517, 0), (1324316159, 1324316156, 0), (1640004517, 256591099, 0), (1937532132, 708281420, 0), (2004538828, 1308245851, 0), (2051982639, 293974158, 0), (2203792340, 2004538828, 0), (2203792340, 2203792340, 0), (4336093358, 4403665398, 0), (4403665397, 736014657, 0), (4403665398, 4403665397, 0), (5892708079, 4336093358, 0), (9251471276, 5892708079, 0)]
ERR Source 261124986 is not in G: Census Tract 101 Census Tract 8391 -- No path found, (261124986, 740243448), [(28289318, 740243448, 0), (28290296, 11060811046, 0), (258957316, 258957340, 0), (258957340, 10923165760, 0), (619625983, 1536858520, 0), (1536858516, 258957316, 0), (1536858520, 1536858516, 0), (3682780135, 619625983, 0), (3682780135, 3682780135, 0), (10923165760, 28290296, 0), (11060811046, 28289318, 0)]
ERR Source 258288004 is not in G: Census Tract 3206 Census Tract 3405 -- No path found, (258288004, 261160572), [(261160571, 261160572, 0), (1693264436, 1699189485, 0), (1699189479, 1894138925, 0), (1699189485, 1699189479, 0), (1699189487, 1693264436, 0), (1699189726, 1699189487, 0), (1699189726, 1699189726, 0), (1894138925, 261160571, 0)]
ERR Source 258288004 is not in G: Census Tract 3206 Census Tract 711 -- No path found, (258288004, 370097483), [(250755910, 370097351, 0), (250756035, 262369215, 0), (261197248, 388773352, 0), (261221362, 250756035, 0), (262369215, 262369322, 0), (262369322, 250755910, 0), (314768213, 261197248, 0), (314768213, 314768213, 0), (370097351, 370097483, 0), (388773352, 261221362, 0)]
ERR Source 258288004 is not in G: Census Tract 3206 Census Tract 814.01 -- No path found, (258288004, 262184019), [(33718424, 258023343, 0), (258022762, 271187550, 0), (258023343, 258023461, 0), (258023461, 258965934, 0), (258934621, 258934623, 0), (258934623, 369890932, 0), (258965934, 262184057, 0), (262184057, 262184019, 0), (271187550, 1034227190, 0), (369890932, 33718424, 0), (619019057, 2779938540, 0), (619019058, 619019057, 0), (929489865, 258934621, 0), (1034227190, 619019058, 0), (1052707326, 929489865, 0), (1107253707, 1107253707, 0), (1107253707, 1107253804, 0), (1107253804, 258022762, 0), (1386043169, 1052707326, 0), (2779938540, 10950881700, 0), (10950881700, 1386043169, 0)]
ERR Source 258288004 is not in G: Census Tract 3206 Census Tract 8378 -- No path found, (258288004, 261135318), [(261115577, 261220993, 0), (261132070, 261132071, 0), (261132071, 261132072, 0), (261132072, 261209680, 0), (261132180, 261220989, 0), (261143249, 261220999, 0), (261146445, 261198985, 0), (261154461, 261282575, 0), (261170712, 261135318, 0), (261194757, 261154461, 0), (261198985, 261115577, 0), (261209679, 261194757, 0), (261209680, 261209679, 0), (261210821, 261220996, 0), (261220989, 261170712, 0), (261220992, 261132180, 0), (261220993, 261220992, 0), (261220996, 261146445, 0), (261220998, 261210821, 0), (261220999, 261220998, 0), (261282575, 261143249, 0), (2190712584, 2190712584, 0), (2190712584, 261132070, 0)]
ERR Source 258288004 is not in G: Census Tract 3206 Census Tract 8381 -- No path found, (258288004, 261197750), [(256591099, 2051982639, 0), (293974158, 1937532132, 0), (708281420, 9251471276, 0), (736014657, 261197750, 0), (1308245851, 1308245884, 0), (1308245880, 1308245886, 0), (1308245882, 1324316159, 0), (1308245884, 1308245880, 0), (1308245886, 1308245882, 0), (1324316156, 1640004517, 0), (1324316159, 1324316156, 0), (1640004517, 256591099, 0), (1937532132, 708281420, 0), (2004538828, 1308245851, 0), (2051982639, 293974158, 0), (2203792340, 2004538828, 0), (2203792340, 2203792340, 0), (4336093358, 4403665398, 0), (4403665397, 736014657, 0), (4403665398, 4403665397, 0), (5892708079, 4336093358, 0), (9251471276, 5892708079, 0)]
ERR Source 258288004 is not in G: Census Tract 3206 Census Tract 8391 -- No path found, (258288004, 740243448), [(28289318, 740243448, 0), (28290296, 11060811046, 0), (258957316, 258957340, 0), (258957340, 10923165760, 0), (619625983, 1536858520, 0), (1536858516, 258957316, 0), (1536858520, 1536858516, 0), (3682780135, 619625983, 0), (3682780135, 3682780135, 0), (10923165760, 28290296, 0), (11060811046, 28289318, 0)]
ERR Source 258288004 is not in G: Census Tract 3206 Census Tract 8422 -- No path found, (258288004, 2401648276), [(35313351, 102708202, 0), (102680962, 262368937, 0), (102680963, 4255745555, 0), (102680965, 264429937, 0), (102691173, 35313351, 0), (102708202, 265642209, 0), (250755794, 264429518, 0), (261147577, 261147578, 0), (261147578, 250755794, 0), (261229891, 261147577, 0), (261230957, 2401648276, 0), (261260014, 261230957, 0), (262368739, 264431935, 0), (262368937, 102691173, 0), (264429518, 2291929261, 0), (264429937, 264430217, 0), (264430062, 102680963, 0), (264430217, 264430062, 0), (264430961, 102680962, 0), (264431126, 264430961, 0), (264431935, 261260014, 0), (265642209, 265642220, 0), (265642220, 262368739, 0), (1477432263, 1477432263, 1), (1477432263, 261229891, 0), (2291929261, 102680965, 0), (4255745555, 264431126, 0)]
ERR Source 258288004 is not in G: Census Tract 3206 Census Tract 9801 -- No path found, (258288004, 365195019), [(26220970, 2565555090, 0), (261151759, 261160802, 0), (261160789, 1402601169, 0), (261160791, 1402601166, 0), (261160793, 540555871, 0), (261160795, 261160796, 0), (261160796, 261160797, 0), (261160797, 261160798, 0), (261160798, 261160799, 0), (261160799, 261160800, 0), (261160800, 261160801, 0), (261160801, 261151759, 0), (261160802, 418448311, 0), (261174141, 261174142, 0), (261174142, 261174143, 0), (261174143, 261174144, 0), (261174144, 261174145, 0), (261174145, 1402601172, 0), (365187370, 2996970962, 0), (365187394, 365187370, 0), (418448311, 365187394, 0), (540555871, 261160795, 0), (1402601166, 261160793, 0), (1402601169, 261160791, 0), (1402601172, 261160789, 0), (2565555090, 6886391061, 0), (2996970962, 26220970, 0), (6886391061, 365195019, 0), (9322428735, 9322428735, 1), (9322428735, 261174141, 0)]
ERR: Census Tract 3405 Census Tract 9800 -- No solution found, Unable to retrieve attribute 'ObjVal'
ERR Source 261205209 is not in G: Census Tract 3504 Census Tract 6809 -- No path found, (261205209, 261195722), [(261155526, 261195722, 0), (261184485, 261184655, 0), (261184653, 261195721, 0), (261184655, 261184653, 0), (261195721, 261155526, 0), (261200148, 767577450, 0), (349877745, 6044528744, 0), (350970664, 350978134, 0), (350973254, 350970664, 0), (350978134, 350986408, 0), (350986408, 350987065, 0), (350987065, 9321026109, 0), (350999654, 350999882, 0), (350999882, 351003663, 0), (351003663, 10155432723, 0), (539183209, 261200148, 0), (767577450, 9265293031, 0), (1894144797, 1894144797, 1), (1894144797, 1894144806, 0), (1894144806, 539183209, 0), (6044528744, 9600678723, 0), (9265293031, 349877745, 0), (9321026109, 350999654, 0), (9600678723, 350973254, 0), (10155432668, 261184485, 0), (10155432723, 10155432668, 0)]
ERR Source 261205209 is not in G: Census Tract 3504 Census Tract 814.02 -- No path found, (261205209, 736932687), [(258022887, 271278847, 0), (271197330, 3856852862, 0), (271278847, 736932687, 0), (271278860, 258022887, 0), (619030961, 271278860, 0), (739118569, 739118573, 0), (739118573, 619030961, 0), (739118898, 739118569, 0), (740365189, 740365200, 0), (740365200, 740365208, 0), (740365207, 740365216, 0), (740365208, 740365209, 0), (740365209, 740365210, 0), (740365210, 740365207, 0), (740365216, 10947960098, 0), (1107253707, 1107253707, 0), (1107253707, 1107253804, 0), (1107253804, 1648106860, 0), (1648106860, 271197330, 0), (3856852862, 10947960312, 0), (10947960009, 739118898, 0), (10947960098, 10947960009, 0), (10947960312, 10947960317, 0), (10947960317, 740365189, 0)]
ERR Source 261205209 is not in G: Census Tract 3504 Census Tract 8391 -- No path found, (261205209, 740243448), [(28289318, 740243448, 0), (28290296, 11060811046, 0), (258957316, 258957340, 0), (258957340, 10923165760, 0), (619625983, 1536858520, 0), (1536858516, 258957316, 0), (1536858520, 1536858516, 0), (3682780135, 619625983, 0), (3682780135, 3682780135, 0), (10923165760, 28290296, 0), (11060811046, 28289318, 0)]
ERR Source 261205209 is not in G: Census Tract 3504 Census Tract 8392 -- No path found, (261205209, 1475214573), [(259749080, 11332784556, 0), (259749190, 259749080, 0), (259749192, 259749190, 0), (1699189487, 259749192, 0), (1699189726, 1699189487, 0), (1699189726, 1699189726, 0), (5823494461, 1475214573, 0), (11332784556, 5823494461, 0)]
ERR Source 261230091 is not in G: Census Tract 4302 Census Tract 4303 -- No path found, (261230091, 261230087), [(261110028, 261160220, 0), (261110030, 261110028, 0), (261113909, 414194551, 0), (261115698, 6683169202, 0), (261132622, 261148736, 0), (261135617, 261273608, 0), (261135618, 261135617, 0), (261136120, 261132622, 0), (261148736, 261158680, 0), (261153746, 375654782, 0), (261154827, 261213247, 0), (261158680, 261154827, 0), (261159279, 1820662189, 0), (261160218, 261230087, 0), (261160220, 261160218, 0), (261188483, 1820662196, 0), (261198127, 4168390775, 0), (261198128, 261198128, 0), (261198128, 261198127, 0), (261213247, 261262892, 0), (261224541, 261113909, 0), (261245003, 6683169205, 0), (261262892, 261283813, 0), (261273600, 261224541, 0), (261273608, 261273600, 0), (261278227, 261159279, 0), (261283813, 261283823, 0), (261283823, 261310397, 0), (261310397, 261135618, 0), (261310400, 261136120, 0), (261339596, 261278227, 0), (266485371, 4332898177, 0), (266485372, 266485371, 0), (266485556, 367789435, 0), (367789435, 261153746, 0), (375650309, 375655256, 0), (375650614, 261110030, 0), (375654782, 375655083, 0), (375655083, 375650309, 0), (375655256, 375650614, 0), (414194551, 10837818820, 0), (1820662189, 3755910864, 0), (1820662196, 266485556, 0), (3755910864, 261188483, 0), (4168390775, 261115698, 0), (4332898166, 266485372, 0), (4332898177, 261339596, 0), (6683169202, 261245003, 0), (6683169205, 261310400, 0), (10837818814, 4332898166, 0), (10837818820, 10837818814, 0)]
ERR Source 261230091 is not in G: Census Tract 4302 Census Tract 4503 -- No path found, (261230091, 261283799), [(261132626, 261148739, 0), (261136123, 261132626, 0), (261148739, 261158684, 0), (261154833, 261292142, 0), (261158684, 351096751, 0), (261164642, 261335263, 0), (261198127, 4168390775, 0), (261198128, 261198128, 0), (261198128, 261198127, 0), (261213252, 261262863, 0), (261245009, 261164642, 0), (261262863, 261283799, 0), (261292142, 261213252, 0), (261333407, 261360896, 0), (261335263, 261136123, 0), (261360896, 261245009, 0), (351096722, 711332567, 0), (351096751, 351096722, 0), (711332567, 9260393536, 0), (4168390775, 261333407, 0), (9260393536, 261154833, 0)]
ERR Source 261230091 is not in G: Census Tract 4302 Census Tract 8391 -- No path found, (261230091, 740243448), [(28289318, 740243448, 0), (28290296, 11060811046, 0), (258957316, 258957340, 0), (258957340, 10923165760, 0), (619625983, 1536858520, 0), (1536858516, 258957316, 0), (1536858520, 1536858516, 0), (3682780135, 619625983, 0), (3682780135, 3682780135, 0), (10923165760, 28290296, 0), (11060811046, 28289318, 0)]
ERR Source 261142087 is not in G: Census Tract 6608 Census Tract 6609 -- No path found, (261142087, 261098992), [(261098995, 261098992, 0), (261134838, 261134839, 0), (261134838, 261134838, 1), (261134839, 261163892, 0), (261142091, 261259846, 0), (261162571, 261271679, 0), (261163892, 261185774, 0), (261164007, 261179903, 0), (261179903, 261098995, 0), (261185774, 261336061, 0), (261200105, 261295828, 0), (261201117, 261325901, 0), (261204929, 261319922, 0), (261210529, 261204929, 0), (261222166, 261201117, 0), (261259846, 261164007, 0), (261271679, 261325897, 0), (261287897, 261200105, 0), (261295828, 261222166, 0), (261319922, 261287897, 0), (261325897, 261142091, 0), (261325899, 261162571, 0), (261325901, 261325899, 0), (261325909, 7625126089, 0), (261329627, 261325909, 0), (261336061, 261342008, 0), (261342008, 261329627, 0), (7625126089, 261210529, 0)]
ERR Source 261142087 is not in G: Census Tract 6608 Census Tract 6704 -- No path found, (261142087, 261228633), [(261122116, 261320183, 0), (261134838, 261134839, 0), (261134838, 261134838, 1), (261134839, 261163892, 0), (261149802, 261188054, 0), (261150050, 261258405, 0), (261155570, 261184672, 0), (261163892, 261185774, 0), (261174099, 261305488, 0), (261184672, 261256455, 0), (261185774, 261336061, 0), (261188054, 261226565, 0), (261222839, 261342006, 0), (261226565, 261312367, 0), (261233448, 261122116, 0), (261256455, 261149802, 0), (261258405, 261337041, 0), (261266542, 261228633, 0), (261266544, 261266542, 0), (261305488, 261233448, 0), (261312367, 261266544, 0), (261320183, 261150050, 0), (261325909, 261222839, 0), (261329627, 261325909, 0), (261336061, 261342008, 0), (261337041, 261155570, 0), (261342006, 261174099, 0), (261342008, 261329627, 0)]
ERR Source 261142087 is not in G: Census Tract 6608 Census Tract 6706 -- No path found, (261142087, 261149800), [(261122116, 261320183, 0), (261134838, 261134839, 0), (261134838, 261134838, 1), (261134839, 261163892, 0), (261149801, 261149800, 0), (261149802, 261149801, 0), (261150050, 261258405, 0), (261155570, 261184672, 0), (261163892, 261185774, 0), (261174099, 261305488, 0), (261184672, 261256455, 0), (261185774, 261336061, 0), (261222839, 261342006, 0), (261233448, 261122116, 0), (261256455, 261149802, 0), (261258405, 261337041, 0), (261305488, 261233448, 0), (261320183, 261150050, 0), (261325909, 261222839, 0), (261329627, 261325909, 0), (261336061, 261342008, 0), (261337041, 261155570, 0), (261342006, 261174099, 0), (261342008, 261329627, 0)]
ERR Source 261142087 is not in G: Census Tract 6608 Census Tract 6713 -- No path found, (261142087, 261228640), [(261122116, 261320183, 0), (261134838, 261134839, 0), (261134838, 261134838, 1), (261134839, 261163892, 0), (261150050, 261258405, 0), (261163892, 261185774, 0), (261174099, 261305488, 0), (261185774, 261336061, 0), (261222839, 261342006, 0), (261233448, 261122116, 0), (261258403, 261228640, 0), (261258405, 261258403, 0), (261305488, 261233448, 0), (261320183, 261150050, 0), (261325909, 261222839, 0), (261329627, 261325909, 0), (261336061, 261342008, 0), (261342006, 261174099, 0), (261342008, 261329627, 0)]
ERR Source 261142087 is not in G: Census Tract 6608 Census Tract 6809 -- No path found, (261142087, 261195722), [(261155526, 261195722, 0), (261184485, 261184655, 0), (261184653, 261195721, 0), (261184655, 261184653, 0), (261195721, 261155526, 0), (261200148, 767577450, 0), (349877745, 6044528744, 0), (350970664, 350978134, 0), (350973254, 350970664, 0), (350978134, 350986408, 0), (350986408, 350987065, 0), (350987065, 9321026109, 0), (350999654, 350999882, 0), (350999882, 351003663, 0), (351003663, 10155432723, 0), (539183209, 261200148, 0), (767577450, 9265293031, 0), (1894144797, 1894144797, 0), (1894144797, 1894144806, 0), (1894144806, 539183209, 0), (6044528744, 9600678723, 0), (9265293031, 349877745, 0), (9321026109, 350999654, 0), (9600678723, 350973254, 0), (10155432668, 261184485, 0), (10155432723, 10155432668, 0)]
ERR Source 261142087 is not in G: Census Tract 6608 Census Tract 702 -- No path found, (261142087, 261141229), [(26817975, 261141227, 0), (250756035, 261141224, 0), (261141224, 261141225, 0), (261141225, 26817975, 0), (261141227, 261141228, 0), (261141228, 261141229, 0), (261197248, 388773352, 0), (261221362, 250756035, 0), (314768213, 261197248, 0), (314768213, 314768213, 0), (388773352, 261221362, 0)]
ERR Source 261142087 is not in G: Census Tract 6608 Census Tract 815 -- No path found, (261142087, 258023463), [(29411956, 258024206, 0), (29412106, 29411956, 0), (258023316, 258023392, 0), (258023392, 258023464, 0), (258023464, 258023463, 0), (258024205, 619626858, 0), (258024206, 258023316, 0), (310697817, 619626336, 0), (310697880, 310697907, 0), (310697907, 258024205, 0), (619626336, 310697880, 0), (619626858, 29412106, 0), (3682780135, 310697817, 0), (3682780135, 3682780135, 0)]
ERR Source 261142087 is not in G: Census Tract 6608 Census Tract 8329 -- No path found, (261142087, 1309327401), [(261126696, 1309327401, 0), (261126706, 261126707, 0), (261126707, 261126708, 0), (261126708, 261126696, 0), (1308245851, 1308245884, 0), (1308245880, 1308245886, 0), (1308245884, 1308245880, 0), (1308245886, 261126706, 0), (2004538828, 1308245851, 0), (2203792340, 2004538828, 0), (2203792340, 2203792340, 0)]
ERR Source 261142087 is not in G: Census Tract 6608 Census Tract 8359 -- No path found, (261142087, 497398788), [(254241334, 468419469, 0), (261163520, 468419937, 0), (468419457, 261163520, 0), (468419462, 468419457, 0), (468419465, 468419462, 0), (468419469, 468419465, 0), (468419816, 497398788, 0), (468419937, 468420076, 0), (468420076, 468419816, 0), (1894144797, 1894144797, 0), (1894144797, 1894144806, 0), (1894144806, 254241334, 0)]
ERR Source 261142087 is not in G: Census Tract 6608 Census Tract 8382 -- No path found, (261142087, 1324353893), [(261136237, 5893011786, 0), (261181936, 538647038, 0), (538647020, 261181936, 0), (538647038, 1308208364, 0), (1308131704, 1308131758, 0), (1308131714, 1308131704, 0), (1308131732, 1308131714, 0), (1308131758, 1318401260, 0), (1308208364, 1324363040, 0), (1318401260, 538647020, 0), (1324363040, 1324353893, 0), (2282590140, 261136237, 0), (2282590140, 2282590140, 0), (5893011786, 5893011788, 0), (5893011788, 5893011792, 0), (5893011792, 5893011797, 0), (5893011797, 5893011803, 0), (5893011803, 1308131732, 0)]
ERR Source 261142087 is not in G: Census Tract 6608 Census Tract 8391 -- No path found, (261142087, 740243448), [(28289318, 740243448, 0), (28290296, 11060811046, 0), (258957316, 258957340, 0), (258957340, 10923165760, 0), (619625983, 1536858520, 0), (1536858516, 258957316, 0), (1536858520, 1536858516, 0), (3682780135, 619625983, 0), (3682780135, 3682780135, 0), (10923165760, 28290296, 0), (11060811046, 28289318, 0)]
ERR: Census Tract 6608 Census Tract 9800 -- No solution found, Unable to retrieve attribute 'ObjVal'
