ERR 2: Census Tract 3907 Census Tract 3907 -- No path found, (1615298741, 1615298741), [(27729740, 27729749, 0), (27729749, 261101042, 0), (261089544, 27729740, 0), (261101042, 1615298741, 0), (261113223, 2149670613, 0), (261160185, 5710403566, 0), (261171708, 261089544, 0), (261175597, 261113223, 0), (538166278, 538166278, 0), (538166278, 261160185, 0), (712771323, 261171708, 0), (2149670613, 712771323, 0), (5710403566, 261175597, 0)]
ERR 2: Census Tract 3907 Census Tract 4203 -- No path found, (1615298741, 261192486), [(261137190, 261207772, 0), (261139504, 261286254, 0), (261140664, 261140671, 0), (261140671, 261137190, 0), (261145920, 261286244, 0), (261160185, 261140664, 0), (261167224, 261286249, 0), (261181131, 261227633, 0), (261192485, 261217408, 0), (261202782, 261139504, 0), (261207129, 261207135, 0), (261207135, 261266042, 0), (261207772, 261145920, 0), (261217408, 261343017, 0), (261217409, 261192485, 0), (261227633, 261277228, 0), (261266042, 261217409, 0), (261277228, 261202782, 0), (261286244, 261286247, 0), (261286247, 261167224, 0), (261286249, 261286251, 0), (261286251, 261181131, 0), (261286254, 261207129, 0), (261343017, 261192486, 0), (538166278, 538166278, 0), (538166278, 261160185, 0)]
ERR 2: Census Tract 3907 Census Tract 7505 -- No path found, (1615298741, 261329458), [(261124794, 261300497, 0), (261130577, 261243171, 0), (261147937, 261269506, 0), (261166207, 261286438, 0), (261167789, 261191892, 0), (261173911, 261298069, 0), (261174669, 261300496, 0), (261174689, 2876584099, 0), (261181773, 261173911, 0), (261186290, 261166207, 0), (261191892, 261147937, 0), (261204728, 710418997, 0), (261211853, 9239285765, 0), (261218268, 261329458, 0), (261218273, 261218268, 0), (261223450, 261186290, 0), (261240810, 717472624, 0), (261243171, 261174669, 0), (261255488, 261167789, 0), (261268290, 261300494, 0), (261269506, 261124794, 0), (261277463, 4440120838, 0), (261286438, 261268290, 0), (261298069, 261303282, 0), (261300494, 261130577, 0), (261300496, 261255488, 0), (261300497, 261300498, 0), (261300498, 261240810, 0), (261303270, 261277463, 0), (261303282, 261211853, 0), (377600789, 261223450, 0), (710418997, 261181773, 0), (717472624, 261218273, 0), (2876584099, 5893657324, 0), (4440120838, 377600789, 0), (5893613653, 261174689, 0), (5893657324, 261303270, 0), (8072910544, 8072910544, 0), (8072910544, 261204728, 0), (9239285746, 5893613653, 0), (9239285765, 9239285746, 0)]
ERR 2: Census Tract 3907 Census Tract 817 -- No path found, (1615298741, 2291929239), [(258023318, 2291929237, 0), (258024205, 619626858, 0), (310697817, 619626336, 0), (310697880, 310697907, 0), (310697907, 258024205, 0), (619626336, 310697880, 0), (619626858, 258023318, 0), (2291929237, 2291929239, 0), (3682780135, 310697817, 0), (3682780135, 3682780135, 0)]
ERR 2: Census Tract 3907 Census Tract 8330 -- No path found, (1615298741, 258956097), [(256591099, 1676390756, 0), (256613293, 261239964, 0), (261143286, 410791905, 0), (261209662, 261143286, 0), (261239963, 5970344154, 0), (261239964, 261239963, 0), (410791905, 418155586, 0), (410791918, 258956097, 0), (418155586, 410791918, 0), (1308245851, 1308245884, 0), (1308245880, 1308245886, 0), (1308245882, 1324316159, 0), (1308245884, 1308245880, 0), (1308245886, 1308245882, 0), (1324316156, 1640004517, 0), (1324316159, 1324316156, 0), (1640004517, 256591099, 0), (1676390756, 256613293, 0), (2004538828, 1308245851, 0), (2203792340, 2004538828, 0), (2203792340, 2203792340, 0), (5970344154, 261209662, 0)]
ERR 2: Census Tract 3907 Census Tract 8331 -- No path found, (1615298741, 261239964), [(256591099, 1676390756, 0), (256613293, 261239964, 0), (1308245851, 1308245884, 0), (1308245880, 1308245886, 0), (1308245882, 1324316159, 0), (1308245884, 1308245880, 0), (1308245886, 1308245882, 0), (1324316156, 1640004517, 0), (1324316159, 1324316156, 0), (1640004517, 256591099, 0), (1676390756, 256613293, 0), (2004538828, 1308245851, 0), (2203792340, 2004538828, 0), (2203792340, 2203792340, 0)]
ERR 2: Census Tract 3907 Census Tract 8362 -- No path found, (1615298741, 261176761), [(261137190, 261207772, 0), (261140664, 261140671, 0), (261140671, 261137190, 0), (261145920, 261286244, 0), (261160185, 261140664, 0), (261167224, 261286249, 0), (261181131, 261227633, 0), (261192511, 261176761, 0), (261202782, 261192511, 0), (261207772, 261145920, 0), (261227633, 261277228, 0), (261277228, 261202782, 0), (261286244, 261286247, 0), (261286247, 261167224, 0), (261286249, 261286251, 0), (261286251, 261181131, 0), (538166278, 538166278, 0), (538166278, 261160185, 0)]
ERR 2: Census Tract 3907 Census Tract 8383 -- No path found, (1615298741, 4499068774), [(102723064, 261190186, 0), (257957639, 257957640, 0), (257957640, 257957641, 0), (257957641, 709413333, 0), (257957643, 262803236, 0), (257957644, 102723064, 0), (258023911, 257957643, 0), (261149964, 4499068774, 0), (261163426, 261252718, 0), (261190186, 261211537, 0), (261211537, 261163426, 0), (261252718, 261252720, 0), (261252720, 261149964, 0), (262803236, 257957644, 0), (310697817, 257957639, 0), (709413333, 258023911, 0), (3682780135, 310697817, 0), (3682780135, 3682780135, 0)]
ERR 2: Census Tract 3907 Census Tract 8391 -- No path found, (1615298741, 740243448), [(28289318, 740243448, 0), (28290296, 11060811046, 0), (258957316, 258957340, 0), (258957340, 10923165760, 0), (619625983, 1536858520, 0), (1536858516, 258957316, 0), (1536858520, 1536858516, 0), (3682780135, 619625983, 0), (3682780135, 3682780135, 0), (10923165760, 28290296, 0), (11060811046, 28289318, 0)]
ERR 2: Census Tract 3907 Census Tract 8419 -- No path found, (1615298741, 256612742), [(1655435350, 256612742, 0), (1655457006, 1655457007, 0), (1655457007, 1655435350, 0), (1923791237, 2203813886, 0), (1923791237, 1923791237, 0), (2203813886, 1655457006, 0)]
ERR 2: Census Tract 3907 Census Tract 8433 -- No path found, (1615298741, 261162522), [(261132837, 11218784841, 0), (261132855, 1446638271, 0), (261136237, 5893011786, 0), (261162523, 261162522, 0), (261181936, 538647038, 0), (261181948, 6052713414, 0), (538647002, 261181948, 0), (538647004, 538647002, 0), (538647020, 261181936, 0), (538647038, 1308208364, 0), (1308131704, 1308131758, 0), (1308131714, 1308131704, 0), (1308131732, 1308131714, 0), (1308131758, 1318401260, 0), (1308208364, 1308208368, 0), (1308208368, 538647004, 0), (1308231968, 1308232012, 0), (1308232012, 1446638284, 0), (1318401260, 538647020, 0), (1446638271, 1446638282, 0), (1446638281, 261132855, 0), (1446638282, 261132837, 0), (1446638284, 1446638281, 0), (1446638301, 1308231968, 0), (2282590140, 261136237, 0), (2282590140, 2282590140, 0), (5893011786, 5893011788, 0), (5893011788, 5893011792, 0), (5893011792, 5893011797, 0), (5893011797, 5893011803, 0), (5893011803, 1308131732, 0), (6052713414, 1446638301, 0), (11218784841, 261162523, 0)]
ERR 2: Census Tract 4003 Census Tract 4003 -- No path found, (261185248, 261185248), [(254241334, 261276410, 0), (261118290, 261118310, 0), (261118310, 261118311, 0), (261118311, 261118313, 0), (261118313, 261118314, 0), (261118314, 5834767137, 0), (261127051, 261118290, 0), (261139611, 7124465688, 0), (261276410, 9969269145, 0), (261284152, 261127051, 0), (468419600, 468419606, 0), (468419606, 261284152, 0), (1894144797, 1894144797, 0), (1894144797, 1894144806, 0), (1894144806, 254241334, 0), (2211354027, 4332972938, 0), (4332972938, 261185248, 0), (5834767137, 5834841225, 0), (5834841225, 261139611, 0), (7124465688, 2211354027, 0), (9969269145, 468419600, 0)]
ERR 2: Census Tract 4003 Census Tract 818 -- No path found, (261185248, 709413342), [(257957639, 257957640, 0), (257957640, 257957641, 0), (257957641, 709413333, 0), (310697817, 257957639, 0), (709413333, 709413342, 0), (3682780135, 310697817, 0), (3682780135, 3682780135, 0)]
ERR: Census Tract 2001 Census Tract 9800 -- No solution found, Unable to retrieve attribute 'X'
ERR 2: Census Tract 2101 Census Tract 2101 -- No path found, (261185512, 261185512), [(261102595, 261227612, 0), (261145285, 261344710, 0), (261146415, 261191260, 0), (261185505, 289550435, 0), (261185508, 261185509, 0), (261185509, 261185510, 0), (261185510, 261185512, 0), (261191259, 261146415, 0), (261191260, 261223351, 0), (261223351, 261102595, 0), (261227612, 261145285, 0), (261233619, 261313408, 0), (261313408, 261185505, 0), (261344710, 261233619, 0), (289550435, 261185508, 0), (2196827063, 261191259, 0), (2196827063, 2196827063, 0)]
ERR 2: Census Tract 2101 Census Tract 2205 -- No path found, (261185512, 369649678), [(261191259, 261198947, 0), (261198947, 369649710, 0), (369649681, 369649684, 0), (369649684, 369649687, 0), (369649687, 369649678, 0), (369649696, 369649681, 0), (369649709, 369649711, 0), (369649710, 369649709, 0), (369649711, 369649712, 0), (369649712, 369649696, 0), (2196827063, 261191259, 0), (2196827063, 2196827063, 0)]
ERR 2: Census Tract 2101 Census Tract 8382 -- No path found, (261185512, 1324353893), [(261136237, 5893011786, 0), (261181936, 538647038, 0), (538647020, 261181936, 0), (538647038, 1308208364, 0), (1308131704, 1308131758, 0), (1308131714, 1308131704, 0), (1308131732, 1308131714, 0), (1308131758, 1318401260, 0), (1308208364, 1324363040, 0), (1318401260, 538647020, 0), (1324363040, 1324353893, 0), (2282590140, 261136237, 0), (2282590140, 2282590140, 0), (5893011786, 5893011788, 0), (5893011788, 5893011792, 0), (5893011792, 5893011797, 0), (5893011797, 5893011803, 0), (5893011803, 1308131732, 0)]
ERR 2: Census Tract 2101 Census Tract 8391 -- No path found, (261185512, 740243448), [(28289318, 740243448, 0), (28290296, 11060811046, 0), (258957316, 258957340, 0), (258957340, 10923165760, 0), (619625983, 1536858520, 0), (1536858516, 258957316, 0), (1536858520, 1536858516, 0), (3682780135, 619625983, 0), (3682780135, 3682780135, 0), (10923165760, 28290296, 0), (11060811046, 28289318, 0)]
ERR 2: Census Tract 4408 Census Tract 4408 -- No path found, (261181284, 261181284), [(261096671, 261275568, 0), (261124964, 261245782, 0), (261137013, 1889135728, 0), (261137014, 261137013, 0), (261142350, 261276529, 0), (261153388, 261177743, 0), (261162983, 261153388, 0), (261174947, 261275566, 0), (261177743, 261124964, 0), (261181283, 261181284, 0), (261219389, 4334194361, 0), (261245782, 261257174, 0), (261251874, 5578498024, 0), (261257174, 261142350, 0), (261275566, 261251874, 0), (261275568, 261219389, 0), (261275570, 261162983, 0), (261276529, 261181283, 0), (366637953, 261137014, 0), (366637953, 366637953, 0), (1889135728, 6187316908, 0), (4334194361, 261275570, 0), (5578498024, 261096671, 0), (6187316908, 8891689965, 0), (8891689956, 8891689989, 0), (8891689960, 8891689967, 0), (8891689965, 8891689982, 0), (8891689967, 261174947, 0), (8891689980, 8891689960, 0), (8891689982, 8891689956, 0), (8891689989, 8891689980, 0)]
ERR 2: Census Tract 4408 Census Tract 4701 -- No path found, (261181284, 261192480), [(261119367, 261154846, 0), (261154846, 261213261, 0), (261154847, 261119367, 0), (261154848, 261154847, 0), (261158717, 261158717, 0), (261158717, 261154848, 0), (261177749, 261177750, 0), (261177750, 261226036, 0), (261213261, 261262879, 0), (261226023, 261275578, 0), (261226036, 261245791, 0), (261245791, 261192480, 0), (261254512, 261177749, 0), (261262879, 261275586, 0), (261275578, 261254512, 0), (261275586, 11699206918, 0), (4158887645, 261226023, 0), (11699206918, 11699206919, 0), (11699206919, 4158887645, 0)]
ERR 2: Census Tract 1703 Census Tract 1703 -- No path found, (261166480, 261166480), [(256170567, 4108993935, 0), (256170803, 261229803, 0), (261128262, 261179362, 0), (261179359, 261166480, 0), (261179360, 261179359, 0), (261179361, 261179360, 0), (261179362, 261179361, 0), (261229801, 256170567, 0), (261229803, 261229801, 0), (367776794, 256170803, 0), (367776794, 367776794, 0), (4108993935, 4108993936, 0), (4108993936, 4108993944, 0), (4108993944, 4108993955, 0), (4108993955, 261128262, 0)]
ERR 2: Census Tract 1703 Census Tract 8419 -- No path found, (261166480, 256612742), [(1655435350, 256612742, 0), (1655457006, 1655457007, 0), (1655457007, 1655435350, 0), (1923791237, 2203813886, 0), (1923791237, 1923791237, 0), (2203813886, 1655457006, 0)]
ERR 2: Census Tract 1703 Census Tract 8437 -- No path found, (261166480, 308435154), [(2397341526, 4387385642, 0), (2397341531, 2397341526, 0), (2397341531, 2397341531, 0), (4387385642, 4387385644, 0), (4387385644, 6969680327, 0), (6969680316, 308435154, 0), (6969680327, 6969680316, 0)]
ERR: Census Tract 3812 Census Tract 9800 -- No solution found, Unable to retrieve attribute 'X'
ERR: Census Tract 2307 Census Tract 9800 -- No solution found, Unable to retrieve attribute 'X'
ERR 2: Census Tract 2309 Census Tract 2309 -- No path found, (261255841, 261255841), [(261092571, 261222791, 0), (261119848, 261202194, 0), (261132070, 261132071, 0), (261132071, 261132072, 0), (261132072, 5140941323, 0), (261143251, 261230330, 0), (261146858, 261275870, 0), (261163657, 2470391253, 0), (261198380, 261252030, 0), (261202194, 261245294, 0), (261207092, 261146858, 0), (261221002, 261281946, 0), (261222791, 408447506, 0), (261230330, 2042815119, 0), (261245294, 261207092, 0), (261248405, 261252885, 0), (261252030, 261163657, 0), (261252885, 261092571, 0), (261255839, 261255841, 0), (261260035, 261255839, 0), (261275870, 261260035, 0), (261281946, 261248405, 0), (261336479, 261119848, 0), (408447506, 261198380, 0), (2042815119, 261221002, 0), (2190712584, 2190712584, 0), (2190712584, 261132070, 0), (2470391253, 261336479, 0), (5140941323, 261143251, 0)]
ERR 2: Census Tract 2309 Census Tract 2801 -- No path found, (261255841, 258020602), [(28358883, 28358888, 0), (28358888, 258020603, 0), (258020603, 258956212, 0), (258956212, 258020602, 0), (619625983, 1536858520, 0), (1536858520, 28358883, 0), (3682780135, 619625983, 0), (3682780135, 3682780135, 0)]
ERR 2: Census Tract 2309 Census Tract 3201 -- No path found, (261255841, 623820257), [(258022758, 271188194, 0), (258022762, 271187550, 0), (271187550, 271187564, 0), (271187564, 740367296, 0), (271188194, 623820258, 0), (271188336, 10838732049, 0), (272350581, 7142848056, 0), (619011842, 272350581, 0), (623820258, 623820257, 0), (740367296, 2787312481, 0), (1107253707, 1107253707, 0), (1107253707, 1107253804, 0), (1107253804, 258022762, 0), (2392243937, 619011842, 0), (2787312481, 271188336, 0), (7142848056, 258022758, 0), (10838732049, 10838732050, 0), (10838732050, 2392243937, 0)]
ERR 2: Census Tract 2309 Census Tract 3204 -- No path found, (261255841, 258024673), [(26098097, 705003083, 0), (258024674, 258024673, 0), (258288004, 258024674, 0), (258289673, 3810503851, 0), (270863238, 7770322435, 0), (270863238, 270863238, 0), (704695482, 258288004, 0), (705003083, 258289673, 0), (1062997771, 26098097, 0), (3810503851, 704695482, 0), (7770322435, 1062997771, 0)]
ERR 2: Census Tract 2309 Census Tract 403 -- No path found, (261255841, 261215916), [(261128135, 261196548, 0), (261140924, 261169159, 0), (261169159, 261202027, 0), (261170249, 261128135, 0), (261196548, 261355889, 0), (261202027, 261170249, 0), (261211814, 305519653, 0), (261238992, 261211814, 0), (261266737, 261140924, 0), (261344407, 261215916, 0), (261355889, 261344407, 0), (305519653, 261266737, 0), (2196305817, 2196305817, 0), (2196305817, 261238992, 0)]
ERR 2: Census Tract 2309 Census Tract 602 -- No path found, (261255841, 26794584), [(26794550, 26794625, 0), (26794583, 26794584, 0), (26794625, 26794583, 0), (256170553, 4147982414, 0), (261132263, 261156608, 0), (261156608, 307940832, 0), (306046491, 7614087408, 0), (306046502, 306046491, 0), (306046503, 4332503809, 0), (306047311, 4332494924, 0), (306047312, 306047313, 0), (306047313, 4332494927, 0), (307940832, 11337127508, 0), (307940846, 307940886, 0), (307940886, 307940891, 0), (307940891, 256170553, 0), (2397341526, 261132263, 0), (2397341531, 2397341526, 0), (2397341531, 2397341531, 0), (4147982414, 10844809889, 0), (4332494924, 306047312, 0), (4332494927, 306046503, 0), (4332503809, 306046502, 0), (7614087407, 7614087412, 0), (7614087408, 7614087407, 0), (7614087412, 7614087413, 0), (7614087413, 7614087417, 0), (7614087417, 7614087421, 0), (7614087418, 26794550, 0), (7614087421, 7614087418, 0), (10844809889, 306047311, 0), (11337127508, 307940846, 0)]
ERR 2: Census Tract 2309 Census Tract 631 -- No path found, (261255841, 259575869), [(26808056, 250278978, 0), (250278964, 308430830, 0), (250278978, 259575845, 0), (250278980, 262171396, 0), (250278983, 308430867, 0), (259575845, 259575868, 0), (259575868, 259575869, 0), (261145267, 308441076, 0), (262171396, 26808056, 0), (308430828, 250278980, 0), (308430829, 308430828, 0), (308430830, 308430829, 0), (308430867, 250278964, 0), (308430869, 250278983, 0), (308430872, 308430869, 0), (308441076, 2518161246, 0), (495674282, 261145267, 0), (495674285, 495674282, 0), (2518161246, 2518161247, 0), (2518161247, 2518161248, 0), (2518161248, 2662779629, 0), (2584233690, 495674285, 0), (2584233700, 2584233700, 0), (2584233700, 2584233690, 0), (2662779629, 308430872, 0)]
ERR: Census Tract 2309 Census Tract 7608.01 -- No solution found, Unable to retrieve attribute 'X'
ERR 2: Census Tract 2309 Census Tract 810 -- No path found, (261255841, 2291929252), [(102680965, 261179253, 0), (102713551, 263984854, 0), (250755794, 264429518, 0), (261147577, 261147578, 0), (261147578, 250755794, 0), (261179253, 262072286, 0), (261229891, 261147577, 0), (262072286, 262072379, 0), (262072379, 102713551, 0), (263984854, 263984855, 0), (263984855, 11115030535, 0), (264429518, 2291929261, 0), (1477432263, 1477432263, 0), (1477432263, 261229891, 0), (2291929261, 102680965, 0), (11115030535, 2291929252, 0)]
ERR 2: Census Tract 2309 Census Tract 8318 -- No path found, (261255841, 261288782), [(261118614, 261158111, 0), (261128028, 261128030, 0), (261128030, 261288782, 0), (261147297, 4180038773, 0), (261158109, 261147297, 0), (261158110, 261158109, 0), (261158111, 261158110, 0), (261314564, 261128028, 0), (305529056, 5311567445, 0), (305529087, 305529056, 0), (305529088, 305529087, 0), (1447056052, 1447056052, 0), (1447056052, 261118614, 0), (4180038773, 305529088, 0), (5311567445, 261314564, 0)]
ERR 2: Census Tract 2309 Census Tract 8331 -- No path found, (261255841, 261239964), [(256591099, 1676390756, 0), (256613293, 261239964, 0), (1308245851, 1308245884, 0), (1308245880, 1308245886, 0), (1308245882, 1324316159, 0), (1308245884, 1308245880, 0), (1308245886, 1308245882, 0), (1324316156, 1640004517, 0), (1324316159, 1324316156, 0), (1640004517, 256591099, 0), (1676390756, 256613293, 0), (2004538828, 1308245851, 0), (2203792340, 2004538828, 0), (2203792340, 2203792340, 0)]
ERR 2: Census Tract 317 Census Tract 317 -- No path found, (257168831, 257168831), [(257108489, 257109490, 0), (257108503, 257108489, 0), (257109490, 257112973, 0), (257110946, 257167960, 0), (257110947, 257148596, 0), (257110948, 257168323, 0), (257112419, 257112419, 0), (257112419, 257108503, 0), (257112973, 257110946, 0), (257148596, 257110948, 0), (257167960, 257169224, 0), (257168173, 257168816, 0), (257168210, 257168173, 0), (257168323, 257168210, 0), (257168816, 257168831, 0), (257169224, 257110947, 0)]
ERR 2: Census Tract 317 Census Tract 3201 -- No path found, (257168831, 623820257), [(258022758, 271188194, 0), (258022762, 271187550, 0), (271187550, 271187564, 0), (271187564, 740367296, 0), (271188194, 623820258, 0), (271188336, 10838732049, 0), (272350581, 7142848056, 0), (619011842, 272350581, 0), (623820258, 623820257, 0), (740367296, 2787312481, 0), (1107253707, 1107253707, 0), (1107253707, 1107253804, 0), (1107253804, 258022762, 0), (2392243937, 619011842, 0), (2787312481, 271188336, 0), (7142848056, 258022758, 0), (10838732049, 10838732050, 0), (10838732050, 2392243937, 0)]
ERR 2: Census Tract 317 Census Tract 3204 -- No path found, (257168831, 258024673), [(26098097, 705003083, 0), (258024674, 258024673, 0), (258288004, 258024674, 0), (258289673, 3810503851, 0), (270863238, 7770322435, 0), (270863238, 270863238, 0), (704695482, 258288004, 0), (705003083, 258289673, 0), (1062997771, 26098097, 0), (3810503851, 704695482, 0), (7770322435, 1062997771, 0)]
ERR 2: Census Tract 317 Census Tract 501 -- No path found, (257168831, 261115181), [(26794558, 306045111, 0), (256170553, 4147982414, 0), (261132263, 261156608, 0), (261156608, 307940832, 0), (261268613, 261115181, 0), (306045111, 1299650218, 0), (306045652, 261268613, 0), (306045708, 306045652, 0), (306046491, 7614087408, 0), (306046502, 306046491, 0), (306046503, 4332503809, 0), (306047311, 4332494924, 0), (306047312, 306047313, 0), (306047313, 4332494927, 0), (307940832, 11337127508, 0), (307940846, 307940886, 0), (307940886, 307940891, 0), (307940891, 256170553, 0), (1299650218, 306045708, 0), (2397341526, 261132263, 0), (2397341531, 2397341526, 0), (2397341531, 2397341531, 0), (4147982414, 10844809889, 0), (4332494924, 306047312, 0), (4332494927, 306046503, 0), (4332503809, 306046502, 0), (7614087408, 26794558, 0), (10844809889, 306047311, 0), (11337127508, 307940846, 0)]
ERR 2: Census Tract 317 Census Tract 6112 -- No path found, (257168831, 261136271), [(256181107, 386376138, 0), (261135237, 261319365, 0), (261200148, 767577450, 0), (261319365, 261136271, 0), (349877745, 6044528744, 0), (386376138, 1402597973, 0), (386378004, 256181107, 0), (386391868, 538541435, 0), (386392006, 386391868, 0), (386392335, 386392006, 0), (386392515, 386392335, 0), (386392936, 386392515, 0), (456161811, 538495420, 0), (456161891, 456161811, 0), (456164152, 456161891, 0), (538495420, 538495430, 0), (538495430, 1402597979, 0), (538541435, 261135237, 0), (539183209, 261200148, 0), (767577450, 9265293031, 0), (1402597973, 386392936, 0), (1402597979, 386378004, 0), (1894144797, 1894144797, 0), (1894144797, 1894144806, 0), (1894144806, 539183209, 0), (4334144309, 456164152, 0), (6044528744, 4334144309, 0), (9265293031, 349877745, 0)]
ERR 2: Census Tract 317 Census Tract 6113 -- No path found, (257168831, 261152002), [(256181107, 386376138, 0), (261135240, 4474381322, 0), (261136270, 261200170, 0), (261200148, 767577450, 0), (261200170, 1472588623, 0), (261252987, 261152002, 0), (349877745, 6044528744, 0), (386376138, 1402597973, 0), (386378004, 256181107, 0), (386391868, 538541435, 0), (386392006, 386391868, 0), (386392335, 386392006, 0), (386392515, 386392335, 0), (386392936, 386392515, 0), (456161811, 538495420, 0), (456161891, 456161811, 0), (456164152, 456161891, 0), (538495420, 538495430, 0), (538495430, 1402597979, 0), (538541435, 261136270, 0), (539183209, 261200148, 0), (767577450, 9265293031, 0), (1402597973, 386392936, 0), (1402597979, 386378004, 0), (1472588623, 4474381316, 0), (1894144797, 1894144797, 0), (1894144797, 1894144806, 0), (1894144806, 539183209, 0), (4334144309, 456164152, 0), (4474381315, 261135240, 0), (4474381316, 4474381315, 0), (4474381322, 261252987, 0), (6044528744, 4334144309, 0), (9265293031, 349877745, 0)]
ERR 2: Census Tract 317 Census Tract 612 -- No path found, (257168831, 261181590), [(26808650, 261181592, 0), (261145267, 308441076, 0), (261181591, 261181590, 0), (261181592, 261181591, 0), (307937570, 26808650, 0), (307937571, 307937570, 0), (307937572, 307937571, 0), (308441076, 2518161246, 0), (495674282, 261145267, 0), (495674285, 495674282, 0), (2447758338, 2447758340, 0), (2447758340, 2447758342, 0), (2447758342, 2447758343, 0), (2447758343, 2447758345, 0), (2447758345, 4387385671, 0), (2518161246, 2518161247, 0), (2518161247, 2518161248, 0), (2518161248, 2662779629, 0), (2584233690, 495674285, 0), (2584233700, 2584233700, 0), (2584233700, 2584233690, 0), (2662779629, 2447758338, 0), (4387385671, 307937572, 0)]
ERR 2: Census Tract 317 Census Tract 715 -- No path found, (257168831, 10845363481), [(27440477, 713311573, 0), (102713556, 261278115, 0), (250755885, 10845363478, 0), (258964573, 258964574, 0), (258964574, 102713556, 0), (258964576, 269445370, 0), (261209198, 264429103, 0), (261229891, 261209198, 0), (261278115, 258964576, 0), (263984614, 258964573, 0), (264429103, 271147928, 0), (269445370, 269446293, 0), (269446276, 27440477, 0), (269446293, 269446276, 0), (271147928, 263984614, 0), (713311573, 10845477605, 0), (1477432263, 1477432263, 0), (1477432263, 261229891, 0), (10845363478, 10845363481, 0), (10845477605, 10845477607, 0), (10845477607, 10845477610, 0), (10845477610, 250755885, 0)]
ERR 2: Census Tract 317 Census Tract 814.01 -- No path found, (257168831, 262184019), [(33718424, 258023343, 0), (258022762, 271187550, 0), (258023343, 258023461, 0), (258023461, 258965934, 0), (258934621, 258934623, 0), (258934623, 369890932, 0), (258965934, 262184057, 0), (262184057, 262184019, 0), (271187550, 1034227190, 0), (369890932, 33718424, 0), (619019057, 2779938540, 0), (619019058, 619019057, 0), (929489865, 258934621, 0), (1034227190, 619019058, 0), (1052707326, 929489865, 0), (1107253707, 1107253707, 0), (1107253707, 1107253804, 0), (1107253804, 258022762, 0), (1386043169, 1052707326, 0), (2779938540, 10950881700, 0), (10950881700, 1386043169, 0)]
ERR 2: Census Tract 317 Census Tract 815 -- No path found, (257168831, 258023463), [(29411956, 258024206, 0), (29412106, 29411956, 0), (258023316, 258023392, 0), (258023392, 258023464, 0), (258023464, 258023463, 0), (258024205, 619626858, 0), (258024206, 258023316, 0), (310697817, 619626336, 0), (310697880, 310697907, 0), (310697907, 258024205, 0), (619626336, 310697880, 0), (619626858, 29412106, 0), (3682780135, 310697817, 0), (3682780135, 3682780135, 0)]
ERR 2: Census Tract 317 Census Tract 817 -- No path found, (257168831, 2291929239), [(258023318, 2291929237, 0), (258024205, 619626858, 0), (310697817, 619626336, 0), (310697880, 310697907, 0), (310697907, 258024205, 0), (619626336, 310697880, 0), (619626858, 258023318, 0), (2291929237, 2291929239, 0), (3682780135, 310697817, 0), (3682780135, 3682780135, 0)]
ERR 2: Census Tract 317 Census Tract 8307 -- No path found, (257168831, 257168646), [(26794614, 257168646, 0), (26794623, 257095285, 0), (257095285, 257167962, 0), (257108503, 260099994, 0), (257112419, 257112419, 0), (257112419, 257108503, 0), (257167962, 257375160, 0), (257169230, 10080927066, 0), (257375160, 257169230, 0), (260099994, 26794623, 0), (7324507927, 26794614, 0), (10080927065, 7324507927, 0), (10080927066, 10080927065, 0)]
ERR 2: Census Tract 317 Census Tract 8321 -- No path found, (257168831, 261273954), [(26794487, 2650379781, 0), (26794541, 262219886, 0), (26794543, 262220076, 0), (26794623, 257095285, 0), (257095285, 257114042, 0), (257108503, 260099994, 0), (257112419, 257112419, 0), (257112419, 257108503, 0), (257114042, 26794487, 0), (260099994, 26794623, 0), (261128247, 261323317, 0), (261323317, 261273954, 0), (262219886, 262219941, 0), (262219941, 306080193, 0), (262220076, 261128247, 0), (306080193, 26794543, 0), (2650379781, 26794541, 0)]
ERR 2: Census Tract 317 Census Tract 8391 -- No path found, (257168831, 740243448), [(28289318, 740243448, 0), (28290296, 11060811046, 0), (258957316, 258957340, 0), (258957340, 10923165760, 0), (619625983, 1536858520, 0), (1536858516, 258957316, 0), (1536858520, 1536858516, 0), (3682780135, 619625983, 0), (3682780135, 3682780135, 0), (10923165760, 28290296, 0), (11060811046, 28289318, 0)]
ERR 2: Census Tract 4701 Census Tract 4701 -- No path found, (261192480, 261192480), [(261119367, 261154846, 0), (261154846, 261213261, 0), (261154847, 261119367, 0), (261154848, 261154847, 0), (261158717, 261158717, 0), (261158717, 261154848, 0), (261177749, 261177750, 0), (261177750, 261226036, 0), (261213261, 261262879, 0), (261226023, 261275578, 0), (261226036, 261245791, 0), (261245791, 261192480, 0), (261254512, 261177749, 0), (261262879, 261275586, 0), (261275578, 261254512, 0), (261275586, 11699206918, 0), (4158887645, 261226023, 0), (11699206918, 11699206919, 0), (11699206919, 4158887645, 0)]
ERR 2: Census Tract 4701 Census Tract 4804 -- No path found, (261192480, 261154839), [(261119367, 261154846, 0), (261154840, 261154839, 0), (261154841, 261154840, 0), (261154846, 261154841, 0), (261154847, 261119367, 0), (261154848, 261154847, 0), (261158717, 261158717, 0), (261158717, 261154848, 0)]
ERR 2: Census Tract 4701 Census Tract 5305.01 -- No path found, (261192480, 718382741), [(261118863, 261184464, 0), (261137051, 261264474, 0), (261184464, 261303555, 0), (261190764, 261224995, 0), (261200854, 261137051, 0), (261214247, 261214247, 0), (261214247, 261290360, 0), (261222645, 261200854, 0), (261224995, 261256227, 0), (261256227, 261118863, 0), (261264474, 261335862, 0), (261290360, 261222645, 0), (261303555, 261321735, 0), (261321735, 718382741, 0), (261335862, 261190764, 0)]
ERR 2: Census Tract 4701 Census Tract 7105 -- No path found, (261192480, 261177259), [(261116442, 261299625, 0), (261134838, 261134839, 0), (261134838, 261134838, 0), (261134839, 261163892, 0), (261163892, 261185774, 0), (261177257, 261177258, 0), (261177258, 261177259, 0), (261185774, 261116442, 0), (261216628, 261342017, 0), (261299625, 261216628, 0), (261342017, 261177257, 0)]
ERR 2: Census Tract 4701 Census Tract 8339 -- No path found, (261192480, 261181271), [(261113935, 261113937, 0), (261113937, 351098873, 0), (261113939, 261113940, 0), (261113940, 711368229, 0), (261116230, 261181270, 0), (261116231, 261116230, 0), (261129030, 261142335, 0), (261142335, 261142336, 0), (261142336, 261116231, 0), (261181270, 261181271, 0), (261189786, 351097836, 0), (261198127, 4168390775, 0), (261198128, 261198128, 0), (261198128, 261198127, 0), (261262325, 261189786, 0), (261333407, 261360896, 0), (261339052, 261262325, 0), (261360896, 261339052, 0), (351097836, 351097850, 0), (351097850, 4624134795, 0), (351098873, 261113939, 0), (711368229, 261129030, 0), (4168390775, 261333407, 0), (4624134795, 261113935, 0)]
ERR 2: Census Tract 4701 Census Tract 8340 -- No path found, (261192480, 261173898), [(261137013, 1889135728, 0), (261137014, 261137013, 0), (261180593, 6187431377, 0), (261190739, 261224961, 0), (261224954, 261173898, 0), (261224961, 261180593, 0), (261264542, 261275552, 0), (261275552, 261190739, 0), (366637953, 261137014, 0), (366637953, 366637953, 0), (1889135728, 6187316908, 0), (6187316904, 261264542, 0), (6187316908, 6187316904, 0), (6187431377, 261224954, 0)]
ERR 2: Census Tract 4701 Census Tract 8431 -- No path found, (261192480, 1446674904), [(261116541, 261132061, 0), (261121479, 261126651, 0), (261126651, 7735711911, 0), (261132049, 261224745, 0), (261132051, 261132049, 0), (261132053, 261132051, 0), (261132054, 261132053, 0), (261132057, 737087449, 0), (261132059, 261132057, 0), (261132061, 261132059, 0), (261132062, 261116541, 0), (261132063, 261121479, 0), (261132067, 261132063, 0), (261132068, 261132067, 0), (261132070, 261132068, 0), (261132828, 1446674900, 0), (261224743, 358541413, 0), (261224745, 358541394, 0), (358541394, 261224743, 0), (358541413, 1446668519, 0), (737087449, 261132054, 0), (1446668519, 261132828, 0), (1446674900, 1446674904, 0), (2190712584, 2190712584, 0), (2190712584, 261132070, 0), (7735711911, 261132062, 0)]
ERR 2: Census Tract 6812 Census Tract 6812 -- No path found, (261198698, 261198698), [(261110483, 715501239, 0), (261144666, 261185758, 0), (261144676, 261198784, 0), (261149424, 261185760, 0), (261185755, 261144666, 0), (261185758, 261185759, 0), (261185759, 261149424, 0), (261185760, 261110483, 0), (261198784, 261198698, 0), (261199924, 6436744930, 0), (261199925, 261199924, 0), (261199926, 261199925, 0), (261199928, 862957878, 0), (261214596, 261285133, 0), (261214612, 261214596, 0), (261285133, 261144676, 0), (715501239, 261199928, 0), (862957878, 862957894, 0), (862957894, 261199926, 0), (2274064880, 261185755, 0), (2274064886, 2274064880, 0), (2274064888, 2274064886, 0), (2274064888, 2274064888, 0), (6436744927, 261214612, 0), (6436744930, 6436744927, 0)]
ERR: Census Tract 2414 Census Tract 7608.01 -- No solution found, Unable to retrieve attribute 'X'
ERR: Census Tract 2420 Census Tract 9800 -- No solution found, Unable to retrieve attribute 'X'
ERR: Census Tract 7108 Census Tract 9800 -- No solution found, Unable to retrieve attribute 'X'
ERR: Census Tract 4109 Census Tract 9800 -- No solution found, Unable to retrieve attribute 'X'
ERR 2: Census Tract 4112 Census Tract 4112 -- No path found, (261137170, 261137170), [(261137190, 261207772, 0), (261140664, 261140671, 0), (261140671, 261137190, 0), (261145920, 261286244, 0), (261160185, 261140664, 0), (261167224, 261286249, 0), (261181131, 261227633, 0), (261202782, 261137170, 0), (261207772, 261145920, 0), (261227633, 261277228, 0), (261277228, 261202782, 0), (261286244, 261286247, 0), (261286247, 261167224, 0), (261286249, 261286251, 0), (261286251, 261181131, 0), (538166278, 538166278, 0), (538166278, 261160185, 0)]
ERR 2: Census Tract 4112 Census Tract 8331 -- No path found, (261137170, 261239964), [(256591099, 1676390756, 0), (256613293, 261239964, 0), (1308245851, 1308245884, 0), (1308245880, 1308245886, 0), (1308245882, 1324316159, 0), (1308245884, 1308245880, 0), (1308245886, 1308245882, 0), (1324316156, 1640004517, 0), (1324316159, 1324316156, 0), (1640004517, 256591099, 0), (1676390756, 256613293, 0), (2004538828, 1308245851, 0), (2203792340, 2004538828, 0), (2203792340, 2203792340, 0)]
ERR 2: Census Tract 4112 Census Tract 8362 -- No path found, (261137170, 261176761), [(261137190, 261207772, 0), (261140664, 261140671, 0), (261140671, 261137190, 0), (261145920, 261286244, 0), (261160185, 261140664, 0), (261167224, 261286249, 0), (261181131, 261227633, 0), (261192511, 261176761, 0), (261202782, 261192511, 0), (261207772, 261145920, 0), (261227633, 261277228, 0), (261277228, 261202782, 0), (261286244, 261286247, 0), (261286247, 261167224, 0), (261286249, 261286251, 0), (261286251, 261181131, 0), (538166278, 538166278, 0), (538166278, 261160185, 0)]
ERR 2: Census Tract 4112 Census Tract 8378 -- No path found, (261137170, 261135318), [(261115577, 261220993, 0), (261132070, 261132071, 0), (261132071, 261132072, 0), (261132072, 261209680, 0), (261132180, 261220989, 0), (261143249, 261220999, 0), (261146445, 261198985, 0), (261154461, 261282575, 0), (261170712, 261135318, 0), (261194757, 261154461, 0), (261198985, 261115577, 0), (261209679, 261194757, 0), (261209680, 261209679, 0), (261210821, 261220996, 0), (261220989, 261170712, 0), (261220992, 261132180, 0), (261220993, 261220992, 0), (261220996, 261146445, 0), (261220998, 261210821, 0), (261220999, 261220998, 0), (261282575, 261143249, 0), (2190712584, 2190712584, 0), (2190712584, 261132070, 0)]
ERR 2: Census Tract 4605 Census Tract 4605 -- No path found, (261132625, 261132625), [(261132626, 261132625, 0), (261136123, 261132626, 0), (261164642, 261335263, 0), (261198127, 4168390775, 0), (261198128, 261198128, 0), (261198128, 261198127, 0), (261245009, 261164642, 0), (261333407, 261360896, 0), (261335263, 261136123, 0), (261360896, 261245009, 0), (4168390775, 261333407, 0)]
ERR 2: Census Tract 4605 Census Tract 4804 -- No path found, (261132625, 261154839), [(261119367, 261154846, 0), (261154840, 261154839, 0), (261154841, 261154840, 0), (261154846, 261154841, 0), (261154847, 261119367, 0), (261154848, 261154847, 0), (261158717, 261158717, 0), (261158717, 261154848, 0)]
ERR 2: Census Tract 4605 Census Tract 5001 -- No path found, (261132625, 261156514), [(261119338, 261286217, 0), (261119367, 261154846, 0), (261154846, 261213261, 0), (261154847, 261119367, 0), (261154848, 261154847, 0), (261158717, 261158717, 0), (261158717, 261154848, 0), (261213261, 261262879, 0), (261215223, 261156514, 0), (261226023, 261275578, 0), (261262879, 261275586, 0), (261275578, 261119338, 0), (261275586, 11699206918, 0), (261286217, 261286222, 0), (261286222, 261215223, 0), (4158887645, 261226023, 0), (11699206918, 11699206919, 0), (11699206919, 4158887645, 0)]
ERR 2: Census Tract 4605 Census Tract 8388 -- No path found, (261132625, 711921323), [(261117202, 261323270, 0), (261132639, 261136132, 0), (261136132, 261146639, 0), (261143058, 261346679, 0), (261145400, 711921323, 0), (261146638, 261132639, 0), (261146639, 261146642, 0), (261146642, 261146644, 0), (261146644, 261146645, 0), (261146645, 261146646, 0), (261146646, 261146649, 0), (261146649, 261146651, 0), (261146651, 3897744901, 0), (261154848, 261154849, 0), (261154849, 2264952502, 0), (261156518, 711944178, 0), (261158717, 261158717, 0), (261158717, 261154848, 0), (261186161, 261117202, 0), (261209807, 261143058, 0), (261211121, 261252364, 0), (261252364, 261186161, 0), (261282913, 261145400, 0), (261289455, 261211121, 0), (261323270, 261282913, 0), (261346677, 261209807, 0), (261346679, 261289455, 0), (711944178, 261146638, 0), (2264952502, 261156518, 0), (3897744877, 261346677, 0), (3897744901, 3897744877, 0)]
ERR 2: Census Tract 4605 Census Tract 8430 -- No path found, (261132625, 261258023), [(261116554, 7895331009, 0), (261116791, 261154168, 0), (261121485, 261126658, 0), (261126658, 261160854, 0), (261132068, 261154163, 0), (261132070, 261132068, 0), (261154163, 261154165, 0), (261154165, 261154167, 0), (261154167, 261116791, 0), (261154168, 261154169, 0), (261154169, 408462071, 0), (261154170, 261221524, 0), (261160852, 261121485, 0), (261160854, 261116554, 0), (261160855, 261160857, 0), (261160857, 261258023, 0), (261221524, 261261455, 0), (261261455, 261160852, 0), (408462071, 261154170, 0), (2190712584, 2190712584, 0), (2190712584, 261132070, 0), (7895331009, 261160855, 0)]
ERR 2: Census Tract 6813 Census Tract 6813 -- No path found, (261285177, 261285177), [(261144666, 261185758, 0), (261185755, 261144666, 0), (261185758, 261185759, 0), (261185759, 261214642, 0), (261214592, 261285181, 0), (261214641, 261214592, 0), (261214642, 261214641, 0), (261285181, 261285177, 0), (2274064880, 261185755, 0), (2274064886, 2274064880, 0), (2274064888, 2274064886, 0), (2274064888, 2274064888, 0)]
ERR 2: Census Tract 6903 Census Tract 6903 -- No path found, (4698424464, 4698424464), [(261184495, 261185749, 0), (261185749, 1505266993, 0), (261185750, 261184495, 0), (261185751, 261185750, 0), (261185752, 716927534, 0), (261185754, 261185752, 0), (261185755, 261185754, 0), (261224816, 4698424464, 0), (261224818, 261224816, 0), (261224820, 261224818, 0), (261224822, 7058223827, 0), (261257093, 4698424602, 0), (716927534, 261185751, 0), (1505266993, 261257093, 0), (2274064880, 261185755, 0), (2274064886, 2274064880, 0), (2274064888, 2274064886, 0), (2274064888, 2274064888, 0), (4698424602, 261224822, 0), (7058223827, 261224820, 0)]
ERR 2: Census Tract 6903 Census Tract 714 -- No path found, (4698424464, 10845487506), [(26099529, 250755865, 0), (26817935, 258964877, 0), (26817937, 261197252, 0), (250755865, 250755868, 0), (250755868, 10845363503, 0), (258964877, 26099529, 0), (261142619, 26817935, 0), (261197248, 264430370, 0), (261197252, 656680113, 0), (262072125, 11455038593, 0), (264430370, 262072125, 0), (314768213, 261197248, 0), (314768213, 314768213, 0), (656680113, 261142619, 0), (10845363503, 10845487506, 0), (11455038593, 11455038594, 0), (11455038594, 26817937, 0)]
ERR 2: Census Tract 6903 Census Tract 813 -- No path found, (4698424464, 27440574), [(27440571, 27440574, 0), (250755884, 10845477611, 0), (258964107, 739096775, 0), (258964440, 250755884, 0), (261209198, 264429103, 0), (261229891, 261209198, 0), (264429103, 258964440, 0), (739096775, 27440571, 0), (1477432263, 1477432263, 0), (1477432263, 261229891, 0), (10845477611, 10845477614, 0), (10845477614, 258964107, 0)]
ERR: Census Tract 602 Census Tract 7608.01 -- No solution found, Unable to retrieve attribute 'X'
ERR: Census Tract 7101 Census Tract 7608.01 -- No solution found, Unable to retrieve attribute 'X'
ERR 2: Census Tract 5101 Census Tract 5101 -- No path found, (261116246, 261116246), [(261132639, 261136132, 0), (261136132, 261146639, 0), (261146638, 261132639, 0), (261146639, 261146642, 0), (261146642, 261146644, 0), (261146644, 261146645, 0), (261146645, 261146646, 0), (261146646, 261146649, 0), (261146649, 261146651, 0), (261146651, 3897744901, 0), (261146703, 261146705, 0), (261146705, 261116246, 0), (261154848, 261154849, 0), (261154849, 2264952502, 0), (261156518, 711944178, 0), (261158717, 261158717, 0), (261158717, 261154848, 0), (711944178, 261146638, 0), (2264952502, 261156518, 0), (3897744877, 4604424378, 0), (3897744901, 3897744877, 0), (4604424378, 261146703, 0)]
ERR 2: Census Tract 5101 Census Tract 8381 -- No path found, (261116246, 261197750), [(256591099, 2051982639, 0), (293974158, 1937532132, 0), (708281420, 9251471276, 0), (736014657, 261197750, 0), (1308245851, 1308245884, 0), (1308245880, 1308245886, 0), (1308245882, 1324316159, 0), (1308245884, 1308245880, 0), (1308245886, 1308245882, 0), (1324316156, 1640004517, 0), (1324316159, 1324316156, 0), (1640004517, 256591099, 0), (1937532132, 708281420, 0), (2004538828, 1308245851, 0), (2051982639, 293974158, 0), (2203792340, 2004538828, 0), (2203792340, 2203792340, 0), (4336093358, 4403665398, 0), (4403665397, 736014657, 0), (4403665398, 4403665397, 0), (5892708079, 4336093358, 0), (9251471276, 5892708079, 0)]
ERR 2: Census Tract 5101 Census Tract 8391 -- No path found, (261116246, 740243448), [(28289318, 740243448, 0), (28290296, 11060811046, 0), (258957316, 258957340, 0), (258957340, 10923165760, 0), (619625983, 1536858520, 0), (1536858516, 258957316, 0), (1536858520, 1536858516, 0), (3682780135, 619625983, 0), (3682780135, 3682780135, 0), (10923165760, 28290296, 0), (11060811046, 28289318, 0)]
ERR 2: Census Tract 814.02 Census Tract 814.03 -- No path found, (736932687, 736932687), [(258022887, 271278847, 0), (271197330, 3856852862, 0), (271278847, 736932687, 0), (271278860, 258022887, 0), (619030961, 271278860, 0), (739118569, 739118573, 0), (739118573, 619030961, 0), (739118898, 739118569, 0), (740365189, 740365200, 0), (740365200, 740365208, 0), (740365207, 740365216, 0), (740365208, 740365209, 0), (740365209, 740365210, 0), (740365210, 740365207, 0), (740365216, 10947960098, 0), (1107253707, 1107253707, 0), (1107253707, 1107253804, 0), (1107253804, 1648106860, 0), (1648106860, 271197330, 0), (3856852862, 10947960312, 0), (10947960009, 739118898, 0), (10947960098, 10947960009, 0), (10947960312, 10947960317, 0), (10947960317, 740365189, 0)]
ERR 2: Census Tract 814.02 Census Tract 8309 -- No path found, (736932687, 261092768), [(260098465, 4081878195, 0), (260098734, 261092768, 0), (261191259, 261198947, 0), (261198947, 369649710, 0), (263330690, 260098465, 0), (369649710, 369649713, 0), (369649713, 369649715, 0), (369649714, 263330690, 0), (369649715, 369649714, 0), (2196827063, 261191259, 0), (2196827063, 2196827063, 0), (4081878195, 4081878197, 0), (4081878197, 4081878198, 0), (4081878198, 260098734, 0)]
ERR 2: Census Tract 814.02 Census Tract 8391 -- No path found, (736932687, 740243448), [(28289318, 740243448, 0), (28290296, 11060811046, 0), (258957316, 258957340, 0), (258957340, 10923165760, 0), (619625983, 1536858520, 0), (1536858516, 258957316, 0), (1536858520, 1536858516, 0), (3682780135, 619625983, 0), (3682780135, 3682780135, 0), (10923165760, 28290296, 0), (11060811046, 28289318, 0)]
ERR 2: Census Tract 814.02 Census Tract 8419 -- No path found, (736932687, 256612742), [(1655435350, 256612742, 0), (1655457006, 1655457007, 0), (1655457007, 1655435350, 0), (1923791237, 2203813886, 0), (1923791237, 1923791237, 0), (2203813886, 1655457006, 0)]
ERR 2: Census Tract 814.02 Census Tract 8420 -- No path found, (736932687, 1699189487), [(1699189726, 1699189487, 0), (1699189726, 1699189726, 0)]
ERR 2: Census Tract 302 Census Tract 302 -- No path found, (261159008, 261159008), [(102825447, 287215739, 0), (261126870, 261159006, 0), (261159006, 261159007, 0), (261159007, 261159008, 0), (261198152, 261242504, 0), (261226267, 261226267, 0), (261226267, 261226270, 0), (261226270, 261198152, 0), (261242504, 261325492, 0), (261294461, 261325491, 0), (261325491, 7615335554, 0), (261325492, 261294461, 0), (261325501, 3242152385, 0), (287215739, 287215742, 0), (287215742, 261126870, 0), (3242152385, 4336169726, 0), (4336169726, 102825447, 0), (6346119538, 261325501, 0), (7615335554, 6346119538, 0)]
ERR 2: Census Tract 302 Census Tract 308 -- No path found, (261159008, 257171881), [(102825447, 287215739, 0), (250278915, 287215749, 0), (250278917, 287215767, 0), (250278918, 257149798, 0), (257149798, 257170276, 0), (257170276, 257171193, 0), (257170291, 257171879, 0), (257171193, 257170291, 0), (257171879, 257171881, 0), (261198152, 261242504, 0), (261226267, 261226267, 0), (261226267, 261226270, 0), (261226270, 261198152, 0), (261242504, 261325492, 0), (261294461, 261325491, 0), (261325491, 7615335554, 0), (261325492, 261294461, 0), (261325501, 3242152385, 0), (287215739, 287215742, 0), (287215742, 287215743, 0), (287215743, 250278915, 0), (287215748, 287215752, 0), (287215749, 287215748, 0), (287215752, 287215753, 0), (287215753, 287215766, 0), (287215766, 250278917, 0), (287215767, 250278918, 0), (3242152385, 4336169726, 0), (4336169726, 102825447, 0), (6346119538, 261325501, 0), (7615335554, 6346119538, 0)]
ERR 2: Census Tract 302 Census Tract 317 -- No path found, (261159008, 257168831), [(257108489, 257109490, 0), (257108503, 257108489, 0), (257109490, 257112973, 0), (257110946, 257167960, 0), (257110947, 257148596, 0), (257110948, 257168323, 0), (257112419, 257112419, 0), (257112419, 257108503, 0), (257112973, 257110946, 0), (257148596, 257110948, 0), (257167960, 257169224, 0), (257168173, 257168816, 0), (257168210, 257168173, 0), (257168323, 257168210, 0), (257168816, 257168831, 0), (257169224, 257110947, 0)]
ERR 2: Census Tract 302 Census Tract 3201 -- No path found, (261159008, 623820257), [(258022758, 271188194, 0), (258022762, 271187550, 0), (271187550, 271187564, 0), (271187564, 740367296, 0), (271188194, 623820258, 0), (271188336, 10838732049, 0), (272350581, 7142848056, 0), (619011842, 272350581, 0), (623820258, 623820257, 0), (740367296, 2787312481, 0), (1107253707, 1107253707, 0), (1107253707, 1107253804, 0), (1107253804, 258022762, 0), (2392243937, 619011842, 0), (2787312481, 271188336, 0), (7142848056, 258022758, 0), (10838732049, 10838732050, 0), (10838732050, 2392243937, 0)]
ERR 2: Census Tract 302 Census Tract 3204 -- No path found, (261159008, 258024673), [(26098097, 705003083, 0), (258024674, 258024673, 0), (258288004, 258024674, 0), (258289673, 3810503851, 0), (270863238, 7770322435, 0), (270863238, 270863238, 0), (704695482, 258288004, 0), (705003083, 258289673, 0), (1062997771, 26098097, 0), (3810503851, 704695482, 0), (7770322435, 1062997771, 0)]
ERR 2: Census Tract 302 Census Tract 501 -- No path found, (261159008, 261115181), [(26794558, 306045111, 0), (256170553, 4147982414, 0), (261132263, 261156608, 0), (261156608, 307940832, 0), (261268613, 261115181, 0), (306045111, 1299650218, 0), (306045652, 261268613, 0), (306045708, 306045652, 0), (306046491, 7614087408, 0), (306046502, 306046491, 0), (306046503, 4332503809, 0), (306047311, 4332494924, 0), (306047312, 306047313, 0), (306047313, 4332494927, 0), (307940832, 11337127508, 0), (307940846, 307940886, 0), (307940886, 307940891, 0), (307940891, 256170553, 0), (1299650218, 306045708, 0), (2397341526, 261132263, 0), (2397341531, 2397341526, 0), (2397341531, 2397341531, 0), (4147982414, 10844809889, 0), (4332494924, 306047312, 0), (4332494927, 306046503, 0), (4332503809, 306046502, 0), (7614087408, 26794558, 0), (10844809889, 306047311, 0), (11337127508, 307940846, 0)]
ERR 2: Census Tract 302 Census Tract 704 -- No path found, (261159008, 261223218), [(26817984, 261191235, 0), (250278943, 2518161241, 0), (261191235, 261193481, 0), (261193481, 261223218, 0), (261296684, 308441301, 0), (308440993, 308441001, 0), (308441001, 308441025, 0), (308441017, 308441050, 0), (308441025, 308441046, 0), (308441033, 26817984, 0), (308441046, 308441017, 0), (308441050, 308441033, 0), (308441268, 250278943, 0), (308441301, 308441268, 0), (495674281, 261296684, 0), (2518161241, 308440993, 0), (2584233690, 495674281, 0), (2584233700, 2584233700, 0), (2584233700, 2584233690, 0)]
ERR 2: Census Tract 302 Census Tract 814.01 -- No path found, (261159008, 262184019), [(33718424, 258023343, 0), (258022762, 271187550, 0), (258023343, 258023461, 0), (258023461, 258965934, 0), (258934621, 258934623, 0), (258934623, 369890932, 0), (258965934, 262184057, 0), (262184057, 262184019, 0), (271187550, 1034227190, 0), (369890932, 33718424, 0), (619019057, 2779938540, 0), (619019058, 619019057, 0), (929489865, 258934621, 0), (1034227190, 619019058, 0), (1052707326, 929489865, 0), (1107253707, 1107253707, 0), (1107253707, 1107253804, 0), (1107253804, 258022762, 0), (1386043169, 1052707326, 0), (2779938540, 10950881700, 0), (10950881700, 1386043169, 0)]
ERR 2: Census Tract 302 Census Tract 817 -- No path found, (261159008, 2291929239), [(258023318, 2291929237, 0), (258024205, 619626858, 0), (310697817, 619626336, 0), (310697880, 310697907, 0), (310697907, 258024205, 0), (619626336, 310697880, 0), (619626858, 258023318, 0), (2291929237, 2291929239, 0), (3682780135, 310697817, 0), (3682780135, 3682780135, 0)]
ERR 2: Census Tract 302 Census Tract 818 -- No path found, (261159008, 709413342), [(257957639, 257957640, 0), (257957640, 257957641, 0), (257957641, 709413333, 0), (310697817, 257957639, 0), (709413333, 709413342, 0), (3682780135, 310697817, 0), (3682780135, 3682780135, 0)]
ERR 2: Census Tract 302 Census Tract 8308 -- No path found, (261159008, 264415063), [(26794558, 306045111, 0), (26794572, 257168668, 0), (256170553, 4147982414, 0), (257110951, 264414966, 0), (257168668, 257110951, 0), (261132263, 261156608, 0), (261156608, 307940832, 0), (264414966, 264415063, 0), (306045111, 1299650218, 0), (306045438, 306045623, 0), (306045440, 26794572, 0), (306045623, 306045440, 0), (306045652, 306045438, 0), (306045708, 306045652, 0), (306046491, 7614087408, 0), (306046502, 306046491, 0), (306046503, 4332503809, 0), (306047311, 4332494924, 0), (306047312, 306047313, 0), (306047313, 4332494927, 0), (307940832, 11337127508, 0), (307940846, 307940886, 0), (307940886, 307940891, 0), (307940891, 256170553, 0), (1299650218, 306045708, 0), (2397341526, 261132263, 0), (2397341531, 2397341526, 0), (2397341531, 2397341531, 0), (4147982414, 10844809889, 0), (4332494924, 306047312, 0), (4332494927, 306046503, 0), (4332503809, 306046502, 0), (7614087408, 26794558, 0), (10844809889, 306047311, 0), (11337127508, 307940846, 0)]
ERR 2: Census Tract 302 Census Tract 8318 -- No path found, (261159008, 261288782), [(261118614, 261158111, 0), (261128028, 261128030, 0), (261128030, 261288782, 0), (261147297, 4180038773, 0), (261158109, 261147297, 0), (261158110, 261158109, 0), (261158111, 261158110, 0), (261314564, 261128028, 0), (305529056, 5311567445, 0), (305529087, 305529056, 0), (305529088, 305529087, 0), (1447056052, 1447056052, 0), (1447056052, 261118614, 0), (4180038773, 305529088, 0), (5311567445, 261314564, 0)]
ERR 2: Census Tract 302 Census Tract 8325 -- No path found, (261159008, 250755914), [(102708209, 250755914, 0), (250278943, 309802308, 0), (261296684, 308441301, 0), (308441268, 250278943, 0), (308441301, 308441268, 0), (309802308, 2480840766, 0), (495674281, 261296684, 0), (1868481027, 4840604636, 0), (2480840764, 5891205779, 0), (2480840766, 2480840764, 0), (2584233690, 495674281, 0), (2584233700, 2584233700, 0), (2584233700, 2584233690, 0), (4840604636, 102708209, 0), (5891205778, 1868481027, 0), (5891205779, 5891205778, 0)]
ERR 2: Census Tract 302 Census Tract 8382 -- No path found, (261159008, 1324353893), [(261136237, 5893011786, 0), (261181936, 538647038, 0), (538647020, 261181936, 0), (538647038, 1308208364, 0), (1308131704, 1308131758, 0), (1308131714, 1308131704, 0), (1308131732, 1308131714, 0), (1308131758, 1318401260, 0), (1308208364, 1324363040, 0), (1318401260, 538647020, 0), (1324363040, 1324353893, 0), (2282590140, 261136237, 0), (2282590140, 2282590140, 0), (5893011786, 5893011788, 0), (5893011788, 5893011792, 0), (5893011792, 5893011797, 0), (5893011797, 5893011803, 0), (5893011803, 1308131732, 0)]
ERR 2: Census Tract 302 Census Tract 8391 -- No path found, (261159008, 740243448), [(28289318, 740243448, 0), (28290296, 11060811046, 0), (258957316, 258957340, 0), (258957340, 10923165760, 0), (619625983, 1536858520, 0), (1536858516, 258957316, 0), (1536858520, 1536858516, 0), (3682780135, 619625983, 0), (3682780135, 3682780135, 0), (10923165760, 28290296, 0), (11060811046, 28289318, 0)]
ERR 2: Census Tract 302 Census Tract 8419 -- No path found, (261159008, 256612742), [(1655435350, 256612742, 0), (1655457006, 1655457007, 0), (1655457007, 1655435350, 0), (1923791237, 2203813886, 0), (1923791237, 1923791237, 0), (2203813886, 1655457006, 0)]
ERR 2: Census Tract 303 Census Tract 303 -- No path found, (261159011, 261159011), [(250278806, 9944144419, 0), (250278808, 287214168, 0), (261198152, 261242504, 0), (261226267, 261226267, 0), (261226267, 261226270, 0), (261226270, 261198152, 0), (261242504, 261325492, 0), (261294461, 261325491, 0), (261325491, 7615335554, 0), (261325492, 261294461, 0), (261325501, 3242152385, 0), (287214168, 287214169, 0), (287214169, 261159011, 0), (287214172, 250278808, 0), (287214174, 287214172, 0), (287215701, 4084395396, 0), (287215706, 250278806, 0), (287215729, 287216684, 0), (287215734, 287215701, 0), (287215735, 287215734, 0), (287216684, 287215735, 0), (3242152385, 4336169726, 0), (4084395396, 287215706, 0), (4336169726, 5828278090, 0), (5828278090, 287215729, 0), (6346119538, 261325501, 0), (7615335554, 6346119538, 0), (9944144419, 287214174, 0)]
ERR 2: Census Tract 303 Census Tract 305 -- No path found, (261159011, 261214991), [(102825447, 287215739, 0), (250278915, 287215749, 0), (261126860, 261212879, 0), (261198152, 261242504, 0), (261211794, 261214991, 0), (261212879, 261214993, 0), (261214992, 261211794, 0), (261214993, 261214992, 0), (261226267, 261226267, 0), (261226267, 261226270, 0), (261226270, 261198152, 0), (261242504, 261325492, 0), (261294461, 261325491, 0), (261325491, 7615335554, 0), (261325492, 261294461, 0), (261325501, 3242152385, 0), (287215739, 287215742, 0), (287215742, 287215743, 0), (287215743, 250278915, 0), (287215748, 287215752, 0), (287215749, 287215748, 0), (287215752, 287215753, 0), (287215753, 261126860, 0), (3242152385, 4336169726, 0), (4336169726, 102825447, 0), (6346119538, 261325501, 0), (7615335554, 6346119538, 0)]
ERR 2: Census Tract 303 Census Tract 309 -- No path found, (261159011, 257170004), [(153023595, 261221424, 0), (158733110, 305525929, 0), (158733111, 257157896, 0), (257147420, 257172347, 0), (257157896, 262157938, 0), (257170003, 257170004, 0), (257172347, 257170003, 0), (257172604, 257172689, 0), (257172689, 257147420, 0), (261211814, 305519653, 0), (261221424, 158733110, 0), (261238992, 261211814, 0), (262157233, 262157612, 0), (262157612, 257172604, 0), (262157938, 305525817, 0), (291140768, 305527217, 0), (305519653, 305522185, 0), (305522120, 291140768, 0), (305522162, 305522120, 0), (305522175, 305522162, 0), (305522185, 305522175, 0), (305525817, 262157233, 0), (305525916, 158733111, 0), (305525917, 305525916, 0), (305525929, 305525917, 0), (305527033, 153023595, 0), (305527051, 305527033, 0), (305527080, 305527051, 0), (305527126, 305527080, 0), (305527217, 305527126, 0), (2196305817, 2196305817, 0), (2196305817, 261238992, 0)]
ERR 2: Census Tract 303 Census Tract 314 -- No path found, (261159011, 260099994), [(257108503, 260099994, 0), (257112419, 257112419, 0), (257112419, 257108503, 0)]
ERR 2: Census Tract 303 Census Tract 3201 -- No path found, (261159011, 623820257), [(258022758, 271188194, 0), (258022762, 271187550, 0), (271187550, 271187564, 0), (271187564, 740367296, 0), (271188194, 623820258, 0), (271188336, 10838732049, 0), (272350581, 7142848056, 0), (619011842, 272350581, 0), (623820258, 623820257, 0), (740367296, 2787312481, 0), (1107253707, 1107253707, 0), (1107253707, 1107253804, 0), (1107253804, 258022762, 0), (2392243937, 619011842, 0), (2787312481, 271188336, 0), (7142848056, 258022758, 0), (10838732049, 10838732050, 0), (10838732050, 2392243937, 0)]
ERR 2: Census Tract 303 Census Tract 3204 -- No path found, (261159011, 258024673), [(26098097, 705003083, 0), (258024674, 258024673, 0), (258288004, 258024674, 0), (258289673, 3810503851, 0), (270863238, 7770322435, 0), (270863238, 270863238, 0), (704695482, 258288004, 0), (705003083, 258289673, 0), (1062997771, 26098097, 0), (3810503851, 704695482, 0), (7770322435, 1062997771, 0)]
ERR 2: Census Tract 303 Census Tract 4105 -- No path found, (261159011, 261158030), [(261137190, 261207772, 0), (261140664, 261140671, 0), (261140671, 261137190, 0), (261145920, 261286244, 0), (261148580, 261158023, 0), (261158023, 408475799, 0), (261158025, 261158026, 0), (261158026, 261158027, 0), (261158027, 261158028, 0), (261158028, 261158029, 0), (261158029, 261158030, 0), (261160185, 261140664, 0), (261176799, 261148580, 0), (261176811, 261176799, 0), (261192499, 261345711, 0), (261207772, 261145920, 0), (261286244, 261286247, 0), (261286247, 261192499, 0), (261345709, 261176811, 0), (261345711, 261345709, 0), (408475799, 2468042252, 0), (538166278, 538166278, 0), (538166278, 261160185, 0), (2468042247, 261158025, 0), (2468042252, 2468042247, 0)]
ERR 2: Census Tract 303 Census Tract 8307 -- No path found, (261159011, 257168646), [(26794614, 257168646, 0), (26794623, 257095285, 0), (257095285, 257167962, 0), (257108503, 260099994, 0), (257112419, 257112419, 0), (257112419, 257108503, 0), (257167962, 257375160, 0), (257169230, 10080927066, 0), (257375160, 257169230, 0), (260099994, 26794623, 0), (7324507927, 26794614, 0), (10080927065, 7324507927, 0), (10080927066, 10080927065, 0)]
ERR 2: Census Tract 303 Census Tract 8308 -- No path found, (261159011, 264415063), [(26794558, 306045111, 0), (26794572, 257168668, 0), (256170553, 4147982414, 0), (257110951, 264414966, 0), (257168668, 257110951, 0), (261132263, 261156608, 0), (261156608, 307940832, 0), (264414966, 264415063, 0), (306045111, 1299650218, 0), (306045438, 306045623, 0), (306045440, 26794572, 0), (306045623, 306045440, 0), (306045652, 306045438, 0), (306045708, 306045652, 0), (306046491, 7614087408, 0), (306046502, 306046491, 0), (306046503, 4332503809, 0), (306047311, 4332494924, 0), (306047312, 306047313, 0), (306047313, 4332494927, 0), (307940832, 11337127508, 0), (307940846, 307940886, 0), (307940886, 307940891, 0), (307940891, 256170553, 0), (1299650218, 306045708, 0), (2397341526, 261132263, 0), (2397341531, 2397341526, 0), (2397341531, 2397341531, 0), (4147982414, 10844809889, 0), (4332494924, 306047312, 0), (4332494927, 306046503, 0), (4332503809, 306046502, 0), (7614087408, 26794558, 0), (10844809889, 306047311, 0), (11337127508, 307940846, 0)]
ERR 2: Census Tract 303 Census Tract 8419 -- No path found, (261159011, 256612742), [(1655435350, 256612742, 0), (1655457006, 1655457007, 0), (1655457007, 1655435350, 0), (1923791237, 2203813886, 0), (1923791237, 1923791237, 0), (2203813886, 1655457006, 0)]
ERR: Census Tract 2425 Census Tract 7608.01 -- No solution found, Unable to retrieve attribute 'X'
ERR: Census Tract 2425 Census Tract 9800 -- No solution found, Unable to retrieve attribute 'X'
ERR 2: Census Tract 2426 Census Tract 2426 -- No path found, (261119857, 261119857), [(261119869, 365024930, 0), (261132158, 261141613, 0), (261141613, 261207085, 0), (261156597, 261132158, 0), (261198921, 261119857, 0), (261198922, 261198921, 0), (261207075, 346048537, 0), (261207085, 346054072, 0), (344250624, 5891694372, 0), (344253106, 344250624, 0), (346048221, 346048369, 0), (346048369, 261207075, 0), (346048537, 346048899, 0), (346048899, 346050145, 0), (346050145, 346050353, 0), (346050353, 346050520, 0), (346050520, 346051384, 0), (346051384, 346051631, 0), (346051631, 346052328, 0), (346052328, 346052838, 0), (346052838, 353792433, 0), (346054072, 261198922, 0), (346054074, 261156597, 0), (346054076, 346054074, 0), (353792433, 346054076, 0), (365024877, 261119869, 0), (365024927, 365024877, 0), (365024927, 365024927, 0), (365024930, 344253106, 0), (5891694372, 5891694373, 0), (5891694373, 346048221, 0)]
ERR 2: Census Tract 2426 Census Tract 2428 -- No path found, (261119857, 261132146), [(43503249, 261183544, 0), (261114939, 261115163, 0), (261115163, 261163627, 0), (261132147, 261132146, 0), (261132148, 261132147, 0), (261132149, 261132148, 0), (261135333, 261163631, 0), (261163618, 365024820, 0), (261163627, 261163628, 0), (261163628, 261163629, 0), (261163629, 261163630, 0), (261163630, 261135333, 0), (261163631, 261132149, 0), (261183544, 261183545, 0), (261183545, 261183546, 0), (261183546, 261163618, 0), (262367488, 365024811, 0), (314768946, 354053082, 0), (354053082, 354053085, 0), (354053085, 261114939, 0), (365024811, 5891694337, 0), (365024817, 262367488, 0), (365024820, 365024817, 0), (365024877, 43503249, 0), (365024927, 365024877, 0), (365024927, 365024927, 0), (5891694337, 5891694338, 0), (5891694338, 314768946, 0)]
ERR 2: Census Tract 2426 Census Tract 2431 -- No path found, (261119857, 261115158), [(43503249, 261183544, 0), (261114939, 261115163, 0), (261115160, 261115158, 0), (261115161, 261115160, 0), (261115162, 261115161, 0), (261115163, 261115162, 0), (261163618, 365024820, 0), (261183544, 261183545, 0), (261183545, 261183546, 0), (261183546, 261163618, 0), (262367488, 365024811, 0), (314768946, 354053082, 0), (354053082, 354053085, 0), (354053085, 261114939, 0), (365024811, 5891694337, 0), (365024817, 262367488, 0), (365024820, 365024817, 0), (365024877, 43503249, 0), (365024927, 365024877, 0), (365024927, 365024927, 0), (5891694337, 5891694338, 0), (5891694338, 314768946, 0)]
ERR 2: Census Tract 2426 Census Tract 2819 -- No path found, (261119857, 257381494), [(28358883, 28358888, 0), (28358888, 28358891, 0), (28358891, 28358895, 0), (28358895, 271167057, 0), (257381489, 257381494, 0), (257381516, 257381489, 0), (271166509, 3921106500, 0), (271166785, 619040194, 0), (271166846, 271166785, 0), (271167057, 271166846, 0), (619040194, 271166509, 0), (619625983, 1536858520, 0), (1536858520, 28358883, 0), (3682780135, 619625983, 0), (3682780135, 3682780135, 0), (3921106500, 11061920316, 0), (11061920316, 257381516, 0)]
ERR 2: Census Tract 2426 Census Tract 3201 -- No path found, (261119857, 623820257), [(258022758, 271188194, 0), (258022762, 271187550, 0), (271187550, 271187564, 0), (271187564, 740367296, 0), (271188194, 623820258, 0), (271188336, 10838732049, 0), (272350581, 7142848056, 0), (619011842, 272350581, 0), (623820258, 623820257, 0), (740367296, 2787312481, 0), (1107253707, 1107253707, 0), (1107253707, 1107253804, 0), (1107253804, 258022762, 0), (2392243937, 619011842, 0), (2787312481, 271188336, 0), (7142848056, 258022758, 0), (10838732049, 10838732050, 0), (10838732050, 2392243937, 0)]
ERR 2: Census Tract 2426 Census Tract 621 -- No path found, (261119857, 262225045), [(250278964, 308430830, 0), (250278980, 1764458394, 0), (250278983, 308430867, 0), (261145267, 308441076, 0), (261187506, 262171558, 0), (262171558, 262225045, 0), (308430828, 250278980, 0), (308430829, 308430828, 0), (308430830, 308430829, 0), (308430867, 250278964, 0), (308430869, 250278983, 0), (308430872, 308430869, 0), (308441076, 2518161246, 0), (495674282, 261145267, 0), (495674285, 495674282, 0), (1764458394, 261187506, 0), (2518161246, 2518161247, 0), (2518161247, 2518161248, 0), (2518161248, 2662779629, 0), (2584233690, 495674285, 0), (2584233700, 2584233700, 0), (2584233700, 2584233690, 0), (2662779629, 308430872, 0)]
ERR 2: Census Tract 2426 Census Tract 702 -- No path found, (261119857, 261141229), [(26817975, 261141227, 0), (250756035, 261141224, 0), (261141224, 261141225, 0), (261141225, 26817975, 0), (261141227, 261141228, 0), (261141228, 261141229, 0), (261197248, 388773352, 0), (261221362, 250756035, 0), (314768213, 261197248, 0), (314768213, 314768213, 0), (388773352, 261221362, 0)]
ERR 2: Census Tract 2426 Census Tract 817 -- No path found, (261119857, 2291929239), [(258023318, 2291929237, 0), (258024205, 619626858, 0), (310697817, 619626336, 0), (310697880, 310697907, 0), (310697907, 258024205, 0), (619626336, 310697880, 0), (619626858, 258023318, 0), (2291929237, 2291929239, 0), (3682780135, 310697817, 0), (3682780135, 3682780135, 0)]
ERR 2: Census Tract 2426 Census Tract 818 -- No path found, (261119857, 709413342), [(257957639, 257957640, 0), (257957640, 257957641, 0), (257957641, 709413333, 0), (310697817, 257957639, 0), (709413333, 709413342, 0), (3682780135, 310697817, 0), (3682780135, 3682780135, 0)]
ERR 2: Census Tract 2426 Census Tract 8330 -- No path found, (261119857, 258956097), [(256591099, 1676390756, 0), (256613293, 261239964, 0), (261143286, 410791905, 0), (261209662, 261143286, 0), (261239963, 5970344154, 0), (261239964, 261239963, 0), (410791905, 418155586, 0), (410791918, 258956097, 0), (418155586, 410791918, 0), (1308245851, 1308245884, 0), (1308245880, 1308245886, 0), (1308245882, 1324316159, 0), (1308245884, 1308245880, 0), (1308245886, 1308245882, 0), (1324316156, 1640004517, 0), (1324316159, 1324316156, 0), (1640004517, 256591099, 0), (1676390756, 256613293, 0), (2004538828, 1308245851, 0), (2203792340, 2004538828, 0), (2203792340, 2203792340, 0), (5970344154, 261209662, 0)]
ERR 2: Census Tract 2426 Census Tract 8368 -- No path found, (261119857, 261221003), [(261123885, 261221003, 0), (261132070, 261132071, 0), (261132071, 261132072, 0), (261132072, 5140941323, 0), (261143251, 261230330, 0), (261221002, 261123885, 0), (261230330, 2042815119, 0), (2042815119, 261221002, 0), (2190712584, 2190712584, 0), (2190712584, 261132070, 0), (5140941323, 261143251, 0)]
ERR 2: Census Tract 2426 Census Tract 8381 -- No path found, (261119857, 261197750), [(256591099, 2051982639, 0), (293974158, 1937532132, 0), (708281420, 9251471276, 0), (736014657, 261197750, 0), (1308245851, 1308245884, 0), (1308245880, 1308245886, 0), (1308245882, 1324316159, 0), (1308245884, 1308245880, 0), (1308245886, 1308245882, 0), (1324316156, 1640004517, 0), (1324316159, 1324316156, 0), (1640004517, 256591099, 0), (1937532132, 708281420, 0), (2004538828, 1308245851, 0), (2051982639, 293974158, 0), (2203792340, 2004538828, 0), (2203792340, 2203792340, 0), (4336093358, 4403665398, 0), (4403665397, 736014657, 0), (4403665398, 4403665397, 0), (5892708079, 4336093358, 0), (9251471276, 5892708079, 0)]
ERR 2: Census Tract 2426 Census Tract 8391 -- No path found, (261119857, 740243448), [(28289318, 740243448, 0), (28290296, 11060811046, 0), (258957316, 258957340, 0), (258957340, 10923165760, 0), (619625983, 1536858520, 0), (1536858516, 258957316, 0), (1536858520, 1536858516, 0), (3682780135, 619625983, 0), (3682780135, 3682780135, 0), (10923165760, 28290296, 0), (11060811046, 28289318, 0)]
ERR 2: Census Tract 2426 Census Tract 8414 -- No path found, (261119857, 1446792353), [(261116541, 261132061, 0), (261116753, 261132872, 0), (261121479, 261126651, 0), (261126651, 7735711911, 0), (261132043, 1313100732, 0), (261132044, 1446789482, 0), (261132045, 261132044, 0), (261132047, 261132045, 0), (261132048, 261132047, 0), (261132049, 261132048, 0), (261132051, 261132049, 0), (261132053, 261132051, 0), (261132054, 261132053, 0), (261132057, 737087449, 0), (261132059, 261132057, 0), (261132061, 261132059, 0), (261132062, 261116541, 0), (261132063, 261121479, 0), (261132067, 261132063, 0), (261132068, 261132067, 0), (261132070, 261132068, 0), (261132866, 261132868, 0), (261132868, 261132870, 0), (261132870, 1446792370, 0), (261132872, 261132875, 0), (261132875, 1446792358, 0), (737087449, 261132054, 0), (1313100696, 261132866, 0), (1313100732, 1313100696, 0), (1446789482, 261132043, 0), (1446792358, 1446792353, 0), (1446792370, 261116753, 0), (2190712584, 2190712584, 0), (2190712584, 261132070, 0), (7735711911, 261132062, 0)]
ERR 2: Census Tract 2429 Census Tract 2429 -- No path found, (261135329, 261135329), [(43503249, 261183544, 0), (261114939, 261115163, 0), (261115163, 261163627, 0), (261135330, 261135329, 0), (261135331, 261135330, 0), (261135332, 261135331, 0), (261135333, 261135332, 0), (261163618, 365024820, 0), (261163627, 261163628, 0), (261163628, 261163629, 0), (261163629, 261163630, 0), (261163630, 261135333, 0), (261183544, 261183545, 0), (261183545, 261183546, 0), (261183546, 261163618, 0), (262367488, 365024811, 0), (314768946, 354053082, 0), (354053082, 354053085, 0), (354053085, 261114939, 0), (365024811, 5891694337, 0), (365024817, 262367488, 0), (365024820, 365024817, 0), (365024877, 43503249, 0), (365024927, 365024877, 0), (365024927, 365024927, 0), (5891694337, 5891694338, 0), (5891694338, 314768946, 0)]
ERR 2: Census Tract 2429 Census Tract 3201 -- No path found, (261135329, 623820257), [(258022758, 271188194, 0), (258022762, 271187550, 0), (271187550, 271187564, 0), (271187564, 740367296, 0), (271188194, 623820258, 0), (271188336, 10838732049, 0), (272350581, 7142848056, 0), (619011842, 272350581, 0), (623820258, 623820257, 0), (740367296, 2787312481, 0), (1107253707, 1107253707, 0), (1107253707, 1107253804, 0), (1107253804, 258022762, 0), (2392243937, 619011842, 0), (2787312481, 271188336, 0), (7142848056, 258022758, 0), (10838732049, 10838732050, 0), (10838732050, 2392243937, 0)]
ERR 2: Census Tract 2429 Census Tract 3204 -- No path found, (261135329, 258024673), [(26098097, 705003083, 0), (258024674, 258024673, 0), (258288004, 258024674, 0), (258289673, 3810503851, 0), (270863238, 7770322435, 0), (270863238, 270863238, 0), (704695482, 258288004, 0), (705003083, 258289673, 0), (1062997771, 26098097, 0), (3810503851, 704695482, 0), (7770322435, 1062997771, 0)]
ERR 2: Census Tract 2429 Census Tract 3301 -- No path found, (261135329, 269450404), [(270863238, 7770322435, 0), (270863238, 270863238, 0), (1062997771, 269450404, 0), (7770322435, 1062997771, 0)]
ERR 2: Census Tract 2429 Census Tract 712 -- No path found, (261135329, 262369215), [(250756035, 262369215, 0), (261197248, 388773352, 0), (261221362, 250756035, 0), (314768213, 261197248, 0), (314768213, 314768213, 0), (388773352, 261221362, 0)]
ERR 2: Census Tract 2429 Census Tract 815 -- No path found, (261135329, 258023463), [(29411956, 258024206, 0), (29412106, 29411956, 0), (258023316, 258023392, 0), (258023392, 258023464, 0), (258023464, 258023463, 0), (258024205, 619626858, 0), (258024206, 258023316, 0), (310697817, 619626336, 0), (310697880, 310697907, 0), (310697907, 258024205, 0), (619626336, 310697880, 0), (619626858, 29412106, 0), (3682780135, 310697817, 0), (3682780135, 3682780135, 0)]
ERR 2: Census Tract 2429 Census Tract 8378 -- No path found, (261135329, 261135318), [(261115577, 261220993, 0), (261132070, 261132071, 0), (261132071, 261132072, 0), (261132072, 261209680, 0), (261132180, 261220989, 0), (261143249, 261220999, 0), (261146445, 261198985, 0), (261154461, 261282575, 0), (261170712, 261135318, 0), (261194757, 261154461, 0), (261198985, 261115577, 0), (261209679, 261194757, 0), (261209680, 261209679, 0), (261210821, 261220996, 0), (261220989, 261170712, 0), (261220992, 261132180, 0), (261220993, 261220992, 0), (261220996, 261146445, 0), (261220998, 261210821, 0), (261220999, 261220998, 0), (261282575, 261143249, 0), (2190712584, 2190712584, 0), (2190712584, 261132070, 0)]
ERR 2: Census Tract 2429 Census Tract 8382 -- No path found, (261135329, 1324353893), [(261136237, 5893011786, 0), (261181936, 538647038, 0), (538647020, 261181936, 0), (538647038, 1308208364, 0), (1308131704, 1308131758, 0), (1308131714, 1308131704, 0), (1308131732, 1308131714, 0), (1308131758, 1318401260, 0), (1308208364, 1324363040, 0), (1318401260, 538647020, 0), (1324363040, 1324353893, 0), (2282590140, 261136237, 0), (2282590140, 2282590140, 0), (5893011786, 5893011788, 0), (5893011788, 5893011792, 0), (5893011792, 5893011797, 0), (5893011797, 5893011803, 0), (5893011803, 1308131732, 0)]
ERR 2: Census Tract 4903 Census Tract 4903 -- No path found, (261177735, 261177735), [(261137013, 1889135728, 0), (261137014, 261137013, 0), (261214314, 261177735, 0), (261214315, 261214314, 0), (366637953, 261137014, 0), (366637953, 366637953, 0), (1889135728, 6187316908, 0), (6187316908, 8891689965, 0), (8891689956, 261214315, 0), (8891689965, 8891689982, 0), (8891689982, 8891689956, 0)]
ERR 2: Census Tract 4903 Census Tract 4905 -- No path found, (261177735, 261283275), [(261096650, 261156538, 0), (261127015, 261146664, 0), (261137014, 261137015, 0), (261137015, 261146658, 0), (261146658, 261146659, 0), (261146659, 261146661, 0), (261146661, 261146663, 0), (261146663, 261127015, 0), (261146664, 261096650, 0), (261156538, 261215252, 0), (261215252, 261283275, 0), (366637953, 261137014, 0), (366637953, 366637953, 0)]
ERR 2: Census Tract 4903 Census Tract 6810 -- No path found, (261177735, 261250913), [(261110483, 715501239, 0), (261122093, 261150028, 0), (261144666, 261185758, 0), (261149424, 261185760, 0), (261150028, 365220405, 0), (261161870, 261250913, 0), (261185646, 261302492, 0), (261185755, 261144666, 0), (261185758, 261185759, 0), (261185759, 261149424, 0), (261185760, 261110483, 0), (261199924, 261122093, 0), (261199925, 261199924, 0), (261199926, 261199925, 0), (261199928, 862957878, 0), (261302492, 261161870, 0), (365220405, 538000619, 0), (538000619, 538000688, 0), (538000688, 261185646, 0), (715501239, 261199928, 0), (862957878, 862957894, 0), (862957894, 261199926, 0), (2274064880, 261185755, 0), (2274064886, 2274064880, 0), (2274064888, 2274064886, 0), (2274064888, 2274064888, 0)]
ERR 2: Census Tract 4903 Census Tract 8391 -- No path found, (261177735, 740243448), [(28289318, 740243448, 0), (28290296, 11060811046, 0), (258957316, 258957340, 0), (258957340, 10923165760, 0), (619625983, 1536858520, 0), (1536858516, 258957316, 0), (1536858520, 1536858516, 0), (3682780135, 619625983, 0), (3682780135, 3682780135, 0), (10923165760, 28290296, 0), (11060811046, 28289318, 0)]
ERR 2: Census Tract 4903 Census Tract 8399 -- No path found, (261177735, 261161832), [(261154087, 261161832, 0), (261154088, 261154087, 0), (261170295, 261250975, 0), (261170298, 261170295, 0), (261239862, 11306452117, 0), (261250975, 261250977, 0), (261250977, 261250979, 0), (261250979, 261250981, 0), (261250981, 261250983, 0), (261250983, 261154088, 0), (602411026, 602411035, 0), (602411035, 602411037, 0), (602411037, 602411039, 0), (602411039, 261239862, 0), (3448517538, 3448517538, 0), (3448517538, 602411026, 0), (11306452117, 261170298, 0)]
ERR 2: Census Tract 2512 Census Tract 2512 -- No path found, (261210209, 261210209), [(261123881, 261123882, 0), (261123882, 261123883, 0), (261123883, 408455060, 0), (261130210, 9924006954, 0), (261132070, 261132071, 0), (261132071, 261132072, 0), (261132072, 1314248313, 0), (261137218, 261258132, 0), (261148051, 4107165320, 0), (261163687, 4299934844, 0), (261163689, 6489536428, 0), (261163690, 261163691, 0), (261163691, 261163692, 0), (261163692, 261310676, 0), (261176532, 9924006950, 0), (261195015, 6375121291, 0), (261198410, 261259450, 0), (261204762, 261212970, 0), (261212970, 261221011, 0), (261221005, 261221007, 0), (261221007, 261221008, 0), (261221008, 9924006959, 0), (261221010, 261204762, 0), (261221011, 261221013, 0), (261221013, 261221014, 0), (261221014, 261221015, 0), (261221015, 261195015, 0), (261221018, 551436826, 0), (261221627, 261210209, 0), (261258132, 261198410, 0), (261259448, 5405774428, 0), (261259450, 1369171980, 0), (261310676, 261313664, 0), (261313664, 261148051, 0), (364998372, 3570728338, 0), (364999232, 364998372, 0), (408455060, 261130210, 0), (551436826, 551436855, 0), (551436855, 261259448, 0), (733198216, 261221018, 0), (1314248313, 261123881, 0), (1369171980, 364999232, 0), (2190712584, 2190712584, 0), (2190712584, 261132070, 0), (3570728338, 261163687, 0), (4107165320, 261221627, 0), (4299934842, 6489536421, 0), (4299934843, 261163689, 0), (4299934844, 4299934842, 0), (5405774428, 261137218, 0), (6375121291, 733198216, 0), (6489536421, 4299934843, 0), (6489536428, 261163690, 0), (9924006950, 9924006955, 0), (9924006954, 261176532, 0), (9924006955, 261221005, 0), (9924006959, 261221010, 0)]
ERR 2: Census Tract 2512 Census Tract 3201 -- No path found, (261210209, 623820257), [(258022758, 271188194, 0), (258022762, 271187550, 0), (271187550, 271187564, 0), (271187564, 740367296, 0), (271188194, 623820258, 0), (271188336, 10838732049, 0), (272350581, 7142848056, 0), (619011842, 272350581, 0), (623820258, 623820257, 0), (740367296, 2787312481, 0), (1107253707, 1107253707, 0), (1107253707, 1107253804, 0), (1107253804, 258022762, 0), (2392243937, 619011842, 0), (2787312481, 271188336, 0), (7142848056, 258022758, 0), (10838732049, 10838732050, 0), (10838732050, 2392243937, 0)]
ERR 2: Census Tract 4908 Census Tract 4908 -- No path found, (261127016, 261127016), [(261137014, 261137015, 0), (261137015, 261146658, 0), (261146658, 261222621, 0), (261214230, 261332210, 0), (261222621, 261222622, 0), (261222622, 261214230, 0), (261235346, 261127016, 0), (261332210, 261235346, 0), (366637953, 261137014, 0), (366637953, 366637953, 0)]
ERR 2: Census Tract 4908 Census Tract 5001 -- No path found, (261127016, 261156514), [(261119338, 261286217, 0), (261119367, 261154846, 0), (261154846, 261213261, 0), (261154847, 261119367, 0), (261154848, 261154847, 0), (261158717, 261158717, 0), (261158717, 261154848, 0), (261213261, 261262879, 0), (261215223, 261156514, 0), (261226023, 261275578, 0), (261262879, 261275586, 0), (261275578, 261119338, 0), (261275586, 11699206918, 0), (261286217, 261286222, 0), (261286222, 261215223, 0), (4158887645, 261226023, 0), (11699206918, 11699206919, 0), (11699206919, 4158887645, 0)]
ERR 2: Census Tract 4908 Census Tract 5401.02 -- No path found, (261127016, 7221588905), [(261094426, 261222648, 0), (261200854, 261222646, 0), (261205271, 261094426, 0), (261214247, 261214247, 0), (261214247, 261290360, 0), (261214262, 2158445502, 0), (261214293, 261214262, 0), (261222645, 261200854, 0), (261222646, 261222647, 0), (261222647, 261205271, 0), (261222648, 261222650, 0), (261222650, 261222651, 0), (261222651, 261222652, 0), (261222652, 261222654, 0), (261222654, 718660560, 0), (261290360, 261222645, 0), (718660560, 261214293, 0), (719098245, 7221588905, 0), (2158445502, 2247341331, 0), (2247341331, 7221588888, 0), (7221588888, 719098245, 0)]
ERR 2: Census Tract 4908 Census Tract 6611 -- No path found, (261127016, 261131902), [(261098995, 261194726, 0), (261131904, 5274567751, 0), (261134838, 261134839, 0), (261134838, 261134838, 0), (261134839, 261163892, 0), (261142091, 261259846, 0), (261162571, 261271679, 0), (261163892, 261185774, 0), (261164007, 261179903, 0), (261179903, 261098995, 0), (261185774, 261336061, 0), (261194726, 261325895, 0), (261200105, 261295828, 0), (261201117, 261325901, 0), (261204929, 261319922, 0), (261210529, 261204929, 0), (261222166, 261201117, 0), (261231233, 261131904, 0), (261259846, 261164007, 0), (261271679, 261325897, 0), (261287897, 261200105, 0), (261295828, 261222166, 0), (261319922, 261287897, 0), (261325895, 261231233, 0), (261325897, 261142091, 0), (261325899, 261162571, 0), (261325901, 261325899, 0), (261325909, 7625126089, 0), (261329627, 261325909, 0), (261336061, 261342008, 0), (261342008, 261329627, 0), (5274567751, 261131902, 0), (7625126089, 261210529, 0)]
ERR 2: Census Tract 4908 Census Tract 7003.01 -- No path found, (261127016, 261137847), [(261116443, 261163893, 0), (261116735, 261216642, 0), (261131893, 261166817, 0), (261134838, 261134839, 0), (261134838, 261134838, 0), (261134839, 261163892, 0), (261151745, 4332555759, 0), (261151748, 261151749, 0), (261151749, 261137847, 0), (261162513, 261216634, 0), (261163892, 261116443, 0), (261163893, 261163894, 0), (261163894, 261210608, 0), (261166817, 6991113807, 0), (261170055, 261184374, 0), (261174116, 4337842251, 0), (261179888, 261131893, 0), (261184374, 261116735, 0), (261192062, 261216645, 0), (261200129, 261216632, 0), (261204893, 710276542, 0), (261210608, 261204893, 0), (261213406, 261216641, 0), (261216473, 261151745, 0), (261216631, 261200129, 0), (261216632, 261216633, 0), (261216633, 261162513, 0), (261216634, 261179888, 0), (261216641, 261170055, 0), (261216642, 261174116, 0), (261216645, 261216646, 0), (261216646, 261216648, 0), (261216648, 261216649, 0), (261216649, 261216651, 0), (261216651, 261216652, 0), (261216652, 261216473, 0), (710276542, 261216631, 0), (4332555759, 261151748, 0), (4337842251, 261192062, 0), (6991113807, 261213406, 0)]
ERR 2: Census Tract 4908 Census Tract 814.01 -- No path found, (261127016, 262184019), [(33718424, 258023343, 0), (258022762, 271187550, 0), (258023343, 258023461, 0), (258023461, 258965934, 0), (258934621, 258934623, 0), (258934623, 369890932, 0), (258965934, 262184057, 0), (262184057, 262184019, 0), (271187550, 1034227190, 0), (369890932, 33718424, 0), (619019057, 2779938540, 0), (619019058, 619019057, 0), (929489865, 258934621, 0), (1034227190, 619019058, 0), (1052707326, 929489865, 0), (1107253707, 1107253707, 0), (1107253707, 1107253804, 0), (1107253804, 258022762, 0), (1386043169, 1052707326, 0), (2779938540, 10950881700, 0), (10950881700, 1386043169, 0)]
ERR 2: Census Tract 2804 Census Tract 2804 -- No path found, (261114920, 261114920), [(43503249, 261089719, 0), (261089719, 739968328, 0), (261102963, 261252008, 0), (261114919, 261114920, 0), (261220978, 733198346, 0), (261220980, 5892613802, 0), (261220981, 261220984, 0), (261220984, 261114919, 0), (261252008, 261324395, 0), (261324395, 418158489, 0), (309816217, 261102963, 0), (365024877, 43503249, 0), (365024927, 365024877, 0), (365024927, 365024927, 0), (418158479, 2607288793, 0), (418158480, 418158479, 0), (418158481, 418158480, 0), (418158482, 418158481, 0), (418158483, 9223647332, 0), (418158485, 418158483, 0), (418158486, 418158485, 0), (418158488, 418158486, 0), (418158489, 418158488, 0), (733198346, 261220980, 0), (739968328, 309816217, 0), (2607288793, 261220978, 0), (5892613800, 261220981, 0), (5892613802, 5892628803, 0), (5892613803, 5892613800, 0), (5892628803, 5892613803, 0), (9223647332, 418158482, 0)]
ERR 2: Census Tract 2804 Census Tract 2819 -- No path found, (261114920, 257381494), [(28358883, 28358888, 0), (28358888, 28358891, 0), (28358891, 28358895, 0), (28358895, 271167057, 0), (257381489, 257381494, 0), (257381516, 257381489, 0), (271166509, 3921106500, 0), (271166785, 619040194, 0), (271166846, 271166785, 0), (271167057, 271166846, 0), (619040194, 271166509, 0), (619625983, 1536858520, 0), (1536858520, 28358883, 0), (3682780135, 619625983, 0), (3682780135, 3682780135, 0), (3921106500, 11061920316, 0), (11061920316, 257381516, 0)]
ERR 2: Census Tract 3201 Census Tract 3201 -- No path found, (623820257, 623820257), [(258022758, 271188194, 0), (258022762, 271187550, 0), (271187550, 271187564, 0), (271187564, 740367296, 0), (271188194, 623820258, 0), (271188336, 10838732049, 0), (272350581, 7142848056, 0), (619011842, 272350581, 0), (623820258, 623820257, 0), (740367296, 2787312481, 0), (1107253707, 1107253707, 0), (1107253707, 1107253804, 0), (1107253804, 258022762, 0), (2392243937, 619011842, 0), (2787312481, 271188336, 0), (7142848056, 258022758, 0), (10838732049, 10838732050, 0), (10838732050, 2392243937, 0)]
ERR 2: Census Tract 3201 Census Tract 4112 -- No path found, (623820257, 261137170), [(261137190, 261207772, 0), (261140664, 261140671, 0), (261140671, 261137190, 0), (261145920, 261286244, 0), (261160185, 261140664, 0), (261167224, 261286249, 0), (261181131, 261227633, 0), (261202782, 261137170, 0), (261207772, 261145920, 0), (261227633, 261277228, 0), (261277228, 261202782, 0), (261286244, 261286247, 0), (261286247, 261167224, 0), (261286249, 261286251, 0), (261286251, 261181131, 0), (538166278, 538166278, 0), (538166278, 261160185, 0)]
ERR 2: Census Tract 3201 Census Tract 710 -- No path found, (623820257, 286369393), [(250755910, 370097351, 0), (250756035, 262369215, 0), (250756039, 286368854, 0), (261197248, 388773352, 0), (261221362, 250756035, 0), (262369215, 262369322, 0), (262369322, 250755910, 0), (286368854, 286369393, 0), (314768213, 261197248, 0), (314768213, 314768213, 0), (370097351, 370097483, 0), (370097483, 452377003, 0), (388773352, 261221362, 0), (452377003, 250756039, 0)]
ERR 2: Census Tract 3201 Census Tract 814.01 -- No path found, (623820257, 262184019), [(33718424, 258023343, 0), (258022762, 271187550, 0), (258023343, 258023461, 0), (258023461, 258965934, 0), (258934621, 258934623, 0), (258934623, 369890932, 0), (258965934, 262184057, 0), (262184057, 262184019, 0), (271187550, 1034227190, 0), (369890932, 33718424, 0), (619019057, 2779938540, 0), (619019058, 619019057, 0), (929489865, 258934621, 0), (1034227190, 619019058, 0), (1052707326, 929489865, 0), (1107253707, 1107253707, 0), (1107253707, 1107253804, 0), (1107253804, 258022762, 0), (1386043169, 1052707326, 0), (2779938540, 10950881700, 0), (10950881700, 1386043169, 0)]
ERR 2: Census Tract 3201 Census Tract 815 -- No path found, (623820257, 258023463), [(29411956, 258024206, 0), (29412106, 29411956, 0), (258023316, 258023392, 0), (258023392, 258023464, 0), (258023464, 258023463, 0), (258024205, 619626858, 0), (258024206, 258023316, 0), (310697817, 619626336, 0), (310697880, 310697907, 0), (310697907, 258024205, 0), (619626336, 310697880, 0), (619626858, 29412106, 0), (3682780135, 310697817, 0), (3682780135, 3682780135, 0)]
ERR 2: Census Tract 3201 Census Tract 818 -- No path found, (623820257, 709413342), [(257957639, 257957640, 0), (257957640, 257957641, 0), (257957641, 709413333, 0), (310697817, 257957639, 0), (709413333, 709413342, 0), (3682780135, 310697817, 0), (3682780135, 3682780135, 0)]
ERR 2: Census Tract 3201 Census Tract 8323 -- No path found, (623820257, 4332713755), [(26703648, 26703650, 0), (26703650, 26704169, 0), (26704169, 8454014149, 0), (250755950, 4332713755, 0), (260098756, 26703648, 0), (261146415, 261191260, 0), (261191259, 261146415, 0), (261191260, 261223351, 0), (261223351, 260098756, 0), (2196827063, 261191259, 0), (2196827063, 2196827063, 0), (8454014149, 250755950, 0)]
ERR 2: Census Tract 3201 Census Tract 8362 -- No path found, (623820257, 261176761), [(261137190, 261207772, 0), (261140664, 261140671, 0), (261140671, 261137190, 0), (261145920, 261286244, 0), (261160185, 261140664, 0), (261167224, 261286249, 0), (261181131, 261227633, 0), (261192511, 261176761, 0), (261202782, 261192511, 0), (261207772, 261145920, 0), (261227633, 261277228, 0), (261277228, 261202782, 0), (261286244, 261286247, 0), (261286247, 261167224, 0), (261286249, 261286251, 0), (261286251, 261181131, 0), (538166278, 538166278, 0), (538166278, 261160185, 0)]
ERR 2: Census Tract 3201 Census Tract 8382 -- No path found, (623820257, 1324353893), [(261136237, 5893011786, 0), (261181936, 538647038, 0), (538647020, 261181936, 0), (538647038, 1308208364, 0), (1308131704, 1308131758, 0), (1308131714, 1308131704, 0), (1308131732, 1308131714, 0), (1308131758, 1318401260, 0), (1308208364, 1324363040, 0), (1318401260, 538647020, 0), (1324363040, 1324353893, 0), (2282590140, 261136237, 0), (2282590140, 2282590140, 0), (5893011786, 5893011788, 0), (5893011788, 5893011792, 0), (5893011792, 5893011797, 0), (5893011797, 5893011803, 0), (5893011803, 1308131732, 0)]
ERR 2: Census Tract 3201 Census Tract 8391 -- No path found, (623820257, 740243448), [(28289318, 740243448, 0), (28290296, 11060811046, 0), (258957316, 258957340, 0), (258957340, 10923165760, 0), (619625983, 1536858520, 0), (1536858516, 258957316, 0), (1536858520, 1536858516, 0), (3682780135, 619625983, 0), (3682780135, 3682780135, 0), (10923165760, 28290296, 0), (11060811046, 28289318, 0)]
ERR: Census Tract 3201 Census Tract 9800 -- No solution found, Unable to retrieve attribute 'X'
ERR: Census Tract 2503 Census Tract 9800 -- No solution found, Unable to retrieve attribute 'X'
ERR 2: Census Tract 2504 Census Tract 2504 -- No path found, (261209750, 261209750), [(256170567, 261128256, 0), (256170803, 261229803, 0), (256170809, 256170810, 0), (256170810, 256170811, 0), (256170811, 838696890, 0), (256170816, 315577757, 0), (261128256, 261229799, 0), (261221620, 261229798, 0), (261224597, 261229210, 0), (261229210, 261296349, 0), (261229795, 1126941596, 0), (261229797, 9517344535, 0), (261229798, 261229797, 0), (261229799, 261221620, 0), (261229801, 256170567, 0), (261229803, 261229801, 0), (261263826, 261296345, 0), (261264710, 261299381, 0), (261280396, 261263826, 0), (261296345, 261264710, 0), (261296347, 261280396, 0), (261296349, 261296347, 0), (261296351, 261224597, 0), (261299381, 261209750, 0), (315577757, 261296351, 0), (315577817, 315577854, 0), (315577854, 256170816, 0), (315580491, 315577817, 0), (367776794, 256170803, 0), (367776794, 367776794, 0), (838696890, 845876400, 0), (845871851, 845876424, 0), (845876312, 256170809, 0), (845876400, 845871851, 0), (845876424, 845876453, 0), (845876453, 315580491, 0), (845876485, 845876543, 0), (845876495, 845876525, 0), (845876525, 845876485, 0), (845876543, 845876568, 0), (845876568, 845876312, 0), (1126941596, 845876495, 0), (9517344535, 261229795, 0)]
ERR 2: Census Tract 2504 Census Tract 313 -- No path found, (261209750, 153401283), [(257107907, 153401283, 0), (257108482, 257107907, 0), (257108489, 257108482, 1), (257108503, 257108489, 0), (257112419, 257112419, 0), (257112419, 257108503, 0)]
ERR 2: Census Tract 2504 Census Tract 8423 -- No path found, (261209750, 262368116), [(261193491, 261223241, 0), (261223241, 344250481, 0), (344250479, 345389426, 0), (344250481, 344250479, 0), (344357410, 11751927278, 0), (345389426, 734122955, 0), (369880823, 369880823, 0), (369880823, 261193491, 0), (734122955, 344357410, 0), (11751927278, 11751927279, 0), (11751927279, 262368116, 0)]
ERR 2: Census Tract 2505 Census Tract 2505 -- No path found, (261149051, 261149051), [(256170567, 4108993935, 0), (256170803, 261229803, 0), (261128262, 261179362, 0), (261139187, 261179356, 0), (261142699, 261179346, 0), (261145180, 261179353, 0), (261147151, 739078874, 0), (261166485, 261149051, 0), (261178121, 261139187, 0), (261179343, 261166485, 0), (261179344, 261179343, 0), (261179345, 261179344, 0), (261179346, 261179345, 0), (261179348, 261142699, 0), (261179350, 261147151, 0), (261179351, 261179350, 0), (261179352, 261179351, 0), (261179353, 261179352, 0), (261179354, 261145180, 0), (261179356, 310336169, 0), (261179357, 261178121, 0), (261179358, 261179357, 0), (261179359, 261179358, 0), (261179360, 261179359, 0), (261179361, 261179360, 0), (261179362, 261179361, 0), (261229801, 256170567, 0), (261229803, 261229801, 0), (310336169, 261179354, 0), (367776794, 256170803, 0), (367776794, 367776794, 0), (739078874, 261179348, 0), (4108993935, 4108993936, 0), (4108993936, 4108993944, 0), (4108993944, 4108993955, 0), (4108993955, 261128262, 0)]
ERR 2: Census Tract 2505 Census Tract 3201 -- No path found, (261149051, 623820257), [(258022758, 271188194, 0), (258022762, 271187550, 0), (271187550, 271187564, 0), (271187564, 740367296, 0), (271188194, 623820258, 0), (271188336, 10838732049, 0), (272350581, 7142848056, 0), (619011842, 272350581, 0), (623820258, 623820257, 0), (740367296, 2787312481, 0), (1107253707, 1107253707, 0), (1107253707, 1107253804, 0), (1107253804, 258022762, 0), (2392243937, 619011842, 0), (2787312481, 271188336, 0), (7142848056, 258022758, 0), (10838732049, 10838732050, 0), (10838732050, 2392243937, 0)]
ERR 2: Census Tract 2505 Census Tract 3204 -- No path found, (261149051, 258024673), [(26098097, 705003083, 0), (258024674, 258024673, 0), (258288004, 258024674, 0), (258289673, 3810503851, 0), (270863238, 7770322435, 0), (270863238, 270863238, 0), (704695482, 258288004, 0), (705003083, 258289673, 0), (1062997771, 26098097, 0), (3810503851, 704695482, 0), (7770322435, 1062997771, 0)]
ERR 2: Census Tract 2505 Census Tract 814.03 -- No path found, (261149051, 736932687), [(258022887, 271278847, 0), (271197330, 3856852862, 0), (271278847, 736932687, 0), (271278860, 258022887, 0), (619030961, 271278860, 0), (739118569, 739118573, 0), (739118573, 619030961, 0), (739118898, 739118569, 0), (740365189, 740365200, 0), (740365200, 740365208, 0), (740365207, 740365216, 0), (740365208, 740365209, 0), (740365209, 740365210, 0), (740365210, 740365207, 0), (740365216, 10947960098, 0), (1107253707, 1107253707, 0), (1107253707, 1107253804, 0), (1107253804, 1648106860, 0), (1648106860, 271197330, 0), (3856852862, 10947960312, 0), (10947960009, 739118898, 0), (10947960098, 10947960009, 0), (10947960312, 10947960317, 0), (10947960317, 740365189, 0)]
ERR 2: Census Tract 2505 Census Tract 815 -- No path found, (261149051, 258023463), [(29411956, 258024206, 0), (29412106, 29411956, 0), (258023316, 258023392, 0), (258023392, 258023464, 0), (258023464, 258023463, 0), (258024205, 619626858, 0), (258024206, 258023316, 0), (310697817, 619626336, 0), (310697880, 310697907, 0), (310697907, 258024205, 0), (619626336, 310697880, 0), (619626858, 29412106, 0), (3682780135, 310697817, 0), (3682780135, 3682780135, 0)]
ERR 2: Census Tract 505 Census Tract 505 -- No path found, (261235206, 261235206), [(261129977, 261134265, 0), (261132263, 261156608, 0), (261134265, 261286634, 0), (261156608, 307940832, 0), (261286634, 261235206, 0), (307940832, 11337127508, 0), (2397341526, 261132263, 0), (2397341531, 2397341526, 0), (2397341531, 2397341531, 0), (11337127508, 261129977, 0)]
ERR 2: Census Tract 505 Census Tract 508 -- No path found, (261235206, 261172260), [(307940610, 307940611, 0), (307940611, 307940612, 0), (307940612, 307940613, 0), (307940613, 307940614, 0), (307940614, 307940615, 0), (307940615, 261172260, 0), (2397341526, 4387385642, 0), (2397341531, 2397341526, 0), (2397341531, 2397341531, 0), (4387385642, 4387385644, 0), (4387385644, 6969680327, 0), (6969680327, 307940610, 0)]
ERR 2: Census Tract 505 Census Tract 604 -- No path found, (261235206, 261166441), [(261125010, 261166399, 0), (261145267, 308441076, 0), (261166399, 261166441, 0), (308441076, 2518161246, 0), (495674282, 261145267, 0), (495674285, 495674282, 0), (2447758338, 2447758340, 0), (2447758340, 2447758342, 0), (2447758342, 2447758343, 0), (2447758343, 2447758345, 0), (2447758345, 4387385671, 0), (2447758359, 2447758362, 0), (2447758362, 261125010, 0), (2518161246, 2518161247, 0), (2518161247, 2518161248, 0), (2518161248, 2662779629, 0), (2584233690, 495674285, 0), (2584233700, 2584233700, 0), (2584233700, 2584233690, 0), (2662779629, 2447758338, 0), (4387385671, 2447758359, 0)]
ERR 2: Census Tract 505 Census Tract 814.01 -- No path found, (261235206, 262184019), [(33718424, 258023343, 0), (258022762, 271187550, 0), (258023343, 258023461, 0), (258023461, 258965934, 0), (258934621, 258934623, 0), (258934623, 369890932, 0), (258965934, 262184057, 0), (262184057, 262184019, 0), (271187550, 1034227190, 0), (369890932, 33718424, 0), (619019057, 2779938540, 0), (619019058, 619019057, 0), (929489865, 258934621, 0), (1034227190, 619019058, 0), (1052707326, 929489865, 0), (1107253707, 1107253707, 0), (1107253707, 1107253804, 0), (1107253804, 258022762, 0), (1386043169, 1052707326, 0), (2779938540, 10950881700, 0), (10950881700, 1386043169, 0)]
ERR 2: Census Tract 505 Census Tract 8307 -- No path found, (261235206, 257168646), [(26794614, 257168646, 0), (26794623, 257095285, 0), (257095285, 257167962, 0), (257108503, 260099994, 0), (257112419, 257112419, 0), (257112419, 257108503, 0), (257167962, 257375160, 0), (257169230, 10080927066, 0), (257375160, 257169230, 0), (260099994, 26794623, 0), (7324507927, 26794614, 0), (10080927065, 7324507927, 0), (10080927066, 10080927065, 0)]
ERR 2: Census Tract 505 Census Tract 8308 -- No path found, (261235206, 264415063), [(26794558, 306045111, 0), (26794572, 257168668, 0), (256170553, 4147982414, 0), (257110951, 264414966, 0), (257168668, 257110951, 0), (261132263, 261156608, 0), (261156608, 307940832, 0), (264414966, 264415063, 0), (306045111, 1299650218, 0), (306045438, 306045623, 0), (306045440, 26794572, 0), (306045623, 306045440, 0), (306045652, 306045438, 0), (306045708, 306045652, 0), (306046491, 7614087408, 0), (306046502, 306046491, 0), (306046503, 4332503809, 0), (306047311, 4332494924, 0), (306047312, 306047313, 0), (306047313, 4332494927, 0), (307940832, 11337127508, 0), (307940846, 307940886, 0), (307940886, 307940891, 0), (307940891, 256170553, 0), (1299650218, 306045708, 0), (2397341526, 261132263, 0), (2397341531, 2397341526, 0), (2397341531, 2397341531, 0), (4147982414, 10844809889, 0), (4332494924, 306047312, 0), (4332494927, 306046503, 0), (4332503809, 306046502, 0), (7614087408, 26794558, 0), (10844809889, 306047311, 0), (11337127508, 307940846, 0)]
ERR 2: Census Tract 505 Census Tract 8391 -- No path found, (261235206, 740243448), [(28289318, 740243448, 0), (28290296, 11060811046, 0), (258957316, 258957340, 0), (258957340, 10923165760, 0), (619625983, 1536858520, 0), (1536858516, 258957316, 0), (1536858520, 1536858516, 0), (3682780135, 619625983, 0), (3682780135, 3682780135, 0), (10923165760, 28290296, 0), (11060811046, 28289318, 0)]
ERR 2: Census Tract 505 Census Tract 8419 -- No path found, (261235206, 256612742), [(1655435350, 256612742, 0), (1655457006, 1655457007, 0), (1655457007, 1655435350, 0), (1923791237, 2203813886, 0), (1923791237, 1923791237, 0), (2203813886, 1655457006, 0)]
ERR 2: Census Tract 505 Census Tract 8437 -- No path found, (261235206, 308435154), [(2397341526, 4387385642, 0), (2397341531, 2397341526, 0), (2397341531, 2397341531, 0), (4387385642, 4387385644, 0), (4387385644, 6969680327, 0), (6969680316, 308435154, 0), (6969680327, 6969680316, 0)]
ERR 2: Census Tract 408 Census Tract 408 -- No path found, (261141640, 261141640), [(158730531, 263985432, 0), (256170553, 306047309, 0), (261132263, 261156608, 0), (261156608, 307940832, 0), (263985428, 263985430, 0), (263985430, 261141640, 0), (263985431, 263985428, 0), (263985432, 263985431, 0), (263985433, 158730531, 0), (306047304, 263985433, 0), (306047305, 306047304, 0), (306047306, 306047305, 0), (306047307, 306047306, 0), (306047308, 306047307, 0), (306047309, 10058337707, 0), (307940832, 11337127508, 0), (307940846, 307940886, 0), (307940886, 307940891, 0), (307940891, 256170553, 0), (2397341526, 261132263, 0), (2397341531, 2397341526, 0), (2397341531, 2397341531, 0), (10058337707, 306047308, 0), (11337127508, 307940846, 0)]
ERR 2: Census Tract 408 Census Tract 506 -- No path found, (261141640, 307939992), [(26808653, 307940374, 0), (307940374, 307940376, 0), (307940376, 307940381, 0), (307940379, 307939992, 0), (307940381, 307940379, 0), (307940610, 307940611, 0), (307940611, 307940612, 0), (307940612, 307940613, 0), (307940613, 307940614, 0), (307940614, 307940615, 0), (307940615, 307940616, 0), (307940616, 26808653, 0), (2397341526, 4387385642, 0), (2397341531, 2397341526, 0), (2397341531, 2397341531, 0), (4387385642, 4387385644, 0), (4387385644, 6969680327, 0), (6969680327, 307940610, 0)]
ERR 2: Census Tract 408 Census Tract 810 -- No path found, (261141640, 2291929252), [(102680965, 261179253, 0), (102713551, 263984854, 0), (250755794, 264429518, 0), (261147577, 261147578, 0), (261147578, 250755794, 0), (261179253, 262072286, 0), (261229891, 261147577, 0), (262072286, 262072379, 0), (262072379, 102713551, 0), (263984854, 263984855, 0), (263984855, 11115030535, 0), (264429518, 2291929261, 0), (1477432263, 1477432263, 0), (1477432263, 261229891, 0), (2291929261, 102680965, 0), (11115030535, 2291929252, 0)]
ERR 2: Census Tract 408 Census Tract 814.03 -- No path found, (261141640, 736932687), [(258022887, 271278847, 0), (271197330, 3856852862, 0), (271278847, 736932687, 0), (271278860, 258022887, 0), (619030961, 271278860, 0), (739118569, 739118573, 0), (739118573, 619030961, 0), (739118898, 739118569, 0), (740365189, 740365200, 0), (740365200, 740365208, 0), (740365207, 740365216, 0), (740365208, 740365209, 0), (740365209, 740365210, 0), (740365210, 740365207, 0), (740365216, 10947960098, 0), (1107253707, 1107253707, 0), (1107253707, 1107253804, 0), (1107253804, 1648106860, 0), (1648106860, 271197330, 0), (3856852862, 10947960312, 0), (10947960009, 739118898, 0), (10947960098, 10947960009, 0), (10947960312, 10947960317, 0), (10947960317, 740365189, 0)]
ERR 2: Census Tract 408 Census Tract 8391 -- No path found, (261141640, 740243448), [(28289318, 740243448, 0), (28290296, 11060811046, 0), (258957316, 258957340, 0), (258957340, 10923165760, 0), (619625983, 1536858520, 0), (1536858516, 258957316, 0), (1536858520, 1536858516, 0), (3682780135, 619625983, 0), (3682780135, 3682780135, 0), (10923165760, 28290296, 0), (11060811046, 28289318, 0)]
ERR 2: Census Tract 501 Census Tract 501 -- No path found, (261115181, 261115181), [(26794558, 306045111, 0), (256170553, 4147982414, 0), (261132263, 261156608, 0), (261156608, 307940832, 0), (261268613, 261115181, 0), (306045111, 1299650218, 0), (306045652, 261268613, 0), (306045708, 306045652, 0), (306046491, 7614087408, 0), (306046502, 306046491, 0), (306046503, 4332503809, 0), (306047311, 4332494924, 0), (306047312, 306047313, 0), (306047313, 4332494927, 0), (307940832, 11337127508, 0), (307940846, 307940886, 0), (307940886, 307940891, 0), (307940891, 256170553, 0), (1299650218, 306045708, 0), (2397341526, 261132263, 0), (2397341531, 2397341526, 0), (2397341531, 2397341531, 0), (4147982414, 10844809889, 0), (4332494924, 306047312, 0), (4332494927, 306046503, 0), (4332503809, 306046502, 0), (7614087408, 26794558, 0), (10844809889, 306047311, 0), (11337127508, 307940846, 0)]
ERR 2: Census Tract 501 Census Tract 505 -- No path found, (261115181, 261235206), [(261129977, 261134265, 0), (261132263, 261156608, 0), (261134265, 261286634, 0), (261156608, 307940832, 0), (261286634, 261235206, 0), (307940832, 11337127508, 0), (2397341526, 261132263, 0), (2397341531, 2397341526, 0), (2397341531, 2397341531, 0), (11337127508, 261129977, 0)]
ERR 2: Census Tract 501 Census Tract 506 -- No path found, (261115181, 307939992), [(26808653, 307940374, 0), (307940374, 307940376, 0), (307940376, 307940381, 0), (307940379, 307939992, 0), (307940381, 307940379, 0), (307940610, 307940611, 0), (307940611, 307940612, 0), (307940612, 307940613, 0), (307940613, 307940614, 0), (307940614, 307940615, 0), (307940615, 307940616, 0), (307940616, 26808653, 0), (2397341526, 4387385642, 0), (2397341531, 2397341526, 0), (2397341531, 2397341531, 0), (4387385642, 4387385644, 0), (4387385644, 6969680327, 0), (6969680327, 307940610, 0)]
ERR 2: Census Tract 501 Census Tract 8331 -- No path found, (261115181, 261239964), [(256591099, 1676390756, 0), (256613293, 261239964, 0), (1308245851, 1308245884, 0), (1308245880, 1308245886, 0), (1308245882, 1324316159, 0), (1308245884, 1308245880, 0), (1308245886, 1308245882, 0), (1324316156, 1640004517, 0), (1324316159, 1324316156, 0), (1640004517, 256591099, 0), (1676390756, 256613293, 0), (2004538828, 1308245851, 0), (2203792340, 2004538828, 0), (2203792340, 2203792340, 0)]
ERR 2: Census Tract 501 Census Tract 8381 -- No path found, (261115181, 261197750), [(256591099, 2051982639, 0), (293974158, 1937532132, 0), (708281420, 9251471276, 0), (736014657, 261197750, 0), (1308245851, 1308245884, 0), (1308245880, 1308245886, 0), (1308245882, 1324316159, 0), (1308245884, 1308245880, 0), (1308245886, 1308245882, 0), (1324316156, 1640004517, 0), (1324316159, 1324316156, 0), (1640004517, 256591099, 0), (1937532132, 708281420, 0), (2004538828, 1308245851, 0), (2051982639, 293974158, 0), (2203792340, 2004538828, 0), (2203792340, 2203792340, 0), (4336093358, 4403665398, 0), (4403665397, 736014657, 0), (4403665398, 4403665397, 0), (5892708079, 4336093358, 0), (9251471276, 5892708079, 0)]
ERR 2: Census Tract 501 Census Tract 8391 -- No path found, (261115181, 740243448), [(28289318, 740243448, 0), (28290296, 11060811046, 0), (258957316, 258957340, 0), (258957340, 10923165760, 0), (619625983, 1536858520, 0), (1536858516, 258957316, 0), (1536858520, 1536858516, 0), (3682780135, 619625983, 0), (3682780135, 3682780135, 0), (10923165760, 28290296, 0), (11060811046, 28289318, 0)]
ERR 2: Census Tract 501 Census Tract 8435 -- No path found, (261115181, 261142038), [(261136237, 5893011786, 0), (261149368, 408459708, 0), (261151990, 261197745, 0), (261174717, 261151990, 0), (261176039, 261176042, 0), (261176042, 270604300, 0), (261176043, 261149368, 0), (261197745, 261210990, 0), (261200145, 261176039, 0), (261210517, 261210993, 0), (261210990, 261210992, 0), (261210992, 261210517, 0), (261210993, 261210994, 0), (261210994, 261200145, 0), (270604300, 261176043, 0), (408459708, 3908870862, 0), (2282590140, 261136237, 0), (2282590140, 2282590140, 0), (3908870862, 261142038, 0), (5893011170, 5893041386, 0), (5893011173, 5893011170, 0), (5893011175, 5893011173, 0), (5893011178, 5893011175, 0), (5893011182, 5893011178, 0), (5893011786, 5893011787, 0), (5893011787, 5893011182, 0), (5893036083, 5893052089, 0), (5893041386, 5893036083, 0), (5893052089, 261174717, 0)]
ERR 2: Census Tract 502 Census Tract 502 -- No path found, (261235213, 261235213), [(256170553, 4147982414, 0), (261132263, 261156608, 0), (261156608, 307940832, 0), (261180496, 261235213, 0), (261235210, 261235212, 0), (261235212, 261180496, 0), (306047311, 4332494924, 0), (306047312, 306047313, 0), (306047313, 261235210, 0), (307940832, 11337127508, 0), (307940846, 307940886, 0), (307940886, 307940891, 0), (307940891, 256170553, 0), (2397341526, 261132263, 0), (2397341531, 2397341526, 0), (2397341531, 2397341531, 0), (4147982414, 10844809889, 0), (4332494924, 306047312, 0), (10844809889, 306047311, 0), (11337127508, 307940846, 0)]
ERR 2: Census Tract 502 Census Tract 619.01 -- No path found, (261235213, 262169933), [(26099537, 262418295, 0), (26808049, 26808050, 0), (26808050, 262418415, 0), (26808051, 32873350, 0), (26817976, 262418616, 0), (32873350, 250278998, 0), (250278976, 259581403, 0), (250278998, 259576132, 0), (250755908, 262370259, 0), (259379863, 259575800, 0), (259380653, 259575888, 0), (259381324, 259380653, 0), (259381954, 259381324, 0), (259575800, 250278976, 0), (259575888, 259379863, 0), (259576132, 259381954, 0), (259581403, 262171169, 0), (261197248, 388773352, 0), (261264636, 264825736, 0), (262076927, 262418692, 0), (262076981, 262076927, 0), (262170052, 262169933, 0), (262171169, 262170052, 0), (262370259, 26817976, 0), (262418295, 26808049, 0), (262418415, 26808051, 0), (262418616, 262418648, 0), (262418648, 262076981, 0), (262418692, 26099537, 0), (264825736, 250755908, 0), (314768213, 261197248, 0), (314768213, 314768213, 0), (388773352, 261264636, 0)]
ERR 2: Census Tract 502 Census Tract 625 -- No path found, (261235213, 261187518), [(261145267, 261344721, 0), (261224577, 261187518, 0), (261233579, 261313392, 0), (261313392, 308431246, 0), (261344721, 261233579, 0), (308431246, 261224577, 0), (495674282, 261145267, 0), (495674285, 495674282, 0), (2584233690, 495674285, 0), (2584233700, 2584233700, 0), (2584233700, 2584233690, 0)]
ERR 2: Census Tract 502 Census Tract 710 -- No path found, (261235213, 286369393), [(250755910, 370097351, 0), (250756035, 262369215, 0), (250756039, 286368854, 0), (261197248, 388773352, 0), (261221362, 250756035, 0), (262369215, 262369322, 0), (262369322, 250755910, 0), (286368854, 286369393, 0), (314768213, 261197248, 0), (314768213, 314768213, 0), (370097351, 370097483, 0), (370097483, 452377003, 0), (388773352, 261221362, 0), (452377003, 250756039, 0)]
ERR 2: Census Tract 502 Census Tract 714 -- No path found, (261235213, 10845487506), [(26099529, 250755865, 0), (26817935, 258964877, 0), (26817937, 261197252, 0), (250755865, 250755868, 0), (250755868, 10845363503, 0), (258964877, 26099529, 0), (261142619, 26817935, 0), (261197248, 264430370, 0), (261197252, 656680113, 0), (262072125, 11455038593, 0), (264430370, 262072125, 0), (314768213, 261197248, 0), (314768213, 314768213, 0), (656680113, 261142619, 0), (10845363503, 10845487506, 0), (11455038593, 11455038594, 0), (11455038594, 26817937, 0)]
ERR 2: Census Tract 502 Census Tract 814.01 -- No path found, (261235213, 262184019), [(33718424, 258023343, 0), (258022762, 271187550, 0), (258023343, 258023461, 0), (258023461, 258965934, 0), (258934621, 258934623, 0), (258934623, 369890932, 0), (258965934, 262184057, 0), (262184057, 262184019, 0), (271187550, 1034227190, 0), (369890932, 33718424, 0), (619019057, 2779938540, 0), (619019058, 619019057, 0), (929489865, 258934621, 0), (1034227190, 619019058, 0), (1052707326, 929489865, 0), (1107253707, 1107253707, 0), (1107253707, 1107253804, 0), (1107253804, 258022762, 0), (1386043169, 1052707326, 0), (2779938540, 10950881700, 0), (10950881700, 1386043169, 0)]
ERR 2: Census Tract 502 Census Tract 817 -- No path found, (261235213, 2291929239), [(258023318, 2291929237, 0), (258024205, 619626858, 0), (310697817, 619626336, 0), (310697880, 310697907, 0), (310697907, 258024205, 0), (619626336, 310697880, 0), (619626858, 258023318, 0), (2291929237, 2291929239, 0), (3682780135, 310697817, 0), (3682780135, 3682780135, 0)]
ERR 2: Census Tract 502 Census Tract 818 -- No path found, (261235213, 709413342), [(257957639, 257957640, 0), (257957640, 257957641, 0), (257957641, 709413333, 0), (310697817, 257957639, 0), (709413333, 709413342, 0), (3682780135, 310697817, 0), (3682780135, 3682780135, 0)]
ERR 2: Census Tract 502 Census Tract 8318 -- No path found, (261235213, 261288782), [(261118614, 261158111, 0), (261128028, 261128030, 0), (261128030, 261288782, 0), (261147297, 4180038773, 0), (261158109, 261147297, 0), (261158110, 261158109, 0), (261158111, 261158110, 0), (261314564, 261128028, 0), (305529056, 5311567445, 0), (305529087, 305529056, 0), (305529088, 305529087, 0), (1447056052, 1447056052, 0), (1447056052, 261118614, 0), (4180038773, 305529088, 0), (5311567445, 261314564, 0)]
ERR 2: Census Tract 502 Census Tract 8391 -- No path found, (261235213, 740243448), [(28289318, 740243448, 0), (28290296, 11060811046, 0), (258957316, 258957340, 0), (258957340, 10923165760, 0), (619625983, 1536858520, 0), (1536858516, 258957316, 0), (1536858520, 1536858516, 0), (3682780135, 619625983, 0), (3682780135, 3682780135, 0), (10923165760, 28290296, 0), (11060811046, 28289318, 0)]
ERR 2: Census Tract 502 Census Tract 8419 -- No path found, (261235213, 256612742), [(1655435350, 256612742, 0), (1655457006, 1655457007, 0), (1655457007, 1655435350, 0), (1923791237, 2203813886, 0), (1923791237, 1923791237, 0), (2203813886, 1655457006, 0)]
ERR: Census Tract 3802 Census Tract 3802 -- No solution found, Unable to retrieve attribute 'X'
ERR 2: Census Tract 3802 Census Tract 3903 -- No path found, (8403502987, 261162602), [(261137190, 261207772, 0), (261140664, 261140671, 0), (261140671, 261137190, 0), (261160185, 261140664, 0), (261162624, 261162625, 0), (261162625, 261162626, 0), (261162626, 261162602, 0), (261176794, 261162624, 0), (261207772, 261284161, 0), (261284160, 261176794, 0), (261284161, 261284160, 0), (538166278, 538166278, 0), (538166278, 261160185, 0)]
ERR 2: Census Tract 3802 Census Tract 8391 -- No path found, (8403502987, 740243448), [(28289318, 740243448, 0), (28290296, 11060811046, 0), (258957316, 258957340, 0), (258957340, 10923165760, 0), (619625983, 1536858520, 0), (1536858516, 258957316, 0), (1536858520, 1536858516, 0), (3682780135, 619625983, 0), (3682780135, 3682780135, 0), (10923165760, 28290296, 0), (11060811046, 28289318, 0)]
ERR 2: Census Tract 7203 Census Tract 7203 -- No path found, (261285842, 261285842), [(261150739, 261225236, 0), (261163891, 261210580, 0), (261173911, 261298069, 0), (261174689, 261186281, 0), (261180937, 261197685, 0), (261181773, 261173911, 0), (261186281, 261186291, 0), (261186291, 261275523, 0), (261197685, 261225248, 0), (261204728, 710418997, 0), (261204876, 261285842, 0), (261210580, 261204876, 0), (261211649, 261225235, 0), (261211853, 9239285765, 0), (261225233, 2876584087, 0), (261225234, 261211649, 0), (261225235, 261150739, 0), (261225236, 261332956, 0), (261225248, 261225233, 0), (261275523, 261180937, 0), (261298069, 261303282, 0), (261303282, 261211853, 0), (261332956, 261332958, 0), (261332958, 261163891, 0), (710418997, 261181773, 0), (2876584087, 261225234, 0), (5893613653, 261174689, 0), (8072910544, 8072910544, 0), (8072910544, 261204728, 0), (9239285746, 5893613653, 0), (9239285765, 9239285746, 0)]
ERR 2: Census Tract 7203 Census Tract 8391 -- No path found, (261285842, 740243448), [(28289318, 740243448, 0), (28290296, 11060811046, 0), (258957316, 258957340, 0), (258957340, 10923165760, 0), (619625983, 1536858520, 0), (1536858516, 258957316, 0), (1536858520, 1536858516, 0), (3682780135, 619625983, 0), (3682780135, 3682780135, 0), (10923165760, 28290296, 0), (11060811046, 28289318, 0)]
ERR 2: Census Tract 7203 Census Tract 8422 -- No path found, (261285842, 2401648276), [(35313351, 102708202, 0), (102680962, 262368937, 0), (102680963, 4255745555, 0), (102680965, 264429937, 0), (102691173, 35313351, 0), (102708202, 265642209, 0), (250755794, 264429518, 0), (261147577, 261147578, 0), (261147578, 250755794, 0), (261229891, 261147577, 0), (261230957, 2401648276, 0), (261260014, 261230957, 0), (262368739, 264431935, 0), (262368937, 102691173, 0), (264429518, 2291929261, 0), (264429937, 264430217, 0), (264430062, 102680963, 0), (264430217, 264430062, 0), (264430961, 102680962, 0), (264431126, 264430961, 0), (264431935, 261260014, 0), (265642209, 265642220, 0), (265642220, 262368739, 0), (1477432263, 1477432263, 0), (1477432263, 261229891, 0), (2291929261, 102680965, 0), (4255745555, 264431126, 0)]
ERR 2: Census Tract 313 Census Tract 313 -- No path found, (153401283, 153401283), [(257107907, 153401283, 0), (257108482, 257107907, 0), (257108489, 257108482, 1), (257108503, 257108489, 0), (257112419, 257112419, 0), (257112419, 257108503, 0)]
ERR 2: Census Tract 313 Census Tract 3201 -- No path found, (153401283, 623820257), [(258022758, 271188194, 0), (258022762, 271187550, 0), (271187550, 271187564, 0), (271187564, 740367296, 0), (271188194, 623820258, 0), (271188336, 10838732049, 0), (272350581, 7142848056, 0), (619011842, 272350581, 0), (623820258, 623820257, 0), (740367296, 2787312481, 0), (1107253707, 1107253707, 0), (1107253707, 1107253804, 0), (1107253804, 258022762, 0), (2392243937, 619011842, 0), (2787312481, 271188336, 0), (7142848056, 258022758, 0), (10838732049, 10838732050, 0), (10838732050, 2392243937, 0)]
ERR 2: Census Tract 313 Census Tract 3301 -- No path found, (153401283, 269450404), [(270863238, 7770322435, 0), (270863238, 270863238, 0), (1062997771, 269450404, 0), (7770322435, 1062997771, 0)]
ERR 2: Census Tract 313 Census Tract 4108 -- No path found, (153401283, 261141741), [(261160185, 5710403566, 0), (538166278, 538166278, 0), (538166278, 261160185, 0), (1576269645, 261141741, 0), (5710403555, 5710403578, 0), (5710403557, 5710403576, 0), (5710403559, 5710403557, 0), (5710403564, 5710403559, 0), (5710403566, 5710403564, 0), (5710403576, 5710403555, 0), (5710403578, 1576269645, 0)]
ERR 2: Census Tract 313 Census Tract 715 -- No path found, (153401283, 10845363481), [(27440477, 713311573, 0), (102713556, 261278115, 0), (250755885, 10845363478, 0), (258964573, 258964574, 0), (258964574, 102713556, 0), (258964576, 269445370, 0), (261209198, 264429103, 0), (261229891, 261209198, 0), (261278115, 258964576, 0), (263984614, 258964573, 0), (264429103, 271147928, 0), (269445370, 269446293, 0), (269446276, 27440477, 0), (269446293, 269446276, 0), (271147928, 263984614, 0), (713311573, 10845477605, 0), (1477432263, 1477432263, 0), (1477432263, 261229891, 0), (10845363478, 10845363481, 0), (10845477605, 10845477607, 0), (10845477607, 10845477610, 0), (10845477610, 250755885, 0)]
ERR 2: Census Tract 313 Census Tract 812.01 -- No path found, (153401283, 261149262), [(102713553, 250755813, 0), (250755811, 261875667, 0), (250755813, 4043180080, 0), (261147577, 261209197, 0), (261209197, 261264057, 0), (261210849, 102713553, 0), (261229891, 261147577, 0), (261256259, 261210849, 0), (261264057, 261309128, 0), (261296050, 5068363645, 0), (261309128, 261256259, 0), (261875667, 675646169, 0), (262072430, 261296050, 0), (675646169, 261149262, 0), (1477432263, 1477432263, 0), (1477432263, 261229891, 0), (4043180079, 262072430, 0), (4043180080, 4043180079, 0), (5068363644, 250755811, 0), (5068363645, 5068363644, 0)]
ERR 2: Census Tract 313 Census Tract 818 -- No path found, (153401283, 709413342), [(257957639, 257957640, 0), (257957640, 257957641, 0), (257957641, 709413333, 0), (310697817, 257957639, 0), (709413333, 709413342, 0), (3682780135, 310697817, 0), (3682780135, 3682780135, 0)]
ERR 2: Census Tract 313 Census Tract 8311 -- No path found, (153401283, 4081947312), [(261157730, 261181602, 0), (261160342, 261178091, 0), (261160343, 261160342, 0), (261178091, 4081947312, 0), (261181602, 289550352, 0), (261181603, 261157730, 0), (263370971, 263372347, 0), (263372347, 6301950721, 0), (289550352, 289550363, 0), (289550363, 734844620, 0), (734844620, 263370971, 0), (1447529950, 261181603, 0), (1447529950, 1447529950, 0), (6301950721, 261160343, 0)]
ERR 2: Census Tract 313 Census Tract 8318 -- No path found, (153401283, 261288782), [(261118614, 261158111, 0), (261128028, 261128030, 0), (261128030, 261288782, 0), (261147297, 4180038773, 0), (261158109, 261147297, 0), (261158110, 261158109, 0), (261158111, 261158110, 0), (261314564, 261128028, 0), (305529056, 5311567445, 0), (305529087, 305529056, 0), (305529088, 305529087, 0), (1447056052, 1447056052, 0), (1447056052, 261118614, 0), (4180038773, 305529088, 0), (5311567445, 261314564, 0)]
ERR 2: Census Tract 313 Census Tract 8326 -- No path found, (153401283, 265641952), [(102686388, 265641174, 0), (102691167, 265641047, 0), (102705893, 265641952, 0), (102705894, 262368969, 0), (261197248, 388773352, 0), (262368969, 102691167, 0), (264825439, 102705894, 0), (264825456, 264825493, 0), (264825493, 264825439, 0), (265641047, 102686388, 0), (265641174, 265641449, 0), (265641449, 370096269, 0), (314768213, 261197248, 0), (314768213, 314768213, 0), (370096269, 102705893, 0), (388773352, 264825456, 0)]
ERR 2: Census Tract 313 Census Tract 8352 -- No path found, (153401283, 261134351), [(261124019, 261300245, 0), (261151754, 261238004, 0), (261168975, 261263606, 0), (261174138, 261192104, 0), (261174141, 261174138, 0), (261192104, 418473696, 0), (261199413, 261316377, 0), (261216454, 261199413, 0), (261220080, 261316382, 0), (261238004, 261316379, 0), (261263606, 261216454, 0), (261296501, 261134351, 0), (261300245, 261220080, 0), (261316377, 261151754, 0), (261316379, 261124019, 0), (261316382, 2919664112, 0), (418473696, 418514775, 0), (418474970, 418475027, 0), (418475027, 538047768, 0), (418514775, 418514823, 0), (418514823, 418474970, 0), (538047768, 261168975, 0), (538527489, 261296501, 0), (2919664112, 538527489, 0), (9322428735, 9322428735, 0), (9322428735, 261174141, 0)]
ERR 2: Census Tract 313 Census Tract 8391 -- No path found, (153401283, 740243448), [(28289318, 740243448, 0), (28290296, 11060811046, 0), (258957316, 258957340, 0), (258957340, 10923165760, 0), (619625983, 1536858520, 0), (1536858516, 258957316, 0), (1536858520, 1536858516, 0), (3682780135, 619625983, 0), (3682780135, 3682780135, 0), (10923165760, 28290296, 0), (11060811046, 28289318, 0)]
ERR 2: Census Tract 313 Census Tract 8422 -- No path found, (153401283, 2401648276), [(35313351, 102708202, 0), (102680962, 262368937, 0), (102680963, 4255745555, 0), (102680965, 264429937, 0), (102691173, 35313351, 0), (102708202, 265642209, 0), (250755794, 264429518, 0), (261147577, 261147578, 0), (261147578, 250755794, 0), (261229891, 261147577, 0), (261230957, 2401648276, 0), (261260014, 261230957, 0), (262368739, 264431935, 0), (262368937, 102691173, 0), (264429518, 2291929261, 0), (264429937, 264430217, 0), (264430062, 102680963, 0), (264430217, 264430062, 0), (264430961, 102680962, 0), (264431126, 264430961, 0), (264431935, 261260014, 0), (265642209, 265642220, 0), (265642220, 262368739, 0), (1477432263, 1477432263, 0), (1477432263, 261229891, 0), (2291929261, 102680965, 0), (4255745555, 264431126, 0)]
ERR 2: Census Tract 314 Census Tract 314 -- No path found, (260099994, 260099994), [(257108503, 260099994, 0), (257112419, 257112419, 0), (257112419, 257108503, 0)]
ERR 2: Census Tract 314 Census Tract 3201 -- No path found, (260099994, 623820257), [(258022758, 271188194, 0), (258022762, 271187550, 0), (271187550, 271187564, 0), (271187564, 740367296, 0), (271188194, 623820258, 0), (271188336, 10838732049, 0), (272350581, 7142848056, 0), (619011842, 272350581, 0), (623820258, 623820257, 0), (740367296, 2787312481, 0), (1107253707, 1107253707, 0), (1107253707, 1107253804, 0), (1107253804, 258022762, 0), (2392243937, 619011842, 0), (2787312481, 271188336, 0), (7142848056, 258022758, 0), (10838732049, 10838732050, 0), (10838732050, 2392243937, 0)]
ERR 2: Census Tract 314 Census Tract 3204 -- No path found, (260099994, 258024673), [(26098097, 705003083, 0), (258024674, 258024673, 0), (258288004, 258024674, 0), (258289673, 3810503851, 0), (270863238, 7770322435, 0), (270863238, 270863238, 0), (704695482, 258288004, 0), (705003083, 258289673, 0), (1062997771, 26098097, 0), (3810503851, 704695482, 0), (7770322435, 1062997771, 0)]
ERR 2: Census Tract 314 Census Tract 3206 -- No path found, (260099994, 258288004), [(26098097, 705003083, 0), (258289673, 3810503851, 0), (270863238, 7770322435, 0), (270863238, 270863238, 0), (704695482, 258288004, 0), (705003083, 258289673, 0), (1062997771, 26098097, 0), (3810503851, 704695482, 0), (7770322435, 1062997771, 0)]
ERR 2: Census Tract 314 Census Tract 612 -- No path found, (260099994, 261181590), [(26808650, 261181592, 0), (261145267, 308441076, 0), (261181591, 261181590, 0), (261181592, 261181591, 0), (307937570, 26808650, 0), (307937571, 307937570, 0), (307937572, 307937571, 0), (308441076, 2518161246, 0), (495674282, 261145267, 0), (495674285, 495674282, 0), (2447758338, 2447758340, 0), (2447758340, 2447758342, 0), (2447758342, 2447758343, 0), (2447758343, 2447758345, 0), (2447758345, 4387385671, 0), (2518161246, 2518161247, 0), (2518161247, 2518161248, 0), (2518161248, 2662779629, 0), (2584233690, 495674285, 0), (2584233700, 2584233700, 0), (2584233700, 2584233690, 0), (2662779629, 2447758338, 0), (4387385671, 307937572, 0)]
ERR 2: Census Tract 314 Census Tract 813 -- No path found, (260099994, 27440574), [(27440571, 27440574, 0), (250755884, 10845477611, 0), (258964107, 739096775, 0), (258964440, 250755884, 0), (261209198, 264429103, 0), (261229891, 261209198, 0), (264429103, 258964440, 0), (739096775, 27440571, 0), (1477432263, 1477432263, 0), (1477432263, 261229891, 0), (10845477611, 10845477614, 0), (10845477614, 258964107, 0)]
ERR 2: Census Tract 314 Census Tract 814.01 -- No path found, (260099994, 262184019), [(33718424, 258023343, 0), (258022762, 271187550, 0), (258023343, 258023461, 0), (258023461, 258965934, 0), (258934621, 258934623, 0), (258934623, 369890932, 0), (258965934, 262184057, 0), (262184057, 262184019, 0), (271187550, 1034227190, 0), (369890932, 33718424, 0), (619019057, 2779938540, 0), (619019058, 619019057, 0), (929489865, 258934621, 0), (1034227190, 619019058, 0), (1052707326, 929489865, 0), (1107253707, 1107253707, 0), (1107253707, 1107253804, 0), (1107253804, 258022762, 0), (1386043169, 1052707326, 0), (2779938540, 10950881700, 0), (10950881700, 1386043169, 0)]
ERR 2: Census Tract 314 Census Tract 817 -- No path found, (260099994, 2291929239), [(258023318, 2291929237, 0), (258024205, 619626858, 0), (310697817, 619626336, 0), (310697880, 310697907, 0), (310697907, 258024205, 0), (619626336, 310697880, 0), (619626858, 258023318, 0), (2291929237, 2291929239, 0), (3682780135, 310697817, 0), (3682780135, 3682780135, 0)]
ERR 2: Census Tract 314 Census Tract 818 -- No path found, (260099994, 709413342), [(257957639, 257957640, 0), (257957640, 257957641, 0), (257957641, 709413333, 0), (310697817, 257957639, 0), (709413333, 709413342, 0), (3682780135, 310697817, 0), (3682780135, 3682780135, 0)]
ERR 2: Census Tract 314 Census Tract 8319 -- No path found, (260099994, 2447758345), [(261145267, 308441076, 0), (308441076, 2518161246, 0), (495674282, 261145267, 0), (495674285, 495674282, 0), (2447758338, 2447758340, 0), (2447758340, 2447758342, 0), (2447758342, 2447758343, 0), (2447758343, 2447758345, 0), (2518161246, 2518161247, 0), (2518161247, 2518161248, 0), (2518161248, 2662779629, 0), (2584233690, 495674285, 0), (2584233700, 2584233700, 0), (2584233700, 2584233690, 0), (2662779629, 2447758338, 0)]
ERR 2: Census Tract 314 Census Tract 8382 -- No path found, (260099994, 1324353893), [(261136237, 5893011786, 0), (261181936, 538647038, 0), (538647020, 261181936, 0), (538647038, 1308208364, 0), (1308131704, 1308131758, 0), (1308131714, 1308131704, 0), (1308131732, 1308131714, 0), (1308131758, 1318401260, 0), (1308208364, 1324363040, 0), (1318401260, 538647020, 0), (1324363040, 1324353893, 0), (2282590140, 261136237, 0), (2282590140, 2282590140, 0), (5893011786, 5893011788, 0), (5893011788, 5893011792, 0), (5893011792, 5893011797, 0), (5893011797, 5893011803, 0), (5893011803, 1308131732, 0)]
ERR 2: Census Tract 314 Census Tract 8391 -- No path found, (260099994, 740243448), [(28289318, 740243448, 0), (28290296, 11060811046, 0), (258957316, 258957340, 0), (258957340, 10923165760, 0), (619625983, 1536858520, 0), (1536858516, 258957316, 0), (1536858520, 1536858516, 0), (3682780135, 619625983, 0), (3682780135, 3682780135, 0), (10923165760, 28290296, 0), (11060811046, 28289318, 0)]
ERR 2: Census Tract 513 Census Tract 513 -- No path found, (261115305, 261115305), [(261115306, 261115305, 0), (261145269, 261321214, 0), (261228215, 261115306, 0), (261228216, 261228215, 0), (261233580, 261228216, 0), (261321214, 261233580, 0), (495674284, 261145269, 0), (495674285, 2014114932, 0), (2014114913, 495674284, 0), (2014114932, 2014114913, 0), (2584233690, 495674285, 0), (2584233700, 2584233700, 0), (2584233700, 2584233690, 0)]
ERR 2: Census Tract 513 Census Tract 7505 -- No path found, (261115305, 261329458), [(261124794, 261300497, 0), (261130577, 261243171, 0), (261147937, 261269506, 0), (261166207, 261286438, 0), (261167789, 261191892, 0), (261173911, 261298069, 0), (261174669, 261300496, 0), (261174689, 2876584099, 0), (261181773, 261173911, 0), (261186290, 261166207, 0), (261191892, 261147937, 0), (261204728, 710418997, 0), (261211853, 9239285765, 0), (261218268, 261329458, 0), (261218273, 261218268, 0), (261223450, 261186290, 0), (261240810, 717472624, 0), (261243171, 261174669, 0), (261255488, 261167789, 0), (261268290, 261300494, 0), (261269506, 261124794, 0), (261277463, 4440120838, 0), (261286438, 261268290, 0), (261298069, 261303282, 0), (261300494, 261130577, 0), (261300496, 261255488, 0), (261300497, 261300498, 0), (261300498, 261240810, 0), (261303270, 261277463, 0), (261303282, 261211853, 0), (377600789, 261223450, 0), (710418997, 261181773, 0), (717472624, 261218273, 0), (2876584099, 5893657324, 0), (4440120838, 377600789, 0), (5893613653, 261174689, 0), (5893657324, 261303270, 0), (8072910544, 8072910544, 0), (8072910544, 261204728, 0), (9239285746, 5893613653, 0), (9239285765, 9239285746, 0)]
ERR: Census Tract 513 Census Tract 7608.01 -- No solution found, Unable to retrieve attribute 'X'
ERR 2: Census Tract 513 Census Tract 8319 -- No path found, (261115305, 2447758345), [(261145267, 308441076, 0), (308441076, 2518161246, 0), (495674282, 261145267, 0), (495674285, 495674282, 0), (2447758338, 2447758340, 0), (2447758340, 2447758342, 0), (2447758342, 2447758343, 0), (2447758343, 2447758345, 0), (2518161246, 2518161247, 0), (2518161247, 2518161248, 0), (2518161248, 2662779629, 0), (2584233690, 495674285, 0), (2584233700, 2584233700, 0), (2584233700, 2584233690, 0), (2662779629, 2447758338, 0)]
ERR 2: Census Tract 513 Census Tract 8391 -- No path found, (261115305, 740243448), [(28289318, 740243448, 0), (28290296, 11060811046, 0), (258957316, 258957340, 0), (258957340, 10923165760, 0), (619625983, 1536858520, 0), (1536858516, 258957316, 0), (1536858520, 1536858516, 0), (3682780135, 619625983, 0), (3682780135, 3682780135, 0), (10923165760, 28290296, 0), (11060811046, 28289318, 0)]
ERR 2: Census Tract 902 Census Tract 902 -- No path found, (261308693, 261308693), [(261131750, 261171951, 0), (261135069, 261189207, 0), (261140489, 261160378, 0), (261160377, 261140489, 0), (261160378, 261131750, 0), (261171951, 261217638, 0), (261179499, 261179500, 0), (261179500, 261324996, 0), (261189207, 261189209, 0), (261189209, 261160377, 0), (261189210, 261179499, 0), (261189210, 261189210, 0), (261194124, 473203810, 0), (261217638, 261217639, 0), (261217639, 261222544, 0), (261222544, 261308693, 0), (261290308, 261304206, 0), (261304206, 261194124, 0), (261324996, 261290308, 0), (473203810, 261135069, 0)]
ERR 2: Census Tract 1001 Census Tract 1001 -- No path found, (261239015, 261239015), [(26792807, 261091704, 0), (261091704, 261140829, 0), (261140829, 7716241549, 0), (261181099, 261234498, 0), (261181099, 261181099, 0), (261197649, 261335080, 0), (261211827, 261197649, 0), (261213691, 261211827, 0), (261234498, 261253165, 0), (261253165, 261253185, 0), (261253185, 1607719819, 0), (261335080, 261239015, 0), (266657475, 1607719928, 0), (266716445, 266716474, 0), (266716474, 26792807, 0), (286476542, 286476543, 0), (286476543, 4332884069, 0), (1607719819, 266657475, 0), (1607719928, 286476542, 0), (4332884069, 266716445, 0), (7716241549, 261213691, 0)]
ERR 2: Census Tract 1001 Census Tract 1202 -- No path found, (261239015, 261197625), [(104504033, 6718052130, 0), (104509549, 353716815, 0), (268166074, 268166091, 0), (268166091, 1785056963, 0), (270408189, 305515831, 0), (270408209, 305515604, 0), (287220215, 261197625, 0), (287220244, 104504033, 0), (287220342, 287220244, 0), (288989504, 288989552, 0), (288989506, 104509549, 0), (288989552, 288989506, 0), (305515604, 288989504, 0), (305515750, 270408189, 0), (305515831, 270408209, 0), (353716815, 268166074, 0), (1785056963, 287220342, 0), (6718052130, 287220215, 0), (6776840744, 305515750, 0), (6776840745, 6776840744, 0), (6776840745, 6776840745, 0)]
ERR 2: Census Tract 1001 Census Tract 2431 -- No path found, (261239015, 261115158), [(43503249, 261183544, 0), (261114939, 261115163, 0), (261115160, 261115158, 0), (261115161, 261115160, 0), (261115162, 261115161, 0), (261115163, 261115162, 0), (261163618, 365024820, 0), (261183544, 261183545, 0), (261183545, 261183546, 0), (261183546, 261163618, 0), (262367488, 365024811, 0), (314768946, 354053082, 0), (354053082, 354053085, 0), (354053085, 261114939, 0), (365024811, 5891694337, 0), (365024817, 262367488, 0), (365024820, 365024817, 0), (365024877, 43503249, 0), (365024927, 365024877, 0), (365024927, 365024927, 0), (5891694337, 5891694338, 0), (5891694338, 314768946, 0)]
ERR: Census Tract 1001 Census Tract 7608.01 -- No solution found, Unable to retrieve attribute 'X'
ERR 2: Census Tract 1001 Census Tract 817 -- No path found, (261239015, 2291929239), [(258023318, 2291929237, 0), (258024205, 619626858, 0), (310697817, 619626336, 0), (310697880, 310697907, 0), (310697907, 258024205, 0), (619626336, 310697880, 0), (619626858, 258023318, 0), (2291929237, 2291929239, 0), (3682780135, 310697817, 0), (3682780135, 3682780135, 0)]
ERR 2: Census Tract 1001 Census Tract 8380 -- No path found, (261239015, 261154216), [(256591099, 2051982639, 0), (261110014, 261261490, 0), (261154210, 261154211, 0), (261154211, 261154212, 0), (261154212, 261154216, 0), (261261490, 261154210, 0), (293974158, 1937532132, 0), (345098144, 345098154, 0), (345098154, 261110014, 0), (708281420, 345098144, 0), (1308245851, 1308245884, 0), (1308245880, 1308245886, 0), (1308245882, 1324316159, 0), (1308245884, 1308245880, 0), (1308245886, 1308245882, 0), (1324316156, 1640004517, 0), (1324316159, 1324316156, 0), (1640004517, 256591099, 0), (1937532132, 708281420, 0), (2004538828, 1308245851, 0), (2051982639, 293974158, 0), (2203792340, 2004538828, 0), (2203792340, 2203792340, 0)]
ERR 2: Census Tract 1001 Census Tract 8391 -- No path found, (261239015, 740243448), [(28289318, 740243448, 0), (28290296, 11060811046, 0), (258957316, 258957340, 0), (258957340, 10923165760, 0), (619625983, 1536858520, 0), (1536858516, 258957316, 0), (1536858520, 1536858516, 0), (3682780135, 619625983, 0), (3682780135, 3682780135, 0), (10923165760, 28290296, 0), (11060811046, 28289318, 0)]
ERR 2: Census Tract 1002 Census Tract 1002 -- No path found, (261284438, 261284438), [(261179322, 261284438, 0), (261179499, 261179500, 0), (261179500, 261324996, 0), (261189210, 261179499, 0), (261189210, 261189210, 0), (261194124, 473203810, 0), (261290308, 261304206, 0), (261304206, 261194124, 0), (261324996, 261290308, 0), (305892261, 305892275, 0), (305892275, 305892277, 0), (305892277, 305892280, 0), (305892280, 305892285, 0), (305892285, 305892313, 0), (305892313, 305892375, 0), (305892375, 305892379, 0), (305892379, 261179322, 0), (305892529, 305892261, 0), (473198961, 1343456683, 0), (473201367, 1343456688, 0), (473203810, 473201367, 0), (1343456683, 305892529, 0), (1343456688, 473198961, 0)]
ERR 2: Census Tract 1002 Census Tract 1003 -- No path found, (261284438, 261239029), [(261140245, 3785790476, 0), (261179494, 261140245, 0), (261179495, 261179494, 0), (261179496, 261179495, 0), (261179497, 1343383340, 0), (261179498, 261179497, 0), (261179499, 261179498, 0), (261189210, 261179499, 0), (261189210, 261189210, 0), (261222911, 261239029, 0), (1343383340, 261179496, 0), (3785790476, 261222911, 0)]
ERR 2: Census Tract 1002 Census Tract 1202 -- No path found, (261284438, 261197625), [(104504033, 6718052130, 0), (104509549, 353716815, 0), (268166074, 268166091, 0), (268166091, 1785056963, 0), (270408189, 305515831, 0), (270408209, 305515604, 0), (287220215, 261197625, 0), (287220244, 104504033, 0), (287220342, 287220244, 0), (288989504, 288989552, 0), (288989506, 104509549, 0), (288989552, 288989506, 0), (305515604, 288989504, 0), (305515750, 270408189, 0), (305515831, 270408209, 0), (353716815, 268166074, 0), (1785056963, 287220342, 0), (6718052130, 287220215, 0), (6776840744, 305515750, 0), (6776840745, 6776840744, 0), (6776840745, 6776840745, 0)]
ERR 2: Census Tract 1002 Census Tract 2801 -- No path found, (261284438, 258020602), [(28358883, 28358888, 0), (28358888, 258020603, 0), (258020603, 258956212, 0), (258956212, 258020602, 0), (619625983, 1536858520, 0), (1536858520, 28358883, 0), (3682780135, 619625983, 0), (3682780135, 3682780135, 0)]
ERR 2: Census Tract 1002 Census Tract 301.03 -- No path found, (261284438, 261159001), [(102825447, 424329169, 0), (261198152, 261242504, 0), (261226267, 261226267, 0), (261226267, 261226270, 0), (261226270, 261198152, 0), (261242504, 261325492, 0), (261294461, 261325491, 0), (261325491, 7615335554, 0), (261325492, 261294461, 0), (261325501, 3242152385, 0), (286900268, 4069458195, 0), (339269514, 1257584223, 0), (424329169, 339269514, 0), (1257584223, 286900268, 0), (3242152385, 4336169726, 0), (4069458195, 261159001, 0), (4336169726, 102825447, 0), (6346119538, 261325501, 0), (7615335554, 6346119538, 0)]
ERR 2: Census Tract 1002 Census Tract 3206 -- No path found, (261284438, 258288004), [(26098097, 705003083, 0), (258289673, 3810503851, 0), (270863238, 7770322435, 0), (270863238, 270863238, 0), (704695482, 258288004, 0), (705003083, 258289673, 0), (1062997771, 26098097, 0), (3810503851, 704695482, 0), (7770322435, 1062997771, 0)]
ERR 2: Census Tract 1002 Census Tract 8318 -- No path found, (261284438, 261288782), [(261118614, 261158111, 0), (261128028, 261128030, 0), (261128030, 261288782, 0), (261147297, 4180038773, 0), (261158109, 261147297, 0), (261158110, 261158109, 0), (261158111, 261158110, 0), (261314564, 261128028, 0), (305529056, 5311567445, 0), (305529087, 305529056, 0), (305529088, 305529087, 0), (1447056052, 1447056052, 0), (1447056052, 261118614, 0), (4180038773, 305529088, 0), (5311567445, 261314564, 0)]
ERR 2: Census Tract 1002 Census Tract 8329 -- No path found, (261284438, 1309327401), [(261126696, 1309327401, 0), (261126706, 261126707, 0), (261126707, 261126708, 0), (261126708, 261126696, 0), (1308245851, 1308245884, 0), (1308245880, 1308245886, 0), (1308245884, 1308245880, 0), (1308245886, 261126706, 0), (2004538828, 1308245851, 0), (2203792340, 2004538828, 0), (2203792340, 2203792340, 0)]
ERR 2: Census Tract 1002 Census Tract 8331 -- No path found, (261284438, 261239964), [(256591099, 1676390756, 0), (256613293, 261239964, 0), (1308245851, 1308245884, 0), (1308245880, 1308245886, 0), (1308245882, 1324316159, 0), (1308245884, 1308245880, 0), (1308245886, 1308245882, 0), (1324316156, 1640004517, 0), (1324316159, 1324316156, 0), (1640004517, 256591099, 0), (1676390756, 256613293, 0), (2004538828, 1308245851, 0), (2203792340, 2004538828, 0), (2203792340, 2203792340, 0)]
ERR 2: Census Tract 1002 Census Tract 8333 -- No path found, (261284438, 2004538727), [(2203792394, 2004538727, 0), (2203792394, 2203792394, 0)]
ERR 2: Census Tract 1002 Census Tract 8419 -- No path found, (261284438, 256612742), [(1655435350, 256612742, 0), (1655457006, 1655457007, 0), (1655457007, 1655435350, 0), (1923791237, 2203813886, 0), (1923791237, 1923791237, 0), (2203813886, 1655457006, 0)]
ERR 2: Census Tract 1002 Census Tract 902 -- No path found, (261284438, 261308693), [(261131750, 261171951, 0), (261135069, 261189207, 0), (261140489, 261160378, 0), (261160377, 261140489, 0), (261160378, 261131750, 0), (261171951, 261217638, 0), (261179499, 261179500, 0), (261179500, 261324996, 0), (261189207, 261189209, 0), (261189209, 261160377, 0), (261189210, 261179499, 0), (261189210, 261189210, 0), (261194124, 473203810, 0), (261217638, 261217639, 0), (261217639, 261222544, 0), (261222544, 261308693, 0), (261290308, 261304206, 0), (261304206, 261194124, 0), (261324996, 261290308, 0), (473203810, 261135069, 0)]
ERR 2: Census Tract 7506 Census Tract 7506 -- No path found, (261240021, 261240021), [(261114795, 261137017, 0), (261130648, 261200016, 0), (261133373, 261189378, 0), (261137014, 261137015, 0), (261137015, 261137016, 0), (261137016, 261114795, 0), (261137017, 261137018, 0), (261137018, 261137019, 0), (261137019, 261137020, 0), (261137020, 261155382, 0), (261144571, 261155393, 0), (261149497, 5342873174, 0), (261155382, 261155384, 0), (261155384, 261155385, 0), (261155385, 261155386, 0), (261155386, 261155387, 0), (261155387, 4499014591, 0), (261155388, 261155390, 0), (261155390, 261155391, 0), (261155391, 261155392, 0), (261155392, 261144571, 0), (261155393, 261155394, 0), (261155394, 261149497, 0), (261161885, 261251087, 0), (261166222, 261200014, 0), (261185698, 261255502, 0), (261189378, 261240021, 0), (261196779, 261130648, 0), (261200013, 261166222, 0), (261200014, 261200015, 0), (261200015, 261196779, 0), (261200016, 261200017, 0), (261200017, 261185698, 0), (261240020, 261133373, 0), (261251087, 261255498, 0), (261255498, 261240020, 0), (261255502, 261161885, 0), (366637953, 261137014, 0), (366637953, 366637953, 0), (4499014591, 261155388, 0), (5342873173, 261200013, 0), (5342873174, 5342873173, 0)]
ERR 2: Census Tract 7506 Census Tract 8391 -- No path found, (261240021, 740243448), [(28289318, 740243448, 0), (28290296, 11060811046, 0), (258957316, 258957340, 0), (258957340, 10923165760, 0), (619625983, 1536858520, 0), (1536858516, 258957316, 0), (1536858520, 1536858516, 0), (3682780135, 619625983, 0), (3682780135, 3682780135, 0), (10923165760, 28290296, 0), (11060811046, 28289318, 0)]
ERR 2: Census Tract 406 Census Tract 406 -- No path found, (261212626, 261212626), [(158730531, 264413978, 0), (256170553, 306047309, 0), (257110952, 264414206, 0), (261127865, 261212626, 0), (261129963, 261134301, 0), (261132263, 261156608, 0), (261134301, 257110952, 0), (261156608, 307940832, 0), (263985433, 158730531, 0), (263985482, 261129963, 0), (264413978, 263985482, 0), (264414206, 261127865, 0), (306047304, 263985433, 0), (306047305, 306047304, 0), (306047306, 306047305, 0), (306047307, 306047306, 0), (306047308, 306047307, 0), (306047309, 10058337707, 0), (307940832, 11337127508, 0), (307940846, 307940886, 0), (307940886, 307940891, 0), (307940891, 256170553, 0), (2397341526, 261132263, 0), (2397341531, 2397341526, 0), (2397341531, 2397341531, 0), (10058337707, 306047308, 0), (11337127508, 307940846, 0)]
ERR 2: Census Tract 406 Census Tract 704 -- No path found, (261212626, 261223218), [(26817984, 261191235, 0), (250278943, 2518161241, 0), (261191235, 261193481, 0), (261193481, 261223218, 0), (261296684, 308441301, 0), (308440993, 308441001, 0), (308441001, 308441025, 0), (308441017, 308441050, 0), (308441025, 308441046, 0), (308441033, 26817984, 0), (308441046, 308441017, 0), (308441050, 308441033, 0), (308441268, 250278943, 0), (308441301, 308441268, 0), (495674281, 261296684, 0), (2518161241, 308440993, 0), (2584233690, 495674281, 0), (2584233700, 2584233700, 0), (2584233700, 2584233690, 0)]
ERR 2: Census Tract 406 Census Tract 711 -- No path found, (261212626, 370097483), [(250755910, 370097351, 0), (250756035, 262369215, 0), (261197248, 388773352, 0), (261221362, 250756035, 0), (262369215, 262369322, 0), (262369322, 250755910, 0), (314768213, 261197248, 0), (314768213, 314768213, 0), (370097351, 370097483, 0), (388773352, 261221362, 0)]
ERR 2: Census Tract 406 Census Tract 812.01 -- No path found, (261212626, 261149262), [(102713553, 250755813, 0), (250755811, 261875667, 0), (250755813, 4043180080, 0), (261147577, 261209197, 0), (261209197, 261264057, 0), (261210849, 102713553, 0), (261229891, 261147577, 0), (261256259, 261210849, 0), (261264057, 261309128, 0), (261296050, 5068363645, 0), (261309128, 261256259, 0), (261875667, 675646169, 0), (262072430, 261296050, 0), (675646169, 261149262, 0), (1477432263, 1477432263, 0), (1477432263, 261229891, 0), (4043180079, 262072430, 0), (4043180080, 4043180079, 0), (5068363644, 250755811, 0), (5068363645, 5068363644, 0)]
ERR 2: Census Tract 406 Census Tract 814.01 -- No path found, (261212626, 262184019), [(33718424, 258023343, 0), (258022762, 271187550, 0), (258023343, 258023461, 0), (258023461, 258965934, 0), (258934621, 258934623, 0), (258934623, 369890932, 0), (258965934, 262184057, 0), (262184057, 262184019, 0), (271187550, 1034227190, 0), (369890932, 33718424, 0), (619019057, 2779938540, 0), (619019058, 619019057, 0), (929489865, 258934621, 0), (1034227190, 619019058, 0), (1052707326, 929489865, 0), (1107253707, 1107253707, 0), (1107253707, 1107253804, 0), (1107253804, 258022762, 0), (1386043169, 1052707326, 0), (2779938540, 10950881700, 0), (10950881700, 1386043169, 0)]
ERR 2: Census Tract 406 Census Tract 814.03 -- No path found, (261212626, 736932687), [(258022887, 271278847, 0), (271197330, 3856852862, 0), (271278847, 736932687, 0), (271278860, 258022887, 0), (619030961, 271278860, 0), (739118569, 739118573, 0), (739118573, 619030961, 0), (739118898, 739118569, 0), (740365189, 740365200, 0), (740365200, 740365208, 0), (740365207, 740365216, 0), (740365208, 740365209, 0), (740365209, 740365210, 0), (740365210, 740365207, 0), (740365216, 10947960098, 0), (1107253707, 1107253707, 0), (1107253707, 1107253804, 0), (1107253804, 1648106860, 0), (1648106860, 271197330, 0), (3856852862, 10947960312, 0), (10947960009, 739118898, 0), (10947960098, 10947960009, 0), (10947960312, 10947960317, 0), (10947960317, 740365189, 0)]
ERR 2: Census Tract 406 Census Tract 815 -- No path found, (261212626, 258023463), [(29411956, 258024206, 0), (29412106, 29411956, 0), (258023316, 258023392, 0), (258023392, 258023464, 0), (258023464, 258023463, 0), (258024205, 619626858, 0), (258024206, 258023316, 0), (310697817, 619626336, 0), (310697880, 310697907, 0), (310697907, 258024205, 0), (619626336, 310697880, 0), (619626858, 29412106, 0), (3682780135, 310697817, 0), (3682780135, 3682780135, 0)]
ERR 2: Census Tract 406 Census Tract 816 -- No path found, (261212626, 258023465), [(29411954, 258023465, 0), (29411955, 29411954, 0), (29411956, 29411955, 0), (29412106, 29411956, 0), (258024205, 619626858, 0), (310697817, 619626336, 0), (310697880, 310697907, 0), (310697907, 258024205, 0), (619626336, 310697880, 0), (619626858, 29412106, 0), (3682780135, 310697817, 0), (3682780135, 3682780135, 0)]
ERR 2: Census Tract 406 Census Tract 818 -- No path found, (261212626, 709413342), [(257957639, 257957640, 0), (257957640, 257957641, 0), (257957641, 709413333, 0), (310697817, 257957639, 0), (709413333, 709413342, 0), (3682780135, 310697817, 0), (3682780135, 3682780135, 0)]
ERR 2: Census Tract 406 Census Tract 8330 -- No path found, (261212626, 258956097), [(256591099, 1676390756, 0), (256613293, 261239964, 0), (261143286, 410791905, 0), (261209662, 261143286, 0), (261239963, 5970344154, 0), (261239964, 261239963, 0), (410791905, 418155586, 0), (410791918, 258956097, 0), (418155586, 410791918, 0), (1308245851, 1308245884, 0), (1308245880, 1308245886, 0), (1308245882, 1324316159, 0), (1308245884, 1308245880, 0), (1308245886, 1308245882, 0), (1324316156, 1640004517, 0), (1324316159, 1324316156, 0), (1640004517, 256591099, 0), (1676390756, 256613293, 0), (2004538828, 1308245851, 0), (2203792340, 2004538828, 0), (2203792340, 2203792340, 0), (5970344154, 261209662, 0)]
ERR 2: Census Tract 406 Census Tract 8333 -- No path found, (261212626, 2004538727), [(2203792394, 2004538727, 0), (2203792394, 2203792394, 0)]
ERR 2: Census Tract 406 Census Tract 8370 -- No path found, (261212626, 261164028), [(261132068, 261154162, 0), (261132070, 261132068, 0), (261154157, 261164028, 0), (261154158, 261154157, 0), (261154159, 261154158, 0), (261154160, 261154159, 0), (261154161, 261154160, 0), (261154162, 261154161, 0), (2190712584, 2190712584, 0), (2190712584, 261132070, 0)]
ERR 2: Census Tract 406 Census Tract 8391 -- No path found, (261212626, 740243448), [(28289318, 740243448, 0), (28290296, 11060811046, 0), (258957316, 258957340, 0), (258957340, 10923165760, 0), (619625983, 1536858520, 0), (1536858516, 258957316, 0), (1536858520, 1536858516, 0), (3682780135, 619625983, 0), (3682780135, 3682780135, 0), (10923165760, 28290296, 0), (11060811046, 28289318, 0)]
ERR 2: Census Tract 407 Census Tract 407 -- No path found, (261212644, 261212644), [(261114268, 261158081, 0), (261128135, 261196548, 0), (261140924, 261169159, 0), (261147304, 261114268, 0), (261158081, 261237393, 0), (261169159, 261202027, 0), (261170249, 261128135, 0), (261196548, 261355889, 0), (261202027, 261170249, 0), (261211814, 305519653, 0), (261215915, 261348529, 0), (261237393, 261266698, 0), (261238992, 261211814, 0), (261266698, 264166661, 0), (261266737, 261140924, 0), (261299091, 261147304, 0), (261348529, 261299091, 0), (261355889, 261215915, 0), (264166661, 286899871, 0), (286899861, 261212644, 0), (286899869, 286899870, 0), (286899870, 286899861, 0), (286899871, 286899869, 0), (305519653, 261266737, 0), (2196305817, 2196305817, 0), (2196305817, 261238992, 0)]
ERR 2: Census Tract 407 Census Tract 408 -- No path found, (261212644, 261141640), [(158730531, 263985432, 0), (256170553, 306047309, 0), (261132263, 261156608, 0), (261156608, 307940832, 0), (263985428, 263985430, 0), (263985430, 261141640, 0), (263985431, 263985428, 0), (263985432, 263985431, 0), (263985433, 158730531, 0), (306047304, 263985433, 0), (306047305, 306047304, 0), (306047306, 306047305, 0), (306047307, 306047306, 0), (306047308, 306047307, 0), (306047309, 10058337707, 0), (307940832, 11337127508, 0), (307940846, 307940886, 0), (307940886, 307940891, 0), (307940891, 256170553, 0), (2397341526, 261132263, 0), (2397341531, 2397341526, 0), (2397341531, 2397341531, 0), (10058337707, 306047308, 0), (11337127508, 307940846, 0)]
ERR 2: Census Tract 407 Census Tract 812.01 -- No path found, (261212644, 261149262), [(102713553, 250755813, 0), (250755811, 261875667, 0), (250755813, 4043180080, 0), (261147577, 261209197, 0), (261209197, 261264057, 0), (261210849, 102713553, 0), (261229891, 261147577, 0), (261256259, 261210849, 0), (261264057, 261309128, 0), (261296050, 5068363645, 0), (261309128, 261256259, 0), (261875667, 675646169, 0), (262072430, 261296050, 0), (675646169, 261149262, 0), (1477432263, 1477432263, 0), (1477432263, 261229891, 0), (4043180079, 262072430, 0), (4043180080, 4043180079, 0), (5068363644, 250755811, 0), (5068363645, 5068363644, 0)]
ERR 2: Census Tract 407 Census Tract 814.02 -- No path found, (261212644, 736932687), [(258022887, 271278847, 0), (271197330, 3856852862, 0), (271278847, 736932687, 0), (271278860, 258022887, 0), (619030961, 271278860, 0), (739118569, 739118573, 0), (739118573, 619030961, 0), (739118898, 739118569, 0), (740365189, 740365200, 0), (740365200, 740365208, 0), (740365207, 740365216, 0), (740365208, 740365209, 0), (740365209, 740365210, 0), (740365210, 740365207, 0), (740365216, 10947960098, 0), (1107253707, 1107253707, 0), (1107253707, 1107253804, 0), (1107253804, 1648106860, 0), (1648106860, 271197330, 0), (3856852862, 10947960312, 0), (10947960009, 739118898, 0), (10947960098, 10947960009, 0), (10947960312, 10947960317, 0), (10947960317, 740365189, 0)]
ERR 2: Census Tract 407 Census Tract 817 -- No path found, (261212644, 2291929239), [(258023318, 2291929237, 0), (258024205, 619626858, 0), (310697817, 619626336, 0), (310697880, 310697907, 0), (310697907, 258024205, 0), (619626336, 310697880, 0), (619626858, 258023318, 0), (2291929237, 2291929239, 0), (3682780135, 310697817, 0), (3682780135, 3682780135, 0)]
ERR 2: Census Tract 407 Census Tract 8333 -- No path found, (261212644, 2004538727), [(2203792394, 2004538727, 0), (2203792394, 2203792394, 0)]
ERR 2: Census Tract 407 Census Tract 8391 -- No path found, (261212644, 740243448), [(28289318, 740243448, 0), (28290296, 11060811046, 0), (258957316, 258957340, 0), (258957340, 10923165760, 0), (619625983, 1536858520, 0), (1536858516, 258957316, 0), (1536858520, 1536858516, 0), (3682780135, 619625983, 0), (3682780135, 3682780135, 0), (10923165760, 28290296, 0), (11060811046, 28289318, 0)]
ERR: Census Tract 407 Census Tract 9800 -- No solution found, Unable to retrieve attribute 'X'
ERR: Census Tract 409 Census Tract 9800 -- No solution found, Unable to retrieve attribute 'X'
ERR 2: Census Tract 2515 Census Tract 2515 -- No path found, (261198418, 261198418), [(261123881, 261123882, 0), (261123882, 261123883, 0), (261123883, 408455060, 0), (261126519, 261221025, 0), (261130210, 9924006954, 0), (261132070, 261132071, 0), (261132071, 261132072, 0), (261132072, 1314248313, 0), (261137212, 261210204, 0), (261148046, 261126519, 0), (261176532, 9924006950, 0), (261195015, 6375121291, 0), (261204762, 261212970, 0), (261210201, 261210203, 0), (261210203, 261137212, 0), (261210204, 261198418, 0), (261212970, 261221011, 0), (261221005, 261221007, 0), (261221007, 261221008, 0), (261221008, 9924006959, 0), (261221010, 261204762, 0), (261221011, 261221013, 0), (261221013, 261221014, 0), (261221014, 261221015, 0), (261221015, 261195015, 0), (261221018, 261221020, 0), (261221020, 261221021, 0), (261221021, 261221024, 0), (261221024, 733197658, 0), (261221025, 261210201, 0), (408455060, 261130210, 0), (733197658, 261148046, 0), (733198216, 261221018, 0), (1314248313, 261123881, 0), (2190712584, 2190712584, 0), (2190712584, 261132070, 0), (6375121291, 733198216, 0), (9924006950, 9924006955, 0), (9924006954, 261176532, 0), (9924006955, 261221005, 0), (9924006959, 261221010, 0)]
ERR 2: Census Tract 2515 Census Tract 8367 -- No path found, (261198418, 261198378), [(261092571, 261222791, 0), (261132070, 261132071, 0), (261132071, 261132072, 0), (261132072, 5140941323, 0), (261143251, 261230330, 0), (261154581, 408445830, 0), (261221002, 261281946, 0), (261222789, 408447592, 0), (261222790, 261154581, 0), (261222791, 261222790, 0), (261230330, 2042815119, 0), (261248405, 261252885, 0), (261252885, 261092571, 0), (261281946, 261248405, 0), (408445830, 261222789, 0), (408447592, 408447594, 0), (408447594, 261198378, 0), (2042815119, 261221002, 0), (2190712584, 2190712584, 0), (2190712584, 261132070, 0), (5140941323, 261143251, 0)]
ERR 2: Census Tract 2519 Census Tract 2519 -- No path found, (261210198, 261210198), [(26218631, 345098644, 0), (261107631, 345098621, 0), (261121544, 261182165, 0), (261126516, 261143311, 0), (261126627, 261121544, 0), (261132068, 261154162, 0), (261132070, 261132068, 0), (261141539, 261182161, 0), (261143274, 261143308, 0), (261143308, 261143309, 0), (261143309, 261126516, 0), (261143311, 261221630, 0), (261154159, 261154466, 0), (261154160, 261154159, 0), (261154161, 261154160, 0), (261154162, 261154161, 0), (261154182, 261141539, 0), (261154466, 261107631, 0), (261182160, 5970470788, 0), (261182161, 261182160, 0), (261182162, 261154182, 0), (261182164, 261182162, 0), (261182165, 261182164, 0), (261221630, 261210198, 0), (281895452, 345098799, 0), (345098621, 26218631, 0), (345098644, 345098704, 0), (345098704, 281895452, 0), (345098799, 345098828, 0), (345098828, 345098832, 0), (345098832, 261126627, 0), (2190712584, 2190712584, 0), (2190712584, 261132070, 0), (5970470788, 5970470789, 0), (5970470789, 261143274, 0)]
ERR 2: Census Tract 2519 Census Tract 2718 -- No path found, (261210198, 261164050), [(261121475, 261126648, 0), (261121477, 261121475, 0), (261126648, 261164050, 0), (261132068, 261154162, 0), (261132070, 261132068, 0), (261154159, 261154466, 0), (261154160, 261154159, 0), (261154161, 261154160, 0), (261154162, 261154161, 0), (261154466, 261154468, 0), (261154468, 261121477, 0), (2190712584, 2190712584, 0), (2190712584, 261132070, 0)]
ERR 2: Census Tract 2519 Census Tract 3815 -- No path found, (261210198, 468419600), [(254241334, 261276410, 0), (261276410, 9969269145, 0), (1894144797, 1894144797, 0), (1894144797, 1894144806, 0), (1894144806, 254241334, 0), (9969269145, 468419600, 0)]
ERR: Census Tract 629 Census Tract 7608.01 -- No solution found, Unable to retrieve attribute 'X'
ERR 2: Census Tract 630 Census Tract 630 -- No path found, (4173985509, 4173985509), [(26817984, 308440447, 0), (250278937, 308440333, 0), (250278943, 2518161241, 0), (260099191, 4173985509, 0), (260099213, 260099191, 0), (261296684, 308441301, 0), (308440333, 308440334, 0), (308440334, 260099213, 0), (308440390, 250278937, 0), (308440440, 308440390, 0), (308440447, 308440440, 0), (308440993, 308441001, 0), (308441001, 308441025, 0), (308441017, 308441050, 0), (308441025, 308441046, 0), (308441033, 26817984, 0), (308441046, 308441017, 0), (308441050, 308441033, 0), (308441268, 250278943, 0), (308441301, 308441268, 0), (495674281, 261296684, 0), (2518161241, 308440993, 0), (2584233690, 495674281, 0), (2584233700, 2584233700, 0), (2584233700, 2584233690, 0)]
ERR 2: Census Tract 630 Census Tract 702 -- No path found, (4173985509, 261141229), [(26817975, 261141227, 0), (250756035, 261141224, 0), (261141224, 261141225, 0), (261141225, 26817975, 0), (261141227, 261141228, 0), (261141228, 261141229, 0), (261197248, 388773352, 0), (261221362, 250756035, 0), (314768213, 261197248, 0), (314768213, 314768213, 0), (388773352, 261221362, 0)]
ERR 2: Census Tract 630 Census Tract 704 -- No path found, (4173985509, 261223218), [(26817984, 261191235, 0), (250278943, 2518161241, 0), (261191235, 261193481, 0), (261193481, 261223218, 0), (261296684, 308441301, 0), (308440993, 308441001, 0), (308441001, 308441025, 0), (308441017, 308441050, 0), (308441025, 308441046, 0), (308441033, 26817984, 0), (308441046, 308441017, 0), (308441050, 308441033, 0), (308441268, 250278943, 0), (308441301, 308441268, 0), (495674281, 261296684, 0), (2518161241, 308440993, 0), (2584233690, 495674281, 0), (2584233700, 2584233700, 0), (2584233700, 2584233690, 0)]
ERR 2: Census Tract 630 Census Tract 707 -- No path found, (4173985509, 6131657470), [(261296684, 308441301, 0), (263360946, 263360950, 0), (263360950, 6131657470, 0), (308441301, 263360946, 0), (495674281, 261296684, 0), (2584233690, 495674281, 0), (2584233700, 2584233700, 0), (2584233700, 2584233690, 0)]
ERR 2: Census Tract 630 Census Tract 710 -- No path found, (4173985509, 286369393), [(250755910, 370097351, 0), (250756035, 262369215, 0), (250756039, 286368854, 0), (261197248, 388773352, 0), (261221362, 250756035, 0), (262369215, 262369322, 0), (262369322, 250755910, 0), (286368854, 286369393, 0), (314768213, 261197248, 0), (314768213, 314768213, 0), (370097351, 370097483, 0), (370097483, 452377003, 0), (388773352, 261221362, 0), (452377003, 250756039, 0)]
ERR 2: Census Tract 630 Census Tract 813 -- No path found, (4173985509, 27440574), [(27440571, 27440574, 0), (250755884, 10845477611, 0), (258964107, 739096775, 0), (258964440, 250755884, 0), (261209198, 264429103, 0), (261229891, 261209198, 0), (264429103, 258964440, 0), (739096775, 27440571, 0), (1477432263, 1477432263, 0), (1477432263, 261229891, 0), (10845477611, 10845477614, 0), (10845477614, 258964107, 0)]
ERR 2: Census Tract 630 Census Tract 814.01 -- No path found, (4173985509, 262184019), [(33718424, 258023343, 0), (258022762, 271187550, 0), (258023343, 258023461, 0), (258023461, 258965934, 0), (258934621, 258934623, 0), (258934623, 369890932, 0), (258965934, 262184057, 0), (262184057, 262184019, 0), (271187550, 1034227190, 0), (369890932, 33718424, 0), (619019057, 2779938540, 0), (619019058, 619019057, 0), (929489865, 258934621, 0), (1034227190, 619019058, 0), (1052707326, 929489865, 0), (1107253707, 1107253707, 0), (1107253707, 1107253804, 0), (1107253804, 258022762, 0), (1386043169, 1052707326, 0), (2779938540, 10950881700, 0), (10950881700, 1386043169, 0)]
ERR 2: Census Tract 630 Census Tract 815 -- No path found, (4173985509, 258023463), [(29411956, 258024206, 0), (29412106, 29411956, 0), (258023316, 258023392, 0), (258023392, 258023464, 0), (258023464, 258023463, 0), (258024205, 619626858, 0), (258024206, 258023316, 0), (310697817, 619626336, 0), (310697880, 310697907, 0), (310697907, 258024205, 0), (619626336, 310697880, 0), (619626858, 29412106, 0), (3682780135, 310697817, 0), (3682780135, 3682780135, 0)]
ERR 2: Census Tract 630 Census Tract 816 -- No path found, (4173985509, 258023465), [(29411954, 258023465, 0), (29411955, 29411954, 0), (29411956, 29411955, 0), (29412106, 29411956, 0), (258024205, 619626858, 0), (310697817, 619626336, 0), (310697880, 310697907, 0), (310697907, 258024205, 0), (619626336, 310697880, 0), (619626858, 29412106, 0), (3682780135, 310697817, 0), (3682780135, 3682780135, 0)]
ERR 2: Census Tract 630 Census Tract 817 -- No path found, (4173985509, 2291929239), [(258023318, 2291929237, 0), (258024205, 619626858, 0), (310697817, 619626336, 0), (310697880, 310697907, 0), (310697907, 258024205, 0), (619626336, 310697880, 0), (619626858, 258023318, 0), (2291929237, 2291929239, 0), (3682780135, 310697817, 0), (3682780135, 3682780135, 0)]
ERR 2: Census Tract 630 Census Tract 818 -- No path found, (4173985509, 709413342), [(257957639, 257957640, 0), (257957640, 257957641, 0), (257957641, 709413333, 0), (310697817, 257957639, 0), (709413333, 709413342, 0), (3682780135, 310697817, 0), (3682780135, 3682780135, 0)]
ERR 2: Census Tract 630 Census Tract 8330 -- No path found, (4173985509, 258956097), [(256591099, 1676390756, 0), (256613293, 261239964, 0), (261143286, 410791905, 0), (261209662, 261143286, 0), (261239963, 5970344154, 0), (261239964, 261239963, 0), (410791905, 418155586, 0), (410791918, 258956097, 0), (418155586, 410791918, 0), (1308245851, 1308245884, 0), (1308245880, 1308245886, 0), (1308245882, 1324316159, 0), (1308245884, 1308245880, 0), (1308245886, 1308245882, 0), (1324316156, 1640004517, 0), (1324316159, 1324316156, 0), (1640004517, 256591099, 0), (1676390756, 256613293, 0), (2004538828, 1308245851, 0), (2203792340, 2004538828, 0), (2203792340, 2203792340, 0), (5970344154, 261209662, 0)]
ERR 2: Census Tract 630 Census Tract 8331 -- No path found, (4173985509, 261239964), [(256591099, 1676390756, 0), (256613293, 261239964, 0), (1308245851, 1308245884, 0), (1308245880, 1308245886, 0), (1308245882, 1324316159, 0), (1308245884, 1308245880, 0), (1308245886, 1308245882, 0), (1324316156, 1640004517, 0), (1324316159, 1324316156, 0), (1640004517, 256591099, 0), (1676390756, 256613293, 0), (2004538828, 1308245851, 0), (2203792340, 2004538828, 0), (2203792340, 2203792340, 0)]
ERR 2: Census Tract 630 Census Tract 8382 -- No path found, (4173985509, 1324353893), [(261136237, 5893011786, 0), (261181936, 538647038, 0), (538647020, 261181936, 0), (538647038, 1308208364, 0), (1308131704, 1308131758, 0), (1308131714, 1308131704, 0), (1308131732, 1308131714, 0), (1308131758, 1318401260, 0), (1308208364, 1324363040, 0), (1318401260, 538647020, 0), (1324363040, 1324353893, 0), (2282590140, 261136237, 0), (2282590140, 2282590140, 0), (5893011786, 5893011788, 0), (5893011788, 5893011792, 0), (5893011792, 5893011797, 0), (5893011797, 5893011803, 0), (5893011803, 1308131732, 0)]
ERR 2: Census Tract 630 Census Tract 8391 -- No path found, (4173985509, 740243448), [(28289318, 740243448, 0), (28290296, 11060811046, 0), (258957316, 258957340, 0), (258957340, 10923165760, 0), (619625983, 1536858520, 0), (1536858516, 258957316, 0), (1536858520, 1536858516, 0), (3682780135, 619625983, 0), (3682780135, 3682780135, 0), (10923165760, 28290296, 0), (11060811046, 28289318, 0)]
ERR 2: Census Tract 630 Census Tract 8420 -- No path found, (4173985509, 1699189487), [(1699189726, 1699189487, 0), (1699189726, 1699189726, 0)]
ERR 2: Census Tract 632 Census Tract 632 -- No path found, (10845487574, 10845487574), [(26099529, 250755865, 0), (26099544, 258487701, 0), (26817935, 258964877, 0), (26817937, 261197252, 0), (250755865, 26099544, 0), (258487701, 10845487547, 0), (258964877, 26099529, 0), (261142619, 26817935, 0), (261197248, 264430370, 0), (261197252, 656680113, 0), (262072125, 11455038593, 0), (264430370, 262072125, 0), (314768213, 261197248, 0), (314768213, 314768213, 0), (656680113, 261142619, 0), (10845487547, 10845487550, 0), (10845487550, 10845487555, 0), (10845487555, 10845487558, 0), (10845487558, 10845487563, 0), (10845487563, 10845487566, 0), (10845487566, 10845487571, 0), (10845487571, 10845487574, 0), (11455038593, 11455038594, 0), (11455038594, 26817937, 0)]
ERR 2: Census Tract 632 Census Tract 703 -- No path found, (10845487574, 261236458), [(26817984, 261191235, 0), (250278943, 2518161241, 0), (261191235, 262369965, 0), (261236460, 261236458, 0), (261296684, 308441301, 0), (262369459, 261236460, 0), (262369965, 262369459, 0), (308440993, 308441001, 0), (308441001, 308441025, 0), (308441017, 308441050, 0), (308441025, 308441046, 0), (308441033, 26817984, 0), (308441046, 308441017, 0), (308441050, 308441033, 0), (308441268, 250278943, 0), (308441301, 308441268, 0), (495674281, 261296684, 0), (2518161241, 308440993, 0), (2584233690, 495674281, 0), (2584233700, 2584233700, 0), (2584233700, 2584233690, 0)]
ERR 2: Census Tract 632 Census Tract 710 -- No path found, (10845487574, 286369393), [(250755910, 370097351, 0), (250756035, 262369215, 0), (250756039, 286368854, 0), (261197248, 388773352, 0), (261221362, 250756035, 0), (262369215, 262369322, 0), (262369322, 250755910, 0), (286368854, 286369393, 0), (314768213, 261197248, 0), (314768213, 314768213, 0), (370097351, 370097483, 0), (370097483, 452377003, 0), (388773352, 261221362, 0), (452377003, 250756039, 0)]
ERR 2: Census Tract 632 Census Tract 812.01 -- No path found, (10845487574, 261149262), [(102713553, 250755813, 0), (250755811, 261875667, 0), (250755813, 4043180080, 0), (261147577, 261209197, 0), (261209197, 261264057, 0), (261210849, 102713553, 0), (261229891, 261147577, 0), (261256259, 261210849, 0), (261264057, 261309128, 0), (261296050, 5068363645, 0), (261309128, 261256259, 0), (261875667, 675646169, 0), (262072430, 261296050, 0), (675646169, 261149262, 0), (1477432263, 1477432263, 0), (1477432263, 261229891, 0), (4043180079, 262072430, 0), (4043180080, 4043180079, 0), (5068363644, 250755811, 0), (5068363645, 5068363644, 0)]
ERR 2: Census Tract 632 Census Tract 814.01 -- No path found, (10845487574, 262184019), [(33718424, 258023343, 0), (258022762, 271187550, 0), (258023343, 258023461, 0), (258023461, 258965934, 0), (258934621, 258934623, 0), (258934623, 369890932, 0), (258965934, 262184057, 0), (262184057, 262184019, 0), (271187550, 1034227190, 0), (369890932, 33718424, 0), (619019057, 2779938540, 0), (619019058, 619019057, 0), (929489865, 258934621, 0), (1034227190, 619019058, 0), (1052707326, 929489865, 0), (1107253707, 1107253707, 0), (1107253707, 1107253804, 0), (1107253804, 258022762, 0), (1386043169, 1052707326, 0), (2779938540, 10950881700, 0), (10950881700, 1386043169, 0)]
ERR 2: Census Tract 632 Census Tract 814.03 -- No path found, (10845487574, 736932687), [(258022887, 271278847, 0), (271197330, 3856852862, 0), (271278847, 736932687, 0), (271278860, 258022887, 0), (619030961, 271278860, 0), (739118569, 739118573, 0), (739118573, 619030961, 0), (739118898, 739118569, 0), (740365189, 740365200, 0), (740365200, 740365208, 0), (740365207, 740365216, 0), (740365208, 740365209, 0), (740365209, 740365210, 0), (740365210, 740365207, 0), (740365216, 10947960098, 0), (1107253707, 1107253707, 0), (1107253707, 1107253804, 0), (1107253804, 1648106860, 0), (1648106860, 271197330, 0), (3856852862, 10947960312, 0), (10947960009, 739118898, 0), (10947960098, 10947960009, 0), (10947960312, 10947960317, 0), (10947960317, 740365189, 0)]
ERR 2: Census Tract 632 Census Tract 815 -- No path found, (10845487574, 258023463), [(29411956, 258024206, 0), (29412106, 29411956, 0), (258023316, 258023392, 0), (258023392, 258023464, 0), (258023464, 258023463, 0), (258024205, 619626858, 0), (258024206, 258023316, 0), (310697817, 619626336, 0), (310697880, 310697907, 0), (310697907, 258024205, 0), (619626336, 310697880, 0), (619626858, 29412106, 0), (3682780135, 310697817, 0), (3682780135, 3682780135, 0)]
ERR 2: Census Tract 632 Census Tract 817 -- No path found, (10845487574, 2291929239), [(258023318, 2291929237, 0), (258024205, 619626858, 0), (310697817, 619626336, 0), (310697880, 310697907, 0), (310697907, 258024205, 0), (619626336, 310697880, 0), (619626858, 258023318, 0), (2291929237, 2291929239, 0), (3682780135, 310697817, 0), (3682780135, 3682780135, 0)]
ERR 2: Census Tract 632 Census Tract 818 -- No path found, (10845487574, 709413342), [(257957639, 257957640, 0), (257957640, 257957641, 0), (257957641, 709413333, 0), (310697817, 257957639, 0), (709413333, 709413342, 0), (3682780135, 310697817, 0), (3682780135, 3682780135, 0)]
ERR 2: Census Tract 632 Census Tract 8326 -- No path found, (10845487574, 265641952), [(102686388, 265641174, 0), (102691167, 265641047, 0), (102705893, 265641952, 0), (102705894, 262368969, 0), (261197248, 388773352, 0), (262368969, 102691167, 0), (264825439, 102705894, 0), (264825456, 264825493, 0), (264825493, 264825439, 0), (265641047, 102686388, 0), (265641174, 265641449, 0), (265641449, 370096269, 0), (314768213, 261197248, 0), (314768213, 314768213, 0), (370096269, 102705893, 0), (388773352, 264825456, 0)]
ERR 2: Census Tract 632 Census Tract 8330 -- No path found, (10845487574, 258956097), [(256591099, 1676390756, 0), (256613293, 261239964, 0), (261143286, 410791905, 0), (261209662, 261143286, 0), (261239963, 5970344154, 0), (261239964, 261239963, 0), (410791905, 418155586, 0), (410791918, 258956097, 0), (418155586, 410791918, 0), (1308245851, 1308245884, 0), (1308245880, 1308245886, 0), (1308245882, 1324316159, 0), (1308245884, 1308245880, 0), (1308245886, 1308245882, 0), (1324316156, 1640004517, 0), (1324316159, 1324316156, 0), (1640004517, 256591099, 0), (1676390756, 256613293, 0), (2004538828, 1308245851, 0), (2203792340, 2004538828, 0), (2203792340, 2203792340, 0), (5970344154, 261209662, 0)]
ERR 2: Census Tract 632 Census Tract 8382 -- No path found, (10845487574, 1324353893), [(261136237, 5893011786, 0), (261181936, 538647038, 0), (538647020, 261181936, 0), (538647038, 1308208364, 0), (1308131704, 1308131758, 0), (1308131714, 1308131704, 0), (1308131732, 1308131714, 0), (1308131758, 1318401260, 0), (1308208364, 1324363040, 0), (1318401260, 538647020, 0), (1324363040, 1324353893, 0), (2282590140, 261136237, 0), (2282590140, 2282590140, 0), (5893011786, 5893011788, 0), (5893011788, 5893011792, 0), (5893011792, 5893011797, 0), (5893011797, 5893011803, 0), (5893011803, 1308131732, 0)]
ERR 2: Census Tract 632 Census Tract 8391 -- No path found, (10845487574, 740243448), [(28289318, 740243448, 0), (28290296, 11060811046, 0), (258957316, 258957340, 0), (258957340, 10923165760, 0), (619625983, 1536858520, 0), (1536858516, 258957316, 0), (1536858520, 1536858516, 0), (3682780135, 619625983, 0), (3682780135, 3682780135, 0), (10923165760, 28290296, 0), (11060811046, 28289318, 0)]
ERR 2: Census Tract 632 Census Tract 8420 -- No path found, (10845487574, 1699189487), [(1699189726, 1699189487, 0), (1699189726, 1699189726, 0)]
ERR 2: Census Tract 632 Census Tract 8422 -- No path found, (10845487574, 2401648276), [(35313351, 102708202, 0), (102680962, 262368937, 0), (102680963, 4255745555, 0), (102680965, 264429937, 0), (102691173, 35313351, 0), (102708202, 265642209, 0), (250755794, 264429518, 0), (261147577, 261147578, 0), (261147578, 250755794, 0), (261229891, 261147577, 0), (261230957, 2401648276, 0), (261260014, 261230957, 0), (262368739, 264431935, 0), (262368937, 102691173, 0), (264429518, 2291929261, 0), (264429937, 264430217, 0), (264430062, 102680963, 0), (264430217, 264430062, 0), (264430961, 102680962, 0), (264431126, 264430961, 0), (264431935, 261260014, 0), (265642209, 265642220, 0), (265642220, 262368739, 0), (1477432263, 1477432263, 0), (1477432263, 261229891, 0), (2291929261, 102680965, 0), (4255745555, 264431126, 0)]
ERR 2: Census Tract 632 Census Tract 8423 -- No path found, (10845487574, 262368116), [(261193491, 261223241, 0), (261223241, 344250481, 0), (344250479, 345389426, 0), (344250481, 344250479, 0), (344357410, 11751927278, 0), (345389426, 734122955, 0), (369880823, 369880823, 0), (369880823, 261193491, 0), (734122955, 344357410, 0), (11751927278, 11751927279, 0), (11751927279, 262368116, 0)]
ERR: Census Tract 632 Census Tract 9800 -- No solution found, Unable to retrieve attribute 'X'
ERR 2: Census Tract 2518 Census Tract 2518 -- No path found, (261230310, 261230310), [(261123881, 1309728801, 0), (261132070, 261132071, 0), (261132071, 261132072, 0), (261132072, 1314248313, 0), (261151771, 261209686, 0), (261199668, 408452388, 0), (261209682, 737123163, 0), (261209686, 5970470830, 0), (261218165, 261218166, 0), (261218166, 261230310, 0), (261269407, 261269409, 0), (261269409, 261218165, 0), (408452388, 261209682, 0), (551437163, 261269407, 0), (737123163, 5970470872, 0), (737123209, 551437163, 0), (1309728801, 261199668, 0), (1314248313, 261123881, 0), (2190712584, 2190712584, 0), (2190712584, 261132070, 0), (5970470817, 737123209, 0), (5970470821, 5970470817, 0), (5970470829, 5970470821, 0), (5970470830, 5970470829, 0), (5970470841, 261151771, 0), (5970470845, 5970470841, 0), (5970470851, 5970470845, 0), (5970470853, 5970470851, 0), (5970470872, 5970470853, 0)]
ERR 2: Census Tract 2518 Census Tract 2520 -- No path found, (261230310, 2460939638), [(26218631, 345098644, 0), (261107631, 345098621, 0), (261115392, 261143316, 0), (261121549, 261133229, 0), (261132068, 261154162, 0), (261132070, 261132068, 0), (261133221, 5970485326, 0), (261133222, 261133221, 0), (261133224, 261133222, 0), (261133225, 261133224, 0), (261133226, 261133225, 0), (261133228, 261133226, 0), (261133229, 261133228, 0), (261143315, 261115392, 0), (261143316, 261143318, 0), (261143318, 2460939638, 0), (261154159, 261154466, 0), (261154160, 261154159, 0), (261154161, 261154160, 0), (261154162, 261154161, 0), (261154466, 261107631, 0), (281895452, 345098799, 0), (345098621, 26218631, 0), (345098644, 345098704, 0), (345098704, 281895452, 0), (345098799, 345098828, 0), (345098828, 345098841, 0), (345098841, 5530191689, 0), (737755646, 261121549, 0), (2190712584, 2190712584, 0), (2190712584, 261132070, 0), (5530191689, 737755646, 0), (5970470862, 261143315, 0), (5970485326, 5970470862, 0)]
ERR: Census Tract 1006 Census Tract 9800 -- No solution found, Unable to retrieve attribute 'X'
ERR 2: Census Tract 626 Census Tract 626 -- No path found, (261145267, 261145267), [(495674282, 261145267, 0), (495674285, 495674282, 0), (2584233690, 495674285, 0), (2584233700, 2584233700, 0), (2584233700, 2584233690, 0)]
ERR 2: Census Tract 626 Census Tract 815 -- No path found, (261145267, 258023463), [(29411956, 258024206, 0), (29412106, 29411956, 0), (258023316, 258023392, 0), (258023392, 258023464, 0), (258023464, 258023463, 0), (258024205, 619626858, 0), (258024206, 258023316, 0), (310697817, 619626336, 0), (310697880, 310697907, 0), (310697907, 258024205, 0), (619626336, 310697880, 0), (619626858, 29412106, 0), (3682780135, 310697817, 0), (3682780135, 3682780135, 0)]
ERR 2: Census Tract 626 Census Tract 8391 -- No path found, (261145267, 740243448), [(28289318, 740243448, 0), (28290296, 11060811046, 0), (258957316, 258957340, 0), (258957340, 10923165760, 0), (619625983, 1536858520, 0), (1536858516, 258957316, 0), (1536858520, 1536858516, 0), (3682780135, 619625983, 0), (3682780135, 3682780135, 0), (10923165760, 28290296, 0), (11060811046, 28289318, 0)]
ERR 2: Census Tract 1203 Census Tract 1203 -- No path found, (261275101, 261275101), [(261118425, 270408294, 0), (261275250, 261275101, 0), (270408294, 261275250, 0), (305515750, 261118425, 0), (6776840744, 305515750, 0), (6776840745, 6776840744, 0), (6776840745, 6776840745, 0)]
ERR 2: Census Tract 1203 Census Tract 8435 -- No path found, (261275101, 261142038), [(261136237, 5893011786, 0), (261149368, 408459708, 0), (261151990, 261197745, 0), (261174717, 261151990, 0), (261176039, 261176042, 0), (261176042, 270604300, 0), (261176043, 261149368, 0), (261197745, 261210990, 0), (261200145, 261176039, 0), (261210517, 261210993, 0), (261210990, 261210992, 0), (261210992, 261210517, 0), (261210993, 261210994, 0), (261210994, 261200145, 0), (270604300, 261176043, 0), (408459708, 3908870862, 0), (2282590140, 261136237, 0), (2282590140, 2282590140, 0), (3908870862, 261142038, 0), (5893011170, 5893041386, 0), (5893011173, 5893011170, 0), (5893011175, 5893011173, 0), (5893011178, 5893011175, 0), (5893011182, 5893011178, 0), (5893011786, 5893011787, 0), (5893011787, 5893011182, 0), (5893036083, 5893052089, 0), (5893041386, 5893036083, 0), (5893052089, 261174717, 0)]
ERR 2: Census Tract 5905 Census Tract 5905 -- No path found, (261279620, 261279620), [(256180881, 5893137255, 0), (261209262, 276585466, 0), (261209263, 261209262, 0), (261209264, 261209263, 0), (261279622, 261279620, 0), (276585466, 256180881, 0), (537965872, 537966195, 0), (537965917, 537966167, 0), (537966113, 862980835, 0), (537966160, 537965872, 0), (537966167, 537966160, 0), (537966195, 537966113, 0), (538046760, 728039409, 0), (538046846, 261279622, 0), (705676129, 10112219263, 0), (728039409, 538046846, 0), (862980835, 538046760, 0), (3448517609, 3448517609, 0), (3448517609, 261209264, 0), (5893137255, 5893137256, 0), (5893137256, 705676129, 0), (10112219263, 537965917, 0)]
ERR 2: Census Tract 5905 Census Tract 602 -- No path found, (261279620, 26794584), [(26794550, 26794625, 0), (26794583, 26794584, 0), (26794625, 26794583, 0), (256170553, 4147982414, 0), (261132263, 261156608, 0), (261156608, 307940832, 0), (306046491, 7614087408, 0), (306046502, 306046491, 0), (306046503, 4332503809, 0), (306047311, 4332494924, 0), (306047312, 306047313, 0), (306047313, 4332494927, 0), (307940832, 11337127508, 0), (307940846, 307940886, 0), (307940886, 307940891, 0), (307940891, 256170553, 0), (2397341526, 261132263, 0), (2397341531, 2397341526, 0), (2397341531, 2397341531, 0), (4147982414, 10844809889, 0), (4332494924, 306047312, 0), (4332494927, 306046503, 0), (4332503809, 306046502, 0), (7614087407, 7614087412, 0), (7614087408, 7614087407, 0), (7614087412, 7614087413, 0), (7614087413, 7614087417, 0), (7614087417, 7614087421, 0), (7614087418, 26794550, 0), (7614087421, 7614087418, 0), (10844809889, 306047311, 0), (11337127508, 307940846, 0)]
ERR 2: Census Tract 5905 Census Tract 8344 -- No path found, (261279620, 261163775), [(261137190, 261207772, 0), (261139504, 261286254, 0), (261140664, 261140671, 0), (261140671, 261137190, 0), (261145920, 261286244, 0), (261160185, 261140664, 0), (261167224, 261286249, 0), (261181131, 261227633, 0), (261189707, 5851100710, 0), (261202782, 261139504, 0), (261207129, 261207135, 0), (261207135, 261266042, 0), (261207772, 261145920, 0), (261217409, 261286256, 0), (261222103, 261163775, 0), (261227633, 261277228, 0), (261261733, 261189707, 0), (261266042, 261217409, 0), (261277228, 261202782, 0), (261286244, 261286247, 0), (261286247, 261167224, 0), (261286249, 261286251, 0), (261286251, 261181131, 0), (261286254, 261207129, 0), (261286256, 261261733, 0), (538166278, 538166278, 0), (538166278, 261160185, 0), (5851100710, 8596223652, 0), (8596223652, 261222103, 0)]
ERR 2: Census Tract 5905 Census Tract 8391 -- No path found, (261279620, 740243448), [(28289318, 740243448, 0), (28290296, 11060811046, 0), (258957316, 258957340, 0), (258957340, 10923165760, 0), (619625983, 1536858520, 0), (1536858516, 258957316, 0), (1536858520, 1536858516, 0), (3682780135, 619625983, 0), (3682780135, 3682780135, 0), (10923165760, 28290296, 0), (11060811046, 28289318, 0)]
ERR 2: Census Tract 604 Census Tract 604 -- No path found, (261166441, 261166441), [(261125010, 261166399, 0), (261145267, 308441076, 0), (261166399, 261166441, 0), (308441076, 2518161246, 0), (495674282, 261145267, 0), (495674285, 495674282, 0), (2447758338, 2447758340, 0), (2447758340, 2447758342, 0), (2447758342, 2447758343, 0), (2447758343, 2447758345, 0), (2447758345, 4387385671, 0), (2447758359, 2447758362, 0), (2447758362, 261125010, 0), (2518161246, 2518161247, 0), (2518161247, 2518161248, 0), (2518161248, 2662779629, 0), (2584233690, 495674285, 0), (2584233700, 2584233700, 0), (2584233700, 2584233690, 0), (2662779629, 2447758338, 0), (4387385671, 2447758359, 0)]
ERR 2: Census Tract 604 Census Tract 627 -- No path found, (261166441, 2895997706), [(261145267, 308441076, 0), (308441076, 2518161246, 0), (495674282, 261145267, 0), (495674285, 495674282, 0), (2518161246, 2895997706, 0), (2584233690, 495674285, 0), (2584233700, 2584233700, 0), (2584233700, 2584233690, 0)]
ERR 2: Census Tract 604 Census Tract 817 -- No path found, (261166441, 2291929239), [(258023318, 2291929237, 0), (258024205, 619626858, 0), (310697817, 619626336, 0), (310697880, 310697907, 0), (310697907, 258024205, 0), (619626336, 310697880, 0), (619626858, 258023318, 0), (2291929237, 2291929239, 0), (3682780135, 310697817, 0), (3682780135, 3682780135, 0)]
ERR 2: Census Tract 604 Census Tract 8307 -- No path found, (261166441, 257168646), [(26794614, 257168646, 0), (26794623, 257095285, 0), (257095285, 257167962, 0), (257108503, 260099994, 0), (257112419, 257112419, 0), (257112419, 257108503, 0), (257167962, 257375160, 0), (257169230, 10080927066, 0), (257375160, 257169230, 0), (260099994, 26794623, 0), (7324507927, 26794614, 0), (10080927065, 7324507927, 0), (10080927066, 10080927065, 0)]
ERR 2: Census Tract 604 Census Tract 8319 -- No path found, (261166441, 2447758345), [(261145267, 308441076, 0), (308441076, 2518161246, 0), (495674282, 261145267, 0), (495674285, 495674282, 0), (2447758338, 2447758340, 0), (2447758340, 2447758342, 0), (2447758342, 2447758343, 0), (2447758343, 2447758345, 0), (2518161246, 2518161247, 0), (2518161247, 2518161248, 0), (2518161248, 2662779629, 0), (2584233690, 495674285, 0), (2584233700, 2584233700, 0), (2584233700, 2584233690, 0), (2662779629, 2447758338, 0)]
ERR 2: Census Tract 604 Census Tract 8325 -- No path found, (261166441, 250755914), [(102708209, 250755914, 0), (250278943, 309802308, 0), (261296684, 308441301, 0), (308441268, 250278943, 0), (308441301, 308441268, 0), (309802308, 2480840766, 0), (495674281, 261296684, 0), (1868481027, 4840604636, 0), (2480840764, 5891205779, 0), (2480840766, 2480840764, 0), (2584233690, 495674281, 0), (2584233700, 2584233700, 0), (2584233700, 2584233690, 0), (4840604636, 102708209, 0), (5891205778, 1868481027, 0), (5891205779, 5891205778, 0)]
ERR 2: Census Tract 604 Census Tract 8333 -- No path found, (261166441, 2004538727), [(2203792394, 2004538727, 0), (2203792394, 2203792394, 0)]
ERR 2: Census Tract 604 Census Tract 8391 -- No path found, (261166441, 740243448), [(28289318, 740243448, 0), (28290296, 11060811046, 0), (258957316, 258957340, 0), (258957340, 10923165760, 0), (619625983, 1536858520, 0), (1536858516, 258957316, 0), (1536858520, 1536858516, 0), (3682780135, 619625983, 0), (3682780135, 3682780135, 0), (10923165760, 28290296, 0), (11060811046, 28289318, 0)]
ERR 2: Census Tract 610 Census Tract 610 -- No path found, (261181583, 261181583), [(26794487, 2650379781, 0), (26794541, 262167608, 0), (26794623, 257095285, 0), (257095285, 257114042, 0), (257108503, 260099994, 0), (257112419, 257112419, 0), (257112419, 257108503, 0), (257114042, 26794487, 0), (260099994, 26794623, 0), (261147386, 262167580, 0), (262167580, 1700860020, 0), (262167589, 261147386, 0), (262167608, 262167589, 0), (262224638, 4384635718, 0), (1700860020, 262224638, 0), (2650379781, 26794541, 0), (4384635718, 261181583, 0)]
ERR 2: Census Tract 610 Census Tract 629 -- No path found, (261181583, 4173985511), [(26817984, 308440483, 0), (250278943, 2518161241, 0), (261296684, 308441301, 0), (308440483, 308440526, 0), (308440526, 308440541, 0), (308440541, 308440545, 0), (308440545, 308440646, 0), (308440646, 4173985511, 0), (308440993, 308441001, 0), (308441001, 308441025, 0), (308441017, 308441050, 0), (308441025, 308441046, 0), (308441033, 26817984, 0), (308441046, 308441017, 0), (308441050, 308441033, 0), (308441268, 250278943, 0), (308441301, 308441268, 0), (495674281, 261296684, 0), (2518161241, 308440993, 0), (2584233690, 495674281, 0), (2584233700, 2584233700, 0), (2584233700, 2584233690, 0)]
ERR 2: Census Tract 610 Census Tract 633.01 -- No path found, (261181583, 259578461), [(26099537, 262418295, 0), (26808049, 26808050, 0), (26808050, 262418415, 0), (26808051, 32873350, 0), (26817976, 262418616, 0), (32873350, 250278998, 0), (250278998, 259578461, 0), (250755908, 262370259, 0), (261197248, 388773352, 0), (261264636, 264825736, 0), (262076927, 262418692, 0), (262076981, 262076927, 0), (262370259, 26817976, 0), (262418295, 26808049, 0), (262418415, 26808051, 0), (262418616, 262418648, 0), (262418648, 262076981, 0), (262418692, 26099537, 0), (264825736, 250755908, 0), (314768213, 261197248, 0), (314768213, 314768213, 0), (388773352, 261264636, 0)]
ERR 2: Census Tract 610 Census Tract 812.01 -- No path found, (261181583, 261149262), [(102713553, 250755813, 0), (250755811, 261875667, 0), (250755813, 4043180080, 0), (261147577, 261209197, 0), (261209197, 261264057, 0), (261210849, 102713553, 0), (261229891, 261147577, 0), (261256259, 261210849, 0), (261264057, 261309128, 0), (261296050, 5068363645, 0), (261309128, 261256259, 0), (261875667, 675646169, 0), (262072430, 261296050, 0), (675646169, 261149262, 0), (1477432263, 1477432263, 0), (1477432263, 261229891, 0), (4043180079, 262072430, 0), (4043180080, 4043180079, 0), (5068363644, 250755811, 0), (5068363645, 5068363644, 0)]
ERR 2: Census Tract 610 Census Tract 817 -- No path found, (261181583, 2291929239), [(258023318, 2291929237, 0), (258024205, 619626858, 0), (310697817, 619626336, 0), (310697880, 310697907, 0), (310697907, 258024205, 0), (619626336, 310697880, 0), (619626858, 258023318, 0), (2291929237, 2291929239, 0), (3682780135, 310697817, 0), (3682780135, 3682780135, 0)]
ERR 2: Census Tract 610 Census Tract 8331 -- No path found, (261181583, 261239964), [(256591099, 1676390756, 0), (256613293, 261239964, 0), (1308245851, 1308245884, 0), (1308245880, 1308245886, 0), (1308245882, 1324316159, 0), (1308245884, 1308245880, 0), (1308245886, 1308245882, 0), (1324316156, 1640004517, 0), (1324316159, 1324316156, 0), (1640004517, 256591099, 0), (1676390756, 256613293, 0), (2004538828, 1308245851, 0), (2203792340, 2004538828, 0), (2203792340, 2203792340, 0)]
ERR 2: Census Tract 620 Census Tract 620 -- No path found, (261139211, 261139211), [(26794487, 2650379781, 0), (26794541, 262167608, 0), (26794623, 257095285, 0), (250279004, 262170520, 0), (257095285, 257114042, 0), (257108503, 260099994, 0), (257112419, 257112419, 0), (257112419, 257108503, 0), (257114042, 26794487, 0), (257967559, 262167513, 0), (257967566, 250279004, 0), (260099994, 26794623, 0), (262167513, 10769970542, 0), (262167608, 257967559, 0), (262169734, 261139211, 0), (262170097, 262169734, 0), (262170163, 262170097, 0), (262170520, 4387385896, 0), (262170795, 262170163, 0), (262170926, 262170795, 0), (2650379781, 26794541, 0), (4387385896, 262170926, 0), (10769970542, 257967566, 0)]
ERR: Census Tract 620 Census Tract 7608.01 -- No solution found, Unable to retrieve attribute 'X'
ERR 2: Census Tract 620 Census Tract 814.01 -- No path found, (261139211, 262184019), [(33718424, 258023343, 0), (258022762, 271187550, 0), (258023343, 258023461, 0), (258023461, 258965934, 0), (258934621, 258934623, 0), (258934623, 369890932, 0), (258965934, 262184057, 0), (262184057, 262184019, 0), (271187550, 1034227190, 0), (369890932, 33718424, 0), (619019057, 2779938540, 0), (619019058, 619019057, 0), (929489865, 258934621, 0), (1034227190, 619019058, 0), (1052707326, 929489865, 0), (1107253707, 1107253707, 0), (1107253707, 1107253804, 0), (1107253804, 258022762, 0), (1386043169, 1052707326, 0), (2779938540, 10950881700, 0), (10950881700, 1386043169, 0)]
ERR 2: Census Tract 620 Census Tract 814.03 -- No path found, (261139211, 736932687), [(258022887, 271278847, 0), (271197330, 3856852862, 0), (271278847, 736932687, 0), (271278860, 258022887, 0), (619030961, 271278860, 0), (739118569, 739118573, 0), (739118573, 619030961, 0), (739118898, 739118569, 0), (740365189, 740365200, 0), (740365200, 740365208, 0), (740365207, 740365216, 0), (740365208, 740365209, 0), (740365209, 740365210, 0), (740365210, 740365207, 0), (740365216, 10947960098, 0), (1107253707, 1107253707, 0), (1107253707, 1107253804, 0), (1107253804, 1648106860, 0), (1648106860, 271197330, 0), (3856852862, 10947960312, 0), (10947960009, 739118898, 0), (10947960098, 10947960009, 0), (10947960312, 10947960317, 0), (10947960317, 740365189, 0)]
ERR 2: Census Tract 620 Census Tract 816 -- No path found, (261139211, 258023465), [(29411954, 258023465, 0), (29411955, 29411954, 0), (29411956, 29411955, 0), (29412106, 29411956, 0), (258024205, 619626858, 0), (310697817, 619626336, 0), (310697880, 310697907, 0), (310697907, 258024205, 0), (619626336, 310697880, 0), (619626858, 29412106, 0), (3682780135, 310697817, 0), (3682780135, 3682780135, 0)]
ERR 2: Census Tract 620 Census Tract 818 -- No path found, (261139211, 709413342), [(257957639, 257957640, 0), (257957640, 257957641, 0), (257957641, 709413333, 0), (310697817, 257957639, 0), (709413333, 709413342, 0), (3682780135, 310697817, 0), (3682780135, 3682780135, 0)]
ERR 2: Census Tract 620 Census Tract 8391 -- No path found, (261139211, 740243448), [(28289318, 740243448, 0), (28290296, 11060811046, 0), (258957316, 258957340, 0), (258957340, 10923165760, 0), (619625983, 1536858520, 0), (1536858516, 258957316, 0), (1536858520, 1536858516, 0), (3682780135, 619625983, 0), (3682780135, 3682780135, 0), (10923165760, 28290296, 0), (11060811046, 28289318, 0)]
ERR 2: Census Tract 1003 Census Tract 1003 -- No path found, (261239029, 261239029), [(261140245, 3785790476, 0), (261179494, 261140245, 0), (261179495, 261179494, 0), (261179496, 261179495, 0), (261179497, 1343383340, 0), (261179498, 261179497, 0), (261179499, 261179498, 0), (261189210, 261179499, 0), (261189210, 261189210, 0), (261222911, 261239029, 0), (1343383340, 261179496, 0), (3785790476, 261222911, 0)]
ERR 2: Census Tract 1003 Census Tract 1701 -- No path found, (261239029, 4108993944), [(256170567, 4108993935, 0), (256170803, 261229803, 0), (261229801, 256170567, 0), (261229803, 261229801, 0), (367776794, 256170803, 0), (367776794, 367776794, 0), (4108993935, 4108993936, 0), (4108993936, 4108993944, 0)]
ERR 2: Census Tract 1003 Census Tract 3201 -- No path found, (261239029, 623820257), [(258022758, 271188194, 0), (258022762, 271187550, 0), (271187550, 271187564, 0), (271187564, 740367296, 0), (271188194, 623820258, 0), (271188336, 10838732049, 0), (272350581, 7142848056, 0), (619011842, 272350581, 0), (623820258, 623820257, 0), (740367296, 2787312481, 0), (1107253707, 1107253707, 0), (1107253707, 1107253804, 0), (1107253804, 258022762, 0), (2392243937, 619011842, 0), (2787312481, 271188336, 0), (7142848056, 258022758, 0), (10838732049, 10838732050, 0), (10838732050, 2392243937, 0)]
ERR 2: Census Tract 1003 Census Tract 404.02 -- No path found, (261239029, 262158752), [(153023595, 261221424, 0), (158733110, 305525929, 0), (158733111, 257157896, 0), (257157490, 262158752, 0), (257157896, 262157774, 0), (261211814, 305519653, 0), (261221424, 158733110, 0), (261238992, 261211814, 0), (262157774, 257157490, 0), (291140768, 305527217, 0), (305519653, 305522185, 0), (305522120, 291140768, 0), (305522162, 305522120, 0), (305522175, 305522162, 0), (305522185, 305522175, 0), (305525916, 158733111, 0), (305525917, 305525916, 0), (305525929, 305525917, 0), (305527033, 153023595, 0), (305527051, 305527033, 0), (305527080, 305527051, 0), (305527126, 305527080, 0), (305527217, 305527126, 0), (2196305817, 2196305817, 0), (2196305817, 261238992, 0)]
ERR 2: Census Tract 1003 Census Tract 703 -- No path found, (261239029, 261236458), [(26817984, 261191235, 0), (250278943, 2518161241, 0), (261191235, 262369965, 0), (261236460, 261236458, 0), (261296684, 308441301, 0), (262369459, 261236460, 0), (262369965, 262369459, 0), (308440993, 308441001, 0), (308441001, 308441025, 0), (308441017, 308441050, 0), (308441025, 308441046, 0), (308441033, 26817984, 0), (308441046, 308441017, 0), (308441050, 308441033, 0), (308441268, 250278943, 0), (308441301, 308441268, 0), (495674281, 261296684, 0), (2518161241, 308440993, 0), (2584233690, 495674281, 0), (2584233700, 2584233700, 0), (2584233700, 2584233690, 0)]
ERR 2: Census Tract 1004 Census Tract 1004 -- No path found, (261114323, 261114323), [(261118397, 316158801, 0), (261179498, 261118397, 0), (261179499, 261179498, 0), (261189210, 261179499, 0), (261189210, 261189210, 0), (316158801, 261114323, 0)]
ERR 2: Census Tract 1004 Census Tract 8391 -- No path found, (261114323, 740243448), [(28289318, 740243448, 0), (28290296, 11060811046, 0), (258957316, 258957340, 0), (258957340, 10923165760, 0), (619625983, 1536858520, 0), (1536858516, 258957316, 0), (1536858520, 1536858516, 0), (3682780135, 619625983, 0), (3682780135, 3682780135, 0), (10923165760, 28290296, 0), (11060811046, 28289318, 0)]
ERR: Census Tract 1004 Census Tract 9800 -- No solution found, Unable to retrieve attribute 'X'
ERR 2: Census Tract 1005 Census Tract 1005 -- No path found, (261128034, 261128034), [(261140934, 261169135, 0), (261169135, 261201999, 0), (261170225, 261128034, 0), (261179497, 261180191, 0), (261179498, 261179497, 0), (261179499, 261179498, 0), (261180191, 261202830, 0), (261189210, 261179499, 0), (261189210, 261189210, 0), (261201999, 261202000, 0), (261202000, 261170225, 0), (261202820, 261140934, 0), (261202822, 261202820, 0), (261202823, 261202822, 0), (261202824, 261202823, 0), (261202830, 261202824, 0)]
ERR 2: Census Tract 1005 Census Tract 2424 -- No path found, (261128034, 261135337), [(261112469, 261135338, 0), (261119853, 261135337, 0), (261119869, 365024930, 0), (261135338, 261119853, 0), (261207075, 346048537, 0), (344250624, 5891694372, 0), (344253106, 344250624, 0), (346048221, 346048369, 0), (346048369, 261207075, 0), (346048537, 346048899, 0), (346048899, 346050145, 0), (346050145, 346050353, 0), (346050353, 346050520, 0), (346050520, 346051384, 0), (346051384, 346051631, 0), (346051631, 346052328, 0), (346052328, 346052838, 0), (346052838, 353792433, 0), (346054076, 261112469, 0), (353792433, 346054076, 0), (365024877, 261119869, 0), (365024927, 365024877, 0), (365024927, 365024927, 0), (365024930, 344253106, 0), (5891694372, 5891694373, 0), (5891694373, 346048221, 0)]
ERR 2: Census Tract 1005 Census Tract 2801 -- No path found, (261128034, 258020602), [(28358883, 28358888, 0), (28358888, 258020603, 0), (258020603, 258956212, 0), (258956212, 258020602, 0), (619625983, 1536858520, 0), (1536858520, 28358883, 0), (3682780135, 619625983, 0), (3682780135, 3682780135, 0)]
ERR 2: Census Tract 1005 Census Tract 2819 -- No path found, (261128034, 257381494), [(28358883, 28358888, 0), (28358888, 28358891, 0), (28358891, 28358895, 0), (28358895, 271167057, 0), (257381489, 257381494, 0), (257381516, 257381489, 0), (271166509, 3921106500, 0), (271166785, 619040194, 0), (271166846, 271166785, 0), (271167057, 271166846, 0), (619040194, 271166509, 0), (619625983, 1536858520, 0), (1536858520, 28358883, 0), (3682780135, 619625983, 0), (3682780135, 3682780135, 0), (3921106500, 11061920316, 0), (11061920316, 257381516, 0)]
ERR 2: Census Tract 1005 Census Tract 8104 -- No path found, (261128034, 1223297537), [(702090, 1223297118, 0), (261088978, 9300557797, 0), (261135404, 261088978, 0), (261140245, 261140246, 0), (261140246, 261135404, 0), (261179494, 261140245, 0), (261179495, 261179494, 0), (261179496, 261179495, 0), (261179497, 1343383340, 0), (261179498, 261179497, 0), (261179499, 261179498, 0), (261189210, 261179499, 0), (261189210, 261189210, 0), (263822240, 8693882983, 0), (263827988, 263822240, 0), (266800212, 702090, 0), (1223297118, 263827988, 0), (1343383340, 261179496, 0), (4332891699, 5353666645, 0), (5353666640, 5353666658, 0), (5353666645, 6997586504, 0), (5353666658, 4332891699, 0), (6997586504, 1223297537, 0), (8693882983, 5353666640, 0), (9300557797, 266800212, 0)]
ERR 2: Census Tract 1005 Census Tract 813 -- No path found, (261128034, 27440574), [(27440571, 27440574, 0), (250755884, 10845477611, 0), (258964107, 739096775, 0), (258964440, 250755884, 0), (261209198, 264429103, 0), (261229891, 261209198, 0), (264429103, 258964440, 0), (739096775, 27440571, 0), (1477432263, 1477432263, 0), (1477432263, 261229891, 0), (10845477611, 10845477614, 0), (10845477614, 258964107, 0)]
ERR 2: Census Tract 1005 Census Tract 8391 -- No path found, (261128034, 740243448), [(28289318, 740243448, 0), (28290296, 11060811046, 0), (258957316, 258957340, 0), (258957340, 10923165760, 0), (619625983, 1536858520, 0), (1536858516, 258957316, 0), (1536858520, 1536858516, 0), (3682780135, 619625983, 0), (3682780135, 3682780135, 0), (10923165760, 28290296, 0), (11060811046, 28289318, 0)]
ERR 2: Census Tract 707 Census Tract 707 -- No path found, (6131657470, 6131657470), [(261296684, 308441301, 0), (263360946, 263360950, 0), (263360950, 6131657470, 0), (308441301, 263360946, 0), (495674281, 261296684, 0), (2584233690, 495674281, 0), (2584233700, 2584233700, 0), (2584233700, 2584233690, 0)]
ERR 2: Census Tract 707 Census Tract 710 -- No path found, (6131657470, 286369393), [(250755910, 370097351, 0), (250756035, 262369215, 0), (250756039, 286368854, 0), (261197248, 388773352, 0), (261221362, 250756035, 0), (262369215, 262369322, 0), (262369322, 250755910, 0), (286368854, 286369393, 0), (314768213, 261197248, 0), (314768213, 314768213, 0), (370097351, 370097483, 0), (370097483, 452377003, 0), (388773352, 261221362, 0), (452377003, 250756039, 0)]
ERR 2: Census Tract 707 Census Tract 712 -- No path found, (6131657470, 262369215), [(250756035, 262369215, 0), (261197248, 388773352, 0), (261221362, 250756035, 0), (314768213, 261197248, 0), (314768213, 314768213, 0), (388773352, 261221362, 0)]
ERR 2: Census Tract 707 Census Tract 803 -- No path found, (6131657470, 261166853), [(102680965, 264429937, 0), (250755794, 264429518, 0), (261147577, 261147578, 0), (261147578, 250755794, 0), (261182316, 261166853, 0), (261229891, 261147577, 0), (264429518, 2291929261, 0), (264429937, 2565028230, 0), (1477432263, 1477432263, 0), (1477432263, 261229891, 0), (2291929261, 102680965, 0), (2565028230, 261182316, 0)]
ERR 2: Census Tract 707 Census Tract 8419 -- No path found, (6131657470, 256612742), [(1655435350, 256612742, 0), (1655457006, 1655457007, 0), (1655457007, 1655435350, 0), (1923791237, 2203813886, 0), (1923791237, 1923791237, 0), (2203813886, 1655457006, 0)]
ERR 2: Census Tract 711 Census Tract 711 -- No path found, (370097483, 370097483), [(250755910, 370097351, 0), (250756035, 262369215, 0), (261197248, 388773352, 0), (261221362, 250756035, 0), (262369215, 262369322, 0), (262369322, 250755910, 0), (314768213, 261197248, 0), (314768213, 314768213, 0), (370097351, 370097483, 0), (388773352, 261221362, 0)]
ERR: Census Tract 1301 Census Tract 9800 -- No solution found, Unable to retrieve attribute 'X'
ERR 2: Census Tract 2924 Census Tract 2924 -- No path found, (261281640, 261281640), [(261116541, 261132061, 0), (261116751, 261198063, 0), (261121479, 261126651, 0), (261126651, 7735711911, 0), (261132044, 261199237, 0), (261132045, 261132044, 0), (261132047, 261132045, 0), (261132048, 261132047, 0), (261132049, 261132048, 0), (261132051, 261132049, 0), (261132053, 261132051, 0), (261132054, 261132053, 0), (261132057, 737087449, 0), (261132059, 261132057, 0), (261132061, 261132059, 0), (261132062, 261116541, 0), (261132063, 261121479, 0), (261132067, 261132063, 0), (261132068, 261132067, 0), (261132070, 261132068, 0), (261135961, 261174186, 0), (261169982, 261184364, 0), (261174186, 261192081, 0), (261184364, 261116751, 0), (261192081, 261237955, 0), (261198063, 261237953, 0), (261199237, 261213394, 0), (261213394, 261237951, 0), (261237951, 261169982, 0), (261237953, 261135961, 0), (261237955, 261237959, 0), (261237959, 261237961, 0), (261237961, 261281637, 0), (261281637, 261281640, 0), (737087449, 261132054, 0), (2190712584, 2190712584, 0), (2190712584, 261132070, 0), (7735711911, 261132062, 0)]
ERR 2: Census Tract 2924 Census Tract 3514 -- No path found, (261281640, 261276394), [(254241276, 261276394, 0), (456153718, 254241276, 0), (1693264436, 1699189485, 0), (1693271406, 1699188905, 0), (1699188903, 456153718, 0), (1699188905, 1699188903, 0), (1699189485, 1693271406, 0), (1699189487, 1693264436, 0), (1699189726, 1699189487, 0), (1699189726, 1699189726, 0)]
ERR 2: Census Tract 2924 Census Tract 8378 -- No path found, (261281640, 261135318), [(261115577, 261220993, 0), (261132070, 261132071, 0), (261132071, 261132072, 0), (261132072, 261209680, 0), (261132180, 261220989, 0), (261143249, 261220999, 0), (261146445, 261198985, 0), (261154461, 261282575, 0), (261170712, 261135318, 0), (261194757, 261154461, 0), (261198985, 261115577, 0), (261209679, 261194757, 0), (261209680, 261209679, 0), (261210821, 261220996, 0), (261220989, 261170712, 0), (261220992, 261132180, 0), (261220993, 261220992, 0), (261220996, 261146445, 0), (261220998, 261210821, 0), (261220999, 261220998, 0), (261282575, 261143249, 0), (2190712584, 2190712584, 0), (2190712584, 261132070, 0)]
ERR 2: Census Tract 2827 Census Tract 2827 -- No path found, (261116532, 261116532), [(261116533, 261116532, 0), (261121469, 261126644, 0), (261121470, 261121469, 0), (261121473, 261121470, 0), (261121474, 261121473, 0), (261126644, 261218240, 0), (261132068, 261154162, 0), (261132070, 261132068, 0), (261141992, 261141993, 0), (261141993, 261141994, 0), (261141994, 261141997, 0), (261141997, 261121474, 0), (261154156, 261141992, 0), (261154157, 261154156, 0), (261154158, 261154157, 0), (261154159, 261154158, 0), (261154160, 261154159, 0), (261154161, 261154160, 0), (261154162, 261154161, 0), (261218240, 261116533, 0), (2190712584, 2190712584, 0), (2190712584, 261132070, 0)]
ERR 2: Census Tract 2827 Census Tract 3301 -- No path found, (261116532, 269450404), [(270863238, 7770322435, 0), (270863238, 270863238, 0), (1062997771, 269450404, 0), (7770322435, 1062997771, 0)]
ERR 2: Census Tract 2827 Census Tract 4110 -- No path found, (261116532, 1394127043), [(27729740, 27729749, 0), (27729749, 27729777, 0), (27729777, 10844935201, 0), (261089544, 27729740, 0), (261113223, 2149670613, 0), (261160185, 5710403566, 0), (261171708, 261089544, 0), (261175597, 261113223, 0), (269450148, 1394127098, 0), (538166278, 538166278, 0), (538166278, 261160185, 0), (712771323, 261171708, 0), (1394127098, 1394127043, 0), (2149670613, 712771323, 0), (5710403566, 261175597, 0), (10844935201, 269450148, 0)]
ERR 2: Census Tract 2827 Census Tract 706 -- No path found, (261116532, 261166425), [(250278943, 309802308, 0), (261125001, 261166425, 0), (261296684, 308441301, 0), (308441268, 250278943, 0), (308441301, 308441268, 0), (309802308, 2518161239, 0), (495674281, 261296684, 0), (2518161239, 261125001, 0), (2584233690, 495674281, 0), (2584233700, 2584233700, 0), (2584233700, 2584233690, 0)]
ERR 2: Census Tract 2827 Census Tract 714 -- No path found, (261116532, 10845487506), [(26099529, 250755865, 0), (26817935, 258964877, 0), (26817937, 261197252, 0), (250755865, 250755868, 0), (250755868, 10845363503, 0), (258964877, 26099529, 0), (261142619, 26817935, 0), (261197248, 264430370, 0), (261197252, 656680113, 0), (262072125, 11455038593, 0), (264430370, 262072125, 0), (314768213, 261197248, 0), (314768213, 314768213, 0), (656680113, 261142619, 0), (10845363503, 10845487506, 0), (11455038593, 11455038594, 0), (11455038594, 26817937, 0)]
ERR 2: Census Tract 2827 Census Tract 815 -- No path found, (261116532, 258023463), [(29411956, 258024206, 0), (29412106, 29411956, 0), (258023316, 258023392, 0), (258023392, 258023464, 0), (258023464, 258023463, 0), (258024205, 619626858, 0), (258024206, 258023316, 0), (310697817, 619626336, 0), (310697880, 310697907, 0), (310697907, 258024205, 0), (619626336, 310697880, 0), (619626858, 29412106, 0), (3682780135, 310697817, 0), (3682780135, 3682780135, 0)]
ERR 2: Census Tract 2827 Census Tract 818 -- No path found, (261116532, 709413342), [(257957639, 257957640, 0), (257957640, 257957641, 0), (257957641, 709413333, 0), (310697817, 257957639, 0), (709413333, 709413342, 0), (3682780135, 310697817, 0), (3682780135, 3682780135, 0)]
ERR 2: Census Tract 2827 Census Tract 8329 -- No path found, (261116532, 1309327401), [(261126696, 1309327401, 0), (261126706, 261126707, 0), (261126707, 261126708, 0), (261126708, 261126696, 0), (1308245851, 1308245884, 0), (1308245880, 1308245886, 0), (1308245884, 1308245880, 0), (1308245886, 261126706, 0), (2004538828, 1308245851, 0), (2203792340, 2004538828, 0), (2203792340, 2203792340, 0)]
ERR 2: Census Tract 2827 Census Tract 8382 -- No path found, (261116532, 1324353893), [(261136237, 5893011786, 0), (261181936, 538647038, 0), (538647020, 261181936, 0), (538647038, 1308208364, 0), (1308131704, 1308131758, 0), (1308131714, 1308131704, 0), (1308131732, 1308131714, 0), (1308131758, 1318401260, 0), (1308208364, 1324363040, 0), (1318401260, 538647020, 0), (1324363040, 1324353893, 0), (2282590140, 261136237, 0), (2282590140, 2282590140, 0), (5893011786, 5893011788, 0), (5893011788, 5893011792, 0), (5893011792, 5893011797, 0), (5893011797, 5893011803, 0), (5893011803, 1308131732, 0)]
ERR 2: Census Tract 2827 Census Tract 8391 -- No path found, (261116532, 740243448), [(28289318, 740243448, 0), (28290296, 11060811046, 0), (258957316, 258957340, 0), (258957340, 10923165760, 0), (619625983, 1536858520, 0), (1536858516, 258957316, 0), (1536858520, 1536858516, 0), (3682780135, 619625983, 0), (3682780135, 3682780135, 0), (10923165760, 28290296, 0), (11060811046, 28289318, 0)]
ERR 2: Census Tract 2838 Census Tract 2838 -- No path found, (261260158, 261260158), [(347265855, 1309301278, 0), (347265855, 347265855, 0), (1309301278, 1309310827, 0), (1309310827, 261260158, 0)]
ERR 2: Census Tract 2838 Census Tract 3201 -- No path found, (261260158, 623820257), [(258022758, 271188194, 0), (258022762, 271187550, 0), (271187550, 271187564, 0), (271187564, 740367296, 0), (271188194, 623820258, 0), (271188336, 10838732049, 0), (272350581, 7142848056, 0), (619011842, 272350581, 0), (623820258, 623820257, 0), (740367296, 2787312481, 0), (1107253707, 1107253707, 0), (1107253707, 1107253804, 0), (1107253804, 258022762, 0), (2392243937, 619011842, 0), (2787312481, 271188336, 0), (7142848056, 258022758, 0), (10838732049, 10838732050, 0), (10838732050, 2392243937, 0)]
ERR 2: Census Tract 2838 Census Tract 4204 -- No path found, (261260158, 1395192635), [(261137190, 261207772, 0), (261139504, 261286254, 0), (261140664, 261140671, 0), (261140671, 261137190, 0), (261145920, 261286244, 0), (261148612, 1395192635, 0), (261160185, 261140664, 0), (261167224, 261286249, 0), (261176767, 261148612, 0), (261181131, 261227633, 0), (261192485, 261217408, 0), (261202782, 261139504, 0), (261207129, 261207135, 0), (261207135, 261266042, 0), (261207772, 261145920, 0), (261217408, 261176767, 0), (261217409, 261192485, 0), (261227633, 261277228, 0), (261266042, 261217409, 0), (261277228, 261202782, 0), (261286244, 261286247, 0), (261286247, 261167224, 0), (261286249, 261286251, 0), (261286251, 261181131, 0), (261286254, 261207129, 0), (538166278, 538166278, 0), (538166278, 261160185, 0)]
ERR 2: Census Tract 2838 Census Tract 8362 -- No path found, (261260158, 261176761), [(261137190, 261207772, 0), (261140664, 261140671, 0), (261140671, 261137190, 0), (261145920, 261286244, 0), (261160185, 261140664, 0), (261167224, 261286249, 0), (261181131, 261227633, 0), (261192511, 261176761, 0), (261202782, 261192511, 0), (261207772, 261145920, 0), (261227633, 261277228, 0), (261277228, 261202782, 0), (261286244, 261286247, 0), (261286247, 261167224, 0), (261286249, 261286251, 0), (261286251, 261181131, 0), (538166278, 538166278, 0), (538166278, 261160185, 0)]
ERR 2: Census Tract 2838 Census Tract 8368 -- No path found, (261260158, 261221003), [(261123885, 261221003, 0), (261132070, 261132071, 0), (261132071, 261132072, 0), (261132072, 5140941323, 0), (261143251, 261230330, 0), (261221002, 261123885, 0), (261230330, 2042815119, 0), (2042815119, 261221002, 0), (2190712584, 2190712584, 0), (2190712584, 261132070, 0), (5140941323, 261143251, 0)]
ERR 2: Census Tract 2838 Census Tract 8382 -- No path found, (261260158, 1324353893), [(261136237, 5893011786, 0), (261181936, 538647038, 0), (538647020, 261181936, 0), (538647038, 1308208364, 0), (1308131704, 1308131758, 0), (1308131714, 1308131704, 0), (1308131732, 1308131714, 0), (1308131758, 1318401260, 0), (1308208364, 1324363040, 0), (1318401260, 538647020, 0), (1324363040, 1324353893, 0), (2282590140, 261136237, 0), (2282590140, 2282590140, 0), (5893011786, 5893011788, 0), (5893011788, 5893011792, 0), (5893011792, 5893011797, 0), (5893011797, 5893011803, 0), (5893011803, 1308131732, 0)]
ERR 2: Census Tract 2838 Census Tract 8391 -- No path found, (261260158, 740243448), [(28289318, 740243448, 0), (28290296, 11060811046, 0), (258957316, 258957340, 0), (258957340, 10923165760, 0), (619625983, 1536858520, 0), (1536858516, 258957316, 0), (1536858520, 1536858516, 0), (3682780135, 619625983, 0), (3682780135, 3682780135, 0), (10923165760, 28290296, 0), (11060811046, 28289318, 0)]
ERR 2: Census Tract 2838 Census Tract 8419 -- No path found, (261260158, 256612742), [(1655435350, 256612742, 0), (1655457006, 1655457007, 0), (1655457007, 1655435350, 0), (1923791237, 2203813886, 0), (1923791237, 1923791237, 0), (2203813886, 1655457006, 0)]
ERR 2: Census Tract 2838 Census Tract 8429 -- No path found, (261260158, 261145360), [(261136237, 5893011786, 0), (261151978, 1884589642, 0), (1337519800, 3372431607, 0), (1884589642, 1337519800, 0), (2282590140, 261136237, 0), (2282590140, 2282590140, 0), (3372431607, 261145360, 0), (5893011786, 5893011787, 0), (5893011787, 261151978, 0)]
ERR: Census Tract 2838 Census Tract 9800 -- No solution found, Unable to retrieve attribute 'X'
ERR 2: Census Tract 2909 Census Tract 2909 -- No path found, (261145337, 261145337), [(26218631, 345098644, 0), (261101295, 261121526, 0), (261107631, 345098621, 0), (261121526, 345098727, 0), (261126635, 261151780, 0), (261132068, 261154162, 0), (261132070, 261132068, 0), (261151780, 261151781, 0), (261151781, 261151783, 0), (261151783, 261151784, 0), (261151784, 261151785, 0), (261151785, 538646939, 0), (261154159, 261154466, 0), (261154160, 261154159, 0), (261154161, 261154160, 0), (261154162, 261154161, 0), (261154466, 261107631, 0), (261199459, 261145337, 0), (281895452, 729330181, 0), (345098621, 26218631, 0), (345098644, 345098704, 0), (345098704, 281895452, 0), (345098727, 261126635, 0), (538646939, 5930381994, 0), (729330181, 261101295, 0), (2190712584, 2190712584, 0), (2190712584, 261132070, 0), (5930381994, 261199459, 0)]
ERR 2: Census Tract 2909 Census Tract 2924 -- No path found, (261145337, 261281640), [(261116541, 261132061, 0), (261116751, 261198063, 0), (261121479, 261126651, 0), (261126651, 7735711911, 0), (261132044, 261199237, 0), (261132045, 261132044, 0), (261132047, 261132045, 0), (261132048, 261132047, 0), (261132049, 261132048, 0), (261132051, 261132049, 0), (261132053, 261132051, 0), (261132054, 261132053, 0), (261132057, 737087449, 0), (261132059, 261132057, 0), (261132061, 261132059, 0), (261132062, 261116541, 0), (261132063, 261121479, 0), (261132067, 261132063, 0), (261132068, 261132067, 0), (261132070, 261132068, 0), (261135961, 261174186, 0), (261169982, 261184364, 0), (261174186, 261192081, 0), (261184364, 261116751, 0), (261192081, 261237955, 0), (261198063, 261237953, 0), (261199237, 261213394, 0), (261213394, 261237951, 0), (261237951, 261169982, 0), (261237953, 261135961, 0), (261237955, 261237959, 0), (261237959, 261237961, 0), (261237961, 261281637, 0), (261281637, 261281640, 0), (737087449, 261132054, 0), (2190712584, 2190712584, 0), (2190712584, 261132070, 0), (7735711911, 261132062, 0)]
ERR 2: Census Tract 2909 Census Tract 8381 -- No path found, (261145337, 261197750), [(256591099, 2051982639, 0), (293974158, 1937532132, 0), (708281420, 9251471276, 0), (736014657, 261197750, 0), (1308245851, 1308245884, 0), (1308245880, 1308245886, 0), (1308245882, 1324316159, 0), (1308245884, 1308245880, 0), (1308245886, 1308245882, 0), (1324316156, 1640004517, 0), (1324316159, 1324316156, 0), (1640004517, 256591099, 0), (1937532132, 708281420, 0), (2004538828, 1308245851, 0), (2051982639, 293974158, 0), (2203792340, 2004538828, 0), (2203792340, 2203792340, 0), (4336093358, 4403665398, 0), (4403665397, 736014657, 0), (4403665398, 4403665397, 0), (5892708079, 4336093358, 0), (9251471276, 5892708079, 0)]
ERR 2: Census Tract 2909 Census Tract 8430 -- No path found, (261145337, 261258023), [(261116554, 7895331009, 0), (261116791, 261154168, 0), (261121485, 261126658, 0), (261126658, 261160854, 0), (261132068, 261154163, 0), (261132070, 261132068, 0), (261154163, 261154165, 0), (261154165, 261154167, 0), (261154167, 261116791, 0), (261154168, 261154169, 0), (261154169, 408462071, 0), (261154170, 261221524, 0), (261160852, 261121485, 0), (261160854, 261116554, 0), (261160855, 261160857, 0), (261160857, 261258023, 0), (261221524, 261261455, 0), (261261455, 261160852, 0), (408462071, 261154170, 0), (2190712584, 2190712584, 0), (2190712584, 261132070, 0), (7895331009, 261160855, 0)]
ERR 2: Census Tract 6203 Census Tract 6203 -- No path found, (261199420, 261199420), [(261160789, 1402601169, 0), (261160791, 1402601166, 0), (261160793, 540555871, 0), (261160795, 261160796, 0), (261160796, 261160797, 0), (261160797, 261160798, 0), (261160798, 261160799, 0), (261160799, 261160800, 0), (261160800, 261199419, 0), (261174141, 261174142, 0), (261174142, 261174143, 0), (261174143, 261174144, 0), (261174144, 261174145, 0), (261174145, 1402601172, 0), (261199419, 261199420, 0), (540555871, 261160795, 0), (1402601166, 261160793, 0), (1402601169, 261160791, 0), (1402601172, 261160789, 0), (9322428735, 9322428735, 0), (9322428735, 261174141, 0)]
ERR 2: Census Tract 6203 Census Tract 8366 -- No path found, (261199420, 261255894), [(261092571, 261222791, 0), (261132070, 261132071, 0), (261132071, 261132072, 0), (261132072, 5140941323, 0), (261143251, 261230330, 0), (261163657, 2470391253, 0), (261198380, 261252030, 0), (261221002, 261281946, 0), (261222791, 408447506, 0), (261230330, 2042815119, 0), (261248405, 261252885, 0), (261252030, 261163657, 0), (261252885, 261092571, 0), (261281946, 261248405, 0), (408447506, 261198380, 0), (2042815119, 261221002, 0), (2190712584, 2190712584, 0), (2190712584, 261132070, 0), (2470391253, 261255894, 0), (5140941323, 261143251, 0)]
ERR 2: Census Tract 6203 Census Tract 8408 -- No path found, (261199420, 261213403), [(261116541, 261132061, 0), (261121479, 261126651, 0), (261126651, 7735711911, 0), (261132028, 261199246, 0), (261132030, 261132028, 0), (261132031, 261132030, 0), (261132032, 261132031, 0), (261132034, 261132032, 0), (261132035, 261132034, 0), (261132036, 261132035, 0), (261132039, 261132036, 0), (261132041, 261132039, 0), (261132043, 1446789464, 0), (261132044, 1446789482, 0), (261132045, 261132044, 0), (261132047, 261132045, 0), (261132048, 261132047, 0), (261132049, 261132048, 0), (261132051, 261132049, 0), (261132053, 261132051, 0), (261132054, 261132053, 0), (261132057, 737087449, 0), (261132059, 261132057, 0), (261132061, 261132059, 0), (261132062, 261116541, 0), (261132063, 261121479, 0), (261132067, 261132063, 0), (261132068, 261132067, 0), (261132070, 261132068, 0), (261199246, 261213403, 0), (737087449, 261132054, 0), (1446789440, 261132041, 0), (1446789464, 1446789440, 0), (1446789482, 261132043, 0), (2190712584, 2190712584, 0), (2190712584, 261132070, 0), (7735711911, 261132062, 0)]
ERR 2: Census Tract 6304 Census Tract 6304 -- No path found, (261256634, 261256634), [(261116649, 261184333, 0), (261131943, 261256635, 0), (261131944, 261131943, 0), (261131945, 261131944, 0), (261135945, 261116649, 0), (261169869, 261214486, 0), (261184333, 261169869, 0), (261194746, 261256634, 0), (261199251, 261131945, 0), (261213345, 261199251, 0), (261214486, 261213345, 0), (261256635, 261194746, 0), (537956871, 261135945, 0), (9322428735, 537956871, 0), (9322428735, 9322428735, 0)]
ERR 2: Census Tract 6304 Census Tract 8378 -- No path found, (261256634, 261135318), [(261115577, 261220993, 0), (261132070, 261132071, 0), (261132071, 261132072, 0), (261132072, 261209680, 0), (261132180, 261220989, 0), (261143249, 261220999, 0), (261146445, 261198985, 0), (261154461, 261282575, 0), (261170712, 261135318, 0), (261194757, 261154461, 0), (261198985, 261115577, 0), (261209679, 261194757, 0), (261209680, 261209679, 0), (261210821, 261220996, 0), (261220989, 261170712, 0), (261220992, 261132180, 0), (261220993, 261220992, 0), (261220996, 261146445, 0), (261220998, 261210821, 0), (261220999, 261220998, 0), (261282575, 261143249, 0), (2190712584, 2190712584, 0), (2190712584, 261132070, 0)]
ERR: Census Tract 1104 Census Tract 9800 -- No solution found, Unable to retrieve attribute 'X'
ERR 2: Census Tract 2801 Census Tract 2801 -- No path found, (258020602, 258020602), [(28358883, 28358888, 0), (28358888, 258020603, 0), (258020603, 258956212, 0), (258956212, 258020602, 0), (619625983, 1536858520, 0), (1536858520, 28358883, 0), (3682780135, 619625983, 0), (3682780135, 3682780135, 0)]
ERR 2: Census Tract 2801 Census Tract 3201 -- No path found, (258020602, 623820257), [(258022758, 271188194, 0), (258022762, 271187550, 0), (271187550, 271187564, 0), (271187564, 740367296, 0), (271188194, 623820258, 0), (271188336, 10838732049, 0), (272350581, 7142848056, 0), (619011842, 272350581, 0), (623820258, 623820257, 0), (740367296, 2787312481, 0), (1107253707, 1107253707, 0), (1107253707, 1107253804, 0), (1107253804, 258022762, 0), (2392243937, 619011842, 0), (2787312481, 271188336, 0), (7142848056, 258022758, 0), (10838732049, 10838732050, 0), (10838732050, 2392243937, 0)]
ERR 2: Census Tract 2801 Census Tract 3301 -- No path found, (258020602, 269450404), [(270863238, 7770322435, 0), (270863238, 270863238, 0), (1062997771, 269450404, 0), (7770322435, 1062997771, 0)]
ERR 2: Census Tract 2801 Census Tract 3514 -- No path found, (258020602, 261276394), [(254241276, 261276394, 0), (456153718, 254241276, 0), (1693264436, 1699189485, 0), (1693271406, 1699188905, 0), (1699188903, 456153718, 0), (1699188905, 1699188903, 0), (1699189485, 1693271406, 0), (1699189487, 1693264436, 0), (1699189726, 1699189487, 0), (1699189726, 1699189726, 0)]
ERR 2: Census Tract 2801 Census Tract 803 -- No path found, (258020602, 261166853), [(102680965, 264429937, 0), (250755794, 264429518, 0), (261147577, 261147578, 0), (261147578, 250755794, 0), (261182316, 261166853, 0), (261229891, 261147577, 0), (264429518, 2291929261, 0), (264429937, 2565028230, 0), (1477432263, 1477432263, 0), (1477432263, 261229891, 0), (2291929261, 102680965, 0), (2565028230, 261182316, 0)]
ERR 2: Census Tract 2801 Census Tract 812.01 -- No path found, (258020602, 261149262), [(102713553, 250755813, 0), (250755811, 261875667, 0), (250755813, 4043180080, 0), (261147577, 261209197, 0), (261209197, 261264057, 0), (261210849, 102713553, 0), (261229891, 261147577, 0), (261256259, 261210849, 0), (261264057, 261309128, 0), (261296050, 5068363645, 0), (261309128, 261256259, 0), (261875667, 675646169, 0), (262072430, 261296050, 0), (675646169, 261149262, 0), (1477432263, 1477432263, 0), (1477432263, 261229891, 0), (4043180079, 262072430, 0), (4043180080, 4043180079, 0), (5068363644, 250755811, 0), (5068363645, 5068363644, 0)]
ERR 2: Census Tract 2801 Census Tract 814.01 -- No path found, (258020602, 262184019), [(33718424, 258023343, 0), (258022762, 271187550, 0), (258023343, 258023461, 0), (258023461, 258965934, 0), (258934621, 258934623, 0), (258934623, 369890932, 0), (258965934, 262184057, 0), (262184057, 262184019, 0), (271187550, 1034227190, 0), (369890932, 33718424, 0), (619019057, 2779938540, 0), (619019058, 619019057, 0), (929489865, 258934621, 0), (1034227190, 619019058, 0), (1052707326, 929489865, 0), (1107253707, 1107253707, 0), (1107253707, 1107253804, 0), (1107253804, 258022762, 0), (1386043169, 1052707326, 0), (2779938540, 10950881700, 0), (10950881700, 1386043169, 0)]
ERR 2: Census Tract 2801 Census Tract 815 -- No path found, (258020602, 258023463), [(29411956, 258024206, 0), (29412106, 29411956, 0), (258023316, 258023392, 0), (258023392, 258023464, 0), (258023464, 258023463, 0), (258024205, 619626858, 0), (258024206, 258023316, 0), (310697817, 619626336, 0), (310697880, 310697907, 0), (310697907, 258024205, 0), (619626336, 310697880, 0), (619626858, 29412106, 0), (3682780135, 310697817, 0), (3682780135, 3682780135, 0)]
ERR 2: Census Tract 2801 Census Tract 8330 -- No path found, (258020602, 258956097), [(256591099, 1676390756, 0), (256613293, 261239964, 0), (261143286, 410791905, 0), (261209662, 261143286, 0), (261239963, 5970344154, 0), (261239964, 261239963, 0), (410791905, 418155586, 0), (410791918, 258956097, 0), (418155586, 410791918, 0), (1308245851, 1308245884, 0), (1308245880, 1308245886, 0), (1308245882, 1324316159, 0), (1308245884, 1308245880, 0), (1308245886, 1308245882, 0), (1324316156, 1640004517, 0), (1324316159, 1324316156, 0), (1640004517, 256591099, 0), (1676390756, 256613293, 0), (2004538828, 1308245851, 0), (2203792340, 2004538828, 0), (2203792340, 2203792340, 0), (5970344154, 261209662, 0)]
ERR 2: Census Tract 2801 Census Tract 8382 -- No path found, (258020602, 1324353893), [(261136237, 5893011786, 0), (261181936, 538647038, 0), (538647020, 261181936, 0), (538647038, 1308208364, 0), (1308131704, 1308131758, 0), (1308131714, 1308131704, 0), (1308131732, 1308131714, 0), (1308131758, 1318401260, 0), (1308208364, 1324363040, 0), (1318401260, 538647020, 0), (1324363040, 1324353893, 0), (2282590140, 261136237, 0), (2282590140, 2282590140, 0), (5893011786, 5893011788, 0), (5893011788, 5893011792, 0), (5893011792, 5893011797, 0), (5893011797, 5893011803, 0), (5893011803, 1308131732, 0)]
ERR 2: Census Tract 2801 Census Tract 8391 -- No path found, (258020602, 740243448), [(28289318, 740243448, 0), (28290296, 11060811046, 0), (258957316, 258957340, 0), (258957340, 10923165760, 0), (619625983, 1536858520, 0), (1536858516, 258957316, 0), (1536858520, 1536858516, 0), (3682780135, 619625983, 0), (3682780135, 3682780135, 0), (10923165760, 28290296, 0), (11060811046, 28289318, 0)]
ERR 2: Census Tract 1201 Census Tract 1201 -- No path found, (261180149, 261180149), [(1052833436, 261180149, 0), (1052833436, 1052833436, 0)]
ERR 2: Census Tract 1201 Census Tract 8391 -- No path found, (261180149, 740243448), [(28289318, 740243448, 0), (28290296, 11060811046, 0), (258957316, 258957340, 0), (258957340, 10923165760, 0), (619625983, 1536858520, 0), (1536858516, 258957316, 0), (1536858520, 1536858516, 0), (3682780135, 619625983, 0), (3682780135, 3682780135, 0), (10923165760, 28290296, 0), (11060811046, 28289318, 0)]
ERR 2: Census Tract 1202 Census Tract 1202 -- No path found, (261197625, 261197625), [(104504033, 6718052130, 0), (104509549, 353716815, 0), (268166074, 268166091, 0), (268166091, 1785056963, 0), (270408189, 305515831, 0), (270408209, 305515604, 0), (287220215, 261197625, 0), (287220244, 104504033, 0), (287220342, 287220244, 0), (288989504, 288989552, 0), (288989506, 104509549, 0), (288989552, 288989506, 0), (305515604, 288989504, 0), (305515750, 270408189, 0), (305515831, 270408209, 0), (353716815, 268166074, 0), (1785056963, 287220342, 0), (6718052130, 287220215, 0), (6776840744, 305515750, 0), (6776840745, 6776840744, 0), (6776840745, 6776840745, 0)]
ERR 2: Census Tract 1202 Census Tract 2801 -- No path found, (261197625, 258020602), [(28358883, 28358888, 0), (28358888, 258020603, 0), (258020603, 258956212, 0), (258956212, 258020602, 0), (619625983, 1536858520, 0), (1536858520, 28358883, 0), (3682780135, 619625983, 0), (3682780135, 3682780135, 0)]
ERR 2: Census Tract 1202 Census Tract 2819 -- No path found, (261197625, 257381494), [(28358883, 28358888, 0), (28358888, 28358891, 0), (28358891, 28358895, 0), (28358895, 271167057, 0), (257381489, 257381494, 0), (257381516, 257381489, 0), (271166509, 3921106500, 0), (271166785, 619040194, 0), (271166846, 271166785, 0), (271167057, 271166846, 0), (619040194, 271166509, 0), (619625983, 1536858520, 0), (1536858520, 28358883, 0), (3682780135, 619625983, 0), (3682780135, 3682780135, 0), (3921106500, 11061920316, 0), (11061920316, 257381516, 0)]
ERR 2: Census Tract 1202 Census Tract 311 -- No path found, (261197625, 257154257), [(250278923, 257154303, 0), (257095268, 3921165857, 0), (257107907, 9727227090, 0), (257107908, 257095268, 0), (257108482, 257107907, 0), (257108489, 257108482, 1), (257108503, 257108489, 0), (257112419, 257112419, 0), (257112419, 257108503, 0), (257149075, 250278923, 0), (257154303, 257154257, 0), (262077480, 257149075, 0), (2053153108, 3921165858, 0), (2395940291, 3740681147, 0), (3740681147, 3921165860, 0), (3921165857, 2395940291, 0), (3921165858, 262077480, 0), (3921165860, 2053153108, 0), (9727227089, 257107908, 0), (9727227090, 9727227089, 0)]
ERR 2: Census Tract 1202 Census Tract 8383 -- No path found, (261197625, 4499068774), [(102723064, 261190186, 0), (257957639, 257957640, 0), (257957640, 257957641, 0), (257957641, 709413333, 0), (257957643, 262803236, 0), (257957644, 102723064, 0), (258023911, 257957643, 0), (261149964, 4499068774, 0), (261163426, 261252718, 0), (261190186, 261211537, 0), (261211537, 261163426, 0), (261252718, 261252720, 0), (261252720, 261149964, 0), (262803236, 257957644, 0), (310697817, 257957639, 0), (709413333, 258023911, 0), (3682780135, 310697817, 0), (3682780135, 3682780135, 0)]
ERR 2: Census Tract 1202 Census Tract 8391 -- No path found, (261197625, 740243448), [(28289318, 740243448, 0), (28290296, 11060811046, 0), (258957316, 258957340, 0), (258957340, 10923165760, 0), (619625983, 1536858520, 0), (1536858516, 258957316, 0), (1536858520, 1536858516, 0), (3682780135, 619625983, 0), (3682780135, 3682780135, 0), (10923165760, 28290296, 0), (11060811046, 28289318, 0)]
ERR 2: Census Tract 5501 Census Tract 5501 -- No path found, (377670237, 377670237), [(261117202, 261323270, 0), (261132639, 261136132, 0), (261136132, 261146639, 0), (261143058, 261346679, 0), (261145400, 261326612, 0), (261146638, 261132639, 0), (261146639, 261146642, 0), (261146642, 261146644, 0), (261146644, 261146645, 0), (261146645, 261146646, 0), (261146646, 261146649, 0), (261146649, 261146651, 0), (261146651, 3897744901, 0), (261154848, 261154849, 0), (261154849, 2264952502, 0), (261156518, 711944178, 0), (261158717, 261158717, 0), (261158717, 261154848, 0), (261186161, 261117202, 0), (261209807, 261143058, 0), (261211121, 261252364, 0), (261252364, 261186161, 0), (261272155, 2407308623, 0), (261282913, 261145400, 0), (261289455, 261211121, 0), (261321802, 7039925958, 0), (261323270, 261282913, 0), (261326612, 711921424, 0), (261346677, 261209807, 0), (261346679, 261289455, 0), (377670236, 377670237, 0), (711921424, 261321802, 0), (711944178, 261146638, 0), (2264952502, 261156518, 0), (2407308623, 377670236, 0), (3897744877, 261346677, 0), (3897744901, 3897744877, 0), (7039925958, 261272155, 0)]
