,Unnamed: 0.1,Unnamed: 0,sampno,locno,perno,loctype,state,country,state_fips,county_fips,tract_fips,out_region,home,latitude,longitude,tract
2,2,11,20000136,10000,-1,1,IL,USA,17,31,81402,0,1,41.891022,-87.612931,Census Tract 814.02
3,3,12,20000136,10002,1,2,IL,USA,17,31,830900,0,0,41.928424,-87.684906,Census Tract 8309
4,4,17,20000136,20002,2,2,IL,USA,17,31,81401,0,0,41.895035,-87.619717,Census Tract 814.01
5,5,35,20000300,10000,-1,1,IL,USA,17,31,81300,0,1,41.898335,-87.620753,Census Tract 813
6,6,36,20000300,10002,1,2,IL,USA,17,31,281900,0,0,41.878635,-87.642924,Census Tract 2819
7,7,78,20000752,10000,-1,1,IL,USA,17,31,20801,0,1,41.986808,-87.694415,Census Tract 208.01
8,8,80,20000752,20002,2,2,IL,USA,17,31,838100,0,0,41.878667,-87.671689,Census Tract 8381
9,9,81,20000752,30003,3,3,IL,USA,17,31,20701,0,0,41.986892,-87.70369,Census Tract 207.01
10,10,82,20000752,40003,4,3,IL,USA,17,31,20701,0,1,41.986892,-87.70369,Census Tract 207.01
11,11,102,20001025,10000,-1,1,IL,USA,17,31,241000,0,1,41.907969,-87.694534,Census Tract 2410
12,12,103,20001025,10002,1,2,IL,USA,17,31,81401,0,0,41.895035,-87.619717,Census Tract 814.01
13,13,106,20001025,20002,2,2,IL,USA,17,31,843100,0,0,41.862602,-87.699453,Census Tract 8431
30,30,189,20002411,10000,-1,1,IL,USA,17,31,60100,0,1,41.957531,-87.666611,Census Tract 601
31,31,190,20002411,10002,1,2,IL,USA,17,31,839100,0,0,41.880986,-87.63307,Census Tract 8391
32,32,202,20002535,10000,-1,1,IL,USA,17,31,30701,0,1,41.982745,-87.657966,Census Tract 307.01
33,33,203,20002535,10002,1,2,IL,USA,17,31,839100,0,0,41.880986,-87.63307,Census Tract 8391
34,34,206,20002650,10000,-1,1,IL,USA,17,31,221500,0,1,41.921647,-87.689951,Census Tract 2215
35,35,207,20002650,10002,1,2,IL,USA,17,31,760801,0,0,41.983487,-87.84485,Census Tract 7608.01
36,36,209,20002772,10000,-1,1,IL,USA,17,31,140800,0,1,41.964514,-87.702847,Census Tract 1408
37,37,210,20002772,10002,1,2,IL,USA,17,31,320100,0,0,41.886447,-87.619467,Census Tract 3201
59,59,288,20003623,10000,-1,1,IL,USA,17,31,320100,0,1,41.886447,-87.619467,Census Tract 3201
60,60,289,20003623,10002,1,2,IL,USA,17,31,81500,0,0,41.892906,-87.626079,Census Tract 815
72,72,358,20004111,10000,-1,1,IL,USA,17,31,351000,0,1,41.835568,-87.606528,Census Tract 3510
73,73,359,20004111,10003,1,3,IL,USA,17,31,839100,0,0,41.880986,-87.63307,Census Tract 8391
108,108,552,20005726,10000,-1,1,IL,USA,17,31,71300,0,1,41.921779,-87.641458,Census Tract 713
109,109,553,20005726,10002,1,2,IL,USA,17,31,71400,0,0,41.922726,-87.629526,Census Tract 714
110,110,562,20006140,10000,-1,1,IL,USA,17,31,830700,0,1,41.958304,-87.660765,Census Tract 8307
111,111,563,20006140,10002,1,2,IL,USA,17,31,839100,0,0,41.880986,-87.63307,Census Tract 8391
119,119,620,30000584,10000,-1,1,IL,USA,17,31,61902,0,1,41.946698,-87.639064,Census Tract 619.02
120,120,621,30000584,10002,1,2,IL,USA,17,31,839100,0,0,41.880986,-87.63307,Census Tract 8391
121,121,629,30000598,10000,-1,1,IL,USA,17,31,836500,0,1,41.825946,-87.599456,Census Tract 8365
122,122,630,30000598,10003,1,3,IL,USA,17,31,720100,0,0,41.727616,-87.674736,Census Tract 7201
123,123,636,30000598,20003,2,3,IL,USA,17,31,381800,0,0,41.803848,-87.621198,Census Tract 3818
124,124,639,30000603,10000,-1,1,IL,USA,17,31,81000,0,1,41.900266,-87.632109,Census Tract 810
125,125,640,30000603,10002,1,2,IL,USA,17,31,281900,0,0,41.878635,-87.642924,Census Tract 2819
131,131,692,30000926,10000,-1,1,IL,USA,17,31,330100,0,1,41.859295,-87.615523,Census Tract 3301
132,132,693,30000926,10002,1,2,IL,USA,17,31,280100,0,0,41.885452,-87.643498,Census Tract 2801
133,133,706,30001049,10000,-1,1,IL,USA,17,31,831000,0,1,41.914798,-87.676997,Census Tract 8310
134,134,707,30001049,10002,1,2,IL,USA,17,31,242000,0,0,41.899737,-87.664954,Census Tract 2420
135,135,736,30001090,10000,-1,1,IL,USA,17,31,830700,0,1,41.958304,-87.660765,Census Tract 8307
136,136,737,30001090,10002,1,2,IL,USA,17,31,839100,0,0,41.880986,-87.63307,Census Tract 8391
137,137,752,30001108,10000,-1,1,IL,USA,17,31,330100,0,1,41.859295,-87.615523,Census Tract 3301
138,138,753,30001108,10002,1,2,IL,USA,17,31,839100,0,0,41.880986,-87.63307,Census Tract 8391
142,142,784,30001293,10000,-1,1,IL,USA,17,31,60100,0,1,41.957531,-87.666611,Census Tract 601
143,143,785,30001293,10002,1,2,IL,USA,17,31,320100,0,0,41.886447,-87.619467,Census Tract 3201
146,146,809,30001443,10000,-1,1,IL,USA,17,31,50200,0,1,41.95774,-87.683717,Census Tract 502
147,147,810,30001443,10002,1,2,IL,USA,17,31,839100,0,0,41.880986,-87.63307,Census Tract 8391
148,148,813,30001443,20002,2,2,IL,USA,17,31,81700,0,0,41.892218,-87.631832,Census Tract 817
149,149,818,30001467,10000,-1,1,IL,USA,17,31,30703,0,1,41.978875,-87.657871,Census Tract 307.03
150,150,819,30001467,10003,1,3,IL,USA,17,31,81401,0,0,41.895035,-87.619717,Census Tract 814.01
151,151,821,30001467,20002,2,2,IL,USA,17,31,320400,0,0,41.875817,-87.617256,Census Tract 3204
152,152,823,30001542,10000,-1,1,IL,USA,17,31,251300,0,1,41.898425,-87.770385,Census Tract 2513
153,153,824,30001542,10002,1,2,IL,USA,17,31,839100,0,0,41.880986,-87.63307,Census Tract 8391
158,158,846,30001907,10000,-1,1,IL,USA,17,31,190402,0,1,41.93486,-87.771232,Census Tract 1904.02
159,159,850,30001907,20002,2,2,IL,USA,17,31,161000,0,0,41.949977,-87.730683,Census Tract 1610
166,166,887,30002095,10000,-1,1,IL,USA,17,31,590500,0,1,41.824898,-87.68046,Census Tract 5905
167,167,888,30002095,10002,1,2,IL,USA,17,31,320100,0,0,41.886447,-87.619467,Census Tract 3201
168,168,891,30002095,20002,2,2,IL,USA,17,31,839100,0,0,41.880986,-87.63307,Census Tract 8391
173,173,927,30002280,10000,-1,1,IL,USA,17,31,60900,0,1,41.951517,-87.641778,Census Tract 609
174,174,928,30002280,10002,1,2,IL,USA,17,31,420400,0,0,41.78317,-87.603558,Census Tract 4204
175,175,932,30002280,20002,2,2,IL,USA,17,31,20802,0,0,41.994059,-87.694631,Census Tract 208.02
176,176,934,30002447,10000,-1,1,IL,USA,17,31,410100,0,1,41.801582,-87.581026,Census Tract 4101
177,177,935,30002447,10002,1,2,IL,USA,17,31,836200,0,0,41.790469,-87.601285,Census Tract 8362
178,178,936,30002447,10003,1,3,IL,USA,17,31,836200,0,0,41.790469,-87.601285,Census Tract 8362
179,179,939,30002518,10000,-1,1,IL,USA,17,31,62100,0,1,41.942691,-87.65177,Census Tract 621
180,180,940,30002518,10002,1,2,IL,USA,17,31,81800,0,0,41.893324,-87.63919,Census Tract 818
181,181,944,30002518,20002,2,2,IL,USA,17,31,81401,0,0,41.895035,-87.619717,Census Tract 814.01
182,182,956,30002526,10000,-1,1,IL,USA,17,31,31900,0,1,41.963374,-87.670184,Census Tract 319
183,183,957,30002526,10002,1,2,IL,USA,17,31,81403,0,0,41.892991,-87.620956,Census Tract 814.03
184,184,961,30002526,20002,2,2,IL,USA,17,31,50100,0,0,41.957845,-87.676373,Census Tract 501
185,185,962,30002526,30003,3,3,IL,USA,17,31,60200,0,0,41.957904,-87.671517,Census Tract 602
204,204,1039,30003029,10000,-1,1,IL,USA,17,31,700501,0,1,41.746213,-87.690342,Census Tract 7005.01
205,205,1040,30003029,10002,1,2,IL,USA,17,31,500300,0,0,41.689315,-87.60537,Census Tract 5003
206,206,1060,30003336,10000,-1,1,IL,USA,17,31,420700,0,1,41.776691,-87.610693,Census Tract 4207
207,207,1061,30003336,10002,1,2,IL,USA,17,31,320400,0,0,41.875817,-87.617256,Census Tract 3204
212,212,1096,30003463,10000,-1,1,IL,USA,17,31,310600,0,1,41.856333,-87.659564,Census Tract 3106
213,213,1097,30003463,10002,1,2,IL,USA,17,31,841900,0,0,41.868458,-87.642965,Census Tract 8419
219,219,1134,30003632,10000,-1,1,IL,USA,17,31,81000,0,1,41.900266,-87.632109,Census Tract 810
220,220,1135,30003632,10002,1,2,IL,USA,17,31,841100,0,0,41.851644,-87.635661,Census Tract 8411
221,221,1144,30003695,10000,-1,1,IL,USA,17,31,63000,0,1,41.93631,-87.651562,Census Tract 630
222,222,1146,30003695,20002,2,2,IL,USA,17,31,81300,0,0,41.898335,-87.620753,Census Tract 813
223,223,1153,30003777,10000,-1,1,IL,USA,17,31,71500,0,1,41.914242,-87.625092,Census Tract 715
224,224,1154,30003777,10002,1,2,IL,USA,17,31,839100,0,0,41.880986,-87.63307,Census Tract 8391
225,225,1158,30003777,20002,2,2,IL,USA,17,31,839100,0,0,41.880986,-87.63307,Census Tract 8391
226,226,1160,30003805,10000,-1,1,IL,USA,17,31,843600,0,1,41.806765,-87.608949,Census Tract 8436
227,227,1161,30003805,10002,1,2,IL,USA,17,31,839100,0,0,41.880986,-87.63307,Census Tract 8391
228,228,1167,30003805,20002,2,2,IL,USA,17,31,81201,0,0,41.899154,-87.626212,Census Tract 812.01
233,233,1200,30003960,10000,-1,1,IL,USA,17,31,61901,0,1,41.943244,-87.643458,Census Tract 619.01
234,234,1201,30003960,10002,1,2,IL,USA,17,31,843300,0,0,41.863764,-87.69255,Census Tract 8433
235,235,1206,30003980,10000,-1,1,IL,USA,17,31,31100,0,1,41.972668,-87.663866,Census Tract 311
236,236,1207,30003980,10002,1,2,IL,USA,17,31,842200,0,0,41.904728,-87.64922,Census Tract 8422
242,242,1227,30004014,10000,-1,1,IL,USA,17,31,60900,0,1,41.951517,-87.641778,Census Tract 609
243,243,1228,30004014,10002,1,2,IL,USA,17,31,243300,0,0,41.892478,-87.664739,Census Tract 2433
247,247,1245,30004145,10000,-1,1,IL,USA,17,31,63000,0,1,41.93631,-87.651562,Census Tract 630
248,248,1246,30004145,10002,1,2,IL,USA,17,31,839100,0,0,41.880986,-87.63307,Census Tract 8391
249,249,1252,30004145,20002,2,2,IL,USA,17,31,833000,0,0,41.885286,-87.657249,Census Tract 8330
256,256,1303,30004389,10000,-1,1,IL,USA,17,31,70700,0,1,41.930652,-87.674104,Census Tract 707
257,257,1304,30004389,10002,1,2,IL,USA,17,31,841900,0,0,41.868458,-87.642965,Census Tract 8419
258,258,1307,30004389,20002,2,2,IL,USA,17,31,70700,0,1,41.930652,-87.674104,Census Tract 707
259,259,1308,30004407,10000,-1,1,IL,USA,17,31,140800,0,1,41.964514,-87.702847,Census Tract 1408
260,260,1309,30004407,10003,1,3,IL,USA,17,31,320100,0,0,41.886447,-87.619467,Census Tract 3201
261,261,1314,30004407,20002,2,2,IL,USA,17,31,842300,0,0,41.908386,-87.660086,Census Tract 8423
266,266,1367,30004621,10000,-1,1,IL,USA,17,31,320600,0,1,41.870554,-87.616596,Census Tract 3206
267,267,1368,30004621,10002,1,2,IL,USA,17,31,980100,0,0,41.785981,-87.7509,Census Tract 9801
278,278,1459,30005363,10000,-1,1,IL,USA,17,31,250400,0,1,41.912908,-87.775394,Census Tract 2504
279,279,1466,30005363,20003,2,3,IL,USA,17,31,241200,0,0,41.906707,-87.684686,Census Tract 2412
280,280,1534,30005724,10000,-1,1,IL,USA,17,31,823304,0,1,41.681416,-87.702771,Census Tract 8233.04
281,281,1535,30005724,10002,1,2,IL,USA,17,31,838800,0,0,41.683404,-87.574061,Census Tract 8388
282,282,1555,30005783,10000,-1,1,IL,USA,17,31,10501,0,1,42.009412,-87.663958,Census Tract 105.01
283,283,1556,30005783,10002,1,2,IL,USA,17,31,242000,0,0,41.899737,-87.664954,Census Tract 2420
284,284,1560,30005783,20002,2,2,IL,USA,17,31,81202,0,0,41.904377,-87.624237,Census Tract 812.02
285,285,1564,30005804,10000,-1,1,IL,USA,17,31,140602,0,1,41.964652,-87.721017,Census Tract 1406.02
286,286,1567,30005804,20002,2,2,IL,USA,17,31,40402,0,0,41.972545,-87.678818,Census Tract 404.02
298,298,1674,30005956,10000,-1,1,IL,USA,17,31,30703,0,1,41.978875,-87.657871,Census Tract 307.03
299,299,1675,30005956,10002,1,2,IL,USA,17,31,241500,0,0,41.908374,-87.67093,Census Tract 2415
300,300,1701,30006014,10000,-1,1,IL,USA,17,31,330100,0,1,41.859295,-87.615523,Census Tract 3301
301,301,1702,30006014,10002,1,2,IL,USA,17,31,81800,0,0,41.893324,-87.63919,Census Tract 818
314,314,1843,30006255,10000,-1,1,IL,USA,17,31,410500,0,1,41.797831,-87.603742,Census Tract 4105
315,315,1844,30006255,10002,1,2,IL,USA,17,31,836200,0,0,41.790469,-87.601285,Census Tract 8362
316,316,1845,30006255,10003,1,3,IL,USA,17,31,836200,0,0,41.790469,-87.601285,Census Tract 8362
317,317,1849,30006255,20002,2,2,IL,USA,17,31,836200,0,0,41.790469,-87.601285,Census Tract 8362
318,318,1850,30006255,20003,2,3,IL,USA,17,31,836200,0,0,41.790469,-87.601285,Census Tract 8362
321,321,1882,30006468,10000,-1,1,IL,USA,17,31,440101,0,1,41.748627,-87.601451,Census Tract 4401.01
322,322,1883,30006468,10002,1,2,IL,USA,17,31,330100,0,0,41.859295,-87.615523,Census Tract 3301
334,334,1931,30006808,10000,-1,1,IL,USA,17,31,330100,0,1,41.859295,-87.615523,Census Tract 3301
335,335,1932,30006808,10003,1,3,IL,USA,17,31,320400,0,0,41.875817,-87.617256,Census Tract 3204
336,336,1935,30006808,20002,2,2,IL,USA,17,31,839100,0,0,41.880986,-87.63307,Census Tract 8391
337,337,1940,30006886,10000,-1,1,IL,USA,17,31,230700,0,1,41.906323,-87.72154,Census Tract 2307
338,338,1946,30006886,20002,2,2,IL,USA,17,31,760803,0,0,41.975347,-87.844153,Census Tract 7608.03
339,339,1947,30006886,30002,3,2,IL,USA,17,31,980000,0,0,41.979419,-87.902438,Census Tract 9800
340,340,1948,30006886,50003,5,3,IL,USA,17,31,61000,0,0,41.949221,-87.65197,Census Tract 610
341,341,1960,30006991,10000,-1,1,IL,USA,17,31,220701,0,1,41.926155,-87.721565,Census Tract 2207.01
342,342,1961,30006991,10002,1,2,IL,USA,17,31,839100,0,0,41.880986,-87.63307,Census Tract 8391
343,343,1964,30007131,10000,-1,1,IL,USA,17,31,31300,0,1,41.973765,-87.64653,Census Tract 313
344,344,1965,30007131,10002,1,2,IL,USA,17,31,839100,0,0,41.880986,-87.63307,Census Tract 8391
345,345,1969,30007142,10000,-1,1,IL,USA,17,31,70300,0,1,41.929046,-87.65131,Census Tract 703
346,346,1970,30007142,10002,1,2,IL,USA,17,31,71000,0,0,41.921701,-87.655911,Census Tract 710
347,347,1975,30007142,20002,2,2,IL,USA,17,31,833000,0,0,41.885286,-87.657249,Census Tract 8330
348,348,1976,30007142,30002,3,2,IL,USA,17,31,71000,0,0,41.921701,-87.655911,Census Tract 710
349,349,1977,30007142,30003,3,3,IL,USA,17,31,320400,0,0,41.875817,-87.617256,Census Tract 3204
350,350,1978,30007142,40003,4,3,IL,USA,17,31,833100,0,0,41.879078,-87.657046,Census Tract 8331
351,351,2019,30007326,10000,-1,1,IL,USA,17,31,81402,0,1,41.891022,-87.612931,Census Tract 814.02
352,352,2022,30007326,20002,2,2,IL,USA,17,31,841900,0,0,41.868458,-87.642965,Census Tract 8419
405,405,2305,30008281,10000,-1,1,IL,USA,17,31,411000,0,1,41.787227,-87.577462,Census Tract 4110
406,406,2306,30008281,10002,1,2,IL,USA,17,31,836200,0,0,41.790469,-87.601285,Census Tract 8362
411,411,2335,30008346,10000,-1,1,IL,USA,17,31,100100,0,1,41.989584,-87.783014,Census Tract 1001
412,412,2336,30008346,10002,1,2,IL,USA,17,31,120200,0,0,41.994532,-87.757611,Census Tract 1202
419,419,2392,30008684,10000,-1,1,IL,USA,17,31,320100,0,1,41.886447,-87.619467,Census Tract 3201
420,420,2393,30008684,10003,1,3,IL,USA,17,31,411200,0,0,41.790562,-87.594017,Census Tract 4112
421,421,2395,30008684,30003,3,3,IL,USA,17,31,839100,0,0,41.880986,-87.63307,Census Tract 8391
439,439,2499,30009239,10000,-1,1,IL,USA,17,31,71300,0,1,41.921779,-87.641458,Census Tract 713
440,440,2500,30009239,10002,1,2,IL,USA,17,31,81401,0,0,41.895035,-87.619717,Census Tract 814.01
441,441,2503,30009239,20002,2,2,IL,USA,17,31,60200,0,0,41.957904,-87.671517,Census Tract 602
445,445,2530,30009311,10000,-1,1,IL,USA,17,31,833000,0,1,41.885286,-87.657249,Census Tract 8330
446,446,2535,30009311,20002,2,2,IL,USA,17,31,110100,0,0,41.987476,-87.769673,Census Tract 1101
460,460,2588,30009631,10000,-1,1,IL,USA,17,31,110300,0,1,41.975291,-87.783235,Census Tract 1103
461,461,2589,30009631,10002,1,2,IL,USA,17,31,843500,0,0,41.840983,-87.697566,Census Tract 8435
483,483,2714,30010281,10000,-1,1,IL,USA,17,31,242300,0,1,41.899506,-87.6796,Census Tract 2423
484,484,2715,30010281,10002,1,2,IL,USA,17,31,81403,0,0,41.892991,-87.620956,Census Tract 814.03
485,485,2719,30010281,20002,2,2,IL,USA,17,31,320100,0,0,41.886447,-87.619467,Census Tract 3201
507,507,2898,30010963,10000,-1,1,IL,USA,17,31,81700,0,1,41.892218,-87.631832,Census Tract 817
508,508,2899,30010963,10002,1,2,IL,USA,17,31,839100,0,0,41.880986,-87.63307,Census Tract 8391
509,509,2902,30010963,20002,2,2,IL,USA,17,31,281900,0,0,41.878635,-87.642924,Census Tract 2819
548,548,3186,30011987,10000,-1,1,IL,USA,17,31,110400,0,1,41.972954,-87.772611,Census Tract 1104
549,549,3191,30011987,20002,2,2,IL,USA,17,31,81201,0,0,41.899154,-87.626212,Census Tract 812.01
557,557,3220,30012023,10000,-1,1,IL,USA,17,31,150800,0,1,41.949709,-87.752118,Census Tract 1508
558,558,3221,30012023,10002,1,2,IL,USA,17,31,100300,0,0,41.988702,-87.804403,Census Tract 1003
564,564,3314,70000026,10000,-1,1,IL,USA,17,31,833100,0,1,41.879078,-87.657046,Census Tract 8331
565,565,3315,70000026,10002,1,2,IL,USA,17,31,839100,0,0,41.880986,-87.63307,Census Tract 8391
566,566,3316,70000026,20002,2,2,IL,USA,17,31,838200,0,0,41.870416,-87.675079,Census Tract 8382
567,567,3347,70000027,10000,-1,1,IL,USA,17,31,32100,0,1,41.958154,-87.653018,Census Tract 321
568,568,3348,70000027,10002,1,2,IL,USA,17,31,320100,0,0,41.886447,-87.619467,Census Tract 3201
569,569,3351,70000032,10000,-1,1,IL,USA,17,31,200100,0,1,41.935055,-87.737623,Census Tract 2001
570,570,3352,70000032,10002,1,2,IL,USA,17,31,839100,0,0,41.880986,-87.63307,Census Tract 8391
571,571,3354,70000039,10000,-1,1,IL,USA,17,31,40402,0,1,41.972545,-87.678818,Census Tract 404.02
572,572,3355,70000039,10002,1,2,IL,USA,17,31,839100,0,0,41.880986,-87.63307,Census Tract 8391
573,573,3356,70000039,20002,2,2,IL,USA,17,31,40300,0,0,41.976944,-87.701983,Census Tract 403
574,574,3357,70000039,30003,3,3,IL,USA,17,31,40300,0,0,41.976944,-87.701983,Census Tract 403
588,588,3470,70000057,10000,-1,1,IL,USA,17,31,411000,0,1,41.787227,-87.577462,Census Tract 4110
589,589,3471,70000057,10002,1,2,IL,USA,17,31,320400,0,0,41.875817,-87.617256,Census Tract 3204
590,590,3474,70000060,10000,-1,1,IL,USA,17,31,70200,0,1,41.929078,-87.646293,Census Tract 702
591,591,3475,70000060,10002,1,2,IL,USA,17,31,839100,0,0,41.880986,-87.63307,Census Tract 8391
592,592,3476,70000060,20002,2,2,IL,USA,17,31,320100,0,0,41.886447,-87.619467,Census Tract 3201
593,593,3486,70000062,10000,-1,1,IL,USA,17,31,40402,0,1,41.972545,-87.678818,Census Tract 404.02
594,594,3487,70000062,10002,1,2,IL,USA,17,31,320100,0,0,41.886447,-87.619467,Census Tract 3201
607,607,3549,70000080,10000,-1,1,IL,USA,17,31,63100,0,1,41.938232,-87.64678,Census Tract 631
608,608,3550,70000080,10002,1,2,IL,USA,17,31,839100,0,0,41.880986,-87.63307,Census Tract 8391
609,609,3551,70000080,20002,2,2,IL,USA,17,31,320100,0,0,41.886447,-87.619467,Census Tract 3201
610,610,3552,70000080,30003,3,3,IL,USA,17,31,839000,0,0,41.869903,-87.631213,Census Tract 8390
611,611,3565,70000081,10000,-1,1,IL,USA,17,31,140302,0,1,41.972548,-87.723789,Census Tract 1403.02
612,612,3566,70000081,10002,1,2,IL,USA,17,31,839100,0,0,41.880986,-87.63307,Census Tract 8391
616,616,3576,70000086,10000,-1,1,IL,USA,17,31,40600,0,1,41.966834,-87.684018,Census Tract 406
617,617,3577,70000086,10002,1,2,IL,USA,17,31,31800,0,0,41.967011,-87.670621,Census Tract 318
618,618,3578,70000086,20002,2,2,IL,USA,17,31,31800,0,0,41.967011,-87.670621,Census Tract 318
619,619,3581,70000091,10000,-1,1,IL,USA,17,31,161100,0,1,41.94988,-87.738155,Census Tract 1611
620,620,3582,70000091,10002,1,2,IL,USA,17,31,281900,0,0,41.878635,-87.642924,Census Tract 2819
621,621,3583,70000091,30003,3,3,IL,USA,17,31,50500,0,0,41.950447,-87.683507,Census Tract 505
628,628,3622,70000103,10000,-1,1,IL,USA,17,31,63400,0,1,41.93466,-87.64673,Census Tract 634
629,629,3623,70000103,10002,1,2,IL,USA,17,31,320100,0,0,41.886447,-87.619467,Census Tract 3201
630,630,3624,70000103,20002,2,2,IL,USA,17,31,836200,0,0,41.790469,-87.601285,Census Tract 8362
631,631,3625,70000103,30003,3,3,IL,USA,17,31,63301,0,0,41.934541,-87.643024,Census Tract 633.01
635,635,3674,70000110,10000,-1,1,IL,USA,17,31,220500,0,1,41.928396,-87.704911,Census Tract 2205
636,636,3675,70000110,10002,1,2,IL,USA,17,31,281900,0,0,41.878635,-87.642924,Census Tract 2819
637,637,3676,70000110,10003,1,3,IL,USA,17,31,841900,0,0,41.868458,-87.642965,Census Tract 8419
638,638,3692,70000114,10000,-1,1,IL,USA,17,31,40800,0,1,41.963974,-87.691821,Census Tract 408
639,639,3693,70000114,10002,1,2,IL,USA,17,31,10400,0,0,42.006411,-87.658816,Census Tract 104
640,640,3694,70000114,40003,4,3,IL,USA,17,31,40800,0,0,41.963974,-87.691821,Census Tract 408
641,641,3695,70000114,50003,5,3,IL,USA,17,31,40800,0,0,41.963974,-87.691821,Census Tract 408
666,666,3793,70000145,10000,-1,1,IL,USA,17,31,31300,0,1,41.973765,-87.64653,Census Tract 313
667,667,3794,70000145,10002,1,2,IL,USA,17,31,281900,0,0,41.878635,-87.642924,Census Tract 2819
671,671,3803,70000157,10000,-1,1,IL,USA,17,31,520300,0,1,41.701114,-87.539563,Census Tract 5203
672,672,3804,70000157,10002,1,2,IL,USA,17,31,320100,0,0,41.886447,-87.619467,Census Tract 3201
673,673,3805,70000157,20002,2,2,IL,USA,17,31,350100,0,0,41.840259,-87.607949,Census Tract 3501
674,674,3806,70000157,30002,3,2,IL,USA,17,31,500200,0,0,41.700855,-87.600309,Census Tract 5002
675,675,3807,70000157,40003,4,3,IL,USA,17,31,832900,0,0,41.874181,-87.661901,Census Tract 8329
676,676,3812,70000158,10000,-1,1,IL,USA,17,31,221100,0,1,41.92102,-87.710361,Census Tract 2211
677,677,3813,70000158,10002,1,2,IL,USA,17,31,839100,0,0,41.880986,-87.63307,Census Tract 8391
678,678,3814,70000158,20002,2,2,IL,USA,17,31,836200,0,0,41.790469,-87.601285,Census Tract 8362
684,684,3847,70000180,10000,-1,1,IL,USA,17,31,600400,0,1,41.841718,-87.643932,Census Tract 6004
685,685,3848,70000180,10002,1,2,IL,USA,17,31,839100,0,0,41.880986,-87.63307,Census Tract 8391
690,690,3854,70000194,10000,-1,1,IL,USA,17,31,750500,0,1,41.684615,-87.671233,Census Tract 7505
691,691,3855,70000194,10002,1,2,IL,USA,17,31,839100,0,0,41.880986,-87.63307,Census Tract 8391
692,692,3856,70000194,20002,2,2,IL,USA,17,31,836200,0,0,41.790469,-87.601285,Census Tract 8362
693,693,3857,70000194,30003,3,3,IL,USA,17,31,836200,0,0,41.790469,-87.601285,Census Tract 8362
722,722,3941,70000279,10000,-1,1,IL,USA,17,31,241500,0,1,41.908374,-87.67093,Census Tract 2415
723,723,3942,70000279,10002,1,2,IL,USA,17,31,839100,0,0,41.880986,-87.63307,Census Tract 8391
724,724,3943,70000279,20002,2,2,IL,USA,17,31,220400,0,0,41.928431,-87.699968,Census Tract 2204
725,725,3944,70000279,30003,3,3,IL,USA,17,31,241300,0,0,41.906772,-87.681025,Census Tract 2413
728,728,3958,70000377,10000,-1,1,IL,USA,17,31,71700,0,1,41.912867,-87.641072,Census Tract 717
729,729,3959,70000377,10002,1,2,IL,USA,17,31,81700,0,0,41.892218,-87.631832,Census Tract 817
730,730,3960,70000377,30003,3,3,IL,USA,17,31,71200,0,0,41.921855,-87.646211,Census Tract 712
731,731,3972,70000381,10000,-1,1,IL,USA,17,31,31502,0,1,41.963633,-87.652366,Census Tract 315.02
732,732,3973,70000381,10003,1,3,IL,USA,17,31,281900,0,0,41.878635,-87.642924,Census Tract 2819
733,733,3974,70000381,20003,2,3,IL,USA,17,31,330100,0,0,41.859295,-87.615523,Census Tract 3301
741,741,4060,70000439,10000,-1,1,IL,USA,17,31,30703,0,1,41.978875,-87.657871,Census Tract 307.03
742,742,4061,70000439,10002,1,2,IL,USA,17,31,281900,0,0,41.878635,-87.642924,Census Tract 2819
743,743,4062,70000439,20002,2,2,IL,USA,17,31,81800,0,0,41.893324,-87.63919,Census Tract 818
843,843,4328,70001200,10000,-1,1,IL,USA,17,31,71600,0,1,41.916472,-87.641182,Census Tract 716
844,844,4329,70001200,10002,1,2,IL,USA,17,31,320400,0,0,41.875817,-87.617256,Census Tract 3204
845,845,4330,70001200,20002,2,2,IL,USA,17,31,320100,0,0,41.886447,-87.619467,Census Tract 3201
846,846,4331,70001200,30003,3,3,IL,USA,17,31,80300,0,0,41.90749,-87.635799,Census Tract 803
847,847,4332,70001200,40003,4,3,IL,USA,17,31,80300,0,0,41.90749,-87.635799,Census Tract 803
853,853,4379,70001308,10000,-1,1,IL,USA,17,31,31800,0,1,41.967011,-87.670621,Census Tract 318
854,854,4380,70001308,30003,3,3,IL,USA,17,31,60200,0,0,41.957904,-87.671517,Census Tract 602
855,855,4381,70001308,40003,4,3,IL,USA,17,31,30500,0,0,41.987226,-87.664936,Census Tract 305
856,856,4383,70001383,10000,-1,1,IL,USA,17,31,62100,0,1,41.942691,-87.65177,Census Tract 621
857,857,4384,70001383,10002,1,2,IL,USA,17,31,831900,0,0,41.945169,-87.668791,Census Tract 8319
858,858,4385,70001383,20002,2,2,IL,USA,17,31,842200,0,0,41.904728,-87.64922,Census Tract 8422
859,859,4386,70001383,30002,3,2,IL,USA,17,31,833000,0,0,41.885286,-87.657249,Census Tract 8330
877,877,4495,70001502,10000,-1,1,IL,USA,17,31,220300,0,1,41.928465,-87.695086,Census Tract 2203
878,878,4496,70001502,10002,1,2,IL,USA,17,31,839100,0,0,41.880986,-87.63307,Census Tract 8391
879,879,4497,70001502,20002,2,2,IL,USA,17,31,831200,0,0,41.915321,-87.73226,Census Tract 8312
880,880,4500,70001507,10000,-1,1,IL,USA,17,31,839100,0,1,41.880986,-87.63307,Census Tract 8391
881,881,4501,70001507,10002,1,2,IL,USA,17,31,839100,0,0,41.880986,-87.63307,Census Tract 8391
882,882,4502,70001507,20002,2,2,IL,USA,17,31,81700,0,0,41.892218,-87.631832,Census Tract 817
883,883,4512,70001515,10000,-1,1,IL,USA,17,31,50500,0,1,41.950447,-87.683507,Census Tract 505
884,884,4513,70001515,10002,1,2,IL,USA,17,31,841900,0,0,41.868458,-87.642965,Census Tract 8419
885,885,4514,70001515,10003,1,3,IL,USA,17,31,841900,0,0,41.868458,-87.642965,Census Tract 8419
886,886,4515,70001515,30002,3,2,IL,USA,17,31,60400,0,0,41.950673,-87.666536,Census Tract 604
887,887,4537,70001537,10000,-1,1,IL,USA,17,31,220500,0,1,41.928396,-87.704911,Census Tract 2205
888,888,4538,70001537,10002,1,2,IL,USA,17,31,81600,0,0,41.892057,-87.628871,Census Tract 816
889,889,4539,70001537,20002,2,2,IL,USA,17,31,320100,0,0,41.886447,-87.619467,Census Tract 3201
890,890,4540,70001537,20003,2,3,IL,USA,17,31,281900,0,0,41.878635,-87.642924,Census Tract 2819
901,901,4574,70001630,10000,-1,1,IL,USA,17,31,160501,0,1,41.95921,-87.712973,Census Tract 1605.01
902,902,4575,70001630,30003,3,3,IL,USA,17,31,70700,0,0,41.930652,-87.674104,Census Tract 707
903,903,4576,70001630,40003,4,3,IL,USA,17,31,161000,0,0,41.949977,-87.730683,Census Tract 1610
916,916,4674,70001718,10000,-1,1,IL,USA,17,31,40401,0,1,41.972067,-87.686082,Census Tract 404.01
917,917,4675,70001718,10002,1,2,IL,USA,17,31,839100,0,0,41.880986,-87.63307,Census Tract 8391
918,918,4676,70001718,20002,2,2,IL,USA,17,31,280100,0,0,41.885452,-87.643498,Census Tract 2801
976,976,4843,70001912,10000,-1,1,IL,USA,17,31,230900,0,1,41.906692,-87.71035,Census Tract 2309
977,977,4844,70001912,10002,1,2,IL,USA,17,31,230800,0,0,41.90584,-87.714953,Census Tract 2308
984,984,4861,70001914,10000,-1,1,IL,USA,17,31,831200,0,1,41.915321,-87.73226,Census Tract 8312
985,985,4862,70001914,10002,1,2,IL,USA,17,31,839100,0,0,41.880986,-87.63307,Census Tract 8391
986,986,4863,70001914,20002,2,2,IL,USA,17,31,833000,0,0,41.885286,-87.657249,Census Tract 8330
993,993,4901,70001927,10000,-1,1,IL,USA,17,31,831100,0,1,41.942856,-87.717496,Census Tract 8311
994,994,4902,70001927,10002,1,2,IL,USA,17,31,843700,0,0,41.94556,-87.690034,Census Tract 8437
995,995,4903,70001927,20002,2,2,IL,USA,17,31,980000,0,0,41.979419,-87.902438,Census Tract 9800
996,996,4904,70001927,30003,3,3,IL,USA,17,31,838300,0,0,41.901566,-87.638404,Census Tract 8383
1003,1003,4938,70001932,10000,-1,1,IL,USA,17,31,31000,0,1,41.972437,-87.671109,Census Tract 310
1004,1004,4939,70001932,10002,1,2,IL,USA,17,31,320100,0,0,41.886447,-87.619467,Census Tract 3201
1005,1005,4940,70001932,20002,2,2,IL,USA,17,31,40300,0,0,41.976944,-87.701983,Census Tract 403
1006,1006,4941,70001932,30003,3,3,IL,USA,17,31,71800,0,0,41.914586,-87.645966,Census Tract 718
1007,1007,4942,70001932,40003,4,3,IL,USA,17,31,71800,0,0,41.914586,-87.645966,Census Tract 718
1008,1008,4946,70001965,10000,-1,1,IL,USA,17,31,63301,0,1,41.934541,-87.643024,Census Tract 633.01
1009,1009,4947,70001965,10002,1,2,IL,USA,17,31,320100,0,0,41.886447,-87.619467,Census Tract 3201
1010,1010,4948,70001965,20002,2,2,IL,USA,17,31,320100,0,0,41.886447,-87.619467,Census Tract 3201
1011,1011,4978,70001966,10000,-1,1,IL,USA,17,31,351400,0,1,41.827402,-87.624091,Census Tract 3514
1012,1012,4979,70001966,10002,1,2,IL,USA,17,31,836200,0,0,41.790469,-87.601285,Census Tract 8362
1013,1013,4985,70001970,10000,-1,1,IL,USA,17,31,81800,0,1,41.893324,-87.63919,Census Tract 818
1014,1014,4986,70001970,10002,1,2,IL,USA,17,31,320100,0,0,41.886447,-87.619467,Census Tract 3201
1015,1015,4987,70001970,20002,2,2,IL,USA,17,31,839100,0,0,41.880986,-87.63307,Census Tract 8391
1016,1016,5054,70001974,10000,-1,1,IL,USA,17,31,40700,0,1,41.967431,-87.694068,Census Tract 407
1017,1017,5055,70001974,10002,1,2,IL,USA,17,31,81402,0,0,41.891022,-87.612931,Census Tract 814.02
1018,1018,5056,70001974,20002,2,2,IL,USA,17,31,320400,0,0,41.875817,-87.617256,Census Tract 3204
1019,1019,5057,70001975,10000,-1,1,IL,USA,17,31,221200,0,1,41.921083,-87.70465,Census Tract 2212
1020,1020,5058,70001975,10002,1,2,IL,USA,17,31,320100,0,0,41.886447,-87.619467,Census Tract 3201
1021,1021,5059,70001975,20002,2,2,IL,USA,17,31,839100,0,0,41.880986,-87.63307,Census Tract 8391
1022,1022,5060,70001978,10000,-1,1,IL,USA,17,31,310800,0,1,41.855934,-87.668574,Census Tract 3108
1023,1023,5061,70001978,10002,1,2,IL,USA,17,31,839100,0,0,41.880986,-87.63307,Census Tract 8391
1024,1024,5108,70002003,10000,-1,1,IL,USA,17,31,10100,0,1,42.021256,-87.669832,Census Tract 101
1025,1025,5109,70002003,10002,1,2,IL,USA,17,31,830800,0,0,41.965141,-87.676577,Census Tract 8308
1026,1026,5114,70002009,10000,-1,1,IL,USA,17,31,31700,0,1,41.965447,-87.663195,Census Tract 317
1027,1027,5115,70002009,10002,1,2,IL,USA,17,31,839100,0,0,41.880986,-87.63307,Census Tract 8391
1028,1028,5116,70002009,20002,2,2,IL,USA,17,31,50100,0,0,41.957845,-87.676373,Census Tract 501
1029,1029,5118,70002013,10000,-1,1,IL,USA,17,31,63200,0,1,41.938923,-87.634673,Census Tract 632
1030,1030,5119,70002013,10002,1,2,IL,USA,17,31,839100,0,0,41.880986,-87.63307,Census Tract 8391
1038,1038,5152,70002028,10000,-1,1,IL,USA,17,31,150402,0,1,41.956798,-87.772044,Census Tract 1504.02
1039,1039,5153,70002028,10002,1,2,IL,USA,17,31,81800,0,0,41.893324,-87.63919,Census Tract 818
1044,1044,5175,70002032,10000,-1,1,IL,USA,17,31,210602,0,1,41.934163,-87.712572,Census Tract 2106.02
1045,1045,5176,70002032,10002,1,2,IL,USA,17,31,841900,0,0,41.868458,-87.642965,Census Tract 8419
1046,1046,5177,70002032,20003,2,3,IL,USA,17,31,836200,0,0,41.790469,-87.601285,Census Tract 8362
1050,1050,5241,70002040,10000,-1,1,IL,USA,17,31,221600,0,1,41.921246,-87.685098,Census Tract 2216
1051,1051,5242,70002040,10002,1,2,IL,USA,17,31,243500,0,0,41.892654,-87.652517,Census Tract 2435
1052,1052,5243,70002040,20002,2,2,IL,USA,17,31,839100,0,0,41.880986,-87.63307,Census Tract 8391
1053,1053,5244,70002040,30003,3,3,IL,USA,17,31,242400,0,0,41.899422,-87.68449,Census Tract 2424
1054,1054,5245,70002040,40003,4,3,IL,USA,17,31,830900,0,0,41.928424,-87.684906,Census Tract 8309
1055,1055,5246,70002051,10000,-1,1,IL,USA,17,31,830800,0,1,41.965141,-87.676577,Census Tract 8308
1056,1056,5247,70002051,10002,1,2,IL,USA,17,31,320100,0,0,41.886447,-87.619467,Census Tract 3201
1057,1057,5250,70002069,10000,-1,1,IL,USA,17,31,31100,0,1,41.972668,-87.663866,Census Tract 311
1058,1058,5251,70002069,10002,1,2,IL,USA,17,31,70102,0,0,41.930583,-87.642202,Census Tract 701.02
1059,1059,5252,70002069,20002,2,2,IL,USA,17,31,320100,0,0,41.886447,-87.619467,Census Tract 3201
1060,1060,5253,70002070,10000,-1,1,IL,USA,17,31,31900,0,1,41.963374,-87.670184,Census Tract 319
1061,1061,5254,70002070,10002,1,2,IL,USA,17,31,280100,0,0,41.885452,-87.643498,Census Tract 2801
1062,1062,5255,70002070,20002,2,2,IL,USA,17,31,839100,0,0,41.880986,-87.63307,Census Tract 8391
1063,1063,5256,70002090,10000,-1,1,IL,USA,17,31,140200,0,1,41.970695,-87.713004,Census Tract 1402
1064,1064,5257,70002090,10002,1,2,IL,USA,17,31,839100,0,0,41.880986,-87.63307,Census Tract 8391
1065,1065,5258,70002090,20002,2,2,IL,USA,17,31,50100,0,0,41.957845,-87.676373,Census Tract 501
1066,1066,5259,70002090,30003,3,3,IL,USA,17,31,140800,0,0,41.964514,-87.702847,Census Tract 1408
1071,1071,5284,70002096,10000,-1,1,IL,USA,17,31,130300,0,1,41.986559,-87.713392,Census Tract 1303
1072,1072,5285,70002096,10002,1,2,IL,USA,17,31,833000,0,0,41.885286,-87.657249,Census Tract 8330
1073,1073,5286,70002096,10003,1,3,IL,USA,17,31,841900,0,0,41.868458,-87.642965,Census Tract 8419
1074,1074,5289,70002096,20002,2,2,IL,USA,17,31,280100,0,0,41.885452,-87.643498,Census Tract 2801
1075,1075,5292,70002100,10000,-1,1,IL,USA,17,31,243000,0,1,41.892275,-87.679398,Census Tract 2430
1076,1076,5293,70002100,10002,1,2,IL,USA,17,31,839100,0,0,41.880986,-87.63307,Census Tract 8391
1086,1086,5313,70002122,10000,-1,1,IL,USA,17,31,30601,0,1,41.988972,-87.654609,Census Tract 306.01
1087,1087,5314,70002122,10002,1,2,IL,USA,17,31,841900,0,0,41.868458,-87.642965,Census Tract 8419
1088,1088,5315,70002122,20002,2,2,IL,USA,17,31,839700,0,0,41.833651,-87.651949,Census Tract 8397
1089,1089,5348,70002127,10000,-1,1,IL,USA,17,31,60900,0,1,41.951517,-87.641778,Census Tract 609
1090,1090,5349,70002127,10002,1,2,IL,USA,17,31,71400,0,0,41.922726,-87.629526,Census Tract 714
1098,1098,5377,70002175,10000,-1,1,IL,USA,17,31,100500,0,1,41.97806,-87.819734,Census Tract 1005
1099,1099,5378,70002175,10002,1,2,IL,USA,17,31,281900,0,0,41.878635,-87.642924,Census Tract 2819
1100,1100,5381,70002226,10000,-1,1,IL,USA,17,31,330100,0,1,41.859295,-87.615523,Census Tract 3301
1101,1101,5382,70002226,10003,1,3,IL,USA,17,31,841900,0,0,41.868458,-87.642965,Census Tract 8419
1102,1102,5383,70002226,20002,2,2,IL,USA,17,31,838200,0,0,41.870416,-87.675079,Census Tract 8382
1103,1103,5384,70002226,20003,2,3,IL,USA,17,31,842000,0,0,41.83496,-87.62517,Census Tract 8420
1114,1114,5430,70002232,10000,-1,1,IL,USA,17,31,110400,0,1,41.972954,-87.772611,Census Tract 1104
1115,1115,5431,70002232,10002,1,2,IL,USA,17,31,839100,0,0,41.880986,-87.63307,Census Tract 8391
1116,1116,5432,70002232,20002,2,2,IL,USA,17,31,140702,0,0,41.963548,-87.713575,Census Tract 1407.02
1117,1117,5433,70002232,20003,2,3,IL,USA,17,31,320400,0,0,41.875817,-87.617256,Census Tract 3204
1118,1118,5436,70002250,10000,-1,1,IL,USA,17,31,841000,0,1,41.847544,-87.610198,Census Tract 8410
1119,1119,5437,70002250,10002,1,2,IL,USA,17,31,839100,0,0,41.880986,-87.63307,Census Tract 8391
1120,1120,5439,70002253,10000,-1,1,IL,USA,17,31,161300,0,1,41.942699,-87.731002,Census Tract 1613
1121,1121,5440,70002253,10002,1,2,IL,USA,17,31,320400,0,0,41.875817,-87.617256,Census Tract 3204
1146,1146,5496,70002294,10000,-1,1,IL,USA,17,31,140100,0,1,41.971201,-87.705805,Census Tract 1401
1147,1147,5497,70002294,10002,1,2,IL,USA,17,31,839100,0,0,41.880986,-87.63307,Census Tract 8391
1150,1150,5500,70002355,10000,-1,1,IL,USA,17,31,31100,0,1,41.972668,-87.663866,Census Tract 311
1151,1151,5501,70002355,10002,1,2,IL,USA,17,31,839100,0,0,41.880986,-87.63307,Census Tract 8391
1152,1152,5517,70002359,10000,-1,1,IL,USA,17,31,839100,0,1,41.880986,-87.63307,Census Tract 8391
1153,1153,5518,70002359,10002,1,2,IL,USA,17,31,281900,0,0,41.878635,-87.642924,Census Tract 2819
1154,1154,5519,70002359,20002,2,2,IL,USA,17,31,839100,0,0,41.880986,-87.63307,Census Tract 8391
1158,1158,5528,70002361,10000,-1,1,IL,USA,17,31,63000,0,1,41.93631,-87.651562,Census Tract 630
1159,1159,5529,70002361,10002,1,2,IL,USA,17,31,839100,0,0,41.880986,-87.63307,Census Tract 8391
1177,1177,5568,70002410,10000,-1,1,IL,USA,17,31,310300,0,1,41.856144,-87.648978,Census Tract 3103
1178,1178,5569,70002410,10002,1,2,IL,USA,17,31,839100,0,0,41.880986,-87.63307,Census Tract 8391
1179,1179,5570,70002413,10000,-1,1,IL,USA,17,31,30703,0,1,41.978875,-87.657871,Census Tract 307.03
1180,1180,5571,70002413,10002,1,2,IL,USA,17,31,839100,0,0,41.880986,-87.63307,Census Tract 8391
1181,1181,5575,70002414,10000,-1,1,IL,USA,17,31,61901,0,1,41.943244,-87.643458,Census Tract 619.01
1182,1182,5576,70002414,10002,1,2,IL,USA,17,31,839100,0,0,41.880986,-87.63307,Census Tract 8391
1183,1183,5577,70002416,10000,-1,1,IL,USA,17,31,161300,0,1,41.942699,-87.731002,Census Tract 1613
1184,1184,5578,70002416,10002,1,2,IL,USA,17,31,320100,0,0,41.886447,-87.619467,Census Tract 3201
1185,1185,5579,70002416,30003,3,3,IL,USA,17,31,161000,0,0,41.949977,-87.730683,Census Tract 1610
1189,1189,5591,70002430,10000,-1,1,IL,USA,17,31,40402,0,1,41.972545,-87.678818,Census Tract 404.02
1190,1190,5592,70002430,10002,1,2,IL,USA,17,31,839100,0,0,41.880986,-87.63307,Census Tract 8391
1196,1196,5613,70002468,10000,-1,1,IL,USA,17,31,838200,0,1,41.870416,-87.675079,Census Tract 8382
1197,1197,5614,70002468,10003,1,3,IL,USA,17,31,838200,0,0,41.870416,-87.675079,Census Tract 8382
1198,1198,5619,70002480,10000,-1,1,IL,USA,17,31,839000,0,1,41.869903,-87.631213,Census Tract 8390
1199,1199,5620,70002480,10002,1,2,IL,USA,17,31,81403,0,0,41.892991,-87.620956,Census Tract 814.03
1200,1200,5621,70002480,20003,2,3,IL,USA,17,31,320100,0,0,41.886447,-87.619467,Census Tract 3201
1201,1201,5632,70002481,10000,-1,1,IL,USA,17,31,241400,0,1,41.906031,-87.675314,Census Tract 2414
1202,1202,5633,70002481,10002,1,2,IL,USA,17,31,280100,0,0,41.885452,-87.643498,Census Tract 2801
1211,1211,5647,70002487,10000,-1,1,IL,USA,17,31,100400,0,1,41.988969,-87.818041,Census Tract 1004
1212,1212,5648,70002487,10002,1,2,IL,USA,17,31,839100,0,0,41.880986,-87.63307,Census Tract 8391
1213,1213,5649,70002487,20002,2,2,IL,USA,17,31,980000,0,0,41.979419,-87.902438,Census Tract 9800
1214,1214,5650,70002487,30003,3,3,IL,USA,17,31,100400,0,0,41.988969,-87.818041,Census Tract 1004
1215,1215,5651,70002487,40003,4,3,IL,USA,17,31,100400,0,0,41.988969,-87.818041,Census Tract 1004
1224,1224,5697,70002513,10000,-1,1,IL,USA,17,31,81402,0,1,41.891022,-87.612931,Census Tract 814.02
1225,1225,5698,70002513,10002,1,2,IL,USA,17,31,81403,0,0,41.892991,-87.620956,Census Tract 814.03
1226,1226,5699,70002513,20002,2,2,IL,USA,17,31,842000,0,0,41.83496,-87.62517,Census Tract 8420
1229,1229,5797,70002564,10000,-1,1,IL,USA,17,31,750400,0,1,41.685657,-87.685071,Census Tract 7504
1230,1230,5798,70002564,30003,3,3,IL,USA,17,31,750400,0,0,41.685657,-87.685071,Census Tract 7504
1234,1234,5819,70002615,10000,-1,1,IL,USA,17,31,839100,0,1,41.880986,-87.63307,Census Tract 8391
1235,1235,5820,70002615,20002,2,2,IL,USA,17,31,838200,0,0,41.870416,-87.675079,Census Tract 8382
1236,1236,5821,70002615,20003,2,3,IL,USA,17,31,838200,0,0,41.870416,-87.675079,Census Tract 8382
1237,1237,5823,70002627,10000,-1,1,IL,USA,17,31,842900,0,1,41.863139,-87.672937,Census Tract 8429
1238,1238,5824,70002627,10002,1,2,IL,USA,17,31,842900,0,1,41.863139,-87.672937,Census Tract 8429
1239,1239,5828,70002636,10000,-1,1,IL,USA,17,31,40402,0,1,41.972545,-87.678818,Census Tract 404.02
1240,1240,5829,70002636,10003,1,3,IL,USA,17,31,841900,0,0,41.868458,-87.642965,Census Tract 8419
1241,1241,5830,70002636,20003,2,3,IL,USA,17,31,50100,0,0,41.957845,-87.676373,Census Tract 501
1242,1242,5831,70002636,30003,3,3,IL,USA,17,31,50100,0,0,41.957845,-87.676373,Census Tract 501
1246,1246,5875,70002674,10000,-1,1,IL,USA,17,31,832600,0,1,41.914754,-87.654465,Census Tract 8326
1247,1247,5876,70002674,10002,1,2,IL,USA,17,31,839100,0,0,41.880986,-87.63307,Census Tract 8391
1248,1248,5877,70002674,20002,2,2,IL,USA,17,31,839100,0,0,41.880986,-87.63307,Census Tract 8391
1249,1249,5878,70002674,30003,3,3,IL,USA,17,31,832600,0,0,41.914754,-87.654465,Census Tract 8326
1250,1250,5879,70002674,40003,4,3,IL,USA,17,31,832600,0,0,41.914754,-87.654465,Census Tract 8326
1258,1258,5890,70002709,10000,-1,1,IL,USA,17,31,60900,0,1,41.951517,-87.641778,Census Tract 609
1259,1259,5891,70002709,10002,1,2,IL,USA,17,31,839100,0,0,41.880986,-87.63307,Census Tract 8391
1260,1260,5898,70002713,10000,-1,1,IL,USA,17,31,243200,0,1,41.892433,-87.669624,Census Tract 2432
1261,1261,5899,70002713,10002,1,2,IL,USA,17,31,280100,0,0,41.885452,-87.643498,Census Tract 2801
1274,1274,6053,70002758,10000,-1,1,IL,USA,17,31,840400,0,1,41.833926,-87.667162,Census Tract 8404
1275,1275,6054,70002758,10002,1,2,IL,USA,17,31,611500,0,0,41.805447,-87.678658,Census Tract 6115
1276,1276,6055,70002758,20002,2,2,IL,USA,17,31,10400,0,0,42.006411,-87.658816,Census Tract 104
1277,1277,6058,70002759,10000,-1,1,IL,USA,17,31,61902,0,1,41.946698,-87.639064,Census Tract 619.02
1278,1278,6059,70002759,20003,2,3,IL,USA,17,31,320400,0,0,41.875817,-87.617256,Census Tract 3204
1279,1279,6088,70002765,10000,-1,1,IL,USA,17,31,70200,0,1,41.929078,-87.646293,Census Tract 702
1280,1280,6089,70002765,10002,1,2,IL,USA,17,31,839100,0,0,41.880986,-87.63307,Census Tract 8391
1281,1281,6098,70002803,10000,-1,1,IL,USA,17,31,410200,0,1,41.801671,-87.594265,Census Tract 4102
1282,1282,6099,70002803,10002,1,2,IL,USA,17,31,839100,0,0,41.880986,-87.63307,Census Tract 8391
1283,1283,6100,70002803,10003,1,3,IL,USA,17,31,420300,0,0,41.783224,-87.598697,Census Tract 4203
1287,1287,6157,70002816,10000,-1,1,IL,USA,17,31,836900,0,1,41.881883,-87.706136,Census Tract 8369
1288,1288,6158,70002816,10002,1,2,IL,USA,17,31,839100,0,0,41.880986,-87.63307,Census Tract 8391
1289,1289,6159,70002816,10003,1,3,IL,USA,17,31,70400,0,0,41.928967,-87.656156,Census Tract 704
1290,1290,6160,70002816,20002,2,2,IL,USA,17,31,839100,0,0,41.880986,-87.63307,Census Tract 8391
1297,1297,6193,70002843,10000,-1,1,IL,USA,17,31,210400,0,1,41.935745,-87.730306,Census Tract 2104
1298,1298,6194,70002843,10002,1,2,IL,USA,17,31,320100,0,0,41.886447,-87.619467,Census Tract 3201
1299,1299,6195,70002843,20002,2,2,IL,USA,17,31,839100,0,0,41.880986,-87.63307,Census Tract 8391
1300,1300,6196,70002843,30003,3,3,IL,USA,17,31,842200,0,0,41.904728,-87.64922,Census Tract 8422
1301,1301,6246,70002864,10000,-1,1,IL,USA,17,31,63302,0,1,41.934765,-87.639854,Census Tract 633.02
1302,1302,6247,70002864,10003,1,3,IL,USA,17,31,320100,0,0,41.886447,-87.619467,Census Tract 3201
1303,1303,6248,70002864,20003,2,3,IL,USA,17,31,81401,0,0,41.895035,-87.619717,Census Tract 814.01
1304,1304,6252,70002865,10000,-1,1,IL,USA,17,31,700302,0,1,41.738365,-87.731306,Census Tract 7003.02
1305,1305,6253,70002865,20002,2,2,IL,USA,17,31,839100,0,0,41.880986,-87.63307,Census Tract 8391
1306,1306,6254,70002865,30002,3,2,IL,USA,17,31,81401,0,0,41.895035,-87.619717,Census Tract 814.01
1319,1319,6298,70002886,10000,-1,1,IL,USA,17,31,100200,0,1,41.995658,-87.794314,Census Tract 1002
1320,1320,6299,70002886,40002,4,2,IL,USA,17,31,832900,0,0,41.874181,-87.661901,Census Tract 8329
1321,1321,6300,70002886,60003,6,3,IL,USA,17,31,100200,0,0,41.995658,-87.794314,Census Tract 1002
1322,1322,6308,70002887,10000,-1,1,IL,USA,17,31,30601,0,1,41.988972,-87.654609,Census Tract 306.01
1323,1323,6309,70002887,10002,1,2,IL,USA,17,31,830600,0,0,42.001698,-87.673574,Census Tract 8306
1324,1324,6310,70002887,20003,2,3,IL,USA,17,31,30800,0,0,41.979912,-87.664188,Census Tract 308
1325,1325,6311,70002887,30003,3,3,IL,USA,17,31,30800,0,0,41.979912,-87.664188,Census Tract 308
1333,1333,6322,70002899,10000,-1,1,IL,USA,17,31,120200,0,1,41.994532,-87.757611,Census Tract 1202
1334,1334,6323,70002899,20002,2,2,IL,USA,17,31,839100,0,0,41.880986,-87.63307,Census Tract 8391
1335,1335,6324,70002899,30003,3,3,IL,USA,17,31,839100,0,0,41.880986,-87.63307,Census Tract 8391
1336,1336,6325,70002899,40003,4,3,IL,USA,17,31,838300,0,0,41.901566,-87.638404,Census Tract 8383
1339,1339,6338,70002910,10000,-1,1,IL,USA,17,31,832500,0,1,41.92223,-87.664796,Census Tract 8325
1340,1340,6339,70002910,10002,1,2,IL,USA,17,31,81500,0,0,41.892906,-87.626079,Census Tract 815
1343,1343,6361,70002913,10000,-1,1,IL,USA,17,31,62100,0,1,41.942691,-87.65177,Census Tract 621
1344,1344,6362,70002913,10002,1,2,IL,USA,17,31,81401,0,0,41.895035,-87.619717,Census Tract 814.01
1345,1345,6363,70002913,20002,2,2,IL,USA,17,31,320100,0,0,41.886447,-87.619467,Census Tract 3201
1354,1354,6423,70002920,10000,-1,1,IL,USA,17,31,20400,0,1,42.008488,-87.685912,Census Tract 204
1355,1355,6424,70002920,10002,1,2,IL,USA,17,31,839100,0,0,41.880986,-87.63307,Census Tract 8391
1369,1369,6550,70002935,10000,-1,1,IL,USA,17,31,31501,0,1,41.967289,-87.652434,Census Tract 315.01
1370,1370,6551,70002935,10002,1,2,IL,USA,17,31,838200,0,0,41.870416,-87.675079,Census Tract 8382
1375,1375,6586,70002938,10000,-1,1,IL,USA,17,31,836200,0,1,41.790469,-87.601285,Census Tract 8362
1376,1376,6587,70002938,10002,1,2,IL,USA,17,31,390500,0,0,41.805978,-87.599199,Census Tract 3905
1377,1377,6588,70002938,20002,2,2,IL,USA,17,31,390500,0,0,41.805978,-87.599199,Census Tract 3905
1378,1378,6589,70002938,30003,3,3,IL,USA,17,31,410900,0,0,41.79671,-87.578094,Census Tract 4109
1389,1389,6616,70002941,10000,-1,1,IL,USA,17,31,63200,0,1,41.938923,-87.634673,Census Tract 632
1390,1390,6617,70002941,10002,1,2,IL,USA,17,31,839100,0,0,41.880986,-87.63307,Census Tract 8391
1391,1391,6622,70002943,10000,-1,1,IL,USA,17,31,30601,0,1,41.988972,-87.654609,Census Tract 306.01
1392,1392,6623,70002943,10002,1,2,IL,USA,17,31,839100,0,0,41.880986,-87.63307,Census Tract 8391
1393,1393,6624,70002943,20002,2,2,IL,USA,17,31,281900,0,0,41.878635,-87.642924,Census Tract 2819
1403,1403,6652,70002957,10000,-1,1,IL,USA,17,31,30706,0,1,41.980415,-87.650916,Census Tract 307.06
1404,1404,6653,70002957,10002,1,2,IL,USA,17,31,839100,0,0,41.880986,-87.63307,Census Tract 8391
1405,1405,6656,70002958,10000,-1,1,IL,USA,17,31,330100,0,1,41.859295,-87.615523,Census Tract 3301
1406,1406,6657,70002958,10002,1,2,IL,USA,17,31,839100,0,0,41.880986,-87.63307,Census Tract 8391
1407,1407,6660,70002961,10000,-1,1,IL,USA,17,31,10702,0,1,42.00902,-87.672726,Census Tract 107.02
1408,1408,6661,70002961,10002,1,2,IL,USA,17,31,839100,0,0,41.880986,-87.63307,Census Tract 8391
1409,1409,6662,70002961,10003,1,3,IL,USA,17,31,10400,0,0,42.006411,-87.658816,Census Tract 104
1444,1444,6754,70002983,10000,-1,1,IL,USA,17,31,243200,0,1,41.892433,-87.669624,Census Tract 2432
1445,1445,6755,70002983,10002,1,2,IL,USA,17,31,81700,0,0,41.892218,-87.631832,Census Tract 817
1456,1456,6813,70003000,10000,-1,1,IL,USA,17,31,61902,0,1,41.946698,-87.639064,Census Tract 619.02
1457,1457,6814,70003000,20002,2,2,IL,USA,17,31,280100,0,0,41.885452,-87.643498,Census Tract 2801
1475,1475,6878,70003018,10000,-1,1,IL,USA,17,31,81403,0,1,41.892991,-87.620956,Census Tract 814.03
1476,1476,6879,70003018,10002,1,2,IL,USA,17,31,839100,0,0,41.880986,-87.63307,Census Tract 8391
1479,1479,6890,70003021,10000,-1,1,IL,USA,17,31,190300,0,1,41.934986,-87.761464,Census Tract 1903
1480,1480,6891,70003021,20002,2,2,IL,USA,17,31,62600,0,0,41.935975,-87.670984,Census Tract 626
1483,1483,6909,70003027,10000,-1,1,IL,USA,17,31,50700,0,1,41.945071,-87.676059,Census Tract 507
1484,1484,6910,70003027,10002,1,2,IL,USA,17,31,80300,0,0,41.90749,-87.635799,Census Tract 803
1495,1495,6968,70003047,10000,-1,1,IL,USA,17,31,320600,0,1,41.870554,-87.616596,Census Tract 3206
1496,1496,6969,70003047,10002,1,2,IL,USA,17,31,838100,0,0,41.878667,-87.671689,Census Tract 8381
1501,1501,7093,70003053,10000,-1,1,IL,USA,17,31,221200,0,1,41.921083,-87.70465,Census Tract 2212
1502,1502,7094,70003053,10002,1,2,IL,USA,17,31,839100,0,0,41.880986,-87.63307,Census Tract 8391
1503,1503,7095,70003053,20002,2,2,IL,USA,17,31,839100,0,0,41.880986,-87.63307,Census Tract 8391
1504,1504,7096,70003058,10000,-1,1,IL,USA,17,31,600600,0,1,41.842469,-87.655751,Census Tract 6006
1505,1505,7097,70003058,20002,2,2,IL,USA,17,31,839100,0,0,41.880986,-87.63307,Census Tract 8391
1506,1506,7098,70003058,30003,3,3,IL,USA,17,31,839000,0,0,41.869903,-87.631213,Census Tract 8390
1507,1507,7099,70003058,40003,4,3,IL,USA,17,31,833100,0,0,41.879078,-87.657046,Census Tract 8331
1508,1508,7100,70003058,50003,5,3,IL,USA,17,31,838300,0,0,41.901566,-87.638404,Census Tract 8383
1537,1537,7171,70003087,10000,-1,1,IL,USA,17,31,100200,0,1,41.995658,-87.794314,Census Tract 1002
1538,1538,7172,70003087,10002,1,2,IL,USA,17,31,280100,0,0,41.885452,-87.643498,Census Tract 2801
1539,1539,7173,70003087,20002,2,2,IL,USA,17,31,100300,0,0,41.988702,-87.804403,Census Tract 1003
1557,1557,7240,70003109,10000,-1,1,IL,USA,17,31,40700,0,1,41.967431,-87.694068,Census Tract 407
1558,1558,7241,70003109,10002,1,2,IL,USA,17,31,81700,0,0,41.892218,-87.631832,Census Tract 817
1559,1559,7242,70003109,20002,2,2,IL,USA,17,31,30103,0,0,41.995524,-87.655153,Census Tract 301.03
1560,1560,7243,70003109,30003,3,3,IL,USA,17,31,31800,0,0,41.967011,-87.670621,Census Tract 318
1568,1568,7262,70003119,10000,-1,1,IL,USA,17,31,140800,0,1,41.964514,-87.702847,Census Tract 1408
1569,1569,7263,70003119,20002,2,2,IL,USA,17,31,839100,0,0,41.880986,-87.63307,Census Tract 8391
1570,1570,7264,70003119,30002,3,2,IL,USA,17,31,832100,0,0,41.952821,-87.653241,Census Tract 8321
1571,1571,7265,70003119,30003,3,3,IL,USA,17,31,839000,0,0,41.869903,-87.631213,Census Tract 8390
1572,1572,7266,70003119,40003,4,3,IL,USA,17,31,71200,0,0,41.921855,-87.646211,Census Tract 712
1576,1576,7287,70003130,10000,-1,1,IL,USA,17,31,240500,0,1,41.911968,-87.683627,Census Tract 2405
1577,1577,7288,70003130,10002,1,2,IL,USA,17,31,839100,0,0,41.880986,-87.63307,Census Tract 8391
1584,1584,7319,70003141,10000,-1,1,IL,USA,17,31,411000,0,1,41.787227,-87.577462,Census Tract 4110
1585,1585,7320,70003141,10002,1,2,IL,USA,17,31,281900,0,0,41.878635,-87.642924,Census Tract 2819
1595,1595,7348,70003150,10000,-1,1,IL,USA,17,31,40600,0,1,41.966834,-87.684018,Census Tract 406
1596,1596,7349,70003150,10002,1,2,IL,USA,17,31,837000,0,0,41.878323,-87.698674,Census Tract 8370
1597,1597,7350,70003150,20002,2,2,IL,USA,17,31,320100,0,0,41.886447,-87.619467,Census Tract 3201
1605,1605,7367,70003156,10000,-1,1,IL,USA,17,31,30601,0,1,41.988972,-87.654609,Census Tract 306.01
1606,1606,7368,70003156,10002,1,2,IL,USA,17,31,839100,0,0,41.880986,-87.63307,Census Tract 8391
1628,1628,7436,70003174,10000,-1,1,IL,USA,17,31,241400,0,1,41.906031,-87.675314,Census Tract 2414
1629,1629,7437,70003174,20002,2,2,IL,USA,17,31,831800,0,0,41.978233,-87.716453,Census Tract 8318
1633,1633,7465,70003177,10000,-1,1,IL,USA,17,31,50500,0,1,41.950447,-87.683507,Census Tract 505
1634,1634,7466,70003177,10002,1,2,IL,USA,17,31,320100,0,0,41.886447,-87.619467,Census Tract 3201
1635,1635,7467,70003177,20002,2,2,IL,USA,17,31,839100,0,0,41.880986,-87.63307,Census Tract 8391
1636,1636,7468,70003177,30003,3,3,IL,USA,17,31,843700,0,0,41.94556,-87.690034,Census Tract 8437
1655,1655,7503,70003189,10000,-1,1,IL,USA,17,31,61500,0,1,41.945282,-87.661545,Census Tract 615
1656,1656,7504,70003189,10002,1,2,IL,USA,17,31,320600,0,0,41.870554,-87.616596,Census Tract 3206
1671,1671,7553,70003205,10000,-1,1,IL,USA,17,31,60800,0,1,41.953959,-87.642649,Census Tract 608
1672,1672,7554,70003205,10002,1,2,IL,USA,17,31,320400,0,0,41.875817,-87.617256,Census Tract 3204
1704,1704,7614,70003224,10000,-1,1,IL,USA,17,31,839000,0,1,41.869903,-87.631213,Census Tract 8390
1705,1705,7615,70003224,20002,2,2,IL,USA,17,31,320100,0,0,41.886447,-87.619467,Census Tract 3201
1706,1706,7616,70003224,30002,3,2,IL,USA,17,31,81403,0,0,41.892991,-87.620956,Census Tract 814.03
1707,1707,7617,70003224,30003,3,3,IL,USA,17,31,839000,0,0,41.869903,-87.631213,Census Tract 8390
1708,1708,7618,70003224,40002,4,2,IL,USA,17,31,81403,0,0,41.892991,-87.620956,Census Tract 814.03
1709,1709,7619,70003224,40003,4,3,IL,USA,17,31,839000,0,0,41.869903,-87.631213,Census Tract 8390
1710,1710,7633,70003225,10000,-1,1,IL,USA,17,31,283200,0,1,41.869579,-87.659202,Census Tract 2832
1711,1711,7634,70003225,10002,1,2,IL,USA,17,31,839100,0,0,41.880986,-87.63307,Census Tract 8391
1712,1712,7635,70003225,20002,2,2,IL,USA,17,31,839100,0,0,41.880986,-87.63307,Census Tract 8391
1713,1713,7636,70003225,30003,3,3,IL,USA,17,31,833000,0,0,41.885286,-87.657249,Census Tract 8330
1722,1722,7676,70003236,10000,-1,1,IL,USA,17,31,80201,0,1,41.909498,-87.631005,Census Tract 802.01
1723,1723,7677,70003236,20002,2,2,IL,USA,17,31,61100,0,0,41.94914,-87.656804,Census Tract 611
1774,1774,7892,70003283,10000,-1,1,IL,USA,17,31,62800,0,1,41.936159,-87.661265,Census Tract 628
1775,1775,7893,70003283,10002,1,2,IL,USA,17,31,320100,0,0,41.886447,-87.619467,Census Tract 3201
1785,1785,7941,70003300,10000,-1,1,IL,USA,17,31,40201,0,1,41.97258,-87.694,Census Tract 402.01
1786,1786,7942,70003300,10002,1,2,IL,USA,17,31,839100,0,0,41.880986,-87.63307,Census Tract 8391
1794,1794,7974,70003306,10000,-1,1,IL,USA,17,31,151002,0,1,41.942492,-87.747155,Census Tract 1510.02
1795,1795,7975,70003306,10002,1,2,IL,USA,17,31,839100,0,0,41.880986,-87.63307,Census Tract 8391
1824,1824,8076,70003344,10000,-1,1,IL,USA,17,31,221500,0,1,41.921647,-87.689951,Census Tract 2215
1825,1825,8077,70003344,10002,1,2,IL,USA,17,31,839100,0,0,41.880986,-87.63307,Census Tract 8391
1847,1847,8132,70003356,10000,-1,1,IL,USA,17,31,243400,0,1,41.892558,-87.659848,Census Tract 2434
1848,1848,8133,70003356,10002,1,2,IL,USA,17,31,81401,0,0,41.895035,-87.619717,Census Tract 814.01
1863,1863,8178,70003369,10000,-1,1,IL,USA,17,31,80300,0,1,41.90749,-87.635799,Census Tract 803
1864,1864,8179,70003369,10002,1,2,IL,USA,17,31,81100,0,0,41.900221,-87.629105,Census Tract 811
1876,1876,8247,70003380,10000,-1,1,IL,USA,17,31,750400,0,1,41.685657,-87.685071,Census Tract 7504
1877,1877,8248,70003380,10002,1,2,IL,USA,17,31,330200,0,0,41.865578,-87.630568,Census Tract 3302
1878,1878,8249,70003380,20002,2,2,IL,USA,17,31,330200,0,0,41.865578,-87.630568,Census Tract 3302
1893,1893,8284,70003400,10000,-1,1,IL,USA,17,31,833100,0,1,41.879078,-87.657046,Census Tract 8331
1894,1894,8285,70003400,10002,1,2,IL,USA,17,31,839100,0,0,41.880986,-87.63307,Census Tract 8391
1895,1895,8286,70003400,20002,2,2,IL,USA,17,31,81401,0,0,41.895035,-87.619717,Census Tract 814.01
1896,1896,8287,70003400,30003,3,3,IL,USA,17,31,833100,0,0,41.879078,-87.657046,Census Tract 8331
1897,1897,8288,70003400,40003,4,3,IL,USA,17,31,838300,0,0,41.901566,-87.638404,Census Tract 8383
1918,1918,8418,70003418,10000,-1,1,IL,USA,17,31,50600,0,1,41.950548,-87.676182,Census Tract 506
1919,1919,8419,70003418,10002,1,2,IL,USA,17,31,832200,0,0,41.920482,-87.679976,Census Tract 8322
1920,1920,8420,70003418,30003,3,3,IL,USA,17,31,831900,0,0,41.945169,-87.668791,Census Tract 8319
1921,1921,8421,70003418,40003,4,3,IL,USA,17,31,831900,0,0,41.945169,-87.668791,Census Tract 8319
1929,1929,8470,70003427,10000,-1,1,IL,USA,17,31,81201,0,1,41.899154,-87.626212,Census Tract 812.01
1930,1930,8471,70003427,10002,1,2,IL,USA,17,31,842200,0,0,41.904728,-87.64922,Census Tract 8422
1937,1937,8480,70003437,10000,-1,1,IL,USA,17,31,561000,0,1,41.788502,-87.791503,Census Tract 5610
1938,1938,8481,70003437,10002,1,2,IL,USA,17,31,650200,0,0,41.782222,-87.730225,Census Tract 6502
1947,1947,8498,70003442,10000,-1,1,IL,USA,17,31,600700,0,1,41.840782,-87.660543,Census Tract 6007
1948,1948,8499,70003442,10002,1,2,IL,USA,17,31,839100,0,0,41.880986,-87.63307,Census Tract 8391
1949,1949,8500,70003442,20002,2,2,IL,USA,17,31,280100,0,0,41.885452,-87.643498,Census Tract 2801
1980,1980,8601,70003461,10000,-1,1,IL,USA,17,31,242900,0,1,41.892196,-87.68429,Census Tract 2429
1981,1981,8602,70003461,10002,1,2,IL,USA,17,31,838200,0,0,41.870416,-87.675079,Census Tract 8382
1982,1982,8606,70003462,10000,-1,1,IL,USA,17,31,320100,0,1,41.886447,-87.619467,Census Tract 3201
1983,1983,8607,70003462,10002,1,2,IL,USA,17,31,81800,0,0,41.893324,-87.63919,Census Tract 818
1991,1991,8653,70003478,10000,-1,1,IL,USA,17,31,210601,0,1,41.937636,-87.712214,Census Tract 2106.01
1992,1992,8654,70003478,10002,1,2,IL,USA,17,31,191200,0,0,41.920143,-87.760827,Census Tract 1912
1993,1993,8655,70003478,20003,2,3,IL,USA,17,31,380100,0,0,41.820202,-87.610097,Census Tract 3801
1994,1994,8656,70003478,30003,3,3,IL,USA,17,31,71800,0,0,41.914586,-87.645966,Census Tract 718
2013,2013,8763,70003497,10000,-1,1,IL,USA,17,31,62000,0,1,41.942577,-87.647079,Census Tract 620
2014,2014,8764,70003497,10002,1,2,IL,USA,17,31,281900,0,0,41.878635,-87.642924,Census Tract 2819
2015,2015,8787,70003499,10000,-1,1,IL,USA,17,31,70300,0,1,41.929046,-87.65131,Census Tract 703
2016,2016,8788,70003499,10002,1,2,IL,USA,17,31,839100,0,0,41.880986,-87.63307,Census Tract 8391
2017,2017,8791,70003505,10000,-1,1,IL,USA,17,31,330100,0,1,41.859295,-87.615523,Census Tract 3301
2018,2018,8792,70003505,10002,1,2,IL,USA,17,31,320100,0,0,41.886447,-87.619467,Census Tract 3201
2019,2019,8798,70003508,10000,-1,1,IL,USA,17,31,220902,0,1,41.922711,-87.721836,Census Tract 2209.02
2020,2020,8799,70003508,10003,1,3,IL,USA,17,31,320400,0,0,41.875817,-87.617256,Census Tract 3204
2021,2021,8800,70003508,30003,3,3,IL,USA,17,31,220902,0,0,41.922711,-87.721836,Census Tract 2209.02
2032,2032,8885,70003518,10000,-1,1,IL,USA,17,31,832000,0,1,41.946294,-87.654298,Census Tract 8320
2033,2033,8886,70003518,10002,1,2,IL,USA,17,31,839100,0,0,41.880986,-87.63307,Census Tract 8391
2034,2034,8887,70003518,20002,2,2,IL,USA,17,31,81401,0,0,41.895035,-87.619717,Census Tract 814.01
2037,2037,8892,70003520,10000,-1,1,IL,USA,17,31,10600,0,1,42.006277,-87.667683,Census Tract 106
2038,2038,8893,70003520,10002,1,2,IL,USA,17,31,81300,0,0,41.898335,-87.620753,Census Tract 813
2039,2039,8894,70003520,20002,2,2,IL,USA,17,31,20301,0,0,42.006865,-87.705186,Census Tract 203.01
2051,2051,8936,70003530,10000,-1,1,IL,USA,17,31,10300,0,1,42.015941,-87.666535,Census Tract 103
2052,2052,8937,70003530,10002,1,2,IL,USA,17,31,320100,0,0,41.886447,-87.619467,Census Tract 3201
2053,2053,8938,70003530,10003,1,3,IL,USA,17,31,320100,0,0,41.886447,-87.619467,Census Tract 3201
2056,2056,8944,70003536,10000,-1,1,IL,USA,17,31,330100,0,1,41.859295,-87.615523,Census Tract 3301
2057,2057,8945,70003536,10002,1,2,IL,USA,17,31,838200,0,0,41.870416,-87.675079,Census Tract 8382
2065,2065,8967,70003546,10000,-1,1,IL,USA,17,31,50800,0,1,41.945009,-87.680928,Census Tract 508
2066,2066,8968,70003546,10002,1,2,IL,USA,17,31,836200,0,0,41.790469,-87.601285,Census Tract 8362
2067,2067,8969,70003546,20002,2,2,IL,USA,17,31,81403,0,0,41.892991,-87.620956,Census Tract 814.03
2070,2070,9050,70003549,10000,-1,1,IL,USA,17,31,81800,0,1,41.893324,-87.63919,Census Tract 818
2071,2071,9051,70003549,10002,1,2,IL,USA,17,31,711200,0,0,41.740556,-87.669825,Census Tract 7112
2072,2072,9052,70003549,20002,2,2,IL,USA,17,31,281900,0,0,41.878635,-87.642924,Census Tract 2819
2073,2073,9054,70003551,10000,-1,1,IL,USA,17,31,200200,0,1,41.927852,-87.735628,Census Tract 2002
2074,2074,9055,70003551,10002,1,2,IL,USA,17,31,20902,0,0,41.994258,-87.678684,Census Tract 209.02
2075,2075,9056,70003551,20002,2,2,IL,USA,17,31,836700,0,0,41.891704,-87.702175,Census Tract 8367
2076,2076,9057,70003551,30002,3,2,IL,USA,17,31,20902,0,0,41.994258,-87.678684,Census Tract 209.02
2077,2077,9075,70003553,10000,-1,1,IL,USA,17,31,420300,0,1,41.783224,-87.598697,Census Tract 4203
2078,2078,9076,70003553,10002,1,2,IL,USA,17,31,411200,0,0,41.790562,-87.594017,Census Tract 4112
2079,2079,9077,70003553,10003,1,3,IL,USA,17,31,836200,0,0,41.790469,-87.601285,Census Tract 8362
2080,2080,9078,70003553,20003,2,3,IL,USA,17,31,836200,0,0,41.790469,-87.601285,Census Tract 8362
2081,2081,9079,70003553,30003,3,3,IL,USA,17,31,836200,0,0,41.790469,-87.601285,Census Tract 8362
2082,2082,9080,70003553,40003,4,3,IL,USA,17,31,836200,0,0,41.790469,-87.601285,Census Tract 8362
2087,2087,9088,70003559,10000,-1,1,IL,USA,17,31,410700,0,1,41.798049,-87.5942,Census Tract 4107
2088,2088,9089,70003559,10003,1,3,IL,USA,17,31,836200,0,0,41.790469,-87.601285,Census Tract 8362
2089,2089,9090,70003559,20002,2,2,IL,USA,17,31,50100,0,0,41.957845,-87.676373,Census Tract 501
2090,2090,9113,70003561,10000,-1,1,IL,USA,17,31,832600,0,1,41.914754,-87.654465,Census Tract 8326
2091,2091,9114,70003561,10002,1,2,IL,USA,17,31,320400,0,0,41.875817,-87.617256,Census Tract 3204
2125,2125,9216,70003592,10000,-1,1,IL,USA,17,31,40600,0,1,41.966834,-87.684018,Census Tract 406
2126,2126,9217,70003592,10002,1,2,IL,USA,17,31,839100,0,0,41.880986,-87.63307,Census Tract 8391
2130,2130,9224,70003600,10000,-1,1,IL,USA,17,31,31100,0,1,41.972668,-87.663866,Census Tract 311
2131,2131,9225,70003600,10002,1,2,IL,USA,17,31,839100,0,0,41.880986,-87.63307,Census Tract 8391
2132,2132,9226,70003601,10000,-1,1,IL,USA,17,31,62200,0,1,41.942585,-87.656644,Census Tract 622
2133,2133,9227,70003601,10002,1,2,IL,USA,17,31,81600,0,0,41.892057,-87.628871,Census Tract 816
2134,2134,9228,70003601,20002,2,2,IL,USA,17,31,839100,0,0,41.880986,-87.63307,Census Tract 8391
2148,2148,9310,70003613,10000,-1,1,IL,USA,17,31,80100,0,1,41.907549,-87.62679,Census Tract 801
2149,2149,9311,70003613,10002,1,2,IL,USA,17,31,842200,0,0,41.904728,-87.64922,Census Tract 8422
2150,2150,9312,70003613,20002,2,2,IL,USA,17,31,81700,0,0,41.892218,-87.631832,Census Tract 817
2159,2159,9333,70003616,10000,-1,1,IL,USA,17,31,31300,0,1,41.973765,-87.64653,Census Tract 313
2160,2160,9334,70003616,10002,1,2,IL,USA,17,31,81201,0,0,41.899154,-87.626212,Census Tract 812.01
2165,2165,9351,70003622,10000,-1,1,IL,USA,17,31,80201,0,1,41.909498,-87.631005,Census Tract 802.01
2166,2166,9352,70003622,10002,1,2,IL,USA,17,31,81500,0,0,41.892906,-87.626079,Census Tract 815
2171,2171,9389,70003628,10000,-1,1,IL,USA,17,31,410800,0,1,41.797961,-87.589625,Census Tract 4108
2172,2172,9390,70003628,10002,1,2,IL,USA,17,31,836200,0,0,41.790469,-87.601285,Census Tract 8362
2173,2173,9391,70003628,10003,1,3,IL,USA,17,31,836200,0,0,41.790469,-87.601285,Census Tract 8362
2174,2174,9395,70003631,10000,-1,1,IL,USA,17,31,243300,0,1,41.892478,-87.664739,Census Tract 2433
2175,2175,9396,70003631,10002,1,2,IL,USA,17,31,411000,0,0,41.787227,-87.577462,Census Tract 4110
2195,2195,9453,70003655,10000,-1,1,IL,USA,17,31,81403,0,1,41.892991,-87.620956,Census Tract 814.03
2196,2196,9454,70003655,10002,1,2,IL,USA,17,31,81401,0,0,41.895035,-87.619717,Census Tract 814.01
2213,2213,9512,70003669,10000,-1,1,IL,USA,17,31,110400,0,1,41.972954,-87.772611,Census Tract 1104
2214,2214,9513,70003669,10002,1,2,IL,USA,17,31,81800,0,0,41.893324,-87.63919,Census Tract 818
2215,2215,9520,70003674,10000,-1,1,IL,USA,17,31,330100,0,1,41.859295,-87.615523,Census Tract 3301
2216,2216,9521,70003674,10002,1,2,IL,USA,17,31,411000,0,0,41.787227,-87.577462,Census Tract 4110
2217,2217,9522,70003674,20002,2,2,IL,USA,17,31,320100,0,0,41.886447,-87.619467,Census Tract 3201
2225,2225,9559,70003679,10000,-1,1,IL,USA,17,31,390700,0,1,41.804016,-87.580489,Census Tract 3907
2226,2226,9560,70003679,10002,1,2,IL,USA,17,31,839100,0,0,41.880986,-87.63307,Census Tract 8391
2245,2245,9613,70003698,10000,-1,1,IL,USA,17,31,839100,0,1,41.880986,-87.63307,Census Tract 8391
2246,2246,9614,70003698,10002,1,2,IL,USA,17,31,671500,0,0,41.768172,-87.669632,Census Tract 6715
2252,2252,9630,70003702,10000,-1,1,IL,USA,17,31,10702,0,1,42.00902,-87.672726,Census Tract 107.02
2253,2253,9631,70003702,10002,1,2,IL,USA,17,31,280100,0,0,41.885452,-87.643498,Census Tract 2801
2259,2259,9654,70003709,10000,-1,1,IL,USA,17,31,70102,0,1,41.930583,-87.642202,Census Tract 701.02
2260,2260,9655,70003709,10002,1,2,IL,USA,17,31,980000,0,0,41.979419,-87.902438,Census Tract 9800
2261,2261,9656,70003709,20002,2,2,IL,USA,17,31,281900,0,0,41.878635,-87.642924,Census Tract 2819
2264,2264,9669,70003711,10000,-1,1,IL,USA,17,31,81500,0,1,41.892906,-87.626079,Census Tract 815
2265,2265,9670,70003711,10002,1,2,IL,USA,17,31,838200,0,0,41.870416,-87.675079,Census Tract 8382
2266,2266,9688,70003714,10000,-1,1,IL,USA,17,31,220602,0,1,41.929327,-87.711981,Census Tract 2206.02
2267,2267,9689,70003714,10002,1,2,IL,USA,17,31,320100,0,0,41.886447,-87.619467,Census Tract 3201
2283,2283,9766,70003731,10000,-1,1,IL,USA,17,31,70500,0,1,41.928945,-87.660892,Census Tract 705
2284,2284,9767,70003731,10002,1,2,IL,USA,17,31,81700,0,0,41.892218,-87.631832,Census Tract 817
2285,2285,9768,70003731,20002,2,2,IL,USA,17,31,280100,0,0,41.885452,-87.643498,Census Tract 2801
2286,2286,9769,70003734,10000,-1,1,IL,USA,17,31,71500,0,1,41.914242,-87.625092,Census Tract 715
2287,2287,9770,70003734,10002,1,2,IL,USA,17,31,839100,0,0,41.880986,-87.63307,Census Tract 8391
2288,2288,9773,70003736,10000,-1,1,IL,USA,17,31,330100,0,1,41.859295,-87.615523,Census Tract 3301
2289,2289,9774,70003736,10002,1,2,IL,USA,17,31,839100,0,0,41.880986,-87.63307,Census Tract 8391
2298,2298,9805,70003749,10000,-1,1,IL,USA,17,31,750200,0,1,41.695665,-87.671425,Census Tract 7502
2299,2299,9806,70003749,10002,1,2,IL,USA,17,31,839100,0,0,41.880986,-87.63307,Census Tract 8391
2300,2300,9819,70003750,10000,-1,1,IL,USA,17,31,140100,0,1,41.971201,-87.705805,Census Tract 1401
2301,2301,9820,70003750,10002,1,2,IL,USA,17,31,40300,0,0,41.976944,-87.701983,Census Tract 403
2309,2309,9859,70003761,10000,-1,1,IL,USA,17,31,243200,0,1,41.892433,-87.669624,Census Tract 2432
2310,2310,9860,70003761,10002,1,2,IL,USA,17,31,81500,0,0,41.892906,-87.626079,Census Tract 815
2320,2320,9895,70003776,10000,-1,1,IL,USA,17,31,730201,0,1,41.726863,-87.657902,Census Tract 7302.01
2321,2321,9896,70003776,10002,1,2,IL,USA,17,31,839100,0,0,41.880986,-87.63307,Census Tract 8391
2322,2322,9899,70003779,10000,-1,1,IL,USA,17,31,62200,0,1,41.942585,-87.656644,Census Tract 622
2323,2323,9900,70003779,10002,1,2,IL,USA,17,31,40100,0,0,41.985622,-87.682886,Census Tract 401
2324,2324,9901,70003779,20002,2,2,IL,USA,17,31,320100,0,0,41.886447,-87.619467,Census Tract 3201
2325,2325,9906,70003781,10000,-1,1,IL,USA,17,31,71000,0,1,41.921701,-87.655911,Census Tract 710
2326,2326,9907,70003781,10002,1,2,IL,USA,17,31,839100,0,0,41.880986,-87.63307,Census Tract 8391
2327,2327,9908,70003781,30003,3,3,IL,USA,17,31,833100,0,0,41.879078,-87.657046,Census Tract 8331
2332,2332,9917,70003784,10000,-1,1,IL,USA,17,31,30500,0,1,41.987226,-87.664936,Census Tract 305
2333,2333,9918,70003784,10002,1,2,IL,USA,17,31,30800,0,0,41.979912,-87.664188,Census Tract 308
2337,2337,9928,70003794,10000,-1,1,IL,USA,17,31,71400,0,1,41.922726,-87.629526,Census Tract 714
2338,2338,9929,70003794,10002,1,2,IL,USA,17,31,320100,0,0,41.886447,-87.619467,Census Tract 3201
2339,2339,9930,70003794,20002,2,2,IL,USA,17,31,843700,0,0,41.94556,-87.690034,Census Tract 8437
2342,2342,9934,70003798,10000,-1,1,IL,USA,17,31,390700,0,1,41.804016,-87.580489,Census Tract 3907
2343,2343,9935,70003798,10002,1,2,IL,USA,17,31,81700,0,0,41.892218,-87.631832,Census Tract 817
2344,2344,9936,70003798,20003,2,3,IL,USA,17,31,836200,0,0,41.790469,-87.601285,Census Tract 8362
2347,2347,9946,70003804,10000,-1,1,IL,USA,17,31,242900,0,1,41.892196,-87.68429,Census Tract 2429
2348,2348,9947,70003804,10002,1,2,IL,USA,17,31,330100,0,0,41.859295,-87.615523,Census Tract 3301
2352,2352,9956,70003808,10000,-1,1,IL,USA,17,31,221400,0,1,41.920801,-87.694532,Census Tract 2214
2353,2353,9957,70003808,10002,1,2,IL,USA,17,31,839100,0,0,41.880986,-87.63307,Census Tract 8391
2354,2354,9958,70003808,20002,2,2,IL,USA,17,31,839100,0,0,41.880986,-87.63307,Census Tract 8391
2375,2375,10089,70003830,10000,-1,1,IL,USA,17,31,81000,0,1,41.900266,-87.632109,Census Tract 810
2376,2376,10090,70003830,20002,2,2,IL,USA,17,31,280100,0,0,41.885452,-87.643498,Census Tract 2801
2385,2385,10139,70003841,10000,-1,1,IL,USA,17,31,310400,0,1,41.856507,-87.652261,Census Tract 3104
2386,2386,10140,70003841,10002,1,2,IL,USA,17,31,839100,0,0,41.880986,-87.63307,Census Tract 8391
2387,2387,10141,70003841,20002,2,2,IL,USA,17,31,837300,0,0,41.871619,-87.705552,Census Tract 8373
2393,2393,10165,70003854,10000,-1,1,IL,USA,17,31,70101,0,1,41.929522,-87.632325,Census Tract 701.01
2394,2394,10166,70003854,10002,1,2,IL,USA,17,31,839100,0,0,41.880986,-87.63307,Census Tract 8391
2395,2395,10167,70003854,10003,1,3,IL,USA,17,31,320400,0,0,41.875817,-87.617256,Census Tract 3204
2396,2396,10168,70003854,20002,2,2,IL,USA,17,31,320400,0,0,41.875817,-87.617256,Census Tract 3204
2397,2397,10169,70003854,20003,2,3,IL,USA,17,31,320400,0,0,41.875817,-87.617256,Census Tract 3204
2408,2408,10206,70003863,10000,-1,1,IL,USA,17,31,221200,0,1,41.921083,-87.70465,Census Tract 2212
2409,2409,10207,70003863,10002,1,2,IL,USA,17,31,243100,0,0,41.892355,-87.674507,Census Tract 2431
2410,2410,10208,70003863,20002,2,2,IL,USA,17,31,320100,0,0,41.886447,-87.619467,Census Tract 3201
2411,2411,10209,70003863,30003,3,3,IL,USA,17,31,220300,0,0,41.928465,-87.695086,Census Tract 2203
2415,2415,10235,70003869,10000,-1,1,IL,USA,17,31,832900,0,1,41.874181,-87.661901,Census Tract 8329
2416,2416,10236,70003869,10003,1,3,IL,USA,17,31,838200,0,0,41.870416,-87.675079,Census Tract 8382
2417,2417,10237,70003869,20003,2,3,IL,USA,17,31,836200,0,0,41.790469,-87.601285,Census Tract 8362
2418,2418,10240,70003870,10000,-1,1,IL,USA,17,31,81700,0,1,41.892218,-87.631832,Census Tract 817
2419,2419,10241,70003870,10002,1,2,IL,USA,17,31,839100,0,0,41.880986,-87.63307,Census Tract 8391
2420,2420,10242,70003870,10003,1,3,IL,USA,17,31,81403,0,0,41.892991,-87.620956,Census Tract 814.03
2421,2421,10243,70003871,10000,-1,1,IL,USA,17,31,63100,0,1,41.938232,-87.64678,Census Tract 631
2422,2422,10244,70003871,10002,1,2,IL,USA,17,31,320400,0,0,41.875817,-87.617256,Census Tract 3204
2423,2423,10245,70003871,20002,2,2,IL,USA,17,31,81401,0,0,41.895035,-87.619717,Census Tract 814.01
2426,2426,10256,70003883,10000,-1,1,IL,USA,17,31,50800,0,1,41.945009,-87.680928,Census Tract 508
2427,2427,10257,70003883,20002,2,2,IL,USA,17,31,320100,0,0,41.886447,-87.619467,Census Tract 3201
2432,2432,10265,70003887,10000,-1,1,IL,USA,17,31,411200,0,1,41.790562,-87.594017,Census Tract 4112
2433,2433,10266,70003887,20002,2,2,IL,USA,17,31,320100,0,0,41.886447,-87.619467,Census Tract 3201
2434,2434,10267,70003887,30003,3,3,IL,USA,17,31,411000,0,0,41.787227,-87.577462,Census Tract 4110
2435,2435,10310,70003893,10000,-1,1,IL,USA,17,31,150300,0,1,41.960518,-87.762286,Census Tract 1503
2436,2436,10311,70003893,10002,1,2,IL,USA,17,31,839100,0,0,41.880986,-87.63307,Census Tract 8391
2437,2437,10312,70003893,20002,2,2,IL,USA,17,31,110501,0,0,41.977002,-87.761925,Census Tract 1105.01
2438,2438,10313,70003893,30003,3,3,IL,USA,17,31,150600,0,0,41.949473,-87.771758,Census Tract 1506
2442,2442,10328,70003899,10000,-1,1,IL,USA,17,31,120200,0,1,41.994532,-87.757611,Census Tract 1202
2443,2443,10329,70003899,10002,1,2,IL,USA,17,31,280100,0,0,41.885452,-87.643498,Census Tract 2801
2444,2444,10330,70003900,10000,-1,1,IL,USA,17,31,210100,0,1,41.944657,-87.700544,Census Tract 2101
2445,2445,10331,70003900,10002,1,2,IL,USA,17,31,839100,0,0,41.880986,-87.63307,Census Tract 8391
2454,2454,10356,70003908,10000,-1,1,IL,USA,17,31,230700,0,1,41.906323,-87.72154,Census Tract 2307
2455,2455,10357,70003908,10002,1,2,IL,USA,17,31,839100,0,0,41.880986,-87.63307,Census Tract 8391
2456,2456,10358,70003908,20002,2,2,IL,USA,17,31,81100,0,0,41.900221,-87.629105,Census Tract 811
2460,2460,10385,70003916,10000,-1,1,IL,USA,17,31,61902,0,1,41.946698,-87.639064,Census Tract 619.02
2461,2461,10386,70003916,10002,1,2,IL,USA,17,31,839100,0,0,41.880986,-87.63307,Census Tract 8391
2462,2462,10395,70003917,10000,-1,1,IL,USA,17,31,40201,0,1,41.97258,-87.694,Census Tract 402.01
2463,2463,10396,70003917,10002,1,2,IL,USA,17,31,842200,0,0,41.904728,-87.64922,Census Tract 8422
2464,2464,10397,70003917,20002,2,2,IL,USA,17,31,320400,0,0,41.875817,-87.617256,Census Tract 3204
2465,2465,10402,70003918,10000,-1,1,IL,USA,17,31,242700,0,1,41.897425,-87.699374,Census Tract 2427
2466,2466,10403,70003918,10002,1,2,IL,USA,17,31,831200,0,0,41.915321,-87.73226,Census Tract 8312
2504,2504,10550,70003940,10000,-1,1,IL,USA,17,31,140702,0,1,41.963548,-87.713575,Census Tract 1407.02
2505,2505,10551,70003940,10002,1,2,IL,USA,17,31,281900,0,0,41.878635,-87.642924,Census Tract 2819
2506,2506,10552,70003940,20002,2,2,IL,USA,17,31,81401,0,0,41.895035,-87.619717,Census Tract 814.01
2517,2517,10592,70003945,10000,-1,1,IL,USA,17,31,841900,0,1,41.868458,-87.642965,Census Tract 8419
2518,2518,10593,70003945,10002,1,2,IL,USA,17,31,832900,0,0,41.874181,-87.661901,Census Tract 8329
2519,2519,10594,70003945,20002,2,2,IL,USA,17,31,283100,0,0,41.869274,-87.664046,Census Tract 2831
2520,2520,10595,70003945,20003,2,3,IL,USA,17,31,839100,0,0,41.880986,-87.63307,Census Tract 8391
2521,2521,10600,70003947,10000,-1,1,IL,USA,17,31,240800,0,1,41.912074,-87.69948,Census Tract 2408
2522,2522,10601,70003947,10002,1,2,IL,USA,17,31,839100,0,0,41.880986,-87.63307,Census Tract 8391
2523,2523,10602,70003947,20003,2,3,IL,USA,17,31,71000,0,0,41.921701,-87.655911,Census Tract 710
2524,2524,10603,70003947,30003,3,3,IL,USA,17,31,71000,0,0,41.921701,-87.655911,Census Tract 710
2525,2525,10605,70003948,10000,-1,1,IL,USA,17,31,222600,0,1,41.915639,-87.70448,Census Tract 2226
2526,2526,10606,70003948,10002,1,2,IL,USA,17,31,838200,0,0,41.870416,-87.675079,Census Tract 8382
2527,2527,10607,70003948,20002,2,2,IL,USA,17,31,411000,0,0,41.787227,-87.577462,Census Tract 4110
2528,2528,10608,70003948,30003,3,3,IL,USA,17,31,31200,0,0,41.972709,-87.657341,Census Tract 312
2529,2529,10626,70003951,10000,-1,1,IL,USA,17,31,50900,0,1,41.944947,-87.685778,Census Tract 509
2530,2530,10627,70003951,10002,1,2,IL,USA,17,31,20601,0,0,42.000875,-87.701802,Census Tract 206.01
2531,2531,10628,70003951,30003,3,3,IL,USA,17,31,831800,0,0,41.978233,-87.716453,Census Tract 8318
2541,2541,10681,70003964,10000,-1,1,IL,USA,17,31,283100,0,1,41.869274,-87.664046,Census Tract 2831
2542,2542,10682,70003964,10003,1,3,IL,USA,17,31,838200,0,0,41.870416,-87.675079,Census Tract 8382
2549,2549,10718,70003972,10000,-1,1,IL,USA,17,31,50300,0,1,41.957885,-87.690444,Census Tract 503
2550,2550,10719,70003972,10002,1,2,IL,USA,17,31,410600,0,0,41.797969,-87.598942,Census Tract 4106
2551,2551,10746,70003976,10000,-1,1,IL,USA,17,31,71700,0,1,41.912867,-87.641072,Census Tract 717
2552,2552,10747,70003976,10002,1,2,IL,USA,17,31,81402,0,0,41.891022,-87.612931,Census Tract 814.02
2562,2562,10769,70003979,10000,-1,1,IL,USA,17,31,62900,0,1,41.936237,-87.656411,Census Tract 629
2563,2563,10770,70003979,10003,1,3,IL,USA,17,31,841900,0,0,41.868458,-87.642965,Census Tract 8419
2564,2564,10795,70003983,10000,-1,1,IL,USA,17,31,330100,0,1,41.859295,-87.615523,Census Tract 3301
2565,2565,10796,70003983,10002,1,2,IL,USA,17,31,842800,0,0,41.807534,-87.698304,Census Tract 8428
2579,2579,10841,70003994,10000,-1,1,IL,USA,17,31,243300,0,1,41.892478,-87.664739,Census Tract 2433
2580,2580,10842,70003994,10002,1,2,IL,USA,17,31,81800,0,0,41.893324,-87.63919,Census Tract 818
2581,2581,10843,70003994,20002,2,2,IL,USA,17,31,81800,0,0,41.893324,-87.63919,Census Tract 818
2591,2591,10894,70004014,10000,-1,1,IL,USA,17,31,30703,0,1,41.978875,-87.657871,Census Tract 307.03
2592,2592,10895,70004014,10002,1,2,IL,USA,17,31,833100,0,0,41.879078,-87.657046,Census Tract 8331
2601,2601,10934,70004022,10000,-1,1,IL,USA,17,31,40402,0,1,41.972545,-87.678818,Census Tract 404.02
2602,2602,10935,70004022,10002,1,2,IL,USA,17,31,81401,0,0,41.895035,-87.619717,Census Tract 814.01
2603,2603,10936,70004022,10003,1,3,IL,USA,17,31,841900,0,0,41.868458,-87.642965,Census Tract 8419
2604,2604,10960,70004039,10000,-1,1,IL,USA,17,31,750300,0,1,41.695391,-87.686173,Census Tract 7503
2605,2605,10961,70004039,10002,1,2,IL,USA,17,31,839100,0,0,41.880986,-87.63307,Census Tract 8391
2606,2606,10964,70004039,20002,2,2,IL,USA,17,31,320100,0,0,41.886447,-87.619467,Census Tract 3201
2607,2607,10967,70004039,30003,3,3,IL,USA,17,31,750200,0,0,41.695665,-87.671425,Census Tract 7502
2608,2608,10976,70004046,10000,-1,1,IL,USA,17,31,832400,0,1,41.915741,-87.692256,Census Tract 8324
2609,2609,10977,70004046,10002,1,2,IL,USA,17,31,833000,0,0,41.885286,-87.657249,Census Tract 8330
2610,2610,10978,70004046,20002,2,2,IL,USA,17,31,833000,0,0,41.885286,-87.657249,Census Tract 8330
2611,2611,11028,70004051,10000,-1,1,IL,USA,17,31,160900,0,1,41.950082,-87.722608,Census Tract 1609
2612,2612,11029,70004051,10002,1,2,IL,USA,17,31,320400,0,0,41.875817,-87.617256,Census Tract 3204
2619,2619,11064,70004059,10000,-1,1,IL,USA,17,31,31400,0,1,41.958448,-87.64241,Census Tract 314
2620,2620,11065,70004059,10002,1,2,IL,USA,17,31,31400,0,0,41.958448,-87.64241,Census Tract 314
2621,2621,11066,70004059,20002,2,2,IL,USA,17,31,831900,0,0,41.945169,-87.668791,Census Tract 8319
2622,2622,11067,70004059,20003,2,3,IL,USA,17,31,81401,0,0,41.895035,-87.619717,Census Tract 814.01
2628,2628,11080,70004067,10000,-1,1,IL,USA,17,31,80100,0,1,41.907549,-87.62679,Census Tract 801
2629,2629,11081,70004067,10002,1,2,IL,USA,17,31,81800,0,0,41.893324,-87.63919,Census Tract 818
2630,2630,11082,70004071,10000,-1,1,IL,USA,17,31,221500,0,1,41.921647,-87.689951,Census Tract 2215
2631,2631,11083,70004071,10002,1,2,IL,USA,17,31,320100,0,0,41.886447,-87.619467,Census Tract 3201
2638,2638,11112,70004082,10000,-1,1,IL,USA,17,31,62500,0,1,41.941488,-87.671107,Census Tract 625
2639,2639,11113,70004082,10002,1,2,IL,USA,17,31,830600,0,0,42.001698,-87.673574,Census Tract 8306
2644,2644,11150,70004087,10000,-1,1,IL,USA,17,31,71500,0,1,41.914242,-87.625092,Census Tract 715
2645,2645,11151,70004087,10002,1,2,IL,USA,17,31,839100,0,0,41.880986,-87.63307,Census Tract 8391
2654,2654,11181,70004094,10000,-1,1,IL,USA,17,31,63000,0,1,41.93631,-87.651562,Census Tract 630
2655,2655,11182,70004094,10002,1,2,IL,USA,17,31,81800,0,0,41.893324,-87.63919,Census Tract 818
2660,2660,11197,70004097,10000,-1,1,IL,USA,17,31,440300,0,1,41.743721,-87.619542,Census Tract 4403
2661,2661,11198,70004097,10002,1,2,IL,USA,17,31,839100,0,0,41.880986,-87.63307,Census Tract 8391
2675,2675,11262,70004116,10000,-1,1,IL,USA,17,31,81000,0,1,41.900266,-87.632109,Census Tract 810
2676,2676,11263,70004116,10002,1,2,IL,USA,17,31,833000,0,0,41.885286,-87.657249,Census Tract 8330
2690,2690,11328,70004136,10000,-1,1,IL,USA,17,31,31400,0,1,41.958448,-87.64241,Census Tract 314
2691,2691,11329,70004136,10002,1,2,IL,USA,17,31,839100,0,0,41.880986,-87.63307,Census Tract 8391
2700,2700,11351,70004145,10000,-1,1,IL,USA,17,31,100100,0,1,41.989584,-87.783014,Census Tract 1001
2701,2701,11352,70004145,10002,1,2,IL,USA,17,31,81700,0,0,41.892218,-87.631832,Census Tract 817
2712,2712,11393,70004160,10000,-1,1,IL,USA,17,31,830700,0,1,41.958304,-87.660765,Census Tract 8307
2713,2713,11394,70004160,10002,1,2,IL,USA,17,31,81401,0,0,41.895035,-87.619717,Census Tract 814.01
2714,2714,11395,70004160,20002,2,2,IL,USA,17,31,842300,0,0,41.908386,-87.660086,Census Tract 8423
2720,2720,11416,70004168,10000,-1,1,IL,USA,17,31,750200,0,1,41.695665,-87.671425,Census Tract 7502
2721,2721,11417,70004168,10002,1,2,IL,USA,17,31,839100,0,0,41.880986,-87.63307,Census Tract 8391
2761,2761,11541,70004202,10000,-1,1,IL,USA,17,31,410700,0,1,41.798049,-87.5942,Census Tract 4107
2762,2762,11542,70004202,10002,1,2,IL,USA,17,31,836200,0,0,41.790469,-87.601285,Census Tract 8362
2763,2763,11543,70004202,10003,1,3,IL,USA,17,31,836200,0,0,41.790469,-87.601285,Census Tract 8362
2764,2764,11545,70004203,10000,-1,1,IL,USA,17,31,70600,0,1,41.928763,-87.665677,Census Tract 706
2765,2765,11546,70004203,10002,1,2,IL,USA,17,31,839100,0,0,41.880986,-87.63307,Census Tract 8391
2768,2768,11570,70004208,10000,-1,1,IL,USA,17,31,10701,0,1,42.009148,-87.67862,Census Tract 107.01
2769,2769,11571,70004208,20002,2,2,IL,USA,17,31,120200,0,0,41.994532,-87.757611,Census Tract 1202
2792,2792,11674,70004224,10000,-1,1,IL,USA,17,31,90200,0,1,42.005594,-87.813096,Census Tract 902
2793,2793,11675,70004224,10002,1,2,IL,USA,17,31,280100,0,0,41.885452,-87.643498,Census Tract 2801
2794,2794,11676,70004224,20002,2,2,IL,USA,17,31,843200,0,0,41.848715,-87.664217,Census Tract 8432
2802,2802,11693,70004232,10000,-1,1,IL,USA,17,31,730400,0,1,41.717841,-87.652648,Census Tract 7304
2803,2803,11694,70004232,20002,2,2,IL,USA,17,31,680900,0,0,41.77643,-87.63763,Census Tract 6809
2804,2804,11700,70004233,10000,-1,1,IL,USA,17,31,120400,0,1,41.977236,-87.752162,Census Tract 1204
2805,2805,11701,70004233,20002,2,2,IL,USA,17,31,320400,0,0,41.875817,-87.617256,Census Tract 3204
2806,2806,11704,70004234,10000,-1,1,IL,USA,17,31,140200,0,1,41.970695,-87.713004,Census Tract 1402
2807,2807,11705,70004234,10002,1,2,IL,USA,17,31,320100,0,0,41.886447,-87.619467,Census Tract 3201
2808,2808,11706,70004234,30003,3,3,IL,USA,17,31,100300,0,0,41.988702,-87.804403,Census Tract 1003
2832,2832,11760,70004256,10000,-1,1,IL,USA,17,31,62500,0,1,41.941488,-87.671107,Census Tract 625
2833,2833,11761,70004256,10002,1,2,IL,USA,17,31,280100,0,0,41.885452,-87.643498,Census Tract 2801
2860,2860,11863,70004282,10000,-1,1,IL,USA,17,31,839900,0,1,41.827346,-87.648454,Census Tract 8399
2861,2861,11864,70004282,10002,1,2,IL,USA,17,31,841900,0,0,41.868458,-87.642965,Census Tract 8419
2862,2862,11865,70004282,20002,2,2,IL,USA,17,31,130100,0,0,41.991104,-87.720809,Census Tract 1301
2885,2885,11985,70004312,10000,-1,1,IL,USA,17,31,140200,0,1,41.970695,-87.713004,Census Tract 1402
2886,2886,11986,70004312,10002,1,2,IL,USA,17,31,50600,0,0,41.950548,-87.676182,Census Tract 506
2895,2895,12025,70004320,10000,-1,1,IL,USA,17,31,832100,0,1,41.952821,-87.653241,Census Tract 8321
2896,2896,12026,70004320,20002,2,2,IL,USA,17,31,839100,0,0,41.880986,-87.63307,Census Tract 8391
2899,2899,12032,70004323,10000,-1,1,IL,USA,17,31,161100,0,1,41.94988,-87.738155,Census Tract 1611
2900,2900,12033,70004323,10002,1,2,IL,USA,17,31,839100,0,0,41.880986,-87.63307,Census Tract 8391
2901,2901,12034,70004323,20002,2,2,IL,USA,17,31,100500,0,0,41.97806,-87.819734,Census Tract 1005
2902,2902,12035,70004323,40003,4,3,IL,USA,17,31,60200,0,0,41.957904,-87.671517,Census Tract 602
2903,2903,12039,70004326,10000,-1,1,IL,USA,17,31,81500,0,1,41.892906,-87.626079,Census Tract 815
2904,2904,12040,70004326,10002,1,2,IL,USA,17,31,420300,0,0,41.783224,-87.598697,Census Tract 4203
2905,2905,12041,70004326,20002,2,2,IL,USA,17,31,81201,0,0,41.899154,-87.626212,Census Tract 812.01
2906,2906,12042,70004326,30003,3,3,IL,USA,17,31,71400,0,0,41.922726,-87.629526,Census Tract 714
2909,2909,12049,70004330,10000,-1,1,IL,USA,17,31,61901,0,1,41.943244,-87.643458,Census Tract 619.01
2910,2910,12050,70004330,10002,1,2,IL,USA,17,31,839100,0,0,41.880986,-87.63307,Census Tract 8391
2929,2929,12126,70004344,10000,-1,1,IL,USA,17,31,390700,0,1,41.804016,-87.580489,Census Tract 3907
2930,2930,12127,70004344,10002,1,2,IL,USA,17,31,839100,0,0,41.880986,-87.63307,Census Tract 8391
2931,2931,12141,70004349,10000,-1,1,IL,USA,17,31,31700,0,1,41.965447,-87.663195,Census Tract 317
2932,2932,12142,70004349,10002,1,2,IL,USA,17,31,839100,0,0,41.880986,-87.63307,Census Tract 8391
2940,2940,12157,70004361,10000,-1,1,IL,USA,17,31,320100,0,1,41.886447,-87.619467,Census Tract 3201
2941,2941,12158,70004361,10002,1,2,IL,USA,17,31,980000,0,0,41.979419,-87.902438,Census Tract 9800
2942,2942,12159,70004361,20002,2,2,IL,USA,17,31,81500,0,0,41.892906,-87.626079,Census Tract 815
2943,2943,12160,70004361,20003,2,3,IL,USA,17,31,71000,0,0,41.921701,-87.655911,Census Tract 710
2949,2949,12175,70004370,10000,-1,1,IL,USA,17,31,30800,0,1,41.979912,-87.664188,Census Tract 308
2950,2950,12176,70004370,10002,1,2,IL,USA,17,31,30601,0,0,41.988972,-87.654609,Census Tract 306.01
2951,2951,12177,70004370,30002,3,2,IL,USA,17,31,10400,0,0,42.006411,-87.658816,Census Tract 104
2952,2952,12178,70004370,30003,3,3,IL,USA,17,31,10400,0,0,42.006411,-87.658816,Census Tract 104
2956,2956,12186,70004375,10000,-1,1,IL,USA,17,31,81403,0,1,41.892991,-87.620956,Census Tract 814.03
2957,2957,12187,70004375,10002,1,2,IL,USA,17,31,320100,0,0,41.886447,-87.619467,Census Tract 3201
2984,2984,12253,70004412,10000,-1,1,IL,USA,17,31,241300,0,1,41.906772,-87.681025,Census Tract 2413
2985,2985,12254,70004412,10002,1,2,IL,USA,17,31,81800,0,0,41.893324,-87.63919,Census Tract 818
2992,2992,12352,70004417,10000,-1,1,IL,USA,17,31,150800,0,1,41.949709,-87.752118,Census Tract 1508
2993,2993,12353,70004417,10002,1,2,IL,USA,17,31,320600,0,0,41.870554,-87.616596,Census Tract 3206
2997,2997,12378,70004422,10000,-1,1,IL,USA,17,31,70400,0,1,41.928967,-87.656156,Census Tract 704
2998,2998,12379,70004422,10002,1,2,IL,USA,17,31,81403,0,0,41.892991,-87.620956,Census Tract 814.03
2999,2999,12380,70004422,20002,2,2,IL,USA,17,31,320400,0,0,41.875817,-87.617256,Census Tract 3204
3000,3000,12381,70004423,10000,-1,1,IL,USA,17,31,61902,0,1,41.946698,-87.639064,Census Tract 619.02
3001,3001,12382,70004423,10002,1,2,IL,USA,17,31,81300,0,0,41.898335,-87.620753,Census Tract 813
3008,3008,12395,70004428,10000,-1,1,IL,USA,17,31,62700,0,1,41.936086,-87.66611,Census Tract 627
3009,3009,12396,70004428,20002,2,2,IL,USA,17,31,61100,0,0,41.94914,-87.656804,Census Tract 611
3010,3010,12401,70004429,10000,-1,1,IL,USA,17,31,63200,0,1,41.938923,-87.634673,Census Tract 632
3011,3011,12402,70004429,10002,1,2,IL,USA,17,31,320400,0,0,41.875817,-87.617256,Census Tract 3204
3012,3012,12407,70004431,10000,-1,1,IL,USA,17,31,63000,0,1,41.93631,-87.651562,Census Tract 630
3013,3013,12408,70004431,10002,1,2,IL,USA,17,31,839100,0,0,41.880986,-87.63307,Census Tract 8391
3016,3016,12416,70004433,10000,-1,1,IL,USA,17,31,62500,0,1,41.941488,-87.671107,Census Tract 625
3017,3017,12417,70004433,10002,1,2,IL,USA,17,31,81201,0,0,41.899154,-87.626212,Census Tract 812.01
3018,3018,12418,70004433,20002,2,2,IL,USA,17,31,80202,0,0,41.905859,-87.630901,Census Tract 802.02
3019,3019,12427,70004436,10000,-1,1,IL,USA,17,31,40201,0,1,41.97258,-87.694,Census Tract 402.01
3020,3020,12428,70004436,10003,1,3,IL,USA,17,31,10400,0,0,42.006411,-87.658816,Census Tract 104
3021,3021,12429,70004436,20002,2,2,IL,USA,17,31,40600,0,0,41.966834,-87.684018,Census Tract 406
3022,3022,12430,70004436,20003,2,3,IL,USA,17,31,71000,0,0,41.921701,-87.655911,Census Tract 710
3029,3029,12456,70004444,10000,-1,1,IL,USA,17,31,20802,0,1,41.994059,-87.694631,Census Tract 208.02
3030,3030,12457,70004444,10002,1,2,IL,USA,17,31,62000,0,0,41.942577,-87.647079,Census Tract 620
3034,3034,12466,70004448,10000,-1,1,IL,USA,17,31,810400,0,1,41.987574,-87.829439,Census Tract 8104
3035,3035,12467,70004448,10002,1,2,IL,USA,17,31,839100,0,0,41.880986,-87.63307,Census Tract 8391
3038,3038,12488,70004452,10000,-1,1,IL,USA,17,31,243000,0,1,41.892275,-87.679398,Census Tract 2430
3039,3039,12489,70004452,10002,1,2,IL,USA,17,31,839100,0,0,41.880986,-87.63307,Census Tract 8391
3040,3040,12490,70004452,30003,3,3,IL,USA,17,31,242200,0,0,41.899589,-87.674719,Census Tract 2422
3041,3041,12501,70004455,10000,-1,1,IL,USA,17,31,60200,0,1,41.957904,-87.671517,Census Tract 602
3042,3042,12502,70004455,10002,1,2,IL,USA,17,31,81201,0,0,41.899154,-87.626212,Census Tract 812.01
3043,3043,12503,70004455,20002,2,2,IL,USA,17,31,320400,0,0,41.875817,-87.617256,Census Tract 3204
3058,3058,12556,70004468,10000,-1,1,IL,USA,17,31,100300,0,1,41.988702,-87.804403,Census Tract 1003
3059,3059,12557,70004468,10002,1,2,IL,USA,17,31,40402,0,0,41.972545,-87.678818,Census Tract 404.02
3060,3060,12558,70004468,20002,2,2,IL,USA,17,31,70300,0,0,41.929046,-87.65131,Census Tract 703
3061,3061,12559,70004468,30003,3,3,IL,USA,17,31,100300,0,0,41.988702,-87.804403,Census Tract 1003
3062,3062,12560,70004468,40003,4,3,IL,USA,17,31,100300,0,0,41.988702,-87.804403,Census Tract 1003
3063,3063,12566,70004471,10000,-1,1,IL,USA,17,31,30703,0,1,41.978875,-87.657871,Census Tract 307.03
3064,3064,12567,70004471,10002,1,2,IL,USA,17,31,833000,0,0,41.885286,-87.657249,Census Tract 8330
3079,3079,12619,70004487,10000,-1,1,IL,USA,17,31,70200,0,1,41.929078,-87.646293,Census Tract 702
3080,3080,12620,70004487,10002,1,2,IL,USA,17,31,839100,0,0,41.880986,-87.63307,Census Tract 8391
3084,3084,12632,70004493,10000,-1,1,IL,USA,17,31,61200,0,1,41.94906,-87.661643,Census Tract 612
3085,3085,12633,70004493,10002,1,2,IL,USA,17,31,71000,0,0,41.921701,-87.655911,Census Tract 710
3086,3086,12634,70004493,10003,1,3,IL,USA,17,31,320400,0,0,41.875817,-87.617256,Census Tract 3204
3087,3087,12635,70004493,20003,2,3,IL,USA,17,31,320400,0,0,41.875817,-87.617256,Census Tract 3204
3088,3088,12636,70004493,30003,3,3,IL,USA,17,31,320400,0,0,41.875817,-87.617256,Census Tract 3204
3092,3092,12648,70004499,10000,-1,1,IL,USA,17,31,240600,0,1,41.912134,-87.689711,Census Tract 2406
3093,3093,12649,70004499,10002,1,2,IL,USA,17,31,843100,0,0,41.862602,-87.699453,Census Tract 8431
3094,3094,12660,70004501,10000,-1,1,IL,USA,17,31,510300,0,1,41.715738,-87.574974,Census Tract 5103
3095,3095,12661,70004501,10002,1,2,IL,USA,17,31,320400,0,0,41.875817,-87.617256,Census Tract 3204
3098,3098,12741,70004503,10000,-1,1,IL,USA,17,31,320100,0,1,41.886447,-87.619467,Census Tract 3201
3099,3099,12742,70004503,10002,1,2,IL,USA,17,31,839100,0,0,41.880986,-87.63307,Census Tract 8391
3100,3100,12743,70004503,20002,2,2,IL,USA,17,31,839100,0,0,41.880986,-87.63307,Census Tract 8391
3123,3123,12833,70004518,10000,-1,1,IL,USA,17,31,310800,0,1,41.855934,-87.668574,Census Tract 3108
3124,3124,12834,70004518,10002,1,2,IL,USA,17,31,843100,0,0,41.862602,-87.699453,Census Tract 8431
3128,3128,12841,70004520,10000,-1,1,IL,USA,17,31,242500,0,1,41.899446,-87.689319,Census Tract 2425
3129,3129,12842,70004520,10002,1,2,IL,USA,17,31,839100,0,0,41.880986,-87.63307,Census Tract 8391
3130,3130,12843,70004521,10000,-1,1,IL,USA,17,31,30102,0,1,41.993026,-87.655022,Census Tract 301.02
3131,3131,12844,70004521,10002,1,2,IL,USA,17,31,30104,0,0,41.997277,-87.655986,Census Tract 301.04
3132,3132,12845,70004521,10003,1,3,IL,USA,17,31,10400,0,0,42.006411,-87.658816,Census Tract 104
3133,3133,12846,70004521,20002,2,2,IL,USA,17,31,310600,0,0,41.856333,-87.659564,Census Tract 3106
3134,3134,12847,70004522,10000,-1,1,IL,USA,17,31,40800,0,1,41.963974,-87.691821,Census Tract 408
3135,3135,12848,70004522,10002,1,2,IL,USA,17,31,839100,0,0,41.880986,-87.63307,Census Tract 8391
3136,3136,12849,70004522,20002,2,2,IL,USA,17,31,839100,0,0,41.880986,-87.63307,Census Tract 8391
3137,3137,12856,70004524,10000,-1,1,IL,USA,17,31,40800,0,1,41.963974,-87.691821,Census Tract 408
3138,3138,12857,70004524,10002,1,2,IL,USA,17,31,839100,0,0,41.880986,-87.63307,Census Tract 8391
3139,3139,12858,70004524,20002,2,2,IL,USA,17,31,839100,0,0,41.880986,-87.63307,Census Tract 8391
3140,3140,12859,70004524,30003,3,3,IL,USA,17,31,50600,0,0,41.950548,-87.676182,Census Tract 506
3146,3146,12867,70004534,10000,-1,1,IL,USA,17,31,70102,0,1,41.930583,-87.642202,Census Tract 701.02
3147,3147,12868,70004534,10002,1,2,IL,USA,17,31,81401,0,0,41.895035,-87.619717,Census Tract 814.01
3155,3155,12925,70004549,10000,-1,1,IL,USA,17,31,100500,0,1,41.97806,-87.819734,Census Tract 1005
3156,3156,12926,70004549,10002,1,2,IL,USA,17,31,839100,0,0,41.880986,-87.63307,Census Tract 8391
3157,3157,12927,70004549,30003,3,3,IL,USA,17,31,100500,0,0,41.97806,-87.819734,Census Tract 1005
3177,3177,12963,70004561,10000,-1,1,IL,USA,17,31,63000,0,1,41.93631,-87.651562,Census Tract 630
3178,3178,12964,70004561,10002,1,2,IL,USA,17,31,838200,0,0,41.870416,-87.675079,Census Tract 8382
3179,3179,12996,70004562,10000,-1,1,IL,USA,17,31,243200,0,1,41.892433,-87.669624,Census Tract 2432
3180,3180,12997,70004562,10002,1,2,IL,USA,17,31,842300,0,0,41.908386,-87.660086,Census Tract 8423
3181,3181,12998,70004562,20002,2,2,IL,USA,17,31,830800,0,0,41.965141,-87.676577,Census Tract 8308
3182,3182,12999,70004562,30003,3,3,IL,USA,17,31,830800,0,0,41.965141,-87.676577,Census Tract 8308
3183,3183,13000,70004562,40003,4,3,IL,USA,17,31,830800,0,0,41.965141,-87.676577,Census Tract 8308
3184,3184,13004,70004564,10000,-1,1,IL,USA,17,31,838300,0,1,41.901566,-87.638404,Census Tract 8383
3185,3185,13005,70004564,10002,1,2,IL,USA,17,31,70500,0,0,41.928945,-87.660892,Census Tract 705
3200,3200,13027,70004575,10000,-1,1,IL,USA,17,31,720700,0,1,41.703107,-87.665139,Census Tract 7207
3201,3201,13028,70004575,20002,2,2,IL,USA,17,31,841000,0,0,41.847544,-87.610198,Census Tract 8410
3202,3202,13038,70004577,10000,-1,1,IL,USA,17,31,210400,0,1,41.935745,-87.730306,Census Tract 2104
3203,3203,13039,70004577,10002,1,2,IL,USA,17,31,839100,0,0,41.880986,-87.63307,Census Tract 8391
3204,3204,13056,70004579,10000,-1,1,IL,USA,17,31,640300,0,1,41.781532,-87.771635,Census Tract 6403
3205,3205,13057,70004579,10002,1,2,IL,USA,17,31,570400,0,0,41.804992,-87.71913,Census Tract 5704
3215,3215,13074,70004585,10000,-1,1,IL,USA,17,31,832500,0,1,41.92223,-87.664796,Census Tract 8325
3216,3216,13075,70004585,10002,1,2,IL,USA,17,31,281900,0,0,41.878635,-87.642924,Census Tract 2819
3217,3217,13094,70004591,10000,-1,1,IL,USA,17,31,140800,0,1,41.964514,-87.702847,Census Tract 1408
3218,3218,13095,70004591,10002,1,2,IL,USA,17,31,81401,0,0,41.895035,-87.619717,Census Tract 814.01
3219,3219,13096,70004591,30002,3,2,IL,USA,17,31,62800,0,0,41.936159,-87.661265,Census Tract 628
3234,3234,13132,70004603,10000,-1,1,IL,USA,17,31,31300,0,1,41.973765,-87.64653,Census Tract 313
3235,3235,13133,70004603,10002,1,2,IL,USA,17,31,330100,0,0,41.859295,-87.615523,Census Tract 3301
3236,3236,13141,70004606,10000,-1,1,IL,USA,17,31,720300,0,1,41.71392,-87.677144,Census Tract 7203
3237,3237,13142,70004606,10002,1,2,IL,USA,17,31,839100,0,0,41.880986,-87.63307,Census Tract 8391
3238,3238,13143,70004606,10003,1,3,IL,USA,17,31,720300,0,0,41.71392,-87.677144,Census Tract 7203
3239,3239,13144,70004606,20002,2,2,IL,USA,17,31,842200,0,0,41.904728,-87.64922,Census Tract 8422
3251,3251,13169,70004615,10000,-1,1,IL,USA,17,31,281900,0,1,41.878635,-87.642924,Census Tract 2819
3252,3252,13170,70004615,10002,1,2,IL,USA,17,31,839100,0,0,41.880986,-87.63307,Census Tract 8391
3266,3266,13229,70004626,10000,-1,1,IL,USA,17,31,31400,0,1,41.958448,-87.64241,Census Tract 314
3267,3267,13230,70004626,10002,1,2,IL,USA,17,31,839100,0,0,41.880986,-87.63307,Census Tract 8391
3268,3268,13231,70004626,20002,2,2,IL,USA,17,31,839100,0,0,41.880986,-87.63307,Census Tract 8391
3269,3269,13232,70004626,20003,2,3,IL,USA,17,31,81700,0,0,41.892218,-87.631832,Census Tract 817
3282,3282,13295,70004645,10000,-1,1,IL,USA,17,31,31400,0,1,41.958448,-87.64241,Census Tract 314
3283,3283,13296,70004645,10002,1,2,IL,USA,17,31,320100,0,0,41.886447,-87.619467,Census Tract 3201
3284,3284,13297,70004645,10003,1,3,IL,USA,17,31,839100,0,0,41.880986,-87.63307,Census Tract 8391
3299,3299,13365,70004665,10000,-1,1,IL,USA,17,31,40402,0,1,41.972545,-87.678818,Census Tract 404.02
3300,3300,13366,70004665,10002,1,2,IL,USA,17,31,320100,0,0,41.886447,-87.619467,Census Tract 3201
3301,3301,13367,70004665,20002,2,2,IL,USA,17,31,843700,0,0,41.94556,-87.690034,Census Tract 8437
3302,3302,13372,70004668,10000,-1,1,IL,USA,17,31,150200,0,1,41.960675,-87.752413,Census Tract 1502
3303,3303,13373,70004668,10002,1,2,IL,USA,17,31,839100,0,0,41.880986,-87.63307,Census Tract 8391
3304,3304,13374,70004668,10003,1,3,IL,USA,17,31,831800,0,0,41.978233,-87.716453,Census Tract 8318
3314,3314,13404,70004672,10000,-1,1,IL,USA,17,31,20302,0,1,42.008541,-87.694963,Census Tract 203.02
3315,3315,13405,70004672,10002,1,2,IL,USA,17,31,281900,0,0,41.878635,-87.642924,Census Tract 2819
3316,3316,13406,70004672,20002,2,2,IL,USA,17,31,20302,0,0,42.008541,-87.694963,Census Tract 203.02
3321,3321,13417,70004680,10000,-1,1,IL,USA,17,31,60800,0,1,41.953959,-87.642649,Census Tract 608
3322,3322,13418,70004680,10002,1,2,IL,USA,17,31,839100,0,0,41.880986,-87.63307,Census Tract 8391
3323,3323,13419,70004680,20002,2,2,IL,USA,17,31,81000,0,0,41.900266,-87.632109,Census Tract 810
3324,3324,13420,70004682,10000,-1,1,IL,USA,17,31,10202,0,1,42.016051,-87.673322,Census Tract 102.02
3325,3325,13421,70004682,10002,1,2,IL,USA,17,31,838200,0,0,41.870416,-87.675079,Census Tract 8382
3339,3339,13441,70004685,10000,-1,1,IL,USA,17,31,10702,0,1,42.00902,-87.672726,Census Tract 107.02
3340,3340,13442,70004685,10002,1,2,IL,USA,17,31,243500,0,0,41.892654,-87.652517,Census Tract 2435
3341,3341,13445,70004689,10000,-1,1,IL,USA,17,31,130100,0,1,41.991104,-87.720809,Census Tract 1301
3342,3342,13446,70004689,10002,1,2,IL,USA,17,31,980000,0,0,41.979419,-87.902438,Census Tract 9800
3343,3343,13447,70004689,20002,2,2,IL,USA,17,31,310700,0,0,41.85599,-87.664906,Census Tract 3107
3351,3351,13483,70004694,10000,-1,1,IL,USA,17,31,831700,0,1,41.952651,-87.745255,Census Tract 8317
3352,3352,13484,70004694,10002,1,2,IL,USA,17,31,10400,0,0,42.006411,-87.658816,Census Tract 104
3353,3353,13485,70004694,20002,2,2,IL,USA,17,31,81201,0,0,41.899154,-87.626212,Census Tract 812.01
3354,3354,13486,70004694,30003,3,3,IL,USA,17,31,160300,0,0,41.957268,-87.730896,Census Tract 1603
3360,3360,13502,70004707,10000,-1,1,IL,USA,17,31,32100,0,1,41.958154,-87.653018,Census Tract 321
3361,3361,13503,70004707,10002,1,2,IL,USA,17,31,833300,0,0,41.871694,-87.654124,Census Tract 8333
3362,3362,13504,70004707,10003,1,3,IL,USA,17,31,833300,0,0,41.871694,-87.654124,Census Tract 8333
3366,3366,13514,70004714,10000,-1,1,IL,USA,17,31,839100,0,1,41.880986,-87.63307,Census Tract 8391
3367,3367,13515,70004714,10002,1,2,IL,USA,17,31,842200,0,0,41.904728,-87.64922,Census Tract 8422
3389,3389,13559,70004727,10000,-1,1,IL,USA,17,31,63100,0,1,41.938232,-87.64678,Census Tract 631
3390,3390,13560,70004727,10003,1,3,IL,USA,17,31,320400,0,0,41.875817,-87.617256,Census Tract 3204
3391,3391,13561,70004728,10000,-1,1,IL,USA,17,31,330100,0,1,41.859295,-87.615523,Census Tract 3301
3392,3392,13562,70004728,10003,1,3,IL,USA,17,31,81401,0,0,41.895035,-87.619717,Census Tract 814.01
3393,3393,13563,70004728,20002,2,2,IL,USA,17,31,839100,0,0,41.880986,-87.63307,Census Tract 8391
3403,3403,13611,70004740,10000,-1,1,IL,USA,17,31,80300,0,1,41.90749,-87.635799,Census Tract 803
3404,3404,13612,70004740,10002,1,2,IL,USA,17,31,281900,0,0,41.878635,-87.642924,Census Tract 2819
3405,3405,13615,70004741,10000,-1,1,IL,USA,17,31,841900,0,1,41.868458,-87.642965,Census Tract 8419
3406,3406,13616,70004741,10002,1,2,IL,USA,17,31,833000,0,0,41.885286,-87.657249,Census Tract 8330
3407,3407,13618,70004746,10000,-1,1,IL,USA,17,31,242600,0,1,41.90056,-87.694197,Census Tract 2426
3408,3408,13619,70004746,10002,1,2,IL,USA,17,31,242800,0,0,41.892632,-87.690324,Census Tract 2428
3409,3409,13620,70004746,20002,2,2,IL,USA,17,31,242800,0,0,41.892632,-87.690324,Census Tract 2428
3429,3429,13679,70004770,10000,-1,1,IL,USA,17,31,291600,0,1,41.857642,-87.692216,Census Tract 2916
3430,3430,13680,70004770,10003,1,3,IL,USA,17,31,320400,0,0,41.875817,-87.617256,Census Tract 3204
3431,3431,13681,70004770,20003,2,3,IL,USA,17,31,231500,0,0,41.891736,-87.718652,Census Tract 2315
3446,3446,13729,70004776,10000,-1,1,IL,USA,17,31,63100,0,1,41.938232,-87.64678,Census Tract 631
3447,3447,13730,70004776,10002,1,2,IL,USA,17,31,839100,0,0,41.880986,-87.63307,Census Tract 8391
3448,3448,13757,70004778,10000,-1,1,IL,USA,17,31,31800,0,1,41.967011,-87.670621,Census Tract 318
3449,3449,13758,70004778,10002,1,2,IL,USA,17,31,320400,0,0,41.875817,-87.617256,Census Tract 3204
3450,3450,13759,70004778,30003,3,3,IL,USA,17,31,831900,0,0,41.945169,-87.668791,Census Tract 8319
3451,3451,13760,70004778,40003,4,3,IL,USA,17,31,831900,0,0,41.945169,-87.668791,Census Tract 8319
3455,3455,13773,70004790,10000,-1,1,IL,USA,17,31,30900,0,1,41.979795,-87.671445,Census Tract 309
3456,3456,13774,70004790,10002,1,2,IL,USA,17,31,320400,0,0,41.875817,-87.617256,Census Tract 3204
3457,3457,13775,70004790,20002,2,2,IL,USA,17,31,411000,0,0,41.787227,-87.577462,Census Tract 4110
3479,3479,13843,70004815,10000,-1,1,IL,USA,17,31,222600,0,1,41.915639,-87.70448,Census Tract 2226
3480,3480,13844,70004815,10002,1,2,IL,USA,17,31,839100,0,0,41.880986,-87.63307,Census Tract 8391
3483,3483,13849,70004819,10000,-1,1,IL,USA,17,31,81100,0,1,41.900221,-87.629105,Census Tract 811
3484,3484,13850,70004819,10002,1,2,IL,USA,17,31,838200,0,0,41.870416,-87.675079,Census Tract 8382
3489,3489,13875,70004827,10000,-1,1,IL,USA,17,31,833000,0,1,41.885286,-87.657249,Census Tract 8330
3490,3490,13876,70004827,10002,1,2,IL,USA,17,31,839100,0,0,41.880986,-87.63307,Census Tract 8391
3497,3497,13919,70004831,10000,-1,1,IL,USA,17,31,100500,0,1,41.97806,-87.819734,Census Tract 1005
3498,3498,13922,70004831,20002,2,2,IL,USA,17,31,81300,0,0,41.898335,-87.620753,Census Tract 813
3499,3499,13923,70004831,30003,3,3,IL,USA,17,31,810400,0,0,41.987574,-87.829439,Census Tract 8104
3500,3500,13943,70004834,10000,-1,1,IL,USA,17,31,590600,0,1,41.826833,-87.672924,Census Tract 5906
3501,3501,13944,70004834,10002,1,2,IL,USA,17,31,670600,0,0,41.783005,-87.671577,Census Tract 6706
3517,3517,14014,70004849,10000,-1,1,IL,USA,17,31,240700,0,1,41.912088,-87.694599,Census Tract 2407
3518,3518,14015,70004849,10002,1,2,IL,USA,17,31,839100,0,0,41.880986,-87.63307,Census Tract 8391
3519,3519,14016,70004849,20002,2,2,IL,USA,17,31,320400,0,0,41.875817,-87.617256,Census Tract 3204
3554,3554,14113,70004881,10000,-1,1,IL,USA,17,31,710800,0,1,41.747837,-87.648813,Census Tract 7108
3555,3555,14114,70004881,10002,1,2,IL,USA,17,31,710700,0,0,41.74711,-87.656884,Census Tract 7107
3556,3556,14115,70004881,20002,2,2,IL,USA,17,31,32100,0,0,41.958154,-87.653018,Census Tract 321
3557,3557,14116,70004881,30003,3,3,IL,USA,17,31,710700,0,0,41.74711,-87.656884,Census Tract 7107
3558,3558,14118,70004883,10000,-1,1,IL,USA,17,31,70103,0,1,41.926811,-87.642605,Census Tract 701.03
3559,3559,14119,70004883,10002,1,2,IL,USA,17,31,839100,0,0,41.880986,-87.63307,Census Tract 8391
3566,3566,14157,70004892,10000,-1,1,IL,USA,17,31,221600,0,1,41.921246,-87.685098,Census Tract 2216
3567,3567,14158,70004892,10002,1,2,IL,USA,17,31,980000,0,0,41.979419,-87.902438,Census Tract 9800
3568,3568,14164,70004895,10000,-1,1,IL,USA,17,31,40201,0,1,41.97258,-87.694,Census Tract 402.01
3569,3569,14165,70004895,10002,1,2,IL,USA,17,31,81401,0,0,41.895035,-87.619717,Census Tract 814.01
3577,3577,14199,70004919,10000,-1,1,IL,USA,17,31,160602,0,1,41.956681,-87.700464,Census Tract 1606.02
3578,3578,14200,70004919,10002,1,2,IL,USA,17,31,310900,0,0,41.855772,-87.674674,Census Tract 3109
3579,3579,14201,70004919,30003,3,3,IL,USA,17,31,71200,0,0,41.921855,-87.646211,Census Tract 712
3580,3580,14202,70004919,40003,4,3,IL,USA,17,31,160601,0,0,41.959398,-87.703294,Census Tract 1606.01
3581,3581,14203,70004919,50003,5,3,IL,USA,17,31,160601,0,0,41.959398,-87.703294,Census Tract 1606.01
3582,3582,14207,70004920,10000,-1,1,IL,USA,17,31,832200,0,1,41.920482,-87.679976,Census Tract 8322
3583,3583,14208,70004920,10002,1,2,IL,USA,17,31,320100,0,0,41.886447,-87.619467,Census Tract 3201
3584,3584,14209,70004920,20002,2,2,IL,USA,17,31,842200,0,0,41.904728,-87.64922,Census Tract 8422
3590,3590,14230,70004932,10000,-1,1,IL,USA,17,31,40100,0,1,41.985622,-87.682886,Census Tract 401
3591,3591,14231,70004932,10002,1,2,IL,USA,17,31,833100,0,0,41.879078,-87.657046,Census Tract 8331
3592,3592,14232,70004932,20002,2,2,IL,USA,17,31,320100,0,0,41.886447,-87.619467,Census Tract 3201
3593,3593,14233,70004932,30003,3,3,IL,USA,17,31,40402,0,0,41.972545,-87.678818,Census Tract 404.02
3594,3594,14234,70004932,40003,4,3,IL,USA,17,31,839100,0,0,41.880986,-87.63307,Census Tract 8391
3595,3595,14238,70004939,10000,-1,1,IL,USA,17,31,40401,0,1,41.972067,-87.686082,Census Tract 404.01
3596,3596,14239,70004939,10002,1,2,IL,USA,17,31,833100,0,0,41.879078,-87.657046,Census Tract 8331
3597,3597,14240,70004939,20002,2,2,IL,USA,17,31,281900,0,0,41.878635,-87.642924,Census Tract 2819
3598,3598,14242,70004943,10000,-1,1,IL,USA,17,31,62800,0,1,41.936159,-87.661265,Census Tract 628
3599,3599,14243,70004943,20002,2,2,IL,USA,17,31,839100,0,0,41.880986,-87.63307,Census Tract 8391
3600,3600,14244,70004943,30003,3,3,IL,USA,17,31,62800,0,1,41.936159,-87.661265,Census Tract 628
3601,3601,14249,70004945,10000,-1,1,IL,USA,17,31,70700,0,1,41.930652,-87.674104,Census Tract 707
3602,3602,14250,70004945,10002,1,2,IL,USA,17,31,71200,0,0,41.921855,-87.646211,Census Tract 712
3603,3603,14251,70004945,30002,3,2,IL,USA,17,31,71000,0,0,41.921701,-87.655911,Census Tract 710
3621,3621,14294,70004963,10000,-1,1,IL,USA,17,31,243200,0,1,41.892433,-87.669624,Census Tract 2432
3622,3622,14295,70004963,10002,1,2,IL,USA,17,31,81300,0,0,41.898335,-87.620753,Census Tract 813
3623,3623,14296,70004963,20002,2,2,IL,USA,17,31,839100,0,0,41.880986,-87.63307,Census Tract 8391
3624,3624,14306,70004967,10000,-1,1,IL,USA,17,31,31900,0,1,41.963374,-87.670184,Census Tract 319
3625,3625,14307,70004967,10002,1,2,IL,USA,17,31,839100,0,0,41.880986,-87.63307,Census Tract 8391
3626,3626,14308,70004967,20002,2,2,IL,USA,17,31,839100,0,0,41.880986,-87.63307,Census Tract 8391
3627,3627,14311,70004973,10000,-1,1,IL,USA,17,31,40401,0,1,41.972067,-87.686082,Census Tract 404.01
3628,3628,14312,70004973,10002,1,2,IL,USA,17,31,62200,0,0,41.942585,-87.656644,Census Tract 622
3637,3637,14337,70004984,10000,-1,1,IL,USA,17,31,140701,0,1,41.967038,-87.712652,Census Tract 1407.01
3638,3638,14338,70004984,10002,1,2,IL,USA,17,31,320100,0,0,41.886447,-87.619467,Census Tract 3201
3639,3639,14339,70004984,10003,1,3,IL,USA,17,31,320400,0,0,41.875817,-87.617256,Census Tract 3204
3649,3649,14356,70004991,10000,-1,1,IL,USA,17,31,61901,0,1,41.943244,-87.643458,Census Tract 619.01
3650,3650,14357,70004991,10003,1,3,IL,USA,17,31,839100,0,0,41.880986,-87.63307,Census Tract 8391
3651,3651,14361,70004994,10000,-1,1,IL,USA,17,31,63400,0,1,41.93466,-87.64673,Census Tract 634
3652,3652,14362,70004994,10002,1,2,IL,USA,17,31,81500,0,0,41.892906,-87.626079,Census Tract 815
3653,3653,14376,70004997,10000,-1,1,IL,USA,17,31,80300,0,1,41.90749,-87.635799,Census Tract 803
3654,3654,14377,70004997,10002,1,2,IL,USA,17,31,320100,0,0,41.886447,-87.619467,Census Tract 3201
3680,3680,14494,70005017,10000,-1,1,IL,USA,17,31,30800,0,1,41.979912,-87.664188,Census Tract 308
3681,3681,14495,70005017,10002,1,2,IL,USA,17,31,281900,0,0,41.878635,-87.642924,Census Tract 2819
3682,3682,14501,70005018,10000,-1,1,IL,USA,17,31,50100,0,1,41.957845,-87.676373,Census Tract 501
3683,3683,14502,70005018,10002,1,2,IL,USA,17,31,320100,0,0,41.886447,-87.619467,Census Tract 3201
3686,3686,14512,70005021,10000,-1,1,IL,USA,17,31,220601,0,1,41.925825,-87.712884,Census Tract 2206.01
3687,3687,14513,70005021,10002,1,2,IL,USA,17,31,70200,0,0,41.929078,-87.646293,Census Tract 702
3704,3704,14555,70005038,10000,-1,1,IL,USA,17,31,30703,0,1,41.978875,-87.657871,Census Tract 307.03
3705,3705,14556,70005038,10002,1,2,IL,USA,17,31,242100,0,0,41.89967,-87.669838,Census Tract 2421
3706,3706,14558,70005043,10000,-1,1,IL,USA,17,31,81402,0,1,41.891022,-87.612931,Census Tract 814.02
3707,3707,14559,70005043,10002,1,2,IL,USA,17,31,81401,0,0,41.895035,-87.619717,Census Tract 814.01
3708,3708,14560,70005043,10003,1,3,IL,USA,17,31,81401,0,0,41.895035,-87.619717,Census Tract 814.01
3732,3732,14657,70005061,10000,-1,1,IL,USA,17,31,40201,0,1,41.97258,-87.694,Census Tract 402.01
3733,3733,14658,70005061,10002,1,2,IL,USA,17,31,320400,0,0,41.875817,-87.617256,Census Tract 3204
3734,3734,14659,70005061,10003,1,3,IL,USA,17,31,320400,0,0,41.875817,-87.617256,Census Tract 3204
3735,3735,14667,70005062,10000,-1,1,IL,USA,17,31,320100,0,1,41.886447,-87.619467,Census Tract 3201
3736,3736,14668,70005062,10002,1,2,IL,USA,17,31,839100,0,0,41.880986,-87.63307,Census Tract 8391
3737,3737,14669,70005062,20002,2,2,IL,USA,17,31,320100,0,0,41.886447,-87.619467,Census Tract 3201
3749,3749,14702,70005070,10000,-1,1,IL,USA,17,31,160300,0,1,41.957268,-87.730896,Census Tract 1603
3750,3750,14703,70005070,10002,1,2,IL,USA,17,31,833000,0,0,41.885286,-87.657249,Census Tract 8330
3751,3751,14719,70005072,10000,-1,1,IL,USA,17,31,310900,0,1,41.855772,-87.674674,Census Tract 3109
3752,3752,14720,70005072,10002,1,2,IL,USA,17,31,281900,0,0,41.878635,-87.642924,Census Tract 2819
3753,3753,14721,70005072,20002,2,2,IL,USA,17,31,81800,0,0,41.893324,-87.63919,Census Tract 818
3762,3762,14742,70005086,10000,-1,1,IL,USA,17,31,161000,0,1,41.949977,-87.730683,Census Tract 1610
3763,3763,14743,70005086,10002,1,2,IL,USA,17,31,161000,0,0,41.949977,-87.730683,Census Tract 1610
3764,3764,14744,70005086,20002,2,2,IL,USA,17,31,839100,0,0,41.880986,-87.63307,Census Tract 8391
3774,3774,14777,70005096,10000,-1,1,IL,USA,17,31,832600,0,1,41.914754,-87.654465,Census Tract 8326
3775,3775,14778,70005096,10002,1,2,IL,USA,17,31,839100,0,0,41.880986,-87.63307,Census Tract 8391
3776,3776,14779,70005096,20002,2,2,IL,USA,17,31,320100,0,0,41.886447,-87.619467,Census Tract 3201
3777,3777,14780,70005096,30003,3,3,IL,USA,17,31,71000,0,0,41.921701,-87.655911,Census Tract 710
3778,3778,14781,70005096,40003,4,3,IL,USA,17,31,839100,0,0,41.880986,-87.63307,Census Tract 8391
3779,3779,14821,70005099,10000,-1,1,IL,USA,17,31,60800,0,1,41.953959,-87.642649,Census Tract 608
3780,3780,14822,70005099,10002,1,2,IL,USA,17,31,62700,0,0,41.936086,-87.66611,Census Tract 627
3798,3798,14866,70005116,10000,-1,1,IL,USA,17,31,110400,0,1,41.972954,-87.772611,Census Tract 1104
3799,3799,14867,70005116,10002,1,2,IL,USA,17,31,839100,0,0,41.880986,-87.63307,Census Tract 8391
3800,3800,14868,70005116,20002,2,2,IL,USA,17,31,980000,0,0,41.979419,-87.902438,Census Tract 9800
3806,3806,14896,70005118,10000,-1,1,IL,USA,17,31,62800,0,1,41.936159,-87.661265,Census Tract 628
3807,3807,14897,70005118,10002,1,2,IL,USA,17,31,320400,0,0,41.875817,-87.617256,Census Tract 3204
3826,3826,14938,70005132,10000,-1,1,IL,USA,17,31,210100,0,1,41.944657,-87.700544,Census Tract 2101
3827,3827,14939,70005132,10002,1,2,IL,USA,17,31,220500,0,0,41.928396,-87.704911,Census Tract 2205
3828,3828,14940,70005132,20002,2,2,IL,USA,17,31,220500,0,0,41.928396,-87.704911,Census Tract 2205
3831,3831,14952,70005141,10000,-1,1,IL,USA,17,31,60900,0,1,41.951517,-87.641778,Census Tract 609
3832,3832,14953,70005141,10002,1,2,IL,USA,17,31,411000,0,0,41.787227,-87.577462,Census Tract 4110
3833,3833,14965,70005143,10000,-1,1,IL,USA,17,31,81401,0,1,41.895035,-87.619717,Census Tract 814.01
3834,3834,14966,70005143,10002,1,2,IL,USA,17,31,843500,0,0,41.840983,-87.697566,Census Tract 8435
3838,3838,14976,70005146,10000,-1,1,IL,USA,17,31,50500,0,1,41.950447,-87.683507,Census Tract 505
3839,3839,14977,70005146,10002,1,2,IL,USA,17,31,280100,0,0,41.885452,-87.643498,Census Tract 2801
3840,3840,14978,70005146,20002,2,2,IL,USA,17,31,839100,0,0,41.880986,-87.63307,Census Tract 8391
3841,3841,14979,70005146,30003,3,3,IL,USA,17,31,830800,0,0,41.965141,-87.676577,Census Tract 8308
3849,3849,15000,70005153,10000,-1,1,IL,USA,17,31,20400,0,1,42.008488,-87.685912,Census Tract 204
3850,3850,15001,70005153,10002,1,2,IL,USA,17,31,40300,0,0,41.976944,-87.701983,Census Tract 403
3851,3851,15002,70005153,20002,2,2,IL,USA,17,31,841000,0,0,41.847544,-87.610198,Census Tract 8410
3868,3868,15057,70005174,10000,-1,1,IL,USA,17,31,220300,0,1,41.928465,-87.695086,Census Tract 2203
3869,3869,15058,70005174,10002,1,2,IL,USA,17,31,839100,0,0,41.880986,-87.63307,Census Tract 8391
3873,3873,15100,70005176,10000,-1,1,IL,USA,17,31,62900,0,1,41.936237,-87.656411,Census Tract 629
3874,3874,15101,70005176,10002,1,2,IL,USA,17,31,281900,0,0,41.878635,-87.642924,Census Tract 2819
3882,3882,15156,70005179,10000,-1,1,IL,USA,17,31,60900,0,1,41.951517,-87.641778,Census Tract 609
3883,3883,15157,70005179,10002,1,2,IL,USA,17,31,320400,0,0,41.875817,-87.617256,Census Tract 3204
3884,3884,15158,70005179,20002,2,2,IL,USA,17,31,590600,0,0,41.826833,-87.672924,Census Tract 5906
3887,3887,15170,70005184,10000,-1,1,IL,USA,17,31,841000,0,1,41.847544,-87.610198,Census Tract 8410
3888,3888,15171,70005184,10002,1,2,IL,USA,17,31,838200,0,0,41.870416,-87.675079,Census Tract 8382
3889,3889,15172,70005184,20002,2,2,IL,USA,17,31,839100,0,0,41.880986,-87.63307,Census Tract 8391
3895,3895,15195,70005193,10000,-1,1,IL,USA,17,31,390700,0,1,41.804016,-87.580489,Census Tract 3907
3896,3896,15196,70005193,10002,1,2,IL,USA,17,31,833100,0,0,41.879078,-87.657046,Census Tract 8331
3897,3897,15197,70005193,20003,2,3,IL,USA,17,31,838300,0,0,41.901566,-87.638404,Census Tract 8383
3898,3898,15198,70005193,30003,3,3,IL,USA,17,31,390700,0,0,41.804016,-87.580489,Census Tract 3907
3899,3899,15202,70005204,10000,-1,1,IL,USA,17,31,242600,0,1,41.90056,-87.694197,Census Tract 2426
3900,3900,15203,70005204,10002,1,2,IL,USA,17,31,320100,0,0,41.886447,-87.619467,Census Tract 3201
3904,3904,15211,70005207,10000,-1,1,IL,USA,17,31,420200,0,1,41.783468,-87.593521,Census Tract 4202
3905,3905,15212,70005207,20002,2,2,IL,USA,17,31,839100,0,0,41.880986,-87.63307,Census Tract 8391
3906,3906,15213,70005207,30003,3,3,IL,USA,17,31,390700,0,0,41.804016,-87.580489,Census Tract 3907
3907,3907,15220,70005219,10000,-1,1,IL,USA,17,31,243500,0,1,41.892654,-87.652517,Census Tract 2435
3908,3908,15221,70005219,10002,1,2,IL,USA,17,31,81500,0,0,41.892906,-87.626079,Census Tract 815
3929,3929,15298,70005238,10000,-1,1,IL,USA,17,31,61902,0,1,41.946698,-87.639064,Census Tract 619.02
3930,3930,15299,70005238,20002,2,2,IL,USA,17,31,838100,0,0,41.878667,-87.671689,Census Tract 8381
3933,3933,15312,70005246,10000,-1,1,IL,USA,17,31,10300,0,1,42.015941,-87.666535,Census Tract 103
3934,3934,15313,70005246,10002,1,2,IL,USA,17,31,81700,0,0,41.892218,-87.631832,Census Tract 817
3943,3943,15362,70005256,10000,-1,1,IL,USA,17,31,241600,0,1,41.90671,-87.665328,Census Tract 2416
3944,3944,15363,70005256,10002,1,2,IL,USA,17,31,839100,0,0,41.880986,-87.63307,Census Tract 8391
3945,3945,15366,70005259,10000,-1,1,IL,USA,17,31,40600,0,1,41.966834,-87.684018,Census Tract 406
3946,3946,15367,70005259,10002,1,2,IL,USA,17,31,81401,0,0,41.895035,-87.619717,Census Tract 814.01
3947,3947,15368,70005259,30003,3,3,IL,USA,17,31,833300,0,0,41.871694,-87.654124,Census Tract 8333
3948,3948,15369,70005259,40003,4,3,IL,USA,17,31,30103,0,0,41.995524,-87.655153,Census Tract 301.03
3949,3949,15370,70005259,50003,5,3,IL,USA,17,31,30103,0,0,41.995524,-87.655153,Census Tract 301.03
3952,3952,15405,70005263,10000,-1,1,IL,USA,17,31,60900,0,1,41.951517,-87.641778,Census Tract 609
3953,3953,15406,70005263,10002,1,2,IL,USA,17,31,839100,0,0,41.880986,-87.63307,Census Tract 8391
3954,3954,15440,70005265,10000,-1,1,IL,USA,17,31,282700,0,1,41.871367,-87.688681,Census Tract 2827
3955,3955,15441,70005265,10002,1,2,IL,USA,17,31,81800,0,0,41.893324,-87.63919,Census Tract 818
3956,3956,15442,70005265,20002,2,2,IL,USA,17,31,839100,0,0,41.880986,-87.63307,Census Tract 8391
3959,3959,15448,70005269,10000,-1,1,IL,USA,17,31,62900,0,1,41.936237,-87.656411,Census Tract 629
3960,3960,15449,70005269,10002,1,2,IL,USA,17,31,760801,0,0,41.983487,-87.84485,Census Tract 7608.01
3961,3961,15450,70005269,20002,2,2,IL,USA,17,31,281900,0,0,41.878635,-87.642924,Census Tract 2819
3976,3976,15480,70005280,10000,-1,1,IL,USA,17,31,30102,0,1,41.993026,-87.655022,Census Tract 301.02
3977,3977,15481,70005280,10002,1,2,IL,USA,17,31,839100,0,0,41.880986,-87.63307,Census Tract 8391
3978,3978,15482,70005280,20002,2,2,IL,USA,17,31,838200,0,0,41.870416,-87.675079,Census Tract 8382
3981,3981,15487,70005285,10000,-1,1,IL,USA,17,31,61500,0,1,41.945282,-87.661545,Census Tract 615
3982,3982,15488,70005285,10002,1,2,IL,USA,17,31,320400,0,0,41.875817,-87.617256,Census Tract 3204
3983,3983,15489,70005285,20002,2,2,IL,USA,17,31,830800,0,0,41.965141,-87.676577,Census Tract 8308
4019,4019,15581,70005321,10000,-1,1,IL,USA,17,31,330100,0,1,41.859295,-87.615523,Census Tract 3301
4020,4020,15582,70005321,10002,1,2,IL,USA,17,31,839100,0,0,41.880986,-87.63307,Census Tract 8391
4021,4021,15583,70005321,20002,2,2,IL,USA,17,31,590700,0,0,41.826054,-87.662789,Census Tract 5907
4048,4048,15648,70005342,10000,-1,1,IL,USA,17,31,31700,0,1,41.965447,-87.663195,Census Tract 317
4049,4049,15649,70005342,10002,1,2,IL,USA,17,31,839100,0,0,41.880986,-87.63307,Census Tract 8391
4056,4056,15720,70005355,10000,-1,1,IL,USA,17,31,71500,0,1,41.914242,-87.625092,Census Tract 715
4057,4057,15721,70005355,10002,1,2,IL,USA,17,31,81700,0,0,41.892218,-87.631832,Census Tract 817
4058,4058,15722,70005357,10000,-1,1,IL,USA,17,31,90100,0,1,42.015255,-87.813585,Census Tract 901
4059,4059,15723,70005357,10002,1,2,IL,USA,17,31,280100,0,0,41.885452,-87.643498,Census Tract 2801
4060,4060,15729,70005359,10000,-1,1,IL,USA,17,31,81800,0,1,41.893324,-87.63919,Census Tract 818
4061,4061,15730,70005359,10002,1,2,IL,USA,17,31,839100,0,0,41.880986,-87.63307,Census Tract 8391
4062,4062,15735,70005360,10000,-1,1,IL,USA,17,31,30702,0,1,41.980812,-87.654528,Census Tract 307.06
4063,4063,15736,70005360,10002,1,2,IL,USA,17,31,30104,0,0,41.997277,-87.655986,Census Tract 301.04
4064,4064,15737,70005360,10003,1,3,IL,USA,17,31,30104,0,0,41.997277,-87.655986,Census Tract 301.04
4077,4077,15823,70005375,10000,-1,1,IL,USA,17,31,60400,0,1,41.950673,-87.666536,Census Tract 604
4078,4078,15824,70005375,10002,1,2,IL,USA,17,31,81700,0,0,41.892218,-87.631832,Census Tract 817
4079,4079,15825,70005375,20002,2,2,IL,USA,17,31,839100,0,0,41.880986,-87.63307,Census Tract 8391
4080,4080,15826,70005375,30003,3,3,IL,USA,17,31,60400,0,0,41.950673,-87.666536,Census Tract 604
4096,4096,15914,70005392,10000,-1,1,IL,USA,17,31,50800,0,1,41.945009,-87.680928,Census Tract 508
4097,4097,15915,70005392,10002,1,2,IL,USA,17,31,839100,0,0,41.880986,-87.63307,Census Tract 8391
4101,4101,15977,70005395,10000,-1,1,IL,USA,17,31,70400,0,1,41.928967,-87.656156,Census Tract 704
4102,4102,15978,70005395,10002,1,2,IL,USA,17,31,839100,0,0,41.880986,-87.63307,Census Tract 8391
4117,4117,16012,70005409,10000,-1,1,IL,USA,17,31,160900,0,1,41.950082,-87.722608,Census Tract 1609
4118,4118,16013,70005409,20002,2,2,IL,USA,17,31,81401,0,0,41.895035,-87.619717,Census Tract 814.01
4119,4119,16014,70005409,30003,3,3,IL,USA,17,31,210100,0,0,41.944657,-87.700544,Census Tract 2101
4120,4120,16016,70005413,10000,-1,1,IL,USA,17,31,61902,0,1,41.946698,-87.639064,Census Tract 619.02
4121,4121,16017,70005413,10002,1,2,IL,USA,17,31,839100,0,0,41.880986,-87.63307,Census Tract 8391
4122,4122,16018,70005413,30003,3,3,IL,USA,17,31,838300,0,0,41.901566,-87.638404,Census Tract 8383
4123,4123,16019,70005413,40003,4,3,IL,USA,17,31,838300,0,0,41.901566,-87.638404,Census Tract 8383
4132,4132,16039,70005417,10000,-1,1,IL,USA,17,31,831100,0,1,41.942856,-87.717496,Census Tract 8311
4133,4133,16040,70005417,10002,1,2,IL,USA,17,31,280100,0,0,41.885452,-87.643498,Census Tract 2801
4134,4134,16041,70005417,20002,2,2,IL,USA,17,31,210100,0,0,41.944657,-87.700544,Census Tract 2101
4137,4137,16053,70005425,10000,-1,1,IL,USA,17,31,70101,0,1,41.929522,-87.632325,Census Tract 701.01
4138,4138,16054,70005425,10002,1,2,IL,USA,17,31,836200,0,0,41.790469,-87.601285,Census Tract 8362
4139,4139,16055,70005425,10003,1,3,IL,USA,17,31,842000,0,0,41.83496,-87.62517,Census Tract 8420
4140,4140,16056,70005425,20002,2,2,IL,USA,17,31,243500,0,0,41.892654,-87.652517,Census Tract 2435
4143,4143,16131,70005437,10000,-1,1,IL,USA,17,31,310700,0,1,41.85599,-87.664906,Census Tract 3107
4144,4144,16132,70005437,10002,1,2,IL,USA,17,31,838200,0,0,41.870416,-87.675079,Census Tract 8382
4145,4145,16133,70005437,10003,1,3,IL,USA,17,31,838200,0,0,41.870416,-87.675079,Census Tract 8382
4174,4174,16243,70005462,10000,-1,1,IL,USA,17,31,140200,0,1,41.970695,-87.713004,Census Tract 1402
4175,4175,16244,70005462,10002,1,2,IL,USA,17,31,330100,0,0,41.859295,-87.615523,Census Tract 3301
4176,4176,16249,70005465,10000,-1,1,IL,USA,17,31,221600,0,1,41.921246,-87.685098,Census Tract 2216
4177,4177,16250,70005465,10002,1,2,IL,USA,17,31,838200,0,0,41.870416,-87.675079,Census Tract 8382
4178,4178,16251,70005465,20002,2,2,IL,USA,17,31,221600,0,0,41.921246,-87.685098,Census Tract 2216
4179,4179,16252,70005465,30003,3,3,IL,USA,17,31,221600,0,0,41.921246,-87.685098,Census Tract 2216
4180,4180,16253,70005465,40003,4,3,IL,USA,17,31,221600,0,0,41.921246,-87.685098,Census Tract 2216
4181,4181,16257,70005466,10000,-1,1,IL,USA,17,31,60800,0,1,41.953959,-87.642649,Census Tract 608
4182,4182,16258,70005466,10002,1,2,IL,USA,17,31,839100,0,0,41.880986,-87.63307,Census Tract 8391
4183,4183,16261,70005467,10000,-1,1,IL,USA,17,31,160900,0,1,41.950082,-87.722608,Census Tract 1609
4184,4184,16262,70005467,10002,1,2,IL,USA,17,31,839100,0,0,41.880986,-87.63307,Census Tract 8391
4185,4185,16263,70005467,20002,2,2,IL,USA,17,31,241200,0,0,41.906707,-87.684686,Census Tract 2412
4200,4200,16334,70005475,10000,-1,1,IL,USA,17,31,10503,0,1,42.000321,-87.663126,Census Tract 105.03
4201,4201,16335,70005475,10002,1,2,IL,USA,17,31,10400,0,0,42.006411,-87.658816,Census Tract 104
4202,4202,16336,70005475,10003,1,3,IL,USA,17,31,10400,0,0,42.006411,-87.658816,Census Tract 104
4203,4203,16348,70005477,10000,-1,1,IL,USA,17,31,40600,0,1,41.966834,-87.684018,Census Tract 406
4204,4204,16349,70005477,10003,1,3,IL,USA,17,31,81201,0,0,41.899154,-87.626212,Census Tract 812.01
4205,4205,16350,70005477,20002,2,2,IL,USA,17,31,81201,0,0,41.899154,-87.626212,Census Tract 812.01
4206,4206,16351,70005477,20003,2,3,IL,USA,17,31,81201,0,0,41.899154,-87.626212,Census Tract 812.01
4209,4209,16368,70005479,10000,-1,1,IL,USA,17,31,410500,0,1,41.797831,-87.603742,Census Tract 4105
4210,4210,16369,70005479,10002,1,2,IL,USA,17,31,836200,0,0,41.790469,-87.601285,Census Tract 8362
4211,4211,16370,70005479,20002,2,2,IL,USA,17,31,81700,0,0,41.892218,-87.631832,Census Tract 817
4227,4227,16410,70005491,10000,-1,1,IL,USA,17,31,50200,0,1,41.95774,-87.683717,Census Tract 502
4228,4228,16411,70005491,10002,1,2,IL,USA,17,31,841900,0,0,41.868458,-87.642965,Census Tract 8419
4229,4229,16412,70005491,20002,2,2,IL,USA,17,31,839100,0,0,41.880986,-87.63307,Census Tract 8391
4230,4230,16417,70005493,10000,-1,1,IL,USA,17,31,31700,0,1,41.965447,-87.663195,Census Tract 317
4231,4231,16418,70005493,10002,1,2,IL,USA,17,31,611200,0,0,41.804994,-87.662441,Census Tract 6112
4232,4232,16419,70005493,20002,2,2,IL,USA,17,31,10600,0,0,42.006277,-87.667683,Census Tract 106
4238,4238,16438,70005495,10000,-1,1,IL,USA,17,31,30500,0,1,41.987226,-87.664936,Census Tract 305
4239,4239,16439,70005495,10002,1,2,IL,USA,17,31,839100,0,0,41.880986,-87.63307,Census Tract 8391
4240,4240,16440,70005495,20002,2,2,IL,USA,17,31,320400,0,0,41.875817,-87.617256,Census Tract 3204
4245,4245,16493,70005500,10000,-1,1,IL,USA,17,31,62100,0,1,41.942691,-87.65177,Census Tract 621
4246,4246,16494,70005500,20002,2,2,IL,USA,17,31,10400,0,0,42.006411,-87.658816,Census Tract 104
4247,4247,16495,70005500,20003,2,3,IL,USA,17,31,10400,0,0,42.006411,-87.658816,Census Tract 104
4248,4248,16498,70005501,10000,-1,1,IL,USA,17,31,60900,0,1,41.951517,-87.641778,Census Tract 609
4249,4249,16499,70005501,10002,1,2,IL,USA,17,31,81300,0,0,41.898335,-87.620753,Census Tract 813
4250,4250,16500,70005501,20002,2,2,IL,USA,17,31,320600,0,0,41.870554,-87.616596,Census Tract 3206
4251,4251,16504,70005502,10000,-1,1,IL,USA,17,31,81201,0,1,41.899154,-87.626212,Census Tract 812.01
4252,4252,16505,70005502,10002,1,2,IL,USA,17,31,243400,0,0,41.892558,-87.659848,Census Tract 2434
4253,4253,16506,70005502,20002,2,2,IL,USA,17,31,320400,0,0,41.875817,-87.617256,Census Tract 3204
4254,4254,16510,70005506,10000,-1,1,IL,USA,17,31,411200,0,1,41.790562,-87.594017,Census Tract 4112
4255,4255,16511,70005506,10002,1,2,IL,USA,17,31,836200,0,0,41.790469,-87.601285,Census Tract 8362
4256,4256,16512,70005506,10003,1,3,IL,USA,17,31,833100,0,0,41.879078,-87.657046,Census Tract 8331
4257,4257,16513,70005506,20002,2,2,IL,USA,17,31,390500,0,0,41.805978,-87.599199,Census Tract 3905
4258,4258,16514,70005506,30002,3,2,IL,USA,17,31,310500,0,0,41.855248,-87.65474,Census Tract 3105
4259,4259,16515,70005506,40003,4,3,IL,USA,17,31,411200,0,0,41.790562,-87.594017,Census Tract 4112
4260,4260,16518,70005508,10000,-1,1,IL,USA,17,31,70102,0,1,41.930583,-87.642202,Census Tract 701.02
4261,4261,16519,70005508,10002,1,2,IL,USA,17,31,839100,0,0,41.880986,-87.63307,Census Tract 8391
4282,4282,16665,70005523,10000,-1,1,IL,USA,17,31,160200,0,1,41.958794,-87.7384,Census Tract 1602
4283,4283,16666,70005523,10002,1,2,IL,USA,17,31,281900,0,0,41.878635,-87.642924,Census Tract 2819
4284,4284,16667,70005523,20002,2,2,IL,USA,17,31,280100,0,0,41.885452,-87.643498,Census Tract 2801
4294,4294,16735,70005528,10000,-1,1,IL,USA,17,31,837800,0,1,41.88475,-87.684127,Census Tract 8378
4295,4295,16736,70005528,10002,1,2,IL,USA,17,31,833100,0,0,41.879078,-87.657046,Census Tract 8331
4296,4296,16737,70005528,10003,1,3,IL,USA,17,31,320600,0,0,41.870554,-87.616596,Census Tract 3206
4306,4306,16757,70005534,10000,-1,1,IL,USA,17,31,71200,0,1,41.921855,-87.646211,Census Tract 712
4307,4307,16758,70005534,10002,1,2,IL,USA,17,31,841900,0,0,41.868458,-87.642965,Census Tract 8419
4308,4308,16759,70005534,20002,2,2,IL,USA,17,31,31100,0,0,41.972668,-87.663866,Census Tract 311
4309,4309,16760,70005534,20003,2,3,IL,USA,17,31,320400,0,0,41.875817,-87.617256,Census Tract 3204
4313,4313,16769,70005537,10000,-1,1,IL,USA,17,31,222800,0,1,41.915435,-87.715095,Census Tract 2228
4314,4314,16770,70005537,10002,1,2,IL,USA,17,31,839100,0,0,41.880986,-87.63307,Census Tract 8391
4315,4315,16771,70005537,10003,1,3,IL,USA,17,31,841900,0,0,41.868458,-87.642965,Census Tract 8419
4316,4316,16772,70005537,20002,2,2,IL,USA,17,31,81700,0,0,41.892218,-87.631832,Census Tract 817
4324,4324,16804,70005545,10000,-1,1,IL,USA,17,31,242000,0,1,41.899737,-87.664954,Census Tract 2420
4325,4325,16805,70005545,10002,1,2,IL,USA,17,31,281900,0,0,41.878635,-87.642924,Census Tract 2819
4326,4326,16810,70005547,10000,-1,1,IL,USA,17,31,839600,0,1,41.827443,-87.619249,Census Tract 8396
4327,4327,16811,70005547,10002,1,2,IL,USA,17,31,839100,0,0,41.880986,-87.63307,Census Tract 8391
4328,4328,16847,70005554,10000,-1,1,IL,USA,17,31,839800,0,1,41.835067,-87.643162,Census Tract 8398
4329,4329,16848,70005554,10002,1,2,IL,USA,17,31,841900,0,0,41.868458,-87.642965,Census Tract 8419
4330,4330,16849,70005554,10003,1,3,IL,USA,17,31,841900,0,0,41.868458,-87.642965,Census Tract 8419
4331,4331,16850,70005554,20002,2,2,IL,USA,17,31,310400,0,0,41.856507,-87.652261,Census Tract 3104
4332,4332,16851,70005554,30003,3,3,IL,USA,17,31,839900,0,0,41.827346,-87.648454,Census Tract 8399
4352,4352,16899,70005573,10000,-1,1,IL,USA,17,31,330100,0,1,41.859295,-87.615523,Census Tract 3301
4353,4353,16900,70005573,20002,2,2,IL,USA,17,31,838200,0,0,41.870416,-87.675079,Census Tract 8382
4354,4354,16901,70005573,30003,3,3,IL,USA,17,31,411000,0,0,41.787227,-87.577462,Census Tract 4110
4368,4368,16935,70005581,10000,-1,1,IL,USA,17,31,320100,0,1,41.886447,-87.619467,Census Tract 3201
4369,4369,16936,70005581,10002,1,2,IL,USA,17,31,320100,0,0,41.886447,-87.619467,Census Tract 3201
4379,4379,17003,70005590,10000,-1,1,IL,USA,17,31,242500,0,1,41.899446,-87.689319,Census Tract 2425
4380,4380,17004,70005590,20002,2,2,IL,USA,17,31,161200,0,0,41.942549,-87.73857,Census Tract 1612
4381,4381,17005,70005590,30003,3,3,IL,USA,17,31,241300,0,0,41.906772,-87.681025,Census Tract 2413
4391,4391,17032,70005600,10000,-1,1,IL,USA,17,31,70101,0,1,41.929522,-87.632325,Census Tract 701.01
4392,4392,17033,70005600,10003,1,3,IL,USA,17,31,320100,0,0,41.886447,-87.619467,Census Tract 3201
4411,4411,17079,70005622,10000,-1,1,IL,USA,17,31,330100,0,1,41.859295,-87.615523,Census Tract 3301
4412,4412,17080,70005622,10002,1,2,IL,USA,17,31,81401,0,0,41.895035,-87.619717,Census Tract 814.01
4413,4413,17081,70005622,20003,2,3,IL,USA,17,31,330200,0,0,41.865578,-87.630568,Census Tract 3302
4414,4414,17082,70005622,30002,3,2,IL,USA,17,31,411100,0,0,41.790455,-87.589701,Census Tract 4111
4415,4415,17083,70005623,10000,-1,1,IL,USA,17,31,60900,0,1,41.951517,-87.641778,Census Tract 609
4416,4416,17084,70005623,10002,1,2,IL,USA,17,31,839100,0,0,41.880986,-87.63307,Census Tract 8391
4417,4417,17085,70005624,10000,-1,1,IL,USA,17,31,839100,0,1,41.880986,-87.63307,Census Tract 8391
4418,4418,17086,70005624,10002,1,2,IL,USA,17,31,81700,0,0,41.892218,-87.631832,Census Tract 817
4419,4419,17087,70005624,10003,1,3,IL,USA,17,31,281900,0,0,41.878635,-87.642924,Census Tract 2819
4420,4420,17091,70005626,10000,-1,1,IL,USA,17,31,81800,0,1,41.893324,-87.63919,Census Tract 818
4421,4421,17092,70005626,10002,1,2,IL,USA,17,31,839100,0,0,41.880986,-87.63307,Census Tract 8391
4422,4422,17097,70005629,10000,-1,1,IL,USA,17,31,832600,0,1,41.914754,-87.654465,Census Tract 8326
4423,4423,17098,70005629,10002,1,2,IL,USA,17,31,320100,0,0,41.886447,-87.619467,Census Tract 3201
4424,4424,17099,70005629,20002,2,2,IL,USA,17,31,839100,0,0,41.880986,-87.63307,Census Tract 8391
4427,4427,17115,70005638,10000,-1,1,IL,USA,17,31,31300,0,1,41.973765,-87.64653,Census Tract 313
4428,4428,17116,70005638,10002,1,2,IL,USA,17,31,320100,0,0,41.886447,-87.619467,Census Tract 3201
4429,4429,17127,70005645,10000,-1,1,IL,USA,17,31,32100,0,1,41.958154,-87.653018,Census Tract 321
4430,4430,17128,70005645,10002,1,2,IL,USA,17,31,839100,0,0,41.880986,-87.63307,Census Tract 8391
4431,4431,17129,70005645,20002,2,2,IL,USA,17,31,320100,0,0,41.886447,-87.619467,Census Tract 3201
4432,4432,17131,70005647,10000,-1,1,IL,USA,17,31,70102,0,1,41.930583,-87.642202,Census Tract 701.02
4433,4433,17132,70005647,10002,1,2,IL,USA,17,31,10400,0,0,42.006411,-87.658816,Census Tract 104
4434,4434,17133,70005647,10003,1,3,IL,USA,17,31,81201,0,0,41.899154,-87.626212,Census Tract 812.01
4435,4435,17136,70005649,10000,-1,1,IL,USA,17,31,50200,0,1,41.95774,-87.683717,Census Tract 502
4436,4436,17137,70005649,10002,1,2,IL,USA,17,31,320400,0,0,41.875817,-87.617256,Census Tract 3204
4437,4437,17138,70005649,20002,2,2,IL,USA,17,31,320400,0,0,41.875817,-87.617256,Census Tract 3204
4438,4438,17139,70005649,30003,3,3,IL,USA,17,31,50200,0,0,41.95774,-87.683717,Census Tract 502
4439,4439,17140,70005649,40003,4,3,IL,USA,17,31,50200,0,0,41.95774,-87.683717,Census Tract 502
4440,4440,17142,70005654,10000,-1,1,IL,USA,17,31,340500,0,1,41.834518,-87.632917,Census Tract 3405
4441,4441,17143,70005654,10002,1,2,IL,USA,17,31,842200,0,0,41.904728,-87.64922,Census Tract 8422
4442,4442,17144,70005654,20002,2,2,IL,USA,17,31,839600,0,0,41.827443,-87.619249,Census Tract 8396
4445,4445,17173,70005662,10000,-1,1,IL,USA,17,31,610800,0,1,41.812708,-87.638408,Census Tract 6108
4446,4446,17174,70005662,20002,2,2,IL,USA,17,31,842600,0,0,41.816219,-87.651695,Census Tract 8426
4447,4447,17175,70005662,30003,3,3,IL,USA,17,31,842600,0,0,41.816219,-87.651695,Census Tract 8426
4448,4448,17181,70005663,10000,-1,1,IL,USA,17,31,831900,0,1,41.945169,-87.668791,Census Tract 8319
4449,4449,17182,70005663,10002,1,2,IL,USA,17,31,280400,0,0,41.886009,-87.671885,Census Tract 2804
4458,4458,17297,70005677,10000,-1,1,IL,USA,17,31,720200,0,1,41.713042,-87.666054,Census Tract 7202
4459,4459,17298,70005677,10002,1,2,IL,USA,17,31,720100,0,0,41.727616,-87.674736,Census Tract 7201
4467,4467,17339,70005682,10000,-1,1,IL,USA,17,31,61901,0,1,41.943244,-87.643458,Census Tract 619.01
4468,4468,17340,70005682,10002,1,2,IL,USA,17,31,320100,0,0,41.886447,-87.619467,Census Tract 3201
4469,4469,17341,70005682,20002,2,2,IL,USA,17,31,839100,0,0,41.880986,-87.63307,Census Tract 8391
4481,4481,17407,70005693,10000,-1,1,IL,USA,17,31,243100,0,1,41.892355,-87.674507,Census Tract 2431
4482,4482,17408,70005693,10002,1,2,IL,USA,17,31,81800,0,0,41.893324,-87.63919,Census Tract 818
4483,4483,17409,70005693,20002,2,2,IL,USA,17,31,320100,0,0,41.886447,-87.619467,Census Tract 3201
4484,4484,17435,70005696,10000,-1,1,IL,USA,17,31,31900,0,1,41.963374,-87.670184,Census Tract 319
4485,4485,17436,70005696,10002,1,2,IL,USA,17,31,833000,0,0,41.885286,-87.657249,Census Tract 8330
4486,4486,17437,70005696,20002,2,2,IL,USA,17,31,320100,0,0,41.886447,-87.619467,Census Tract 3201
4487,4487,17441,70005698,10000,-1,1,IL,USA,17,31,62200,0,1,41.942585,-87.656644,Census Tract 622
4488,4488,17442,70005698,10003,1,3,IL,USA,17,31,838200,0,0,41.870416,-87.675079,Census Tract 8382
4489,4489,17443,70005698,20002,2,2,IL,USA,17,31,10400,0,0,42.006411,-87.658816,Census Tract 104
4490,4490,17444,70005698,30002,3,2,IL,USA,17,31,839100,0,0,41.880986,-87.63307,Census Tract 8391
4491,4491,17450,70005704,10000,-1,1,IL,USA,17,31,50700,0,1,41.945071,-87.676059,Census Tract 507
4492,4492,17451,70005704,10002,1,2,IL,USA,17,31,841000,0,0,41.847544,-87.610198,Census Tract 8410
4493,4493,17452,70005704,20002,2,2,IL,USA,17,31,90200,0,0,42.005594,-87.813096,Census Tract 902
4494,4494,17466,70005710,10000,-1,1,IL,USA,17,31,70103,0,1,41.926811,-87.642605,Census Tract 701.03
4495,4495,17467,70005710,10002,1,2,IL,USA,17,31,320100,0,0,41.886447,-87.619467,Census Tract 3201
4508,4508,17482,70005717,10000,-1,1,IL,USA,17,31,842300,0,1,41.908386,-87.660086,Census Tract 8423
4509,4509,17483,70005717,10002,1,2,IL,USA,17,31,81700,0,0,41.892218,-87.631832,Census Tract 817
4534,4534,17613,70005751,10000,-1,1,IL,USA,17,31,320100,0,1,41.886447,-87.619467,Census Tract 3201
4535,4535,17614,70005751,10002,1,2,IL,USA,17,31,839100,0,0,41.880986,-87.63307,Census Tract 8391
4536,4536,17617,70005752,10000,-1,1,IL,USA,17,31,40600,0,1,41.966834,-87.684018,Census Tract 406
4537,4537,17618,70005752,10002,1,2,IL,USA,17,31,281900,0,0,41.878635,-87.642924,Census Tract 2819
4538,4538,17621,70005755,10000,-1,1,IL,USA,17,31,160601,0,1,41.959398,-87.703294,Census Tract 1606.01
4539,4539,17622,70005755,30003,3,3,IL,USA,17,31,839000,0,0,41.869903,-87.631213,Census Tract 8390
4548,4548,17644,70005765,10000,-1,1,IL,USA,17,31,241400,0,1,41.906031,-87.675314,Census Tract 2414
4549,4549,17645,70005765,10002,1,2,IL,USA,17,31,833000,0,0,41.885286,-87.657249,Census Tract 8330
4550,4550,17646,70005765,20002,2,2,IL,USA,17,31,833000,0,0,41.885286,-87.657249,Census Tract 8330
4551,4551,17663,70005766,10000,-1,1,IL,USA,17,31,30800,0,1,41.979912,-87.664188,Census Tract 308
4552,4552,17664,70005766,10002,1,2,IL,USA,17,31,31900,0,0,41.963374,-87.670184,Census Tract 319
4556,4556,17677,70005776,10000,-1,1,IL,USA,17,31,30601,0,1,41.988972,-87.654609,Census Tract 306.01
4557,4557,17678,70005776,10002,1,2,IL,USA,17,31,839100,0,0,41.880986,-87.63307,Census Tract 8391
4558,4558,17679,70005776,20002,2,2,IL,USA,17,31,839100,0,0,41.880986,-87.63307,Census Tract 8391
4559,4559,17681,70005779,10000,-1,1,IL,USA,17,31,841900,0,1,41.868458,-87.642965,Census Tract 8419
4560,4560,17682,70005779,10002,1,2,IL,USA,17,31,81500,0,0,41.892906,-87.626079,Census Tract 815
4561,4561,17683,70005779,20002,2,2,IL,USA,17,31,281900,0,0,41.878635,-87.642924,Census Tract 2819
4562,4562,17729,70005784,10000,-1,1,IL,USA,17,31,230900,0,1,41.906692,-87.71035,Census Tract 2309
4563,4563,17730,70005784,10002,1,2,IL,USA,17,31,833100,0,0,41.879078,-87.657046,Census Tract 8331
4564,4564,17731,70005784,20002,2,2,IL,USA,17,31,833100,0,0,41.879078,-87.657046,Census Tract 8331
4575,4575,17763,70005790,10000,-1,1,IL,USA,17,31,63100,0,1,41.938232,-87.64678,Census Tract 631
4576,4576,17764,70005790,20002,2,2,IL,USA,17,31,839100,0,0,41.880986,-87.63307,Census Tract 8391
4582,4582,17778,70005792,10000,-1,1,IL,USA,17,31,70200,0,1,41.929078,-87.646293,Census Tract 702
4583,4583,17779,70005792,10002,1,2,IL,USA,17,31,839100,0,0,41.880986,-87.63307,Census Tract 8391
4584,4584,17780,70005793,10000,-1,1,IL,USA,17,31,51300,0,1,41.935996,-87.67584,Census Tract 513
4585,4585,17781,70005793,10002,1,2,IL,USA,17,31,839100,0,0,41.880986,-87.63307,Census Tract 8391
4586,4586,17782,70005793,20002,2,2,IL,USA,17,31,750500,0,0,41.684615,-87.671233,Census Tract 7505
4592,4592,17797,70005803,10000,-1,1,IL,USA,17,31,243200,0,1,41.892433,-87.669624,Census Tract 2432
4593,4593,17798,70005803,10002,1,2,IL,USA,17,31,839100,0,0,41.880986,-87.63307,Census Tract 8391
4594,4594,17799,70005803,20003,2,3,IL,USA,17,31,81201,0,0,41.899154,-87.626212,Census Tract 812.01
4595,4595,17800,70005803,30003,3,3,IL,USA,17,31,242200,0,0,41.899589,-87.674719,Census Tract 2422
4603,4603,17839,70005808,10000,-1,1,IL,USA,17,31,420400,0,1,41.78317,-87.603558,Census Tract 4204
4604,4604,17840,70005808,10002,1,2,IL,USA,17,31,843500,0,0,41.840983,-87.697566,Census Tract 8435
4605,4605,17841,70005808,20002,2,2,IL,USA,17,31,836200,0,0,41.790469,-87.601285,Census Tract 8362
4608,4608,17853,70005818,10000,-1,1,IL,USA,17,31,62000,0,1,41.942577,-87.647079,Census Tract 620
4609,4609,17854,70005818,10002,1,2,IL,USA,17,31,760801,0,0,41.983487,-87.84485,Census Tract 7608.01
4613,4613,17879,70005824,10000,-1,1,IL,USA,17,31,740300,0,1,41.695069,-87.710723,Census Tract 7403
4614,4614,17880,70005824,10002,1,2,IL,USA,17,31,320100,0,0,41.886447,-87.619467,Census Tract 3201
4628,4628,17897,70005841,10000,-1,1,IL,USA,17,31,20100,0,1,42.015721,-87.687117,Census Tract 201
4629,4629,17898,70005841,10002,1,2,IL,USA,17,31,841900,0,0,41.868458,-87.642965,Census Tract 8419
4630,4630,17899,70005841,10003,1,3,IL,USA,17,31,841900,0,0,41.868458,-87.642965,Census Tract 8419
4635,4635,17909,70005844,10000,-1,1,IL,USA,17,31,110502,0,1,41.970286,-87.759852,Census Tract 1105.02
4636,4636,17910,70005844,20002,2,2,IL,USA,17,31,320100,0,0,41.886447,-87.619467,Census Tract 3201
4637,4637,17911,70005844,30003,3,3,IL,USA,17,31,120200,0,0,41.994532,-87.757611,Census Tract 1202
4648,4648,18005,70005851,10000,-1,1,IL,USA,17,31,30200,0,1,41.994441,-87.66523,Census Tract 302
4649,4649,18006,70005851,10002,1,2,IL,USA,17,31,839100,0,0,41.880986,-87.63307,Census Tract 8391
4650,4650,18007,70005851,30003,3,3,IL,USA,17,31,30800,0,0,41.979912,-87.664188,Census Tract 308
4651,4651,18008,70005851,40003,4,3,IL,USA,17,31,30200,0,0,41.994441,-87.66523,Census Tract 302
4652,4652,18011,70005854,10000,-1,1,IL,USA,17,31,110502,0,1,41.970286,-87.759852,Census Tract 1105.02
4653,4653,18012,70005854,10002,1,2,IL,USA,17,31,839100,0,0,41.880986,-87.63307,Census Tract 8391
4663,4663,18038,70005864,10000,-1,1,IL,USA,17,31,243500,0,1,41.892654,-87.652517,Census Tract 2435
4664,4664,18039,70005864,20002,2,2,IL,USA,17,31,280100,0,0,41.885452,-87.643498,Census Tract 2801
4673,4673,18075,70005869,10000,-1,1,IL,USA,17,31,411000,0,1,41.787227,-87.577462,Census Tract 4110
4674,4674,18076,70005869,10003,1,3,IL,USA,17,31,420300,0,0,41.783224,-87.598697,Census Tract 4203
4675,4675,18077,70005869,20002,2,2,IL,USA,17,31,81700,0,0,41.892218,-87.631832,Census Tract 817
4678,4678,18087,70005876,10000,-1,1,IL,USA,17,31,170400,0,1,41.948908,-87.812711,Census Tract 1704
4679,4679,18088,70005876,10002,1,2,IL,USA,17,31,63200,0,0,41.938923,-87.634673,Census Tract 632
4680,4680,18089,70005876,20002,2,2,IL,USA,17,31,100500,0,0,41.97806,-87.819734,Census Tract 1005
4681,4681,18099,70005877,10000,-1,1,IL,USA,17,31,220902,0,1,41.922711,-87.721836,Census Tract 2209.02
4682,4682,18100,70005877,10002,1,2,IL,USA,17,31,839100,0,0,41.880986,-87.63307,Census Tract 8391
4683,4683,18101,70005877,10003,1,3,IL,USA,17,31,832900,0,0,41.874181,-87.661901,Census Tract 8329
4684,4684,18102,70005877,20002,2,2,IL,USA,17,31,839100,0,0,41.880986,-87.63307,Census Tract 8391
4699,4699,18161,70005899,10000,-1,1,IL,USA,17,31,140400,0,1,41.971537,-87.738943,Census Tract 1404
4700,4700,18162,70005899,10002,1,2,IL,USA,17,31,200200,0,0,41.927852,-87.735628,Census Tract 2002
4701,4701,18163,70005899,20002,2,2,IL,USA,17,31,839100,0,0,41.880986,-87.63307,Census Tract 8391
4702,4702,18166,70005900,10000,-1,1,IL,USA,17,31,110501,0,1,41.977002,-87.761925,Census Tract 1105.01
4703,4703,18167,70005900,10002,1,2,IL,USA,17,31,833300,0,0,41.871694,-87.654124,Census Tract 8333
4704,4704,18265,70005904,10000,-1,1,IL,USA,17,31,10702,0,1,42.00902,-87.672726,Census Tract 107.02
4705,4705,18266,70005904,10002,1,2,IL,USA,17,31,839100,0,0,41.880986,-87.63307,Census Tract 8391
4706,4706,18267,70005904,20002,2,2,IL,USA,17,31,70700,0,0,41.930652,-87.674104,Census Tract 707
4727,4727,18365,70005927,10000,-1,1,IL,USA,17,31,243500,0,1,41.892654,-87.652517,Census Tract 2435
4728,4728,18366,70005927,10002,1,2,IL,USA,17,31,320100,0,0,41.886447,-87.619467,Census Tract 3201
4729,4729,18367,70005927,20002,2,2,IL,USA,17,31,81700,0,0,41.892218,-87.631832,Census Tract 817
4733,4733,18374,70005935,10000,-1,1,IL,USA,17,31,832600,0,1,41.914754,-87.654465,Census Tract 8326
4734,4734,18375,70005935,10002,1,2,IL,USA,17,31,839100,0,0,41.880986,-87.63307,Census Tract 8391
4735,4735,18388,70005938,10000,-1,1,IL,USA,17,31,30103,0,1,41.995524,-87.655153,Census Tract 301.03
4736,4736,18389,70005938,10002,1,2,IL,USA,17,31,839100,0,0,41.880986,-87.63307,Census Tract 8391
4737,4737,18390,70005938,10003,1,3,IL,USA,17,31,320400,0,0,41.875817,-87.617256,Census Tract 3204
4744,4744,18397,70005943,10000,-1,1,IL,USA,17,31,61800,0,1,41.94649,-87.647115,Census Tract 618
4745,4745,18398,70005943,10003,1,3,IL,USA,17,31,81401,0,0,41.895035,-87.619717,Census Tract 814.01
4746,4746,18399,70005943,20002,2,2,IL,USA,17,31,61800,0,1,41.94649,-87.647115,Census Tract 618
4758,4758,18452,70005949,10000,-1,1,IL,USA,17,31,70103,0,1,41.926811,-87.642605,Census Tract 701.03
4759,4759,18453,70005949,10002,1,2,IL,USA,17,31,81401,0,0,41.895035,-87.619717,Census Tract 814.01
4789,4789,18538,70005977,10000,-1,1,IL,USA,17,31,110400,0,1,41.972954,-87.772611,Census Tract 1104
4790,4790,18539,70005977,10002,1,2,IL,USA,17,31,839100,0,0,41.880986,-87.63307,Census Tract 8391
4791,4791,18544,70005979,10000,-1,1,IL,USA,17,31,61902,0,1,41.946698,-87.639064,Census Tract 619.02
4792,4792,18545,70005979,10002,1,2,IL,USA,17,31,839100,0,0,41.880986,-87.63307,Census Tract 8391
4795,4795,18558,70005990,10000,-1,1,IL,USA,17,31,320100,0,1,41.886447,-87.619467,Census Tract 3201
4796,4796,18559,70005990,10002,1,2,IL,USA,17,31,838200,0,0,41.870416,-87.675079,Census Tract 8382
4797,4797,18560,70005991,10000,-1,1,IL,USA,17,31,70103,0,1,41.926811,-87.642605,Census Tract 701.03
4798,4798,18561,70005991,10002,1,2,IL,USA,17,31,839100,0,0,41.880986,-87.63307,Census Tract 8391
4799,4799,18563,70005992,10000,-1,1,IL,USA,17,31,240700,0,1,41.912088,-87.694599,Census Tract 2407
4800,4800,18564,70005992,10002,1,2,IL,USA,17,31,320400,0,0,41.875817,-87.617256,Census Tract 3204
4801,4801,18565,70005992,20002,2,2,IL,USA,17,31,320400,0,0,41.875817,-87.617256,Census Tract 3204
4816,4816,18621,70006002,10000,-1,1,IL,USA,17,31,160300,0,1,41.957268,-87.730896,Census Tract 1603
4817,4817,18622,70006002,10002,1,2,IL,USA,17,31,81800,0,0,41.893324,-87.63919,Census Tract 818
4818,4818,18623,70006003,10000,-1,1,IL,USA,17,31,81100,0,1,41.900221,-87.629105,Census Tract 811
4819,4819,18624,70006003,10002,1,2,IL,USA,17,31,832600,0,0,41.914754,-87.654465,Census Tract 8326
4820,4820,18640,70006004,10000,-1,1,IL,USA,17,31,831700,0,1,41.952651,-87.745255,Census Tract 8317
4821,4821,18641,70006004,10002,1,2,IL,USA,17,31,320100,0,0,41.886447,-87.619467,Census Tract 3201
4826,4826,18652,70006007,10000,-1,1,IL,USA,17,31,10201,0,1,42.016008,-87.680148,Census Tract 102.01
4827,4827,18653,70006007,10002,1,2,IL,USA,17,31,839100,0,0,41.880986,-87.63307,Census Tract 8391
4831,4831,18667,70006020,10000,-1,1,IL,USA,17,31,839500,0,1,41.834098,-87.619292,Census Tract 8395
4832,4832,18668,70006020,10002,1,2,IL,USA,17,31,490500,0,0,41.717927,-87.613206,Census Tract 4905
4833,4833,18675,70006022,10000,-1,1,IL,USA,17,31,750300,0,1,41.695391,-87.686173,Census Tract 7503
4834,4834,18676,70006022,10002,1,2,IL,USA,17,31,320400,0,0,41.875817,-87.617256,Census Tract 3204
4835,4835,18677,70006022,20002,2,2,IL,USA,17,31,670800,0,0,41.783144,-87.661879,Census Tract 6708
4836,4836,18678,70006022,30003,3,3,IL,USA,17,31,839100,0,0,41.880986,-87.63307,Census Tract 8391
4837,4837,18679,70006024,10000,-1,1,IL,USA,17,31,63200,0,1,41.938923,-87.634673,Census Tract 632
4838,4838,18680,70006024,10002,1,2,IL,USA,17,31,842000,0,0,41.83496,-87.62517,Census Tract 8420
4839,4839,18681,70006025,10000,-1,1,IL,USA,17,31,150401,0,1,41.964568,-87.772265,Census Tract 1504.01
4840,4840,18682,70006025,10002,1,2,IL,USA,17,31,839100,0,0,41.880986,-87.63307,Census Tract 8391
4841,4841,18683,70006025,20002,2,2,IL,USA,17,31,842200,0,0,41.904728,-87.64922,Census Tract 8422
4842,4842,18684,70006025,30003,3,3,IL,USA,17,31,150501,0,0,41.964476,-87.781964,Census Tract 1505.01
4845,4845,18694,70006027,10000,-1,1,IL,USA,17,31,110100,0,1,41.987476,-87.769673,Census Tract 1101
4846,4846,18695,70006027,10002,1,2,IL,USA,17,31,838200,0,0,41.870416,-87.675079,Census Tract 8382
4847,4847,18696,70006027,20002,2,2,IL,USA,17,31,833100,0,0,41.879078,-87.657046,Census Tract 8331
4850,4850,18703,70006032,10000,-1,1,IL,USA,17,31,840000,0,1,41.831171,-87.638298,Census Tract 8400
4851,4851,18704,70006032,10002,1,2,IL,USA,17,31,30800,0,0,41.979912,-87.664188,Census Tract 308
4852,4852,18705,70006032,30003,3,3,IL,USA,17,31,841100,0,0,41.851644,-87.635661,Census Tract 8411
4853,4853,18706,70006032,40003,4,3,IL,USA,17,31,841100,0,0,41.851644,-87.635661,Census Tract 8411
4864,4864,18740,70006051,10000,-1,1,IL,USA,17,31,221000,0,1,41.92096,-87.715253,Census Tract 2210
4865,4865,18741,70006051,10002,1,2,IL,USA,17,31,81401,0,0,41.895035,-87.619717,Census Tract 814.01
4866,4866,18742,70006051,20002,2,2,IL,USA,17,31,81401,0,0,41.895035,-87.619717,Census Tract 814.01
4881,4881,18828,70006069,10000,-1,1,IL,USA,17,31,10300,0,1,42.015941,-87.666535,Census Tract 103
4882,4882,18829,70006069,10002,1,2,IL,USA,17,31,839100,0,0,41.880986,-87.63307,Census Tract 8391
4893,4893,18893,70006085,10000,-1,1,IL,USA,17,31,242000,0,1,41.899737,-87.664954,Census Tract 2420
4894,4894,18894,70006085,10002,1,2,IL,USA,17,31,320100,0,0,41.886447,-87.619467,Census Tract 3201
4900,4900,18907,70006097,10000,-1,1,IL,USA,17,31,430800,0,1,41.76075,-87.571298,Census Tract 4308
4901,4901,18908,70006097,10002,1,2,IL,USA,17,31,691100,0,0,41.761714,-87.629872,Census Tract 6911
4902,4902,18909,70006097,20003,2,3,IL,USA,17,31,681200,0,0,41.769159,-87.638677,Census Tract 6812
4903,4903,18911,70006104,10000,-1,1,IL,USA,17,31,63301,0,1,41.934541,-87.643024,Census Tract 633.01
4904,4904,18912,70006104,10002,1,2,IL,USA,17,31,841900,0,0,41.868458,-87.642965,Census Tract 8419
4905,4905,18913,70006104,10003,1,3,IL,USA,17,31,833100,0,0,41.879078,-87.657046,Census Tract 8331
4919,4919,18942,70006126,10000,-1,1,IL,USA,17,31,691200,0,1,41.752621,-87.630411,Census Tract 6912
4920,4920,18943,70006126,10002,1,2,IL,USA,17,31,841900,0,0,41.868458,-87.642965,Census Tract 8419
4921,4921,18944,70006128,10000,-1,1,IL,USA,17,31,150401,0,1,41.964568,-87.772265,Census Tract 1504.01
4922,4922,18945,70006128,10002,1,2,IL,USA,17,31,130200,0,0,41.981838,-87.737573,Census Tract 1302
4923,4923,18946,70006134,10000,-1,1,IL,USA,17,31,730300,0,1,41.727469,-87.664567,Census Tract 7303
4924,4924,18947,70006134,20003,2,3,IL,USA,17,31,711200,0,0,41.740556,-87.669825,Census Tract 7112
4925,4925,18948,70006134,30003,3,3,IL,USA,17,31,711200,0,0,41.740556,-87.669825,Census Tract 7112
4926,4926,18949,70006140,10000,-1,1,IL,USA,17,31,730600,0,1,41.7106,-87.650486,Census Tract 7306
4927,4927,18950,70006140,10002,1,2,IL,USA,17,31,839100,0,0,41.880986,-87.63307,Census Tract 8391
4928,4928,18951,70006140,30002,3,2,IL,USA,17,31,839100,0,0,41.880986,-87.63307,Census Tract 8391
4939,4939,18976,70006145,10000,-1,1,IL,USA,17,31,30101,0,1,41.991054,-87.654879,Census Tract 301.01
4940,4940,18977,70006145,10002,1,2,IL,USA,17,31,81401,0,0,41.895035,-87.619717,Census Tract 814.01
4945,4945,19012,70006155,10000,-1,1,IL,USA,17,31,670400,0,1,41.7903,-87.67177,Census Tract 6704
4946,4946,19013,70006155,10002,1,2,IL,USA,17,31,71800,0,0,41.914586,-87.645966,Census Tract 718
4947,4947,19016,70006159,10000,-1,1,IL,USA,17,31,720700,0,1,41.703107,-87.665139,Census Tract 7207
4948,4948,19017,70006159,10002,1,2,IL,USA,17,31,830900,0,0,41.928424,-87.684906,Census Tract 8309
4949,4949,19018,70006161,10000,-1,1,IL,USA,17,31,430102,0,1,41.768953,-87.563814,Census Tract 4301.02
4950,4950,19019,70006161,20002,2,2,IL,USA,17,31,842400,0,0,41.742475,-87.63004,Census Tract 8424
4951,4951,19020,70006161,30003,3,3,IL,USA,17,31,430700,0,0,41.765272,-87.56089,Census Tract 4307
4963,4963,19051,70006213,10000,-1,1,IL,USA,17,31,390400,0,1,41.805924,-87.604058,Census Tract 3904
4964,4964,19052,70006213,10002,1,2,IL,USA,17,31,390100,0,0,41.813554,-87.590545,Census Tract 3901
4965,4965,19053,70006213,30003,3,3,IL,USA,17,31,390400,0,0,41.805924,-87.604058,Census Tract 3904
4966,4966,19054,70006213,40003,4,3,IL,USA,17,31,390400,0,0,41.805924,-87.604058,Census Tract 3904
4967,4967,19055,70006215,10000,-1,1,IL,USA,17,31,491100,0,1,41.699753,-87.637699,Census Tract 4911
4968,4968,19056,70006215,10003,1,3,IL,USA,17,31,280100,0,0,41.885452,-87.643498,Census Tract 2801
4969,4969,19057,70006215,20002,2,2,IL,USA,17,31,842000,0,0,41.83496,-87.62517,Census Tract 8420
4995,4995,19116,70006268,10000,-1,1,IL,USA,17,31,50200,0,1,41.95774,-87.683717,Census Tract 502
4996,4996,19117,70006268,10002,1,2,IL,USA,17,31,839100,0,0,41.880986,-87.63307,Census Tract 8391
4997,4997,19118,70006268,30003,3,3,IL,USA,17,31,40800,0,0,41.963974,-87.691821,Census Tract 408
4998,4998,19119,70006268,40003,4,3,IL,USA,17,31,40800,0,0,41.963974,-87.691821,Census Tract 408
5001,5001,19123,70006275,10000,-1,1,IL,USA,17,31,31000,0,1,41.972437,-87.671109,Census Tract 310
5002,5002,19124,70006275,10002,1,2,IL,USA,17,31,839100,0,0,41.880986,-87.63307,Census Tract 8391
5010,5010,19148,70006284,10000,-1,1,IL,USA,17,31,660800,0,1,41.773641,-87.693266,Census Tract 6608
5011,5011,19149,70006284,10002,1,2,IL,USA,17,31,839100,0,0,41.880986,-87.63307,Census Tract 8391
5018,5018,19234,70006299,10000,-1,1,IL,USA,17,31,430900,0,1,41.760641,-87.581185,Census Tract 4309
5019,5019,19235,70006299,10002,1,2,IL,USA,17,31,690500,0,0,41.768179,-87.612103,Census Tract 6905
5020,5020,19236,70006299,20002,2,2,IL,USA,17,31,320400,0,0,41.875817,-87.617256,Census Tract 3204
5021,5021,19239,70006302,10000,-1,1,IL,USA,17,31,760803,0,1,41.975347,-87.844153,Census Tract 7608.03
5022,5022,19240,70006302,10002,1,2,IL,USA,17,31,81700,0,0,41.892218,-87.631832,Census Tract 817
5027,5027,19249,70006308,10000,-1,1,IL,USA,17,31,220602,0,1,41.929327,-87.711981,Census Tract 2206.02
5028,5028,19250,70006308,10002,1,2,IL,USA,17,31,62800,0,0,41.936159,-87.661265,Census Tract 628
5031,5031,19258,70006313,10000,-1,1,IL,USA,17,31,832400,0,1,41.915741,-87.692256,Census Tract 8324
5032,5032,19259,70006313,10002,1,2,IL,USA,17,31,833000,0,0,41.885286,-87.657249,Census Tract 8330
5033,5033,19260,70006313,20002,2,2,IL,USA,17,31,833000,0,0,41.885286,-87.657249,Census Tract 8330
5034,5034,19261,70006313,30003,3,3,IL,USA,17,31,832400,0,0,41.915741,-87.692256,Census Tract 8324
5035,5035,19262,70006313,40003,4,3,IL,USA,17,31,832400,0,0,41.915741,-87.692256,Census Tract 8324
5051,5051,19361,70006332,10000,-1,1,IL,USA,17,31,151001,0,1,41.942383,-87.754353,Census Tract 1510.01
5052,5052,19362,70006332,10002,1,2,IL,USA,17,31,839100,0,0,41.880986,-87.63307,Census Tract 8391
5053,5053,19363,70006332,20002,2,2,IL,USA,17,31,70200,0,0,41.929078,-87.646293,Census Tract 702
5054,5054,19364,70006332,30003,3,3,IL,USA,17,31,150800,0,0,41.949709,-87.752118,Census Tract 1508
5079,5079,19475,70006355,10000,-1,1,IL,USA,17,31,540102,0,1,41.66733,-87.605449,Census Tract 5401.02
5080,5080,19476,70006355,10002,1,2,IL,USA,17,31,839100,0,0,41.880986,-87.63307,Census Tract 8391
5081,5081,19477,70006355,30003,3,3,IL,USA,17,31,710800,0,0,41.747837,-87.648813,Census Tract 7108
5090,5090,19531,70006365,10000,-1,1,IL,USA,17,31,30103,0,1,41.995524,-87.655153,Census Tract 301.03
5091,5091,19532,70006365,10002,1,2,IL,USA,17,31,839100,0,0,41.880986,-87.63307,Census Tract 8391
5092,5092,19533,70006365,20002,2,2,IL,USA,17,31,280100,0,0,41.885452,-87.643498,Census Tract 2801
5096,5096,19542,70006368,10000,-1,1,IL,USA,17,31,20602,0,1,42.001316,-87.693637,Census Tract 206.02
5097,5097,19543,70006368,10002,1,2,IL,USA,17,31,839100,0,0,41.880986,-87.63307,Census Tract 8391
5098,5098,19544,70006368,20002,2,2,IL,USA,17,31,320400,0,0,41.875817,-87.617256,Census Tract 3204
5104,5104,19559,70006372,10000,-1,1,IL,USA,17,31,40201,0,1,41.97258,-87.694,Census Tract 402.01
5105,5105,19560,70006372,10002,1,2,IL,USA,17,31,838000,0,0,41.877367,-87.680652,Census Tract 8380
5106,5106,19563,70006374,10000,-1,1,IL,USA,17,31,160800,0,1,41.950213,-87.712815,Census Tract 1608
5107,5107,19564,70006374,10002,1,2,IL,USA,17,31,839100,0,0,41.880986,-87.63307,Census Tract 8391
5108,5108,19565,70006374,20002,2,2,IL,USA,17,31,839100,0,0,41.880986,-87.63307,Census Tract 8391
5109,5109,19566,70006374,30003,3,3,IL,USA,17,31,160400,0,0,41.957366,-87.722824,Census Tract 1604
5112,5112,19589,70006377,10000,-1,1,IL,USA,17,31,241600,0,1,41.90671,-87.665328,Census Tract 2416
5113,5113,19590,70006377,10002,1,2,IL,USA,17,31,838200,0,0,41.870416,-87.675079,Census Tract 8382
5114,5114,19592,70006379,10000,-1,1,IL,USA,17,31,150700,0,1,41.949591,-87.761958,Census Tract 1507
5115,5115,19593,70006379,10002,1,2,IL,USA,17,31,839100,0,0,41.880986,-87.63307,Census Tract 8391
5116,5116,19594,70006379,20002,2,2,IL,USA,17,31,191200,0,0,41.920143,-87.760827,Census Tract 1912
5117,5117,19595,70006382,10000,-1,1,IL,USA,17,31,140100,0,1,41.971201,-87.705805,Census Tract 1401
5118,5118,19596,70006382,10002,1,2,IL,USA,17,31,320600,0,0,41.870554,-87.616596,Census Tract 3206
5132,5132,19654,70006395,10000,-1,1,IL,USA,17,31,32100,0,1,41.958154,-87.653018,Census Tract 321
5133,5133,19655,70006395,10002,1,2,IL,USA,17,31,839100,0,0,41.880986,-87.63307,Census Tract 8391
5134,5134,19659,70006398,10000,-1,1,IL,USA,17,31,60900,0,1,41.951517,-87.641778,Census Tract 609
5135,5135,19660,70006398,10002,1,2,IL,USA,17,31,841900,0,0,41.868458,-87.642965,Census Tract 8419
5136,5136,19661,70006398,20002,2,2,IL,USA,17,31,836200,0,0,41.790469,-87.601285,Census Tract 8362
5139,5139,19675,70006406,10000,-1,1,IL,USA,17,31,10600,0,1,42.006277,-87.667683,Census Tract 106
5140,5140,19676,70006406,10002,1,2,IL,USA,17,31,81402,0,0,41.891022,-87.612931,Census Tract 814.02
5141,5141,19677,70006406,20002,2,2,IL,USA,17,31,839100,0,0,41.880986,-87.63307,Census Tract 8391
5142,5142,19678,70006406,30003,3,3,IL,USA,17,31,30900,0,0,41.979795,-87.671445,Census Tract 309
5154,5154,19778,70006416,10000,-1,1,IL,USA,17,31,560900,0,1,41.79577,-87.791651,Census Tract 5609
5155,5155,19779,70006416,10002,1,2,IL,USA,17,31,280100,0,0,41.885452,-87.643498,Census Tract 2801
5156,5156,19806,70006419,10000,-1,1,IL,USA,17,31,40202,0,1,41.979855,-87.694096,Census Tract 402.02
5157,5157,19807,70006419,10002,1,2,IL,USA,17,31,839100,0,0,41.880986,-87.63307,Census Tract 8391
5158,5158,19808,70006419,20002,2,2,IL,USA,17,31,610300,0,0,41.816178,-87.675102,Census Tract 6103
5159,5159,19809,70006419,30003,3,3,IL,USA,17,31,50300,0,0,41.957885,-87.690444,Census Tract 503
5178,5178,19865,70006451,10000,-1,1,IL,USA,17,31,460700,0,1,41.73558,-87.549281,Census Tract 4607
5179,5179,19866,70006451,10002,1,2,IL,USA,17,31,320400,0,0,41.875817,-87.617256,Census Tract 3204
5180,5180,19868,70006455,10000,-1,1,IL,USA,17,31,220702,0,1,41.929369,-87.724231,Census Tract 2207.02
5181,5181,19869,70006455,20003,2,3,IL,USA,17,31,281900,0,0,41.878635,-87.642924,Census Tract 2819
5222,5222,19961,70006494,10000,-1,1,IL,USA,17,31,90100,0,1,42.015255,-87.813585,Census Tract 901
5223,5223,19962,70006494,10002,1,2,IL,USA,17,31,842200,0,0,41.904728,-87.64922,Census Tract 8422
5226,5226,19967,70006496,10000,-1,1,IL,USA,17,31,80202,0,1,41.905859,-87.630901,Census Tract 802.02
5227,5227,19968,70006496,10002,1,2,IL,USA,17,31,281900,0,0,41.878635,-87.642924,Census Tract 2819
5239,5239,19992,70006504,10000,-1,1,IL,USA,17,31,241600,0,1,41.90671,-87.665328,Census Tract 2416
5240,5240,19993,70006504,10002,1,2,IL,USA,17,31,839100,0,0,41.880986,-87.63307,Census Tract 8391
5241,5241,20012,70006506,10000,-1,1,IL,USA,17,31,580100,0,1,41.828055,-87.690746,Census Tract 5801
5242,5242,20013,70006506,10002,1,2,IL,USA,17,31,839100,0,0,41.880986,-87.63307,Census Tract 8391
5243,5243,20014,70006506,20002,2,2,IL,USA,17,31,839100,0,0,41.880986,-87.63307,Census Tract 8391
5244,5244,20018,70006509,10000,-1,1,IL,USA,17,31,310300,0,1,41.856144,-87.648978,Census Tract 3103
5245,5245,20019,70006509,10002,1,2,IL,USA,17,31,839100,0,0,41.880986,-87.63307,Census Tract 8391
5246,5246,20020,70006509,30003,3,3,IL,USA,17,31,330100,0,0,41.859295,-87.615523,Census Tract 3301
5247,5247,20072,70006516,10000,-1,1,IL,USA,17,31,30604,0,1,41.985871,-87.652455,Census Tract 306.04
5248,5248,20073,70006516,10002,1,2,IL,USA,17,31,81600,0,0,41.892057,-87.628871,Census Tract 816
5249,5249,20074,70006516,10003,1,3,IL,USA,17,31,320400,0,0,41.875817,-87.617256,Census Tract 3204
5250,5250,20076,70006518,10000,-1,1,IL,USA,17,31,310700,0,1,41.85599,-87.664906,Census Tract 3107
5251,5251,20077,70006518,10002,1,2,IL,USA,17,31,839100,0,0,41.880986,-87.63307,Census Tract 8391
5252,5252,20078,70006518,20002,2,2,IL,USA,17,31,839100,0,0,41.880986,-87.63307,Census Tract 8391
5256,5256,20097,70006528,10000,-1,1,IL,USA,17,31,390600,0,1,41.806018,-87.59435,Census Tract 3906
5257,5257,20098,70006528,20002,2,2,IL,USA,17,31,836200,0,0,41.790469,-87.601285,Census Tract 8362
5258,5258,20099,70006528,30003,3,3,IL,USA,17,31,420400,0,0,41.78317,-87.603558,Census Tract 4204
5263,5263,20119,70006541,10000,-1,1,IL,USA,17,31,839600,0,1,41.827443,-87.619249,Census Tract 8396
5264,5264,20120,70006541,20002,2,2,IL,USA,17,31,839100,0,0,41.880986,-87.63307,Census Tract 8391
5265,5265,20121,70006541,20003,2,3,IL,USA,17,31,320400,0,0,41.875817,-87.617256,Census Tract 3204
5276,5276,20165,70006550,10000,-1,1,IL,USA,17,31,843700,0,1,41.94556,-87.690034,Census Tract 8437
5277,5277,20166,70006550,20002,2,2,IL,USA,17,31,320100,0,0,41.886447,-87.619467,Census Tract 3201
5278,5278,20174,70006551,10000,-1,1,IL,USA,17,31,60900,0,1,41.951517,-87.641778,Census Tract 609
5279,5279,20175,70006551,10002,1,2,IL,USA,17,31,81700,0,0,41.892218,-87.631832,Census Tract 817
5284,5284,20193,70006559,10000,-1,1,IL,USA,17,31,10502,0,1,42.004517,-87.663327,Census Tract 105.02
5285,5285,20194,70006559,10002,1,2,IL,USA,17,31,839100,0,0,41.880986,-87.63307,Census Tract 8391
5290,5290,20200,70006564,10000,-1,1,IL,USA,17,31,61901,0,1,41.943244,-87.643458,Census Tract 619.01
5291,5291,20201,70006564,10002,1,2,IL,USA,17,31,320400,0,0,41.875817,-87.617256,Census Tract 3204
5292,5292,20206,70006568,10000,-1,1,IL,USA,17,31,71700,0,1,41.912867,-87.641072,Census Tract 717
5293,5293,20207,70006568,10002,1,2,IL,USA,17,31,839100,0,0,41.880986,-87.63307,Census Tract 8391
5294,5294,20208,70006568,30003,3,3,IL,USA,17,31,833300,0,0,41.871694,-87.654124,Census Tract 8333
5295,5295,20209,70006568,40003,4,3,IL,USA,17,31,71200,0,0,41.921855,-87.646211,Census Tract 712
5316,5316,20243,70006586,10000,-1,1,IL,USA,17,31,100200,0,1,41.995658,-87.794314,Census Tract 1002
5317,5317,20244,70006586,10002,1,2,IL,USA,17,31,120200,0,0,41.994532,-87.757611,Census Tract 1202
5318,5318,20245,70006586,10003,1,3,IL,USA,17,31,320600,0,0,41.870554,-87.616596,Census Tract 3206
5326,5326,20278,70006593,10000,-1,1,IL,USA,17,31,120200,0,1,41.994532,-87.757611,Census Tract 1202
5327,5327,20279,70006593,10002,1,2,IL,USA,17,31,839100,0,0,41.880986,-87.63307,Census Tract 8391
5328,5328,20280,70006593,30003,3,3,IL,USA,17,31,120200,0,0,41.994532,-87.757611,Census Tract 1202
5329,5329,20281,70006593,40003,4,3,IL,USA,17,31,120200,0,0,41.994532,-87.757611,Census Tract 1202
5349,5349,20331,70006605,10000,-1,1,IL,USA,17,31,242600,0,1,41.90056,-87.694197,Census Tract 2426
5350,5350,20332,70006605,10002,1,2,IL,USA,17,31,839100,0,0,41.880986,-87.63307,Census Tract 8391
5351,5351,20337,70006606,10000,-1,1,IL,USA,17,31,831900,0,1,41.945169,-87.668791,Census Tract 8319
5352,5352,20338,70006606,10002,1,2,IL,USA,17,31,81402,0,0,41.891022,-87.612931,Census Tract 814.02
5353,5353,20339,70006606,20002,2,2,IL,USA,17,31,839100,0,0,41.880986,-87.63307,Census Tract 8391
5358,5358,20365,70006611,10000,-1,1,IL,USA,17,31,491300,0,1,41.688897,-87.627804,Census Tract 4913
5359,5359,20366,70006611,20003,2,3,IL,USA,17,31,491000,0,0,41.699762,-87.628054,Census Tract 4910
5363,5363,20373,70006613,10000,-1,1,IL,USA,17,31,430101,0,1,41.769853,-87.573953,Census Tract 4301.01
5364,5364,20374,70006613,10002,1,2,IL,USA,17,31,843200,0,0,41.848715,-87.664217,Census Tract 8432
5365,5365,20375,70006613,30003,3,3,IL,USA,17,31,241400,0,0,41.906031,-87.675314,Census Tract 2414
5366,5366,20376,70006613,40003,4,3,IL,USA,17,31,410600,0,0,41.797969,-87.598942,Census Tract 4106
5379,5379,20413,70006621,10000,-1,1,IL,USA,17,31,491400,0,1,41.689123,-87.616822,Census Tract 4914
5380,5380,20414,70006621,10003,1,3,IL,USA,17,31,10400,0,0,42.006411,-87.658816,Census Tract 104
5381,5381,20415,70006621,20002,2,2,IL,USA,17,31,839100,0,0,41.880986,-87.63307,Census Tract 8391
5382,5382,20416,70006621,30003,3,3,IL,USA,17,31,500300,0,0,41.689315,-87.60537,Census Tract 5003
5383,5383,20419,70006624,10000,-1,1,IL,USA,17,31,220602,0,1,41.929327,-87.711981,Census Tract 2206.02
5384,5384,20420,70006624,10002,1,2,IL,USA,17,31,81201,0,0,41.899154,-87.626212,Census Tract 812.01
5385,5385,20421,70006624,10003,1,3,IL,USA,17,31,81201,0,0,41.899154,-87.626212,Census Tract 812.01
5386,5386,20427,70006631,10000,-1,1,IL,USA,17,31,62800,0,1,41.936159,-87.661265,Census Tract 628
5387,5387,20428,70006631,20002,2,2,IL,USA,17,31,839100,0,0,41.880986,-87.63307,Census Tract 8391
5388,5388,20434,70006632,10000,-1,1,IL,USA,17,31,10502,0,1,42.004517,-87.663327,Census Tract 105.02
5389,5389,20435,70006632,10002,1,2,IL,USA,17,31,80202,0,0,41.905859,-87.630901,Census Tract 802.02
5393,5393,20442,70006635,10000,-1,1,IL,USA,17,31,10100,0,1,42.021256,-87.669832,Census Tract 101
5394,5394,20443,70006635,20002,2,2,IL,USA,17,31,839100,0,0,41.880986,-87.63307,Census Tract 8391
5399,5399,20479,70006643,10000,-1,1,IL,USA,17,31,71000,0,1,41.921701,-87.655911,Census Tract 710
5400,5400,20480,70006643,10003,1,3,IL,USA,17,31,81403,0,0,41.892991,-87.620956,Census Tract 814.03
5401,5401,20494,70006644,10000,-1,1,IL,USA,17,31,310600,0,1,41.856333,-87.659564,Census Tract 3106
5402,5402,20495,70006644,10002,1,2,IL,USA,17,31,280100,0,0,41.885452,-87.643498,Census Tract 2801
5416,5416,20551,70006657,10000,-1,1,IL,USA,17,31,110300,0,1,41.975291,-87.783235,Census Tract 1103
5417,5417,20552,70006657,10002,1,2,IL,USA,17,31,281900,0,0,41.878635,-87.642924,Census Tract 2819
5418,5418,20553,70006657,20003,2,3,IL,USA,17,31,100100,0,0,41.989584,-87.783014,Census Tract 1001
5419,5419,20597,70006661,10000,-1,1,IL,USA,17,31,836600,0,1,41.898697,-87.708806,Census Tract 8366
5420,5420,20598,70006661,10002,1,2,IL,USA,17,31,171100,0,0,41.942053,-87.781286,Census Tract 1711
5421,5421,20605,70006662,10000,-1,1,IL,USA,17,31,241500,0,1,41.908374,-87.67093,Census Tract 2415
5422,5422,20606,70006662,10002,1,2,IL,USA,17,31,836700,0,0,41.891704,-87.702175,Census Tract 8367
5423,5423,20607,70006662,20002,2,2,IL,USA,17,31,81500,0,0,41.892906,-87.626079,Census Tract 815
5424,5424,20615,70006665,10000,-1,1,IL,USA,17,31,831700,0,1,41.952651,-87.745255,Census Tract 8317
5425,5425,20616,70006665,10002,1,2,IL,USA,17,31,838200,0,0,41.870416,-87.675079,Census Tract 8382
5426,5426,20617,70006665,20002,2,2,IL,USA,17,31,839100,0,0,41.880986,-87.63307,Census Tract 8391
5436,5436,20645,70006674,10000,-1,1,IL,USA,17,31,80100,0,1,41.907549,-87.62679,Census Tract 801
5437,5437,20646,70006674,10002,1,2,IL,USA,17,31,320100,0,0,41.886447,-87.619467,Census Tract 3201
5438,5438,20648,70006676,10000,-1,1,IL,USA,17,31,60900,0,1,41.951517,-87.641778,Census Tract 609
5439,5439,20649,70006676,10002,1,2,IL,USA,17,31,320100,0,0,41.886447,-87.619467,Census Tract 3201
5466,5466,20767,70006711,10000,-1,1,IL,USA,17,31,30500,0,1,41.987226,-87.664936,Census Tract 305
5467,5467,20768,70006711,10002,1,2,IL,USA,17,31,81401,0,0,41.895035,-87.619717,Census Tract 814.01
5468,5468,20769,70006711,20002,2,2,IL,USA,17,31,81700,0,0,41.892218,-87.631832,Census Tract 817
5469,5469,20775,70006712,10000,-1,1,IL,USA,17,31,221200,0,1,41.921083,-87.70465,Census Tract 2212
5470,5470,20776,70006712,10002,1,2,IL,USA,17,31,837000,0,0,41.878323,-87.698674,Census Tract 8370
5471,5471,20777,70006712,20002,2,2,IL,USA,17,31,81500,0,0,41.892906,-87.626079,Census Tract 815
5478,5478,20835,70006717,10000,-1,1,IL,USA,17,31,31501,0,1,41.967289,-87.652434,Census Tract 315.01
5479,5479,20836,70006717,10002,1,2,IL,USA,17,31,839100,0,0,41.880986,-87.63307,Census Tract 8391
5492,5492,20874,70006731,10000,-1,1,IL,USA,17,31,10501,0,1,42.009412,-87.663958,Census Tract 105.01
5493,5493,20875,70006731,10002,1,2,IL,USA,17,31,80100,0,0,41.907549,-87.62679,Census Tract 801
5494,5494,20891,70006732,10000,-1,1,IL,USA,17,31,400300,0,1,41.789754,-87.611273,Census Tract 4003
5495,5495,20892,70006732,10002,1,2,IL,USA,17,31,320100,0,0,41.886447,-87.619467,Census Tract 3201
5496,5496,20893,70006732,30002,3,2,IL,USA,17,31,400300,0,0,41.789754,-87.611273,Census Tract 4003
5497,5497,20894,70006732,30003,3,3,IL,USA,17,31,81800,0,0,41.893324,-87.63919,Census Tract 818
5512,5512,20961,70006751,10000,-1,1,IL,USA,17,31,110300,0,1,41.975291,-87.783235,Census Tract 1103
5513,5513,20962,70006751,10002,1,2,IL,USA,17,31,280100,0,0,41.885452,-87.643498,Census Tract 2801
5523,5523,21011,70006757,10000,-1,1,IL,USA,17,31,320100,0,1,41.886447,-87.619467,Census Tract 3201
5524,5524,21012,70006757,10002,1,2,IL,USA,17,31,839100,0,0,41.880986,-87.63307,Census Tract 8391
5525,5525,21014,70006758,10000,-1,1,IL,USA,17,31,81800,0,1,41.893324,-87.63919,Census Tract 818
5526,5526,21015,70006758,10002,1,2,IL,USA,17,31,839100,0,0,41.880986,-87.63307,Census Tract 8391
5527,5527,21016,70006758,20002,2,2,IL,USA,17,31,81700,0,0,41.892218,-87.631832,Census Tract 817
5531,5531,21025,70006766,10000,-1,1,IL,USA,17,31,63301,0,1,41.934541,-87.643024,Census Tract 633.01
5532,5532,21026,70006766,10002,1,2,IL,USA,17,31,839100,0,0,41.880986,-87.63307,Census Tract 8391
5544,5544,21050,70006771,10000,-1,1,IL,USA,17,31,833000,0,1,41.885286,-87.657249,Census Tract 8330
5545,5545,21051,70006771,20002,2,2,IL,USA,17,31,222200,0,0,41.91591,-87.683826,Census Tract 2222
5546,5546,21057,70006772,10000,-1,1,IL,USA,17,31,71500,0,1,41.914242,-87.625092,Census Tract 715
5547,5547,21058,70006772,10002,1,2,IL,USA,17,31,81700,0,0,41.892218,-87.631832,Census Tract 817
5548,5548,21075,70006778,10000,-1,1,IL,USA,17,31,31300,0,1,41.973765,-87.64653,Census Tract 313
5549,5549,21076,70006778,10002,1,2,IL,USA,17,31,410800,0,0,41.797961,-87.589625,Census Tract 4108
5552,5552,21087,70006783,10000,-1,1,IL,USA,17,31,280100,0,1,41.885452,-87.643498,Census Tract 2801
5553,5553,21088,70006783,10002,1,2,IL,USA,17,31,330100,0,0,41.859295,-87.615523,Census Tract 3301
5554,5554,21094,70006785,10000,-1,1,IL,USA,17,31,61902,0,1,41.946698,-87.639064,Census Tract 619.02
5555,5555,21095,70006785,10002,1,2,IL,USA,17,31,839100,0,0,41.880986,-87.63307,Census Tract 8391
5560,5560,21111,70006792,10000,-1,1,IL,USA,17,31,720100,0,1,41.727616,-87.674736,Census Tract 7201
5561,5561,21112,70006792,10002,1,2,IL,USA,17,31,320400,0,0,41.875817,-87.617256,Census Tract 3204
5562,5562,21113,70006792,20002,2,2,IL,USA,17,31,839000,0,0,41.869903,-87.631213,Census Tract 8390
5563,5563,21114,70006792,30003,3,3,IL,USA,17,31,720200,0,0,41.713042,-87.666054,Census Tract 7202
5569,5569,21142,70006797,10000,-1,1,IL,USA,17,31,160200,0,1,41.958794,-87.7384,Census Tract 1602
5570,5570,21143,70006797,10002,1,2,IL,USA,17,31,839100,0,0,41.880986,-87.63307,Census Tract 8391
5571,5571,21144,70006797,10003,1,3,IL,USA,17,31,170100,0,0,41.95586,-87.794817,Census Tract 1701
5572,5572,21145,70006799,10000,-1,1,IL,USA,17,31,30703,0,1,41.978875,-87.657871,Census Tract 307.03
5573,5573,21146,70006799,10002,1,2,IL,USA,17,31,281900,0,0,41.878635,-87.642924,Census Tract 2819
5574,5574,21154,70006804,10000,-1,1,IL,USA,17,31,30701,0,1,41.982745,-87.657966,Census Tract 307.01
5575,5575,21155,70006804,10002,1,2,IL,USA,17,31,833100,0,0,41.879078,-87.657046,Census Tract 8331
5580,5580,21180,70006809,10000,-1,1,IL,USA,17,31,40201,0,1,41.97258,-87.694,Census Tract 402.01
5581,5581,21181,70006809,10002,1,2,IL,USA,17,31,71100,0,0,41.921778,-87.651061,Census Tract 711
5582,5582,21183,70006810,10000,-1,1,IL,USA,17,31,630900,0,1,41.789811,-87.708366,Census Tract 6309
5583,5583,21184,70006810,10002,1,2,IL,USA,17,31,71200,0,0,41.921855,-87.646211,Census Tract 712
5584,5584,21185,70006810,20002,2,2,IL,USA,17,31,842600,0,0,41.816219,-87.651695,Census Tract 8426
5585,5585,21186,70006810,30002,3,2,IL,USA,17,31,283800,0,0,41.863417,-87.653755,Census Tract 2838
5586,5586,21187,70006811,10000,-1,1,IL,USA,17,31,81403,0,1,41.892991,-87.620956,Census Tract 814.03
5587,5587,21188,70006811,20002,2,2,IL,USA,17,31,81500,0,0,41.892906,-87.626079,Census Tract 815
5588,5588,21192,70006812,10000,-1,1,IL,USA,17,31,833100,0,1,41.879078,-87.657046,Census Tract 8331
5589,5589,21193,70006812,10002,1,2,IL,USA,17,31,310700,0,0,41.85599,-87.664906,Census Tract 3107
5594,5594,21207,70006816,10000,-1,1,IL,USA,17,31,140702,0,1,41.963548,-87.713575,Census Tract 1407.02
5595,5595,21208,70006816,10002,1,2,IL,USA,17,31,70200,0,0,41.929078,-87.646293,Census Tract 702
5599,5599,21217,70006818,10000,-1,1,IL,USA,17,31,242200,0,1,41.899589,-87.674719,Census Tract 2422
5600,5600,21218,70006818,10002,1,2,IL,USA,17,31,839100,0,0,41.880986,-87.63307,Census Tract 8391
5601,5601,21255,70006819,10000,-1,1,IL,USA,17,31,221300,0,1,41.921126,-87.699754,Census Tract 2213
5602,5602,21256,70006819,10002,1,2,IL,USA,17,31,839100,0,0,41.880986,-87.63307,Census Tract 8391
5603,5603,21257,70006821,10000,-1,1,IL,USA,17,31,220602,0,1,41.929327,-87.711981,Census Tract 2206.02
5604,5604,21258,70006821,10002,1,2,IL,USA,17,31,320400,0,0,41.875817,-87.617256,Census Tract 3204
5605,5605,21259,70006821,20002,2,2,IL,USA,17,31,839100,0,0,41.880986,-87.63307,Census Tract 8391
5606,5606,21260,70006821,30002,3,2,IL,USA,17,31,320400,0,0,41.875817,-87.617256,Census Tract 3204
5607,5607,21261,70006821,30003,3,3,IL,USA,17,31,839000,0,0,41.869903,-87.631213,Census Tract 8390
5608,5608,21262,70006821,40003,4,3,IL,USA,17,31,221400,0,0,41.920801,-87.694532,Census Tract 2214
5609,5609,21263,70006821,50003,5,3,IL,USA,17,31,221400,0,0,41.920801,-87.694532,Census Tract 2214
5619,5619,21293,70006829,10000,-1,1,IL,USA,17,31,837100,0,1,41.885674,-87.69872,Census Tract 8371
5620,5620,21294,70006829,10002,1,2,IL,USA,17,31,320100,0,0,41.886447,-87.619467,Census Tract 3201
5621,5621,21295,70006829,20002,2,2,IL,USA,17,31,839100,0,0,41.880986,-87.63307,Census Tract 8391
5622,5622,21298,70006830,10000,-1,1,IL,USA,17,31,610800,0,1,41.812708,-87.638408,Census Tract 6108
5623,5623,21299,70006830,20002,2,2,IL,USA,17,31,836200,0,0,41.790469,-87.601285,Census Tract 8362
5635,5635,21327,70006835,10000,-1,1,IL,USA,17,31,63200,0,1,41.938923,-87.634673,Census Tract 632
5636,5636,21328,70006835,10002,1,2,IL,USA,17,31,842300,0,0,41.908386,-87.660086,Census Tract 8423
5637,5637,21330,70006836,10000,-1,1,IL,USA,17,31,500100,0,1,41.714683,-87.595025,Census Tract 5001
5638,5638,21331,70006836,10002,1,2,IL,USA,17,31,330100,0,0,41.859295,-87.615523,Census Tract 3301
5647,5647,21352,70006847,10000,-1,1,IL,USA,17,31,190300,0,1,41.934986,-87.761464,Census Tract 1903
5648,5648,21353,70006847,10002,1,2,IL,USA,17,31,831600,0,0,41.92561,-87.797615,Census Tract 8316
5659,5659,21376,70006858,10000,-1,1,IL,USA,17,31,40600,0,1,41.966834,-87.684018,Census Tract 406
5660,5660,21377,70006858,10002,1,2,IL,USA,17,31,81800,0,0,41.893324,-87.63919,Census Tract 818
5661,5661,21378,70006858,20002,2,2,IL,USA,17,31,281900,0,0,41.878635,-87.642924,Census Tract 2819
5662,5662,21382,70006859,10000,-1,1,IL,USA,17,31,20602,0,1,42.001316,-87.693637,Census Tract 206.02
5663,5663,21383,70006859,10002,1,2,IL,USA,17,31,280100,0,0,41.885452,-87.643498,Census Tract 2801
5669,5669,21402,70006868,10000,-1,1,IL,USA,17,31,30706,0,1,41.980415,-87.650916,Census Tract 307.06
5670,5670,21403,70006868,10002,1,2,IL,USA,17,31,30701,0,0,41.982745,-87.657966,Census Tract 307.01
5671,5671,21404,70006868,20002,2,2,IL,USA,17,31,81800,0,0,41.893324,-87.63919,Census Tract 818
5685,5685,21427,70006880,10000,-1,1,IL,USA,17,31,221200,0,1,41.921083,-87.70465,Census Tract 2212
5686,5686,21428,70006880,10002,1,2,IL,USA,17,31,838200,0,0,41.870416,-87.675079,Census Tract 8382
5691,5691,21456,70006888,10000,-1,1,IL,USA,17,31,62000,0,1,41.942577,-87.647079,Census Tract 620
5692,5692,21457,70006888,10002,1,2,IL,USA,17,31,839100,0,0,41.880986,-87.63307,Census Tract 8391
5697,5697,21491,70006892,10000,-1,1,IL,USA,17,31,330200,0,1,41.865578,-87.630568,Census Tract 3302
5698,5698,21492,70006892,10002,1,2,IL,USA,17,31,330100,0,0,41.859295,-87.615523,Census Tract 3301
5699,5699,21493,70006892,20002,2,2,IL,USA,17,31,839100,0,0,41.880986,-87.63307,Census Tract 8391
5700,5700,21494,70006892,30002,3,2,IL,USA,17,31,833100,0,0,41.879078,-87.657046,Census Tract 8331
5701,5701,21496,70006893,10000,-1,1,IL,USA,17,31,833100,0,1,41.879078,-87.657046,Census Tract 8331
5702,5702,21497,70006893,10002,1,2,IL,USA,17,31,839100,0,0,41.880986,-87.63307,Census Tract 8391
5703,5703,21498,70006899,10000,-1,1,IL,USA,17,31,220500,0,1,41.928396,-87.704911,Census Tract 2205
5704,5704,21499,70006899,10002,1,2,IL,USA,17,31,330100,0,0,41.859295,-87.615523,Census Tract 3301
5718,5718,21545,70006923,10000,-1,1,IL,USA,17,31,833300,0,1,41.871694,-87.654124,Census Tract 8333
5719,5719,21546,70006923,10002,1,2,IL,USA,17,31,81700,0,0,41.892218,-87.631832,Census Tract 817
5724,5724,21560,70006925,10000,-1,1,IL,USA,17,31,70200,0,1,41.929078,-87.646293,Census Tract 702
5725,5725,21561,70006925,10002,1,2,IL,USA,17,31,81800,0,0,41.893324,-87.63919,Census Tract 818
5726,5726,21562,70006925,20002,2,2,IL,USA,17,31,839100,0,0,41.880986,-87.63307,Census Tract 8391
5727,5727,21564,70006928,10000,-1,1,IL,USA,17,31,81000,0,1,41.900266,-87.632109,Census Tract 810
5728,5728,21565,70006928,10002,1,2,IL,USA,17,31,81500,0,0,41.892906,-87.626079,Census Tract 815
5729,5729,21566,70006928,20002,2,2,IL,USA,17,31,839100,0,0,41.880986,-87.63307,Census Tract 8391
5730,5730,21567,70006928,20003,2,3,IL,USA,17,31,841900,0,0,41.868458,-87.642965,Census Tract 8419
5739,5739,21593,70006932,10000,-1,1,IL,USA,17,31,160602,0,1,41.956681,-87.700464,Census Tract 1606.02
5740,5740,21594,70006932,10002,1,2,IL,USA,17,31,280100,0,0,41.885452,-87.643498,Census Tract 2801
5741,5741,21595,70006933,10000,-1,1,IL,USA,17,31,63200,0,1,41.938923,-87.634673,Census Tract 632
5742,5742,21596,70006933,10002,1,2,IL,USA,17,31,839100,0,0,41.880986,-87.63307,Census Tract 8391
5746,5746,21623,70006939,10000,-1,1,IL,USA,17,31,30706,0,1,41.980415,-87.650916,Census Tract 307.06
5747,5747,21624,70006939,10002,1,2,IL,USA,17,31,280100,0,0,41.885452,-87.643498,Census Tract 2801
5748,5748,21625,70006939,10003,1,3,IL,USA,17,31,842000,0,0,41.83496,-87.62517,Census Tract 8420
5749,5749,21626,70006939,20002,2,2,IL,USA,17,31,980000,0,0,41.979419,-87.902438,Census Tract 9800
5750,5750,21627,70006939,20003,2,3,IL,USA,17,31,30706,0,0,41.980415,-87.650916,Census Tract 307.06
5751,5751,21632,70006940,10000,-1,1,IL,USA,17,31,241400,0,1,41.906031,-87.675314,Census Tract 2414
5752,5752,21633,70006940,10002,1,2,IL,USA,17,31,320400,0,0,41.875817,-87.617256,Census Tract 3204
5753,5753,21634,70006947,10000,-1,1,IL,USA,17,31,110502,0,1,41.970286,-87.759852,Census Tract 1105.02
5754,5754,21635,70006947,10002,1,2,IL,USA,17,31,81500,0,0,41.892906,-87.626079,Census Tract 815
5755,5755,21661,70006963,10000,-1,1,IL,USA,17,31,222600,0,1,41.915639,-87.70448,Census Tract 2226
5756,5756,21662,70006963,20002,2,2,IL,USA,17,31,280100,0,0,41.885452,-87.643498,Census Tract 2801
5763,5763,21679,70006975,10000,-1,1,IL,USA,17,31,81800,0,1,41.893324,-87.63919,Census Tract 818
5764,5764,21680,70006975,10002,1,2,IL,USA,17,31,320100,0,0,41.886447,-87.619467,Census Tract 3201
5765,5765,21681,70006975,20002,2,2,IL,USA,17,31,839100,0,0,41.880986,-87.63307,Census Tract 8391
5768,5768,21690,70006985,10000,-1,1,IL,USA,17,31,10300,0,1,42.015941,-87.666535,Census Tract 103
5769,5769,21691,70006985,10002,1,2,IL,USA,17,31,10201,0,0,42.016008,-87.680148,Census Tract 102.01
5784,5784,21722,70007000,10000,-1,1,IL,USA,17,31,80201,0,1,41.909498,-87.631005,Census Tract 802.01
5785,5785,21723,70007000,10002,1,2,IL,USA,17,31,81700,0,0,41.892218,-87.631832,Census Tract 817
5786,5786,21724,70007000,20002,2,2,IL,USA,17,31,839100,0,0,41.880986,-87.63307,Census Tract 8391
5794,5794,21775,70007009,10000,-1,1,IL,USA,17,31,10702,0,1,42.00902,-87.672726,Census Tract 107.02
5795,5795,21776,70007009,10002,1,2,IL,USA,17,31,242400,0,0,41.899422,-87.68449,Census Tract 2424
5796,5796,21777,70007009,20002,2,2,IL,USA,17,31,20602,0,0,42.001316,-87.693637,Census Tract 206.02
5829,5829,21852,70007053,10000,-1,1,IL,USA,17,31,31400,0,1,41.958448,-87.64241,Census Tract 314
5830,5830,21853,70007053,10002,1,2,IL,USA,17,31,320600,0,0,41.870554,-87.616596,Census Tract 3206
5831,5831,21854,70007053,20002,2,2,IL,USA,17,31,281900,0,0,41.878635,-87.642924,Census Tract 2819
5837,5837,21871,70007062,10000,-1,1,IL,USA,17,31,81900,0,1,41.89799,-87.641487,Census Tract 819
5838,5838,21872,70007062,10002,1,2,IL,USA,17,31,81700,0,0,41.892218,-87.631832,Census Tract 817
5839,5839,21874,70007065,10000,-1,1,IL,USA,17,31,40700,0,1,41.967431,-87.694068,Census Tract 407
5840,5840,21875,70007065,10002,1,2,IL,USA,17,31,980000,0,0,41.979419,-87.902438,Census Tract 9800
5841,5841,21876,70007065,20002,2,2,IL,USA,17,31,839100,0,0,41.880986,-87.63307,Census Tract 8391
5846,5846,21889,70007067,10000,-1,1,IL,USA,17,31,210501,0,1,41.937401,-87.72233,Census Tract 2105.01
5847,5847,21890,70007067,10002,1,2,IL,USA,17,31,838200,0,0,41.870416,-87.675079,Census Tract 8382
5848,5848,21908,70007068,10000,-1,1,IL,USA,17,31,830700,0,1,41.958304,-87.660765,Census Tract 8307
5849,5849,21909,70007068,10002,1,2,IL,USA,17,31,320100,0,0,41.886447,-87.619467,Census Tract 3201
5850,5850,21910,70007068,20002,2,2,IL,USA,17,31,81500,0,0,41.892906,-87.626079,Census Tract 815
5856,5856,21919,70007076,10000,-1,1,IL,USA,17,31,31501,0,1,41.967289,-87.652434,Census Tract 315.01
5857,5857,21920,70007076,10002,1,2,IL,USA,17,31,81300,0,0,41.898335,-87.620753,Census Tract 813
5867,5867,21948,70007089,10000,-1,1,IL,USA,17,31,63303,0,1,41.934731,-87.634661,Census Tract 633.03
5868,5868,21949,70007089,10002,1,2,IL,USA,17,31,420300,0,0,41.783224,-87.598697,Census Tract 4203
5869,5869,21952,70007095,10000,-1,1,IL,USA,17,31,31300,0,1,41.973765,-87.64653,Census Tract 313
5870,5870,21953,70007095,10002,1,2,IL,USA,17,31,831100,0,0,41.942856,-87.717496,Census Tract 8311
5871,5871,21955,70007101,10000,-1,1,IL,USA,17,31,81000,0,1,41.900266,-87.632109,Census Tract 810
5872,5872,21956,70007101,10003,1,3,IL,USA,17,31,81000,0,0,41.900266,-87.632109,Census Tract 810
5873,5873,21959,70007101,20002,2,2,IL,USA,17,31,81000,0,0,41.900266,-87.632109,Census Tract 810
5874,5874,21960,70007101,20003,2,3,IL,USA,17,31,81000,0,0,41.900266,-87.632109,Census Tract 810
5875,5875,21961,70007101,30003,3,3,IL,USA,17,31,81000,0,0,41.900266,-87.632109,Census Tract 810
5889,5889,21991,70007118,10000,-1,1,IL,USA,17,31,832100,0,1,41.952821,-87.653241,Census Tract 8321
5890,5890,21992,70007118,10002,1,2,IL,USA,17,31,839100,0,0,41.880986,-87.63307,Census Tract 8391
5894,5894,22016,70007126,10000,-1,1,IL,USA,17,31,61901,0,1,41.943244,-87.643458,Census Tract 619.01
5895,5895,22017,70007126,10003,1,3,IL,USA,17,31,838200,0,0,41.870416,-87.675079,Census Tract 8382
5902,5902,22029,70007133,10000,-1,1,IL,USA,17,31,70300,0,1,41.929046,-87.65131,Census Tract 703
5903,5903,22030,70007133,10002,1,2,IL,USA,17,31,839100,0,0,41.880986,-87.63307,Census Tract 8391
5904,5904,22036,70007138,10000,-1,1,IL,USA,17,31,831700,0,1,41.952651,-87.745255,Census Tract 8317
5905,5905,22037,70007138,10002,1,2,IL,USA,17,31,760801,0,0,41.983487,-87.84485,Census Tract 7608.01
5906,5906,22038,70007138,20002,2,2,IL,USA,17,31,839100,0,0,41.880986,-87.63307,Census Tract 8391
5907,5907,22041,70007140,10000,-1,1,IL,USA,17,31,838300,0,1,41.901566,-87.638404,Census Tract 8383
5908,5908,22042,70007140,10002,1,2,IL,USA,17,31,280100,0,0,41.885452,-87.643498,Census Tract 2801
5909,5909,22046,70007141,10000,-1,1,IL,USA,17,31,282800,0,1,41.870268,-87.684914,Census Tract 2828
5910,5910,22047,70007141,10002,1,2,IL,USA,17,31,280100,0,0,41.885452,-87.643498,Census Tract 2801
5911,5911,22048,70007141,20002,2,2,IL,USA,17,31,839100,0,0,41.880986,-87.63307,Census Tract 8391
5920,5920,22079,70007150,10000,-1,1,IL,USA,17,31,842300,0,1,41.908386,-87.660086,Census Tract 8423
5921,5921,22080,70007150,10003,1,3,IL,USA,17,31,838200,0,0,41.870416,-87.675079,Census Tract 8382
5922,5922,22081,70007150,20002,2,2,IL,USA,17,31,281900,0,0,41.878635,-87.642924,Census Tract 2819
5930,5930,22101,70007157,10000,-1,1,IL,USA,17,31,110502,0,1,41.970286,-87.759852,Census Tract 1105.02
5931,5931,22102,70007157,10002,1,2,IL,USA,17,31,760801,0,0,41.983487,-87.84485,Census Tract 7608.01
5932,5932,22105,70007166,10000,-1,1,IL,USA,17,31,210900,0,1,41.934837,-87.693118,Census Tract 2109
5933,5933,22106,70007166,10002,1,2,IL,USA,17,31,30800,0,0,41.979912,-87.664188,Census Tract 308
5934,5934,22110,70007168,10000,-1,1,IL,USA,17,31,62800,0,1,41.936159,-87.661265,Census Tract 628
5935,5935,22111,70007168,10002,1,2,IL,USA,17,31,81401,0,0,41.895035,-87.619717,Census Tract 814.01
5936,5936,22112,70007168,30003,3,3,IL,USA,17,31,842200,0,0,41.904728,-87.64922,Census Tract 8422
5937,5937,22132,70007176,10000,-1,1,IL,USA,17,31,221300,0,1,41.921126,-87.699754,Census Tract 2213
5938,5938,22133,70007176,10002,1,2,IL,USA,17,31,832100,0,0,41.952821,-87.653241,Census Tract 8321
5939,5939,22134,70007176,20002,2,2,IL,USA,17,31,837100,0,0,41.885674,-87.69872,Census Tract 8371
5945,5945,22160,70007183,10000,-1,1,IL,USA,17,31,390500,0,1,41.805978,-87.599199,Census Tract 3905
5946,5946,22161,70007183,10002,1,2,IL,USA,17,31,839900,0,0,41.827346,-87.648454,Census Tract 8399
5947,5947,22162,70007183,20002,2,2,IL,USA,17,31,81600,0,0,41.892057,-87.628871,Census Tract 816
5952,5952,22174,70007186,10000,-1,1,IL,USA,17,31,80202,0,1,41.905859,-87.630901,Census Tract 802.02
5953,5953,22175,70007186,10002,1,2,IL,USA,17,31,81800,0,0,41.893324,-87.63919,Census Tract 818
5958,5958,22183,70007200,10000,-1,1,IL,USA,17,31,350100,0,1,41.840259,-87.607949,Census Tract 3501
5959,5959,22184,70007200,10002,1,2,IL,USA,17,31,280100,0,0,41.885452,-87.643498,Census Tract 2801
5963,5963,22188,70007205,10000,-1,1,IL,USA,17,31,140302,0,1,41.972548,-87.723789,Census Tract 1403.02
5964,5964,22189,70007205,10002,1,2,IL,USA,17,31,280100,0,0,41.885452,-87.643498,Census Tract 2801
5965,5965,22190,70007205,20002,2,2,IL,USA,17,31,260100,0,0,41.884371,-87.72333,Census Tract 2601
5966,5966,22191,70007205,30003,3,3,IL,USA,17,31,20801,0,0,41.986808,-87.694415,Census Tract 208.01
5967,5967,22192,70007205,40003,4,3,IL,USA,17,31,130200,0,0,41.981838,-87.737573,Census Tract 1302
5981,5981,22259,70007222,10000,-1,1,IL,USA,17,31,140200,0,1,41.970695,-87.713004,Census Tract 1402
5982,5982,22260,70007222,10002,1,2,IL,USA,17,31,839100,0,0,41.880986,-87.63307,Census Tract 8391
5983,5983,22261,70007222,20002,2,2,IL,USA,17,31,60200,0,0,41.957904,-87.671517,Census Tract 602
5984,5984,22262,70007222,30003,3,3,IL,USA,17,31,831800,0,0,41.978233,-87.716453,Census Tract 8318
5987,5987,22281,70007233,10000,-1,1,IL,USA,17,31,61800,0,1,41.94649,-87.647115,Census Tract 618
5988,5988,22282,70007233,20002,2,2,IL,USA,17,31,63303,0,0,41.934731,-87.634661,Census Tract 633.03
6003,6003,22352,70007243,10000,-1,1,IL,USA,17,31,220602,0,1,41.929327,-87.711981,Census Tract 2206.02
6004,6004,22353,70007243,10002,1,2,IL,USA,17,31,281900,0,0,41.878635,-87.642924,Census Tract 2819
6012,6012,22370,70007251,10000,-1,1,IL,USA,17,31,100500,0,1,41.97806,-87.819734,Census Tract 1005
6013,6013,22371,70007251,10002,1,2,IL,USA,17,31,839100,0,0,41.880986,-87.63307,Census Tract 8391
6014,6014,22374,70007252,10000,-1,1,IL,USA,17,31,831800,0,1,41.978233,-87.716453,Census Tract 8318
6015,6015,22375,70007252,10003,1,3,IL,USA,17,31,320400,0,0,41.875817,-87.617256,Census Tract 3204
6034,6034,22430,70007275,10000,-1,1,IL,USA,17,31,31700,0,1,41.965447,-87.663195,Census Tract 317
6035,6035,22431,70007275,10003,1,3,IL,USA,17,31,71500,0,0,41.914242,-87.625092,Census Tract 715
6036,6036,22438,70007276,10000,-1,1,IL,USA,17,31,720100,0,1,41.727616,-87.674736,Census Tract 7201
6037,6037,22439,70007276,20002,2,2,IL,USA,17,31,550200,0,0,41.655097,-87.564827,Census Tract 5502
6053,6053,22495,70007298,10000,-1,1,IL,USA,17,31,833100,0,1,41.879078,-87.657046,Census Tract 8331
6054,6054,22496,70007298,10002,1,2,IL,USA,17,31,110502,0,0,41.970286,-87.759852,Census Tract 1105.02
6058,6058,22515,70007304,10000,-1,1,IL,USA,17,31,310900,0,1,41.855772,-87.674674,Census Tract 3109
6059,6059,22516,70007304,10003,1,3,IL,USA,17,31,838100,0,0,41.878667,-87.671689,Census Tract 8381
6060,6060,22517,70007304,20002,2,2,IL,USA,17,31,838000,0,0,41.877367,-87.680652,Census Tract 8380
6061,6061,22518,70007304,30003,3,3,IL,USA,17,31,243100,0,0,41.892355,-87.674507,Census Tract 2431
6062,6062,22519,70007304,40003,4,3,IL,USA,17,31,243100,0,0,41.892355,-87.674507,Census Tract 2431
6063,6063,22540,70007305,10000,-1,1,IL,USA,17,31,40600,0,1,41.966834,-87.684018,Census Tract 406
6064,6064,22541,70007305,10002,1,2,IL,USA,17,31,320100,0,0,41.886447,-87.619467,Census Tract 3201
6069,6069,22552,70007312,10000,-1,1,IL,USA,17,31,839700,0,1,41.833651,-87.651949,Census Tract 8397
6070,6070,22553,70007312,10002,1,2,IL,USA,17,31,839100,0,0,41.880986,-87.63307,Census Tract 8391
6071,6071,22554,70007312,20002,2,2,IL,USA,17,31,839100,0,0,41.880986,-87.63307,Census Tract 8391
6076,6076,22561,70007323,10000,-1,1,IL,USA,17,31,510300,0,1,41.715738,-87.574974,Census Tract 5103
6077,6077,22562,70007323,10002,1,2,IL,USA,17,31,431400,0,0,41.757208,-87.546555,Census Tract 4314
6082,6082,22571,70007332,10000,-1,1,IL,USA,17,31,460100,0,1,41.747835,-87.536725,Census Tract 4601
6083,6083,22572,70007332,10002,1,2,IL,USA,17,31,81201,0,0,41.899154,-87.626212,Census Tract 812.01
6086,6086,22596,70007341,10000,-1,1,IL,USA,17,31,63100,0,1,41.938232,-87.64678,Census Tract 631
6087,6087,22597,70007341,10002,1,2,IL,USA,17,31,839100,0,0,41.880986,-87.63307,Census Tract 8391
6093,6093,22625,70007360,10000,-1,1,IL,USA,17,31,242900,0,1,41.892196,-87.68429,Census Tract 2429
6094,6094,22626,70007360,10002,1,2,IL,USA,17,31,81500,0,0,41.892906,-87.626079,Census Tract 815
6105,6105,22682,70007376,10000,-1,1,IL,USA,17,31,63302,0,1,41.934765,-87.639854,Census Tract 633.02
6106,6106,22683,70007376,10002,1,2,IL,USA,17,31,81500,0,0,41.892906,-87.626079,Census Tract 815
6113,6113,22706,70007390,10000,-1,1,IL,USA,17,31,410800,0,1,41.797961,-87.589625,Census Tract 4108
6114,6114,22707,70007390,10002,1,2,IL,USA,17,31,281900,0,0,41.878635,-87.642924,Census Tract 2819
6115,6115,22708,70007390,20002,2,2,IL,USA,17,31,410700,0,0,41.798049,-87.5942,Census Tract 4107
6118,6118,22715,70007401,10000,-1,1,IL,USA,17,31,10600,0,1,42.006277,-87.667683,Census Tract 106
6119,6119,22716,70007401,10002,1,2,IL,USA,17,31,839100,0,0,41.880986,-87.63307,Census Tract 8391
6120,6120,22727,70007407,10000,-1,1,IL,USA,17,31,30604,0,1,41.985871,-87.652455,Census Tract 306.04
6121,6121,22728,70007407,10002,1,2,IL,USA,17,31,842300,0,0,41.908386,-87.660086,Census Tract 8423
6135,6135,22829,70007423,10000,-1,1,IL,USA,17,31,71300,0,1,41.921779,-87.641458,Census Tract 713
6136,6136,22830,70007423,10002,1,2,IL,USA,17,31,320100,0,0,41.886447,-87.619467,Census Tract 3201
6137,6137,22853,70007425,10000,-1,1,IL,USA,17,31,62500,0,1,41.941488,-87.671107,Census Tract 625
6138,6138,22854,70007425,10002,1,2,IL,USA,17,31,320100,0,0,41.886447,-87.619467,Census Tract 3201
6139,6139,22855,70007425,20002,2,2,IL,USA,17,31,320100,0,0,41.886447,-87.619467,Census Tract 3201
6140,6140,22856,70007425,20003,2,3,IL,USA,17,31,170100,0,0,41.95586,-87.794817,Census Tract 1701
6183,6183,22965,70007459,10000,-1,1,IL,USA,17,31,63200,0,1,41.938923,-87.634673,Census Tract 632
6184,6184,22966,70007459,10002,1,2,IL,USA,17,31,81401,0,0,41.895035,-87.619717,Census Tract 814.01
6185,6185,22970,70007462,10000,-1,1,IL,USA,17,31,31502,0,1,41.963633,-87.652366,Census Tract 315.02
6186,6186,22971,70007462,10002,1,2,IL,USA,17,31,81401,0,0,41.895035,-87.619717,Census Tract 814.01
6187,6187,22972,70007462,20003,2,3,IL,USA,17,31,839100,0,0,41.880986,-87.63307,Census Tract 8391
6188,6188,22993,70007478,10000,-1,1,IL,USA,17,31,480400,0,1,41.72845,-87.575638,Census Tract 4804
6189,6189,22994,70007478,10002,1,2,IL,USA,17,31,841800,0,0,41.766306,-87.599421,Census Tract 8418
6190,6190,22995,70007478,30002,3,2,IL,USA,17,31,842200,0,0,41.904728,-87.64922,Census Tract 8422
6191,6191,22996,70007478,40003,4,3,IL,USA,17,31,841800,0,0,41.766306,-87.599421,Census Tract 8418
6192,6192,22997,70007478,50003,5,3,IL,USA,17,31,841800,0,0,41.766306,-87.599421,Census Tract 8418
6198,6198,23035,70007486,10000,-1,1,IL,USA,17,31,281900,0,1,41.878635,-87.642924,Census Tract 2819
6199,6199,23036,70007486,10002,1,2,IL,USA,17,31,836700,0,0,41.891704,-87.702175,Census Tract 8367
6200,6200,23037,70007486,20002,2,2,IL,USA,17,31,839100,0,0,41.880986,-87.63307,Census Tract 8391
6207,6207,23059,70007492,10000,-1,1,IL,USA,17,31,310200,0,1,41.85631,-87.644209,Census Tract 3102
6208,6208,23060,70007492,10002,1,2,IL,USA,17,31,81500,0,0,41.892906,-87.626079,Census Tract 815
6215,6215,23073,70007499,10000,-1,1,IL,USA,17,31,220400,0,1,41.928431,-87.699968,Census Tract 2204
6216,6216,23074,70007499,10002,1,2,IL,USA,17,31,839100,0,0,41.880986,-87.63307,Census Tract 8391
6217,6217,23075,70007499,10003,1,3,IL,USA,17,31,841900,0,0,41.868458,-87.642965,Census Tract 8419
6218,6218,23076,70007499,20002,2,2,IL,USA,17,31,839100,0,0,41.880986,-87.63307,Census Tract 8391
6228,6228,23117,70007509,10000,-1,1,IL,USA,17,31,241200,0,1,41.906707,-87.684686,Census Tract 2412
6229,6229,23118,70007509,10002,1,2,IL,USA,17,31,835700,0,0,41.812844,-87.627598,Census Tract 8357
6230,6230,23119,70007509,20002,2,2,IL,USA,17,31,320100,0,0,41.886447,-87.619467,Census Tract 3201
6248,6248,23224,70007525,10000,-1,1,IL,USA,17,31,110100,0,1,41.987476,-87.769673,Census Tract 1101
6249,6249,23225,70007525,10002,1,2,IL,USA,17,31,837100,0,0,41.885674,-87.69872,Census Tract 8371
6250,6250,23226,70007525,20002,2,2,IL,USA,17,31,530100,0,0,41.681852,-87.61794,Census Tract 5301
6255,6255,23302,70007531,10000,-1,1,IL,USA,17,31,60100,0,1,41.957531,-87.666611,Census Tract 601
6256,6256,23303,70007531,10002,1,2,IL,USA,17,31,110502,0,0,41.970286,-87.759852,Census Tract 1105.02
6257,6257,23304,70007531,20002,2,2,IL,USA,17,31,839100,0,0,41.880986,-87.63307,Census Tract 8391
6258,6258,23306,70007535,10000,-1,1,IL,USA,17,31,240600,0,1,41.912134,-87.689711,Census Tract 2406
6259,6259,23307,70007535,10002,1,2,IL,USA,17,31,320100,0,0,41.886447,-87.619467,Census Tract 3201
6260,6260,23308,70007535,20002,2,2,IL,USA,17,31,320100,0,0,41.886447,-87.619467,Census Tract 3201
6265,6265,23315,70007550,10000,-1,1,IL,USA,17,31,140200,0,1,41.970695,-87.713004,Census Tract 1402
6266,6266,23316,70007550,20003,2,3,IL,USA,17,31,320400,0,0,41.875817,-87.617256,Census Tract 3204
6277,6277,23372,70007575,10000,-1,1,IL,USA,17,31,31501,0,1,41.967289,-87.652434,Census Tract 315.01
6278,6278,23373,70007575,10002,1,2,IL,USA,17,31,833000,0,0,41.885286,-87.657249,Census Tract 8330
6279,6279,23374,70007575,20002,2,2,IL,USA,17,31,320100,0,0,41.886447,-87.619467,Census Tract 3201
6282,6282,23378,70007577,10000,-1,1,IL,USA,17,31,81100,0,1,41.900221,-87.629105,Census Tract 811
6283,6283,23379,70007577,10002,1,2,IL,USA,17,31,410800,0,0,41.797961,-87.589625,Census Tract 4108
6284,6284,23380,70007577,20002,2,2,IL,USA,17,31,81800,0,0,41.893324,-87.63919,Census Tract 818
6289,6289,23411,70007582,10000,-1,1,IL,USA,17,31,30200,0,1,41.994441,-87.66523,Census Tract 302
6290,6290,23412,70007582,10002,1,2,IL,USA,17,31,830800,0,0,41.965141,-87.676577,Census Tract 8308
6299,6299,23439,70007592,10000,-1,1,IL,USA,17,31,832500,0,1,41.92223,-87.664796,Census Tract 8325
6300,6300,23440,70007592,10002,1,2,IL,USA,17,31,833100,0,0,41.879078,-87.657046,Census Tract 8331
6301,6301,23441,70007592,20002,2,2,IL,USA,17,31,760801,0,0,41.983487,-87.84485,Census Tract 7608.01
6302,6302,23445,70007605,10000,-1,1,IL,USA,17,31,310800,0,1,41.855934,-87.668574,Census Tract 3108
6303,6303,23446,70007605,10002,1,2,IL,USA,17,31,839100,0,0,41.880986,-87.63307,Census Tract 8391
6312,6312,23466,70007611,10000,-1,1,IL,USA,17,31,320400,0,1,41.875817,-87.617256,Census Tract 3204
6313,6313,23467,70007611,20002,2,2,IL,USA,17,31,839100,0,0,41.880986,-87.63307,Census Tract 8391
6341,6341,23557,70007636,10000,-1,1,IL,USA,17,31,221200,0,1,41.921083,-87.70465,Census Tract 2212
6342,6342,23558,70007636,10002,1,2,IL,USA,17,31,833100,0,0,41.879078,-87.657046,Census Tract 8331
6345,6345,23562,70007639,10000,-1,1,IL,USA,17,31,550200,0,1,41.655097,-87.564827,Census Tract 5502
6346,6346,23563,70007639,10002,1,2,IL,USA,17,31,420500,0,0,41.7831,-87.608426,Census Tract 4205
6347,6347,23564,70007642,10000,-1,1,IL,USA,17,31,110502,0,1,41.970286,-87.759852,Census Tract 1105.02
6348,6348,23565,70007642,10002,1,2,IL,USA,17,31,841900,0,0,41.868458,-87.642965,Census Tract 8419
6349,6349,23566,70007642,20003,2,3,IL,USA,17,31,110100,0,0,41.987476,-87.769673,Census Tract 1101
6350,6350,23567,70007644,10000,-1,1,IL,USA,17,31,62100,0,1,41.942691,-87.65177,Census Tract 621
6351,6351,23568,70007644,20002,2,2,IL,USA,17,31,842200,0,0,41.904728,-87.64922,Census Tract 8422
6352,6352,23579,70007646,10000,-1,1,IL,USA,17,31,243000,0,1,41.892275,-87.679398,Census Tract 2430
6353,6353,23580,70007646,10002,1,2,IL,USA,17,31,670400,0,0,41.7903,-87.67177,Census Tract 6704
6354,6354,23581,70007646,20002,2,2,IL,USA,17,31,841900,0,0,41.868458,-87.642965,Census Tract 8419
6367,6367,23606,70007659,10000,-1,1,IL,USA,17,31,711300,0,1,41.733504,-87.667286,Census Tract 7113
6368,6368,23607,70007659,10002,1,2,IL,USA,17,31,500100,0,0,41.714683,-87.595025,Census Tract 5001
6371,6371,23613,70007666,10000,-1,1,IL,USA,17,31,160501,0,1,41.95921,-87.712973,Census Tract 1605.01
6372,6372,23614,70007666,20002,2,2,IL,USA,17,31,31800,0,0,41.967011,-87.670621,Census Tract 318
6373,6373,23615,70007666,30003,3,3,IL,USA,17,31,50500,0,0,41.950447,-87.683507,Census Tract 505
6374,6374,23616,70007666,40003,4,3,IL,USA,17,31,50800,0,0,41.945009,-87.680928,Census Tract 508
6375,6375,23617,70007666,50003,5,3,IL,USA,17,31,50800,0,0,41.945009,-87.680928,Census Tract 508
6376,6376,23618,70007666,60003,6,3,IL,USA,17,31,50800,0,0,41.945009,-87.680928,Census Tract 508
6379,6379,23626,70007670,10000,-1,1,IL,USA,17,31,120200,0,1,41.994532,-87.757611,Census Tract 1202
6380,6380,23627,70007670,10002,1,2,IL,USA,17,31,280100,0,0,41.885452,-87.643498,Census Tract 2801
6381,6381,23628,70007670,30003,3,3,IL,USA,17,31,120200,0,0,41.994532,-87.757611,Census Tract 1202
6382,6382,23629,70007670,40003,4,3,IL,USA,17,31,120200,0,0,41.994532,-87.757611,Census Tract 1202
6383,6383,23630,70007670,50003,5,3,IL,USA,17,31,120200,0,0,41.994532,-87.757611,Census Tract 1202
6394,6394,23697,70007682,10000,-1,1,IL,USA,17,31,740200,0,1,41.704702,-87.712706,Census Tract 7402
6395,6395,23698,70007682,10002,1,2,IL,USA,17,31,10600,0,0,42.006277,-87.667683,Census Tract 106
6419,6419,23735,70007708,10000,-1,1,IL,USA,17,31,833100,0,1,41.879078,-87.657046,Census Tract 8331
6420,6420,23736,70007708,10002,1,2,IL,USA,17,31,81800,0,0,41.893324,-87.63919,Census Tract 818
6421,6421,23737,70007708,20002,2,2,IL,USA,17,31,81800,0,0,41.893324,-87.63919,Census Tract 818
6425,6425,23768,70007716,10000,-1,1,IL,USA,17,31,62900,0,1,41.936237,-87.656411,Census Tract 629
6426,6426,23769,70007716,10002,1,2,IL,USA,17,31,839100,0,0,41.880986,-87.63307,Census Tract 8391
6427,6427,23800,70007717,10000,-1,1,IL,USA,17,31,10400,0,1,42.006411,-87.658816,Census Tract 104
6428,6428,23801,70007717,10002,1,2,IL,USA,17,31,839100,0,0,41.880986,-87.63307,Census Tract 8391
6429,6429,23804,70007718,10000,-1,1,IL,USA,17,31,63200,0,1,41.938923,-87.634673,Census Tract 632
6430,6430,23805,70007718,10002,1,2,IL,USA,17,31,81800,0,0,41.893324,-87.63919,Census Tract 818
6431,6431,23838,70007722,10000,-1,1,IL,USA,17,31,30800,0,1,41.979912,-87.664188,Census Tract 308
6432,6432,23839,70007722,20002,2,2,IL,USA,17,31,839000,0,0,41.869903,-87.631213,Census Tract 8390
6433,6433,23840,70007722,30003,3,3,IL,USA,17,31,838300,0,0,41.901566,-87.638404,Census Tract 8383
6434,6434,23841,70007722,40003,4,3,IL,USA,17,31,40100,0,0,41.985622,-87.682886,Census Tract 401
6453,6453,23904,70007735,10000,-1,1,IL,USA,17,31,161300,0,1,41.942699,-87.731002,Census Tract 1613
6454,6454,23905,70007735,10002,1,2,IL,USA,17,31,330100,0,0,41.859295,-87.615523,Census Tract 3301
6455,6455,23906,70007735,20002,2,2,IL,USA,17,31,839100,0,0,41.880986,-87.63307,Census Tract 8391
6456,6456,23913,70007737,10000,-1,1,IL,USA,17,31,140701,0,1,41.967038,-87.712652,Census Tract 1407.01
6457,6457,23914,70007737,10002,1,2,IL,USA,17,31,838100,0,0,41.878667,-87.671689,Census Tract 8381
6458,6458,23918,70007741,10000,-1,1,IL,USA,17,31,20400,0,1,42.008488,-87.685912,Census Tract 204
6459,6459,23919,70007741,10002,1,2,IL,USA,17,31,833100,0,0,41.879078,-87.657046,Census Tract 8331
6460,6460,23920,70007741,20002,2,2,IL,USA,17,31,60200,0,0,41.957904,-87.671517,Census Tract 602
6461,6461,23921,70007741,30003,3,3,IL,USA,17,31,30200,0,0,41.994441,-87.66523,Census Tract 302
6462,6462,23922,70007741,40003,4,3,IL,USA,17,31,30200,0,0,41.994441,-87.66523,Census Tract 302
6463,6463,23932,70007745,10000,-1,1,IL,USA,17,31,40700,0,1,41.967431,-87.694068,Census Tract 407
6464,6464,23933,70007745,10002,1,2,IL,USA,17,31,833300,0,0,41.871694,-87.654124,Census Tract 8333
6465,6465,23934,70007745,20002,2,2,IL,USA,17,31,320400,0,0,41.875817,-87.617256,Census Tract 3204
6475,6475,23968,70007760,10000,-1,1,IL,USA,17,31,70102,0,1,41.930583,-87.642202,Census Tract 701.02
6476,6476,23969,70007760,10002,1,2,IL,USA,17,31,836200,0,0,41.790469,-87.601285,Census Tract 8362
6477,6477,23970,70007760,20002,2,2,IL,USA,17,31,830700,0,0,41.958304,-87.660765,Census Tract 8307
6482,6482,23999,70007769,10000,-1,1,IL,USA,17,31,70102,0,1,41.930583,-87.642202,Census Tract 701.02
6483,6483,24000,70007769,10002,1,2,IL,USA,17,31,320100,0,0,41.886447,-87.619467,Census Tract 3201
6488,6488,24013,70007776,10000,-1,1,IL,USA,17,31,140800,0,1,41.964514,-87.702847,Census Tract 1408
6489,6489,24014,70007776,10002,1,2,IL,USA,17,31,833000,0,0,41.885286,-87.657249,Census Tract 8330
6490,6490,24018,70007779,10000,-1,1,IL,USA,17,31,221300,0,1,41.921126,-87.699754,Census Tract 2213
6491,6491,24019,70007779,10002,1,2,IL,USA,17,31,281900,0,0,41.878635,-87.642924,Census Tract 2819
6492,6492,24020,70007779,20002,2,2,IL,USA,17,31,839100,0,0,41.880986,-87.63307,Census Tract 8391
6493,6493,24021,70007779,20003,2,3,IL,USA,17,31,281900,0,0,41.878635,-87.642924,Census Tract 2819
6496,6496,24048,70007799,10000,-1,1,IL,USA,17,31,240300,0,1,41.912369,-87.675068,Census Tract 2403
6497,6497,24049,70007799,10002,1,2,IL,USA,17,31,839100,0,0,41.880986,-87.63307,Census Tract 8391
6502,6502,24067,70007812,10000,-1,1,IL,USA,17,31,81700,0,1,41.892218,-87.631832,Census Tract 817
6503,6503,24068,70007812,10002,1,2,IL,USA,17,31,839100,0,0,41.880986,-87.63307,Census Tract 8391
6504,6504,24069,70007812,20002,2,2,IL,USA,17,31,839100,0,0,41.880986,-87.63307,Census Tract 8391
6505,6505,24091,70007814,10000,-1,1,IL,USA,17,31,81700,0,1,41.892218,-87.631832,Census Tract 817
6506,6506,24092,70007814,10002,1,2,IL,USA,17,31,839100,0,0,41.880986,-87.63307,Census Tract 8391
6507,6507,24093,70007814,10003,1,3,IL,USA,17,31,320400,0,0,41.875817,-87.617256,Census Tract 3204
6508,6508,24094,70007814,20002,2,2,IL,USA,17,31,81800,0,0,41.893324,-87.63919,Census Tract 818
6509,6509,24098,70007818,10000,-1,1,IL,USA,17,31,51000,0,1,41.941302,-87.685732,Census Tract 510
6510,6510,24099,70007818,10002,1,2,IL,USA,17,31,839100,0,0,41.880986,-87.63307,Census Tract 8391
6511,6511,24100,70007818,20002,2,2,IL,USA,17,31,50100,0,0,41.957845,-87.676373,Census Tract 501
6512,6512,24109,70007819,10000,-1,1,IL,USA,17,31,70102,0,1,41.930583,-87.642202,Census Tract 701.02
6513,6513,24110,70007819,10002,1,2,IL,USA,17,31,70200,0,0,41.929078,-87.646293,Census Tract 702
6516,6516,24119,70007822,10000,-1,1,IL,USA,17,31,221000,0,1,41.92096,-87.715253,Census Tract 2210
6517,6517,24120,70007822,30003,3,3,IL,USA,17,31,842200,0,0,41.904728,-87.64922,Census Tract 8422
6518,6518,24121,70007822,40003,4,3,IL,USA,17,31,837800,0,0,41.88475,-87.684127,Census Tract 8378
6527,6527,24178,70007844,10000,-1,1,IL,USA,17,31,50100,0,1,41.957845,-87.676373,Census Tract 501
6528,6528,24179,70007844,10002,1,2,IL,USA,17,31,843500,0,0,41.840983,-87.697566,Census Tract 8435
6529,6529,24185,70007848,10000,-1,1,IL,USA,17,31,300600,0,1,41.84799,-87.717334,Census Tract 3006
6530,6530,24186,70007848,10002,1,2,IL,USA,17,31,833300,0,0,41.871694,-87.654124,Census Tract 8333
6531,6531,24187,70007848,10003,1,3,IL,USA,17,31,833300,0,0,41.871694,-87.654124,Census Tract 8333
6532,6532,24188,70007848,20002,2,2,IL,USA,17,31,831500,0,0,41.927569,-87.787998,Census Tract 8315
6533,6533,24189,70007848,30003,3,3,IL,USA,17,31,241400,0,0,41.906031,-87.675314,Census Tract 2414
6534,6534,24190,70007848,40003,4,3,IL,USA,17,31,241400,0,0,41.906031,-87.675314,Census Tract 2414
6535,6535,24192,70007855,10000,-1,1,IL,USA,17,31,221200,0,1,41.921083,-87.70465,Census Tract 2212
6536,6536,24193,70007855,10002,1,2,IL,USA,17,31,841900,0,0,41.868458,-87.642965,Census Tract 8419
6537,6537,24194,70007855,20002,2,2,IL,USA,17,31,320400,0,0,41.875817,-87.617256,Census Tract 3204
6541,6541,24202,70007857,10000,-1,1,IL,USA,17,31,30603,0,1,41.985476,-87.658398,Census Tract 306.03
6542,6542,24203,70007857,20002,2,2,IL,USA,17,31,839100,0,0,41.880986,-87.63307,Census Tract 8391
6545,6545,24221,70007871,10000,-1,1,IL,USA,17,31,832900,0,1,41.874181,-87.661901,Census Tract 8329
6546,6546,24222,70007871,10003,1,3,IL,USA,17,31,838200,0,0,41.870416,-87.675079,Census Tract 8382
6556,6556,24246,70007886,10000,-1,1,IL,USA,17,31,10300,0,1,42.015941,-87.666535,Census Tract 103
6557,6557,24247,70007886,10002,1,2,IL,USA,17,31,833000,0,0,41.885286,-87.657249,Census Tract 8330
6558,6558,24252,70007890,10000,-1,1,IL,USA,17,31,220601,0,1,41.925825,-87.712884,Census Tract 2206.01
6559,6559,24253,70007890,10002,1,2,IL,USA,17,31,171100,0,0,41.942053,-87.781286,Census Tract 1711
6560,6560,24254,70007890,20003,2,3,IL,USA,17,31,81401,0,0,41.895035,-87.619717,Census Tract 814.01
6561,6561,24255,70007890,30003,3,3,IL,USA,17,31,221400,0,0,41.920801,-87.694532,Census Tract 2214
6562,6562,24256,70007890,40003,4,3,IL,USA,17,31,221400,0,0,41.920801,-87.694532,Census Tract 2214
6563,6563,24260,70007892,10000,-1,1,IL,USA,17,31,140800,0,1,41.964514,-87.702847,Census Tract 1408
6564,6564,24261,70007892,10002,1,2,IL,USA,17,31,70700,0,0,41.930652,-87.674104,Census Tract 707
6565,6565,24263,70007893,10000,-1,1,IL,USA,17,31,80100,0,1,41.907549,-87.62679,Census Tract 801
6566,6566,24264,70007893,10002,1,2,IL,USA,17,31,281900,0,0,41.878635,-87.642924,Census Tract 2819
6567,6567,24265,70007893,30003,3,3,IL,USA,17,31,81100,0,0,41.900221,-87.629105,Census Tract 811
6568,6568,24266,70007893,40003,4,3,IL,USA,17,31,80100,0,0,41.907549,-87.62679,Census Tract 801
6569,6569,24279,70007895,10000,-1,1,IL,USA,17,31,81403,0,1,41.892991,-87.620956,Census Tract 814.03
6570,6570,24280,70007895,10002,1,2,IL,USA,17,31,320100,0,0,41.886447,-87.619467,Census Tract 3201
6591,6591,24322,70007911,10000,-1,1,IL,USA,17,31,10702,0,1,42.00902,-87.672726,Census Tract 107.02
6592,6592,24323,70007911,10002,1,2,IL,USA,17,31,81201,0,0,41.899154,-87.626212,Census Tract 812.01
6593,6593,24324,70007911,10003,1,3,IL,USA,17,31,320100,0,0,41.886447,-87.619467,Census Tract 3201
6594,6594,24325,70007911,20002,2,2,IL,USA,17,31,81201,0,0,41.899154,-87.626212,Census Tract 812.01
6602,6602,24386,70007922,10000,-1,1,IL,USA,17,31,610800,0,1,41.812708,-87.638408,Census Tract 6108
6603,6603,24387,70007922,10002,1,2,IL,USA,17,31,842200,0,0,41.904728,-87.64922,Census Tract 8422
6611,6611,24410,70007929,10000,-1,1,IL,USA,17,31,140800,0,1,41.964514,-87.702847,Census Tract 1408
6612,6612,24411,70007929,10002,1,2,IL,USA,17,31,280100,0,0,41.885452,-87.643498,Census Tract 2801
6613,6613,24412,70007929,20002,2,2,IL,USA,17,31,30900,0,0,41.979795,-87.671445,Census Tract 309
6639,6639,24479,70007965,10000,-1,1,IL,USA,17,31,242400,0,1,41.899422,-87.68449,Census Tract 2424
6640,6640,24480,70007965,10002,1,2,IL,USA,17,31,81700,0,0,41.892218,-87.631832,Census Tract 817
6641,6641,24481,70007965,20002,2,2,IL,USA,17,31,243200,0,0,41.892433,-87.669624,Census Tract 2432
6642,6642,24483,70007972,10000,-1,1,IL,USA,17,31,220602,0,1,41.929327,-87.711981,Census Tract 2206.02
6643,6643,24484,70007972,10002,1,2,IL,USA,17,31,81500,0,0,41.892906,-87.626079,Census Tract 815
6644,6644,24485,70007972,10003,1,3,IL,USA,17,31,320100,0,0,41.886447,-87.619467,Census Tract 3201
6653,6653,24507,70007978,10000,-1,1,IL,USA,17,31,839000,0,1,41.869903,-87.631213,Census Tract 8390
6654,6654,24508,70007978,30003,3,3,IL,USA,17,31,833100,0,0,41.879078,-87.657046,Census Tract 8331
6655,6655,24510,70007980,10000,-1,1,IL,USA,17,31,221300,0,1,41.921126,-87.699754,Census Tract 2213
6656,6656,24511,70007980,10002,1,2,IL,USA,17,31,280100,0,0,41.885452,-87.643498,Census Tract 2801
6657,6657,24512,70007980,20002,2,2,IL,USA,17,31,320100,0,0,41.886447,-87.619467,Census Tract 3201
6658,6658,24522,70007981,10000,-1,1,IL,USA,17,31,30500,0,1,41.987226,-87.664936,Census Tract 305
6659,6659,24523,70007981,10002,1,2,IL,USA,17,31,320400,0,0,41.875817,-87.617256,Census Tract 3204
6665,6665,24545,70007996,10000,-1,1,IL,USA,17,31,831200,0,1,41.915321,-87.73226,Census Tract 8312
6666,6666,24546,70007996,10002,1,2,IL,USA,17,31,241400,0,0,41.906031,-87.675314,Census Tract 2414
6676,6676,24567,70008026,10000,-1,1,IL,USA,17,31,530400,0,1,41.67404,-87.651527,Census Tract 5304
6677,6677,24568,70008026,10002,1,2,IL,USA,17,31,839100,0,0,41.880986,-87.63307,Census Tract 8391
6678,6678,24576,70008031,10000,-1,1,IL,USA,17,31,10400,0,1,42.006411,-87.658816,Census Tract 104
6679,6679,24577,70008031,10002,1,2,IL,USA,17,31,320400,0,0,41.875817,-87.617256,Census Tract 3204
6680,6680,24583,70008032,10000,-1,1,IL,USA,17,31,830800,0,1,41.965141,-87.676577,Census Tract 8308
6681,6681,24584,70008032,10002,1,2,IL,USA,17,31,60200,0,0,41.957904,-87.671517,Census Tract 602
6682,6682,24587,70008034,10000,-1,1,IL,USA,17,31,31700,0,1,41.965447,-87.663195,Census Tract 317
6683,6683,24588,70008034,10002,1,2,IL,USA,17,31,81500,0,0,41.892906,-87.626079,Census Tract 815
6688,6688,24608,70008047,10000,-1,1,IL,USA,17,31,330100,0,1,41.859295,-87.615523,Census Tract 3301
6689,6689,24609,70008047,20002,2,2,IL,USA,17,31,410900,0,0,41.79671,-87.578094,Census Tract 4109
6690,6690,24614,70008052,10000,-1,1,IL,USA,17,31,830700,0,1,41.958304,-87.660765,Census Tract 8307
6691,6691,24615,70008052,10002,1,2,IL,USA,17,31,280100,0,0,41.885452,-87.643498,Census Tract 2801
6692,6692,24617,70008054,10000,-1,1,IL,USA,17,31,63400,0,1,41.93466,-87.64673,Census Tract 634
6693,6693,24618,70008054,10002,1,2,IL,USA,17,31,320100,0,0,41.886447,-87.619467,Census Tract 3201
6694,6694,24619,70008054,20002,2,2,IL,USA,17,31,81800,0,0,41.893324,-87.63919,Census Tract 818
6695,6695,24620,70008054,30002,3,2,IL,USA,17,31,241000,0,0,41.907969,-87.694534,Census Tract 2410
6698,6698,24689,70008058,10000,-1,1,IL,USA,17,31,140800,0,1,41.964514,-87.702847,Census Tract 1408
6699,6699,24690,70008058,10002,1,2,IL,USA,17,31,839100,0,0,41.880986,-87.63307,Census Tract 8391
6700,6700,24691,70008058,20002,2,2,IL,USA,17,31,320100,0,0,41.886447,-87.619467,Census Tract 3201
6701,6701,24713,70008062,10000,-1,1,IL,USA,17,31,63302,0,1,41.934765,-87.639854,Census Tract 633.02
6702,6702,24714,70008062,10002,1,2,IL,USA,17,31,839100,0,0,41.880986,-87.63307,Census Tract 8391
6705,6705,24763,70008065,10000,-1,1,IL,USA,17,31,71500,0,1,41.914242,-87.625092,Census Tract 715
6706,6706,24764,70008065,10002,1,2,IL,USA,17,31,839100,0,0,41.880986,-87.63307,Census Tract 8391
6709,6709,24808,70008084,10000,-1,1,IL,USA,17,31,63301,0,1,41.934541,-87.643024,Census Tract 633.01
6710,6710,24809,70008084,10002,1,2,IL,USA,17,31,81201,0,0,41.899154,-87.626212,Census Tract 812.01
6711,6711,24810,70008084,10003,1,3,IL,USA,17,31,81201,0,0,41.899154,-87.626212,Census Tract 812.01
6712,6712,24815,70008087,10000,-1,1,IL,USA,17,31,70101,0,1,41.929522,-87.632325,Census Tract 701.01
6713,6713,24816,70008087,10002,1,2,IL,USA,17,31,839100,0,0,41.880986,-87.63307,Census Tract 8391
6724,6724,24855,70008098,10000,-1,1,IL,USA,17,31,330100,0,1,41.859295,-87.615523,Census Tract 3301
6725,6725,24856,70008098,10002,1,2,IL,USA,17,31,839100,0,0,41.880986,-87.63307,Census Tract 8391
6726,6726,24857,70008100,10000,-1,1,IL,USA,17,31,60900,0,1,41.951517,-87.641778,Census Tract 609
6727,6727,24858,70008100,10002,1,2,IL,USA,17,31,839100,0,0,41.880986,-87.63307,Census Tract 8391
6728,6728,24859,70008100,20002,2,2,IL,USA,17,31,839100,0,0,41.880986,-87.63307,Census Tract 8391
6743,6743,24976,70008124,10000,-1,1,IL,USA,17,31,150200,0,1,41.960675,-87.752413,Census Tract 1502
6744,6744,24977,70008124,10002,1,2,IL,USA,17,31,243500,0,0,41.892654,-87.652517,Census Tract 2435
6745,6745,24978,70008124,10003,1,3,IL,USA,17,31,170100,0,0,41.95586,-87.794817,Census Tract 1701
6746,6746,24979,70008125,10000,-1,1,IL,USA,17,31,110502,0,1,41.970286,-87.759852,Census Tract 1105.02
6747,6747,24980,70008125,10002,1,2,IL,USA,17,31,81500,0,0,41.892906,-87.626079,Census Tract 815
6748,6748,25011,70008184,10000,-1,1,IL,USA,17,31,110501,0,1,41.977002,-87.761925,Census Tract 1105.01
6749,6749,25012,70008184,20002,2,2,IL,USA,17,31,843400,0,0,41.849327,-87.732022,Census Tract 8434
6754,6754,25022,70008186,10000,-1,1,IL,USA,17,31,160700,0,1,41.951218,-87.702135,Census Tract 1607
6755,6755,25023,70008186,10002,1,2,IL,USA,17,31,320100,0,0,41.886447,-87.619467,Census Tract 3201
6758,6758,25029,70008195,10000,-1,1,IL,USA,17,31,832200,0,1,41.920482,-87.679976,Census Tract 8322
6759,6759,25030,70008195,10002,1,2,IL,USA,17,31,320400,0,0,41.875817,-87.617256,Census Tract 3204
6760,6760,25031,70008195,20002,2,2,IL,USA,17,31,63000,0,0,41.93631,-87.651562,Census Tract 630
6761,6761,25035,70008196,10000,-1,1,IL,USA,17,31,60400,0,1,41.950673,-87.666536,Census Tract 604
6762,6762,25036,70008196,10002,1,2,IL,USA,17,31,832500,0,0,41.92223,-87.664796,Census Tract 8325
6766,6766,25060,70008208,10000,-1,1,IL,USA,17,31,221100,0,1,41.92102,-87.710361,Census Tract 2211
6767,6767,25061,70008208,10002,1,2,IL,USA,17,31,320100,0,0,41.886447,-87.619467,Census Tract 3201
6768,6768,25062,70008208,30003,3,3,IL,USA,17,31,220300,0,0,41.928465,-87.695086,Census Tract 2203
6769,6769,25063,70008208,40003,4,3,IL,USA,17,31,220300,0,0,41.928465,-87.695086,Census Tract 2203
6770,6770,25143,70008222,10000,-1,1,IL,USA,17,31,10702,0,1,42.00902,-87.672726,Census Tract 107.02
6771,6771,25144,70008222,10002,1,2,IL,USA,17,31,81500,0,0,41.892906,-87.626079,Census Tract 815
6772,6772,25145,70008222,20002,2,2,IL,USA,17,31,10400,0,0,42.006411,-87.658816,Census Tract 104
6773,6773,25146,70008222,20003,2,3,IL,USA,17,31,10400,0,0,42.006411,-87.658816,Census Tract 104
6774,6774,25147,70008222,30003,3,3,IL,USA,17,31,10702,0,0,42.00902,-87.672726,Census Tract 107.02
6775,6775,25148,70008222,40003,4,3,IL,USA,17,31,10702,0,0,42.00902,-87.672726,Census Tract 107.02
6780,6780,25181,70008226,10000,-1,1,IL,USA,17,31,832100,0,1,41.952821,-87.653241,Census Tract 8321
6781,6781,25182,70008226,10002,1,2,IL,USA,17,31,839100,0,0,41.880986,-87.63307,Census Tract 8391
6782,6782,25183,70008226,10003,1,3,IL,USA,17,31,841900,0,0,41.868458,-87.642965,Census Tract 8419
6789,6789,25192,70008232,10000,-1,1,IL,USA,17,31,63400,0,1,41.93466,-87.64673,Census Tract 634
6790,6790,25193,70008232,10002,1,2,IL,USA,17,31,839100,0,0,41.880986,-87.63307,Census Tract 8391
6791,6791,25205,70008235,10000,-1,1,IL,USA,17,31,221500,0,1,41.921647,-87.689951,Census Tract 2215
6792,6792,25206,70008235,10002,1,2,IL,USA,17,31,839100,0,0,41.880986,-87.63307,Census Tract 8391
6793,6793,25207,70008235,20002,2,2,IL,USA,17,31,81700,0,0,41.892218,-87.631832,Census Tract 817
6799,6799,25218,70008255,10000,-1,1,IL,USA,17,31,660600,0,1,41.777287,-87.693341,Census Tract 6606
6800,6800,25219,70008255,10002,1,2,IL,USA,17,31,838200,0,0,41.870416,-87.675079,Census Tract 8382
6801,6801,25224,70008278,10000,-1,1,IL,USA,17,31,61901,0,1,41.943244,-87.643458,Census Tract 619.01
6802,6802,25225,70008278,10002,1,2,IL,USA,17,31,839100,0,0,41.880986,-87.63307,Census Tract 8391
6803,6803,25229,70008280,10000,-1,1,IL,USA,17,31,839000,0,1,41.869903,-87.631213,Census Tract 8390
6804,6804,25230,70008280,10002,1,2,IL,USA,17,31,281900,0,0,41.878635,-87.642924,Census Tract 2819
6810,6810,25250,70008291,10000,-1,1,IL,USA,17,31,30103,0,1,41.995524,-87.655153,Census Tract 301.03
6811,6811,25251,70008291,10002,1,2,IL,USA,17,31,320100,0,0,41.886447,-87.619467,Census Tract 3201
6812,6812,25253,70008295,10000,-1,1,IL,USA,17,31,190602,0,1,41.92756,-87.770737,Census Tract 1906.02
6813,6813,25254,70008295,10002,1,2,IL,USA,17,31,838200,0,0,41.870416,-87.675079,Census Tract 8382
6814,6814,25255,70008295,20002,2,2,IL,USA,17,31,842000,0,0,41.83496,-87.62517,Census Tract 8420
6815,6815,25259,70008297,10000,-1,1,IL,USA,17,31,40600,0,1,41.966834,-87.684018,Census Tract 406
6816,6816,25260,70008297,10002,1,2,IL,USA,17,31,81500,0,0,41.892906,-87.626079,Census Tract 815
6822,6822,25270,70008303,10000,-1,1,IL,USA,17,31,711200,0,1,41.740556,-87.669825,Census Tract 7112
6823,6823,25271,70008303,10002,1,2,IL,USA,17,31,832900,0,0,41.874181,-87.661901,Census Tract 8329
6824,6824,25272,70008303,10003,1,3,IL,USA,17,31,320400,0,0,41.875817,-87.617256,Census Tract 3204
6825,6825,25273,70008308,10000,-1,1,IL,USA,17,31,310300,0,1,41.856144,-87.648978,Census Tract 3103
6826,6826,25274,70008308,10002,1,2,IL,USA,17,31,243200,0,0,41.892433,-87.669624,Census Tract 2432
6837,6837,25302,70008333,10000,-1,1,IL,USA,17,31,842300,0,1,41.908386,-87.660086,Census Tract 8423
6838,6838,25303,70008333,10002,1,2,IL,USA,17,31,81800,0,0,41.893324,-87.63919,Census Tract 818
6839,6839,25304,70008333,20002,2,2,IL,USA,17,31,839100,0,0,41.880986,-87.63307,Census Tract 8391
6840,6840,25308,70008336,10000,-1,1,IL,USA,17,31,81201,0,1,41.899154,-87.626212,Census Tract 812.01
6841,6841,25309,70008336,10002,1,2,IL,USA,17,31,320600,0,0,41.870554,-87.616596,Census Tract 3206
6845,6845,25326,70008349,10000,-1,1,IL,USA,17,31,31900,0,1,41.963374,-87.670184,Census Tract 319
6846,6846,25327,70008349,10002,1,2,IL,USA,17,31,81800,0,0,41.893324,-87.63919,Census Tract 818
6847,6847,25328,70008349,20002,2,2,IL,USA,17,31,839100,0,0,41.880986,-87.63307,Census Tract 8391
6852,6852,25351,70008354,10000,-1,1,IL,USA,17,31,31700,0,1,41.965447,-87.663195,Census Tract 317
6853,6853,25352,70008354,10002,1,2,IL,USA,17,31,120100,0,0,42.001982,-87.775006,Census Tract 1201
6854,6854,25353,70008354,20002,2,2,IL,USA,17,31,830700,0,0,41.958304,-87.660765,Census Tract 8307
6855,6855,25354,70008354,30002,3,2,IL,USA,17,31,10600,0,0,42.006277,-87.667683,Census Tract 106
6856,6856,25355,70008354,30003,3,3,IL,USA,17,31,10400,0,0,42.006411,-87.658816,Census Tract 104
6857,6857,25356,70008354,40003,4,3,IL,USA,17,31,832100,0,0,41.952821,-87.653241,Census Tract 8321
6858,6858,25357,70008354,50002,5,2,IL,USA,17,31,839100,0,0,41.880986,-87.63307,Census Tract 8391
6859,6859,25358,70008354,50003,5,3,IL,USA,17,31,10400,0,0,42.006411,-87.658816,Census Tract 104
6860,6860,25363,70008357,10000,-1,1,IL,USA,17,31,480500,0,1,41.7276,-87.559091,Census Tract 4805
6861,6861,25364,70008357,10002,1,2,IL,USA,17,31,838200,0,0,41.870416,-87.675079,Census Tract 8382
6862,6862,25365,70008357,20003,2,3,IL,USA,17,31,430900,0,0,41.760641,-87.581185,Census Tract 4309
6867,6867,25371,70008361,10000,-1,1,IL,USA,17,31,833000,0,1,41.885286,-87.657249,Census Tract 8330
6868,6868,25372,70008361,10002,1,2,IL,USA,17,31,839100,0,0,41.880986,-87.63307,Census Tract 8391
6869,6869,25373,70008361,30002,3,2,IL,USA,17,31,320100,0,0,41.886447,-87.619467,Census Tract 3201
6874,6874,25382,70008366,10000,-1,1,IL,USA,17,31,220400,0,1,41.928431,-87.699968,Census Tract 2204
6875,6875,25383,70008366,10002,1,2,IL,USA,17,31,832500,0,0,41.92223,-87.664796,Census Tract 8325
6876,6876,25384,70008366,10003,1,3,IL,USA,17,31,841900,0,0,41.868458,-87.642965,Census Tract 8419
6877,6877,25385,70008366,20002,2,2,IL,USA,17,31,50800,0,0,41.945009,-87.680928,Census Tract 508
6878,6878,25386,70008366,20003,2,3,IL,USA,17,31,841900,0,0,41.868458,-87.642965,Census Tract 8419
6879,6879,25389,70008367,10000,-1,1,IL,USA,17,31,30200,0,1,41.994441,-87.66523,Census Tract 302
6880,6880,25390,70008367,10003,1,3,IL,USA,17,31,81401,0,0,41.895035,-87.619717,Census Tract 814.01
6881,6881,25391,70008367,30002,3,2,IL,USA,17,31,81800,0,0,41.893324,-87.63919,Census Tract 818
6882,6882,25395,70008368,10000,-1,1,IL,USA,17,31,140800,0,1,41.964514,-87.702847,Census Tract 1408
6883,6883,25396,70008368,10002,1,2,IL,USA,17,31,63000,0,0,41.93631,-87.651562,Census Tract 630
6884,6884,25397,70008368,20002,2,2,IL,USA,17,31,839100,0,0,41.880986,-87.63307,Census Tract 8391
6891,6891,25433,70008385,10000,-1,1,IL,USA,17,31,71200,0,1,41.921855,-87.646211,Census Tract 712
6892,6892,25434,70008385,10003,1,3,IL,USA,17,31,81800,0,0,41.893324,-87.63919,Census Tract 818
6893,6893,25435,70008385,20002,2,2,IL,USA,17,31,839100,0,0,41.880986,-87.63307,Census Tract 8391
6897,6897,25457,70008388,10000,-1,1,IL,USA,17,31,40402,0,1,41.972545,-87.678818,Census Tract 404.02
6898,6898,25458,70008388,10002,1,2,IL,USA,17,31,320100,0,0,41.886447,-87.619467,Census Tract 3201
6899,6899,25460,70008389,10000,-1,1,IL,USA,17,31,140800,0,1,41.964514,-87.702847,Census Tract 1408
6900,6900,25461,70008389,10002,1,2,IL,USA,17,31,243500,0,0,41.892654,-87.652517,Census Tract 2435
6901,6901,25462,70008389,20002,2,2,IL,USA,17,31,833000,0,0,41.885286,-87.657249,Census Tract 8330
6912,6912,25493,70008417,10000,-1,1,IL,USA,17,31,80201,0,1,41.909498,-87.631005,Census Tract 802.01
6913,6913,25494,70008417,10002,1,2,IL,USA,17,31,838200,0,0,41.870416,-87.675079,Census Tract 8382
6928,6928,25514,70008435,10000,-1,1,IL,USA,17,31,62100,0,1,41.942691,-87.65177,Census Tract 621
6929,6929,25515,70008435,10002,1,2,IL,USA,17,31,839100,0,0,41.880986,-87.63307,Census Tract 8391
6930,6930,25516,70008435,20002,2,2,IL,USA,17,31,839100,0,0,41.880986,-87.63307,Census Tract 8391
6931,6931,25517,70008435,30003,3,3,IL,USA,17,31,62200,0,0,41.942585,-87.656644,Census Tract 622
6935,6935,25529,70008440,10000,-1,1,IL,USA,17,31,62600,0,1,41.935975,-87.670984,Census Tract 626
6936,6936,25530,70008440,20002,2,2,IL,USA,17,31,81500,0,0,41.892906,-87.626079,Census Tract 815
6937,6937,25531,70008440,30003,3,3,IL,USA,17,31,62600,0,0,41.935975,-87.670984,Census Tract 626
6938,6938,25532,70008440,40003,4,3,IL,USA,17,31,62600,0,0,41.935975,-87.670984,Census Tract 626
6942,6942,25544,70008447,10000,-1,1,IL,USA,17,31,62000,0,1,41.942577,-87.647079,Census Tract 620
6943,6943,25545,70008447,20002,2,2,IL,USA,17,31,10600,0,0,42.006277,-87.667683,Census Tract 106
6965,6965,25624,70008489,10000,-1,1,IL,USA,17,31,320400,0,1,41.875817,-87.617256,Census Tract 3204
6966,6966,25625,70008489,10002,1,2,IL,USA,17,31,281900,0,0,41.878635,-87.642924,Census Tract 2819
6967,6967,25626,70008489,20002,2,2,IL,USA,17,31,839100,0,0,41.880986,-87.63307,Census Tract 8391
6968,6968,25627,70008490,10000,-1,1,IL,USA,17,31,390200,0,1,41.813041,-87.599476,Census Tract 3902
6969,6969,25628,70008490,10002,1,2,IL,USA,17,31,836200,0,0,41.790469,-87.601285,Census Tract 8362
7000,7000,25730,70008514,10000,-1,1,IL,USA,17,31,241200,0,1,41.906707,-87.684686,Census Tract 2412
7001,7001,25731,70008514,10002,1,2,IL,USA,17,31,81800,0,0,41.893324,-87.63919,Census Tract 818
7002,7002,25732,70008514,20002,2,2,IL,USA,17,31,831200,0,0,41.915321,-87.73226,Census Tract 8312
7008,7008,25775,70008519,10000,-1,1,IL,USA,17,31,10100,0,1,42.021256,-87.669832,Census Tract 101
7009,7009,25776,70008519,10002,1,2,IL,USA,17,31,839100,0,0,41.880986,-87.63307,Census Tract 8391
7010,7010,25777,70008519,20002,2,2,IL,USA,17,31,81401,0,0,41.895035,-87.619717,Census Tract 814.01
7014,7014,25864,70008523,10000,-1,1,IL,USA,17,31,150200,0,1,41.960675,-87.752413,Census Tract 1502
7015,7015,25865,70008523,10002,1,2,IL,USA,17,31,200300,0,0,41.923481,-87.734126,Census Tract 2003
7016,7016,25866,70008523,20002,2,2,IL,USA,17,31,320400,0,0,41.875817,-87.617256,Census Tract 3204
7020,7020,25888,70008529,10000,-1,1,IL,USA,17,31,30200,0,1,41.994441,-87.66523,Census Tract 302
7021,7021,25889,70008529,10002,1,2,IL,USA,17,31,252000,0,0,41.883676,-87.76988,Census Tract 2520
7022,7022,25890,70008529,10003,1,3,IL,USA,17,31,10400,0,0,42.006411,-87.658816,Census Tract 104
7023,7023,25891,70008529,20002,2,2,IL,USA,17,31,81700,0,0,41.892218,-87.631832,Census Tract 817
7024,7024,25892,70008529,20003,2,3,IL,USA,17,31,10400,0,0,42.006411,-87.658816,Census Tract 104
7025,7025,25893,70008529,30003,3,3,IL,USA,17,31,10400,0,0,42.006411,-87.658816,Census Tract 104
7026,7026,25894,70008529,40003,4,3,IL,USA,17,31,10400,0,0,42.006411,-87.658816,Census Tract 104
7027,7027,25895,70008529,50003,5,3,IL,USA,17,31,10400,0,0,42.006411,-87.658816,Census Tract 104
7035,7035,25906,70008532,10000,-1,1,IL,USA,17,31,90100,0,1,42.015255,-87.813585,Census Tract 901
7036,7036,25907,70008532,20002,2,2,IL,USA,17,31,71000,0,0,41.921701,-87.655911,Census Tract 710
7037,7037,25909,70008533,10000,-1,1,IL,USA,17,31,281900,0,1,41.878635,-87.642924,Census Tract 2819
7038,7038,25910,70008533,10002,1,2,IL,USA,17,31,320100,0,0,41.886447,-87.619467,Census Tract 3201
7039,7039,25914,70008538,10000,-1,1,IL,USA,17,31,31300,0,1,41.973765,-87.64653,Census Tract 313
7040,7040,25915,70008538,10002,1,2,IL,USA,17,31,842200,0,0,41.904728,-87.64922,Census Tract 8422
7049,7049,25938,70008550,10000,-1,1,IL,USA,17,31,160602,0,1,41.956681,-87.700464,Census Tract 1606.02
7050,7050,25939,70008550,20002,2,2,IL,USA,17,31,839100,0,0,41.880986,-87.63307,Census Tract 8391
7056,7056,25968,70008568,10000,-1,1,IL,USA,17,31,280100,0,1,41.885452,-87.643498,Census Tract 2801
7057,7057,25969,70008568,10002,1,2,IL,USA,17,31,81500,0,0,41.892906,-87.626079,Census Tract 815
7058,7058,25970,70008568,20002,2,2,IL,USA,17,31,839100,0,0,41.880986,-87.63307,Census Tract 8391
7077,7077,26031,70008600,10000,-1,1,IL,USA,17,31,241500,0,1,41.908374,-87.67093,Census Tract 2415
7078,7078,26032,70008600,10002,1,2,IL,USA,17,31,81500,0,0,41.892906,-87.626079,Census Tract 815
7079,7079,26033,70008600,30002,3,2,IL,USA,17,31,81403,0,0,41.892991,-87.620956,Census Tract 814.03
7080,7080,26041,70008602,10000,-1,1,IL,USA,17,31,839700,0,1,41.833651,-87.651949,Census Tract 8397
7081,7081,26042,70008602,10002,1,2,IL,USA,17,31,839100,0,0,41.880986,-87.63307,Census Tract 8391
7086,7086,26058,70008611,10000,-1,1,IL,USA,17,31,62300,0,1,41.941628,-87.661443,Census Tract 623
7087,7087,26059,70008611,10002,1,2,IL,USA,17,31,839100,0,0,41.880986,-87.63307,Census Tract 8391
7091,7091,26065,70008634,10000,-1,1,IL,USA,17,31,40402,0,1,41.972545,-87.678818,Census Tract 404.02
7092,7092,26066,70008634,10002,1,2,IL,USA,17,31,320400,0,0,41.875817,-87.617256,Census Tract 3204
7093,7093,26067,70008634,10003,1,3,IL,USA,17,31,320400,0,0,41.875817,-87.617256,Census Tract 3204
7102,7102,26103,70008643,10000,-1,1,IL,USA,17,31,330100,0,1,41.859295,-87.615523,Census Tract 3301
7103,7103,26104,70008643,10002,1,2,IL,USA,17,31,81402,0,0,41.891022,-87.612931,Census Tract 814.02
7104,7104,26105,70008643,20002,2,2,IL,USA,17,31,700502,0,0,41.738852,-87.688768,Census Tract 7005.02
7108,7108,26119,70008647,10000,-1,1,IL,USA,17,31,31900,0,1,41.963374,-87.670184,Census Tract 319
7109,7109,26120,70008647,10002,1,2,IL,USA,17,31,320400,0,0,41.875817,-87.617256,Census Tract 3204
7110,7110,26123,70008648,10000,-1,1,IL,USA,17,31,110502,0,1,41.970286,-87.759852,Census Tract 1105.02
7111,7111,26124,70008648,10002,1,2,IL,USA,17,31,320400,0,0,41.875817,-87.617256,Census Tract 3204
7112,7112,26125,70008648,10003,1,3,IL,USA,17,31,320100,0,0,41.886447,-87.619467,Census Tract 3201
7113,7113,26126,70008648,20002,2,2,IL,USA,17,31,980000,0,0,41.979419,-87.902438,Census Tract 9800
7114,7114,26127,70008648,20003,2,3,IL,USA,17,31,831800,0,0,41.978233,-87.716453,Census Tract 8318
7115,7115,26129,70008649,10000,-1,1,IL,USA,17,31,50500,0,1,41.950447,-87.683507,Census Tract 505
7116,7116,26130,70008649,10002,1,2,IL,USA,17,31,839100,0,0,41.880986,-87.63307,Census Tract 8391
7123,7123,26144,70008659,10000,-1,1,IL,USA,17,31,640500,0,1,41.775682,-87.790988,Census Tract 6405
7124,7124,26145,70008659,10002,1,2,IL,USA,17,31,839100,0,0,41.880986,-87.63307,Census Tract 8391
7125,7125,26146,70008659,10003,1,3,IL,USA,17,31,832900,0,0,41.874181,-87.661901,Census Tract 8329
7126,7126,26159,70008661,10000,-1,1,IL,USA,17,31,640300,0,1,41.781532,-87.771635,Census Tract 6403
7127,7127,26160,70008661,10002,1,2,IL,USA,17,31,839100,0,0,41.880986,-87.63307,Census Tract 8391
7128,7128,26161,70008661,20002,2,2,IL,USA,17,31,301801,0,0,41.84166,-87.735051,Census Tract 3018.01
7129,7129,26162,70008661,30003,3,3,IL,USA,17,31,831000,0,0,41.914798,-87.676997,Census Tract 8310
7130,7130,26163,70008661,40003,4,3,IL,USA,17,31,831000,0,0,41.914798,-87.676997,Census Tract 8310
7140,7140,26199,70008669,10000,-1,1,IL,USA,17,31,30706,0,1,41.980415,-87.650916,Census Tract 307.06
7141,7141,26200,70008669,10002,1,2,IL,USA,17,31,281900,0,0,41.878635,-87.642924,Census Tract 2819
7142,7142,26201,70008669,20002,2,2,IL,USA,17,31,81700,0,0,41.892218,-87.631832,Census Tract 817
7143,7143,26206,70008670,10000,-1,1,IL,USA,17,31,30101,0,1,41.991054,-87.654879,Census Tract 301.01
7144,7144,26207,70008670,10002,1,2,IL,USA,17,31,170100,0,0,41.95586,-87.794817,Census Tract 1701
7145,7145,26209,70008672,10000,-1,1,IL,USA,17,31,60400,0,1,41.950673,-87.666536,Census Tract 604
7146,7146,26210,70008672,20002,2,2,IL,USA,17,31,62700,0,0,41.936086,-87.66611,Census Tract 627
7147,7147,26215,70008673,10000,-1,1,IL,USA,17,31,150401,0,1,41.964568,-87.772265,Census Tract 1504.01
7148,7148,26216,70008673,10002,1,2,IL,USA,17,31,320600,0,0,41.870554,-87.616596,Census Tract 3206
7149,7149,26217,70008673,20002,2,2,IL,USA,17,31,842200,0,0,41.904728,-87.64922,Census Tract 8422
7152,7152,26228,70008677,10000,-1,1,IL,USA,17,31,600900,0,1,41.836513,-87.653143,Census Tract 6009
7153,7153,26229,70008677,10002,1,2,IL,USA,17,31,81700,0,0,41.892218,-87.631832,Census Tract 817
7154,7154,26230,70008677,20002,2,2,IL,USA,17,31,660900,0,0,41.767819,-87.699063,Census Tract 6609
7155,7155,26231,70008677,20003,2,3,IL,USA,17,31,842800,0,0,41.807534,-87.698304,Census Tract 8428
7156,7156,26232,70008685,10000,-1,1,IL,USA,17,31,81300,0,1,41.898335,-87.620753,Census Tract 813
7157,7157,26233,70008685,10002,1,2,IL,USA,17,31,81403,0,0,41.892991,-87.620956,Census Tract 814.03
7158,7158,26234,70008685,20002,2,2,IL,USA,17,31,81500,0,0,41.892906,-87.626079,Census Tract 815
7174,7174,26314,70008738,10000,-1,1,IL,USA,17,31,841100,0,1,41.851644,-87.635661,Census Tract 8411
7175,7175,26315,70008738,10002,1,2,IL,USA,17,31,840300,0,0,41.832097,-87.681881,Census Tract 8403
7176,7176,26316,70008738,30002,3,2,IL,USA,17,31,841100,0,0,41.851644,-87.635661,Census Tract 8411
7180,7180,26325,70008775,10000,-1,1,IL,USA,17,31,30104,0,1,41.997277,-87.655986,Census Tract 301.04
7181,7181,26326,70008775,10002,1,2,IL,USA,17,31,81500,0,0,41.892906,-87.626079,Census Tract 815
7182,7182,26327,70008775,20002,2,2,IL,USA,17,31,81401,0,0,41.895035,-87.619717,Census Tract 814.01
7193,7193,26346,70008845,10000,-1,1,IL,USA,17,31,160602,0,1,41.956681,-87.700464,Census Tract 1606.02
7194,7194,26347,70008845,10002,1,2,IL,USA,17,31,81401,0,0,41.895035,-87.619717,Census Tract 814.01
7195,7195,26369,70008853,10000,-1,1,IL,USA,17,31,60500,0,1,41.95272,-87.660501,Census Tract 605
7196,7196,26370,70008853,10002,1,2,IL,USA,17,31,320100,0,0,41.886447,-87.619467,Census Tract 3201
7203,7203,26406,70008933,10000,-1,1,IL,USA,17,31,40600,0,1,41.966834,-87.684018,Census Tract 406
7204,7204,26407,70008933,10002,1,2,IL,USA,17,31,839100,0,0,41.880986,-87.63307,Census Tract 8391
7205,7205,26408,70008933,10003,1,3,IL,USA,17,31,81403,0,0,41.892991,-87.620956,Census Tract 814.03
7206,7206,26409,70008933,20002,2,2,IL,USA,17,31,833000,0,0,41.885286,-87.657249,Census Tract 8330
7207,7207,26410,70008933,20003,2,3,IL,USA,17,31,70400,0,0,41.928967,-87.656156,Census Tract 704
7211,7211,26415,70009016,10000,-1,1,IL,USA,17,31,839100,0,1,41.880986,-87.63307,Census Tract 8391
7212,7212,26416,70009016,10002,1,2,IL,USA,17,31,30702,0,0,41.980812,-87.654528,Census Tract 307.06
7213,7213,26417,70009047,10000,-1,1,IL,USA,17,31,283800,0,1,41.863417,-87.653755,Census Tract 2838
7214,7214,26418,70009047,10002,1,2,IL,USA,17,31,839100,0,0,41.880986,-87.63307,Census Tract 8391
7215,7215,26419,70009082,10000,-1,1,IL,USA,17,31,31800,0,1,41.967011,-87.670621,Census Tract 318
7216,7216,26420,70009082,10002,1,2,IL,USA,17,31,80202,0,0,41.905859,-87.630901,Census Tract 802.02
7217,7217,26424,70009105,10000,-1,1,IL,USA,17,31,60900,0,1,41.951517,-87.641778,Census Tract 609
7218,7218,26425,70009105,10002,1,2,IL,USA,17,31,980100,0,0,41.785981,-87.7509,Census Tract 9801
7242,7242,26537,70009391,10000,-1,1,IL,USA,17,31,222200,0,1,41.91591,-87.683826,Census Tract 2222
7243,7243,26538,70009391,10002,1,2,IL,USA,17,31,81700,0,0,41.892218,-87.631832,Census Tract 817
7247,7247,26577,70009441,10000,-1,1,IL,USA,17,31,843700,0,1,41.94556,-87.690034,Census Tract 8437
7248,7248,26578,70009441,10002,1,2,IL,USA,17,31,60200,0,0,41.957904,-87.671517,Census Tract 602
7249,7249,26579,70009441,20002,2,2,IL,USA,17,31,31900,0,0,41.963374,-87.670184,Census Tract 319
7283,7283,26685,70009728,10000,-1,1,IL,USA,17,31,10201,0,1,42.016008,-87.680148,Census Tract 102.01
7284,7284,26686,70009728,10002,1,2,IL,USA,17,31,320100,0,0,41.886447,-87.619467,Census Tract 3201
7285,7285,26689,70009750,10000,-1,1,IL,USA,17,31,832900,0,1,41.874181,-87.661901,Census Tract 8329
7286,7286,26690,70009750,10002,1,2,IL,USA,17,31,839100,0,0,41.880986,-87.63307,Census Tract 8391
7287,7287,26691,70009750,20002,2,2,IL,USA,17,31,841900,0,0,41.868458,-87.642965,Census Tract 8419
7288,7288,26692,70009750,20003,2,3,IL,USA,17,31,841900,0,0,41.868458,-87.642965,Census Tract 8419
7333,7333,26871,70010121,10000,-1,1,IL,USA,17,31,150401,0,1,41.964568,-87.772265,Census Tract 1504.01
7334,7334,26872,70010121,10002,1,2,IL,USA,17,31,760801,0,0,41.983487,-87.84485,Census Tract 7608.01
7356,7356,26935,70010327,10000,-1,1,IL,USA,17,31,330100,0,1,41.859295,-87.615523,Census Tract 3301
7357,7357,26936,70010327,10002,1,2,IL,USA,17,31,839100,0,0,41.880986,-87.63307,Census Tract 8391
7358,7358,26937,70010327,20002,2,2,IL,USA,17,31,839100,0,0,41.880986,-87.63307,Census Tract 8391
7371,7371,27007,70010336,10000,-1,1,IL,USA,17,31,81000,0,1,41.900266,-87.632109,Census Tract 810
7372,7372,27008,70010336,10002,1,2,IL,USA,17,31,281900,0,0,41.878635,-87.642924,Census Tract 2819
7373,7373,27009,70010336,20002,2,2,IL,USA,17,31,839100,0,0,41.880986,-87.63307,Census Tract 8391
7424,7424,27122,70010465,10000,-1,1,IL,USA,17,31,221000,0,1,41.92096,-87.715253,Census Tract 2210
7425,7425,27123,70010465,10002,1,2,IL,USA,17,31,839100,0,0,41.880986,-87.63307,Census Tract 8391
7426,7426,27124,70010465,20002,2,2,IL,USA,17,31,81401,0,0,41.895035,-87.619717,Census Tract 814.01
7434,7434,27146,70010512,10000,-1,1,IL,USA,17,31,150800,0,1,41.949709,-87.752118,Census Tract 1508
7435,7435,27147,70010512,10002,1,2,IL,USA,17,31,841000,0,0,41.847544,-87.610198,Census Tract 8410
7440,7440,27160,70010518,10000,-1,1,IL,USA,17,31,242900,0,1,41.892196,-87.68429,Census Tract 2429
7441,7441,27161,70010518,30003,3,3,IL,USA,17,31,242900,0,0,41.892196,-87.68429,Census Tract 2429
7442,7442,27162,70010518,40003,4,3,IL,USA,17,31,242900,0,0,41.892196,-87.68429,Census Tract 2429
7456,7456,27192,70010548,10000,-1,1,IL,USA,17,31,390600,0,1,41.806018,-87.59435,Census Tract 3906
7457,7457,27193,70010548,10002,1,2,IL,USA,17,31,320400,0,0,41.875817,-87.617256,Census Tract 3204
7458,7458,27194,70010548,20002,2,2,IL,USA,17,31,836200,0,0,41.790469,-87.601285,Census Tract 8362
7459,7459,27195,70010548,30003,3,3,IL,USA,17,31,411200,0,0,41.790562,-87.594017,Census Tract 4112
7477,7477,27253,70010608,10000,-1,1,IL,USA,17,31,221100,0,1,41.92102,-87.710361,Census Tract 2211
7478,7478,27254,70010608,10002,1,2,IL,USA,17,31,320400,0,0,41.875817,-87.617256,Census Tract 3204
7485,7485,27299,70010622,10000,-1,1,IL,USA,17,31,640600,0,1,41.776036,-87.77143,Census Tract 6406
7486,7486,27300,70010622,10002,1,2,IL,USA,17,31,839100,0,0,41.880986,-87.63307,Census Tract 8391
7487,7487,27301,70010622,20002,2,2,IL,USA,17,31,230900,0,0,41.906692,-87.71035,Census Tract 2309
7488,7488,27302,70010622,30002,3,2,IL,USA,17,31,843500,0,0,41.840983,-87.697566,Census Tract 8435
7496,7496,27334,70010639,10000,-1,1,IL,USA,17,31,241100,0,1,41.90664,-87.68958,Census Tract 2411
7497,7497,27335,70010639,10002,1,2,IL,USA,17,31,833000,0,0,41.885286,-87.657249,Census Tract 8330
7513,7513,27439,70010659,10000,-1,1,IL,USA,17,31,839700,0,1,41.833651,-87.651949,Census Tract 8397
7514,7514,27440,70010659,10002,1,2,IL,USA,17,31,841900,0,0,41.868458,-87.642965,Census Tract 8419
7525,7525,27475,70010688,10000,-1,1,IL,USA,17,31,841300,0,1,41.843977,-87.684202,Census Tract 8413
7526,7526,27476,70010688,10002,1,2,IL,USA,17,31,670600,0,0,41.783005,-87.671577,Census Tract 6706
7544,7544,27539,70010769,10000,-1,1,IL,USA,17,31,242400,0,1,41.899422,-87.68449,Census Tract 2424
7545,7545,27540,70010769,10002,1,2,IL,USA,17,31,70400,0,0,41.928967,-87.656156,Census Tract 704
7546,7546,27541,70010769,20002,2,2,IL,USA,17,31,320100,0,0,41.886447,-87.619467,Census Tract 3201
7547,7547,27552,70010798,10000,-1,1,IL,USA,17,31,832600,0,1,41.914754,-87.654465,Census Tract 8326
7548,7548,27553,70010798,20002,2,2,IL,USA,17,31,81401,0,0,41.895035,-87.619717,Census Tract 814.01
7559,7559,27575,70010815,10000,-1,1,IL,USA,17,31,140702,0,1,41.963548,-87.713575,Census Tract 1407.02
7560,7560,27576,70010815,10002,1,2,IL,USA,17,31,839100,0,0,41.880986,-87.63307,Census Tract 8391
7584,7584,27645,70010904,10000,-1,1,IL,USA,17,31,81000,0,1,41.900266,-87.632109,Census Tract 810
7585,7585,27646,70010904,20002,2,2,IL,USA,17,31,60200,0,0,41.957904,-87.671517,Census Tract 602
7627,7627,27811,70011584,10000,-1,1,IL,USA,17,31,40300,0,1,41.976944,-87.701983,Census Tract 403
7628,7628,27812,70011584,20002,2,2,IL,USA,17,31,70300,0,0,41.929046,-87.65131,Census Tract 703
7631,7631,27835,70011613,10000,-1,1,IL,USA,17,31,671500,0,1,41.768172,-87.669632,Census Tract 6715
7632,7632,27836,70011613,20003,2,3,IL,USA,17,31,670500,0,0,41.786578,-87.676404,Census Tract 6705
7645,7645,27896,70011968,10000,-1,1,IL,USA,17,31,832400,0,1,41.915741,-87.692256,Census Tract 8324
7646,7646,27897,70011968,10002,1,2,IL,USA,17,31,31100,0,0,41.972668,-87.663866,Census Tract 311
7647,7647,27898,70011968,10003,1,3,IL,USA,17,31,31100,0,0,41.972668,-87.663866,Census Tract 311
7650,7650,27929,70012447,10000,-1,1,IL,USA,17,31,430200,0,1,41.769761,-87.581351,Census Tract 4302
7651,7651,27930,70012447,10002,1,2,IL,USA,17,31,320100,0,0,41.886447,-87.619467,Census Tract 3201
7652,7652,27931,70012447,20003,2,3,IL,USA,17,31,450300,0,0,41.741944,-87.579089,Census Tract 4503
7653,7653,27932,70012447,30003,3,3,IL,USA,17,31,430300,0,0,41.769716,-87.58936,Census Tract 4303
7654,7654,27933,70012447,40003,4,3,IL,USA,17,31,839100,0,0,41.880986,-87.63307,Census Tract 8391
7655,7655,27934,70012447,50003,5,3,IL,USA,17,31,430200,0,0,41.769761,-87.581351,Census Tract 4302
7659,7659,27945,70012468,10000,-1,1,IL,USA,17,31,61901,0,1,41.943244,-87.643458,Census Tract 619.01
7660,7660,27946,70012468,10002,1,2,IL,USA,17,31,81500,0,0,41.892906,-87.626079,Census Tract 815
7697,7697,28105,70012765,10000,-1,1,IL,USA,17,31,833000,0,1,41.885286,-87.657249,Census Tract 8330
7698,7698,28106,70012765,10002,1,2,IL,USA,17,31,839100,0,0,41.880986,-87.63307,Census Tract 8391
7724,7724,28186,70012879,10000,-1,1,IL,USA,17,31,140602,0,1,41.964652,-87.721017,Census Tract 1406.02
7725,7725,28187,70012879,10002,1,2,IL,USA,17,31,839100,0,0,41.880986,-87.63307,Census Tract 8391
7726,7726,28188,70012879,20002,2,2,IL,USA,17,31,60300,0,0,41.950605,-87.671333,Census Tract 603
7736,7736,28237,70013038,10000,-1,1,IL,USA,17,31,836400,0,1,41.819012,-87.595176,Census Tract 8364
7737,7737,28238,70013038,10002,1,2,IL,USA,17,31,320400,0,0,41.875817,-87.617256,Census Tract 3204
7740,7740,28317,70013044,10000,-1,1,IL,USA,17,31,30500,0,1,41.987226,-87.664936,Census Tract 305
7741,7741,28318,70013044,20002,2,2,IL,USA,17,31,81300,0,0,41.898335,-87.620753,Census Tract 813
7744,7744,28324,70013050,10000,-1,1,IL,USA,17,31,430500,0,1,41.764314,-87.58127,Census Tract 4305
7745,7745,28325,70013050,10002,1,2,IL,USA,17,31,440201,0,0,41.74821,-87.610074,Census Tract 4402.01
7746,7746,28349,70013073,10000,-1,1,IL,USA,17,31,440102,0,1,41.740936,-87.601164,Census Tract 4401.02
7747,7747,28350,70013073,10002,1,2,IL,USA,17,31,839100,0,0,41.880986,-87.63307,Census Tract 8391
7748,7748,28351,70013073,20002,2,2,IL,USA,17,31,351400,0,0,41.827402,-87.624091,Census Tract 3514
7749,7749,28352,70013073,30002,3,2,IL,USA,17,31,834200,0,0,41.755568,-87.583607,Census Tract 8342
7750,7750,28353,70013073,30003,3,3,IL,USA,17,31,500100,0,0,41.714683,-87.595025,Census Tract 5001
7770,7770,28471,70013163,10000,-1,1,IL,USA,17,31,160602,0,1,41.956681,-87.700464,Census Tract 1606.02
7771,7771,28472,70013163,10002,1,2,IL,USA,17,31,839100,0,0,41.880986,-87.63307,Census Tract 8391
7776,7776,28498,70013249,10000,-1,1,IL,USA,17,31,839700,0,1,41.833651,-87.651949,Census Tract 8397
7777,7777,28499,70013249,10002,1,2,IL,USA,17,31,81700,0,0,41.892218,-87.631832,Census Tract 817
7786,7786,28521,70013433,10000,-1,1,IL,USA,17,31,100500,0,1,41.97806,-87.819734,Census Tract 1005
7787,7787,28522,70013433,10002,1,2,IL,USA,17,31,280100,0,0,41.885452,-87.643498,Census Tract 2801
7798,7798,28552,70013484,10000,-1,1,IL,USA,17,31,10300,0,1,42.015941,-87.666535,Census Tract 103
7799,7799,28553,70013484,10002,1,2,IL,USA,17,31,630900,0,0,41.789811,-87.708366,Census Tract 6309
7805,7805,28590,70013535,10000,-1,1,IL,USA,17,31,10502,0,1,42.004517,-87.663327,Census Tract 105.02
7806,7806,28591,70013535,10002,1,2,IL,USA,17,31,839100,0,0,41.880986,-87.63307,Census Tract 8391
7807,7807,28592,70013535,20002,2,2,IL,USA,17,31,839100,0,0,41.880986,-87.63307,Census Tract 8391
7816,7816,28619,70013648,10000,-1,1,IL,USA,17,31,60100,0,1,41.957531,-87.666611,Census Tract 601
7817,7817,28620,70013648,10002,1,2,IL,USA,17,31,81700,0,0,41.892218,-87.631832,Census Tract 817
7818,7818,28622,70013661,10000,-1,1,IL,USA,17,31,241500,0,1,41.908374,-87.67093,Census Tract 2415
7819,7819,28623,70013661,10002,1,2,IL,USA,17,31,460200,0,0,41.741387,-87.54701,Census Tract 4602
7830,7830,28644,70013746,10000,-1,1,IL,USA,17,31,81201,0,1,41.899154,-87.626212,Census Tract 812.01
7831,7831,28645,70013746,10002,1,2,IL,USA,17,31,320100,0,0,41.886447,-87.619467,Census Tract 3201
7834,7834,28670,70013784,10000,-1,1,IL,USA,17,31,410900,0,1,41.79671,-87.578094,Census Tract 4109
7835,7835,28671,70013784,10002,1,2,IL,USA,17,31,839100,0,0,41.880986,-87.63307,Census Tract 8391
7841,7841,28693,70013942,10000,-1,1,IL,USA,17,31,230900,0,1,41.906692,-87.71035,Census Tract 2309
7842,7842,28694,70013942,10002,1,2,IL,USA,17,31,760801,0,0,41.983487,-87.84485,Census Tract 7608.01
7843,7843,28706,70014050,10000,-1,1,IL,USA,17,31,210900,0,1,41.934837,-87.693118,Census Tract 2109
7844,7844,28707,70014050,10003,1,3,IL,USA,17,31,839000,0,0,41.869903,-87.631213,Census Tract 8390
7845,7845,28708,70014050,20003,2,3,IL,USA,17,31,51100,0,0,41.941365,-87.680827,Census Tract 511
7850,7850,28718,70014070,10000,-1,1,IL,USA,17,31,61000,0,1,41.949221,-87.65197,Census Tract 610
7851,7851,28719,70014070,10002,1,2,IL,USA,17,31,280100,0,0,41.885452,-87.643498,Census Tract 2801
7852,7852,28744,70014121,10000,-1,1,IL,USA,17,31,839100,0,1,41.880986,-87.63307,Census Tract 8391
7853,7853,28745,70014121,20002,2,2,IL,USA,17,31,833000,0,0,41.885286,-87.657249,Census Tract 8330
7863,7863,28778,70014175,10000,-1,1,IL,USA,17,31,71500,0,1,41.914242,-87.625092,Census Tract 715
7864,7864,28779,70014175,10002,1,2,IL,USA,17,31,320100,0,0,41.886447,-87.619467,Census Tract 3201
7865,7865,28780,70014175,20002,2,2,IL,USA,17,31,81100,0,0,41.900221,-87.629105,Census Tract 811
7866,7866,28783,70014197,10000,-1,1,IL,USA,17,31,31400,0,1,41.958448,-87.64241,Census Tract 314
7867,7867,28784,70014197,10002,1,2,IL,USA,17,31,320100,0,0,41.886447,-87.619467,Census Tract 3201
7868,7868,28785,70014197,10003,1,3,IL,USA,17,31,320400,0,0,41.875817,-87.617256,Census Tract 3204
7889,7889,28848,70014477,10000,-1,1,IL,USA,17,31,40300,0,1,41.976944,-87.701983,Census Tract 403
7890,7890,28849,70014477,10002,1,2,IL,USA,17,31,320100,0,0,41.886447,-87.619467,Census Tract 3201
7891,7891,28853,70014485,10000,-1,1,IL,USA,17,31,80300,0,1,41.90749,-87.635799,Census Tract 803
7892,7892,28854,70014485,20002,2,2,IL,USA,17,31,839100,0,0,41.880986,-87.63307,Census Tract 8391
7895,7895,28860,70014529,10000,-1,1,IL,USA,17,31,81600,0,1,41.892057,-87.628871,Census Tract 816
7896,7896,28861,70014529,10002,1,2,IL,USA,17,31,839100,0,0,41.880986,-87.63307,Census Tract 8391
7897,7897,28869,70014691,10000,-1,1,IL,USA,17,31,10501,0,1,42.009412,-87.663958,Census Tract 105.01
7898,7898,28870,70014691,10002,1,2,IL,USA,17,31,63400,0,0,41.93466,-87.64673,Census Tract 634
7915,7915,28969,70015217,10000,-1,1,IL,USA,17,31,160501,0,1,41.95921,-87.712973,Census Tract 1605.01
7916,7916,28970,70015217,10002,1,2,IL,USA,17,31,81401,0,0,41.895035,-87.619717,Census Tract 814.01
7921,7921,28979,70015276,10000,-1,1,IL,USA,17,31,833000,0,1,41.885286,-87.657249,Census Tract 8330
7922,7922,28980,70015276,10002,1,2,IL,USA,17,31,839100,0,0,41.880986,-87.63307,Census Tract 8391
7923,7923,28981,70015276,20002,2,2,IL,USA,17,31,839100,0,0,41.880986,-87.63307,Census Tract 8391
7924,7924,28999,70015277,10000,-1,1,IL,USA,17,31,60300,0,1,41.950605,-87.671333,Census Tract 603
7925,7925,29000,70015277,10002,1,2,IL,USA,17,31,839100,0,0,41.880986,-87.63307,Census Tract 8391
7926,7926,29001,70015277,20002,2,2,IL,USA,17,31,81401,0,0,41.895035,-87.619717,Census Tract 814.01
7927,7927,29003,70015296,10000,-1,1,IL,USA,17,31,63400,0,1,41.93466,-87.64673,Census Tract 634
7928,7928,29004,70015296,10002,1,2,IL,USA,17,31,839100,0,0,41.880986,-87.63307,Census Tract 8391
7929,7929,29006,70015322,10000,-1,1,IL,USA,17,31,63400,0,1,41.93466,-87.64673,Census Tract 634
7930,7930,29007,70015322,10002,1,2,IL,USA,17,31,320100,0,0,41.886447,-87.619467,Census Tract 3201
7931,7931,29010,70015392,10000,-1,1,IL,USA,17,31,210700,0,1,41.935703,-87.70384,Census Tract 2107
7932,7932,29011,70015392,10002,1,2,IL,USA,17,31,280100,0,0,41.885452,-87.643498,Census Tract 2801
7933,7933,29012,70015392,20002,2,2,IL,USA,17,31,70200,0,0,41.929078,-87.646293,Census Tract 702
7934,7934,29023,70015406,10000,-1,1,IL,USA,17,31,61500,0,1,41.945282,-87.661545,Census Tract 615
7935,7935,29024,70015406,10002,1,2,IL,USA,17,31,839100,0,0,41.880986,-87.63307,Census Tract 8391
7936,7936,29025,70015406,20003,2,3,IL,USA,17,31,81401,0,0,41.895035,-87.619717,Census Tract 814.01
7942,7942,29043,70015540,10000,-1,1,IL,USA,17,31,840400,0,1,41.833926,-87.667162,Census Tract 8404
7943,7943,29044,70015540,10002,1,2,IL,USA,17,31,839100,0,0,41.880986,-87.63307,Census Tract 8391
7959,7959,29079,70015696,10000,-1,1,IL,USA,17,31,282700,0,1,41.871367,-87.688681,Census Tract 2827
7960,7960,29080,70015696,10002,1,2,IL,USA,17,31,838200,0,0,41.870416,-87.675079,Census Tract 8382
7961,7961,29081,70015696,10003,1,3,IL,USA,17,31,838200,0,0,41.870416,-87.675079,Census Tract 8382
7962,7962,29082,70015696,20002,2,2,IL,USA,17,31,839100,0,0,41.880986,-87.63307,Census Tract 8391
7967,7967,29105,70015729,10000,-1,1,IL,USA,17,31,150600,0,1,41.949473,-87.771758,Census Tract 1506
7968,7968,29106,70015729,10002,1,2,IL,USA,17,31,81800,0,0,41.893324,-87.63919,Census Tract 818
7973,7973,29122,70015958,10000,-1,1,IL,USA,17,31,650301,0,1,41.774927,-87.729992,Census Tract 6503.01
7974,7974,29123,70015958,10002,1,2,IL,USA,17,31,839100,0,0,41.880986,-87.63307,Census Tract 8391
7975,7975,29124,70015958,20002,2,2,IL,USA,17,31,320600,0,0,41.870554,-87.616596,Census Tract 3206
7976,7976,29197,70015975,10000,-1,1,IL,USA,17,31,60200,0,1,41.957904,-87.671517,Census Tract 602
7977,7977,29198,70015975,10002,1,2,IL,USA,17,31,839100,0,0,41.880986,-87.63307,Census Tract 8391
7978,7978,29223,70015995,10000,-1,1,IL,USA,17,31,30706,0,1,41.980415,-87.650916,Census Tract 307.06
7979,7979,29224,70015995,10002,1,2,IL,USA,17,31,30706,0,0,41.980415,-87.650916,Census Tract 307.06
7982,7982,29242,70016033,10000,-1,1,IL,USA,17,31,221100,0,1,41.92102,-87.710361,Census Tract 2211
7983,7983,29243,70016033,10002,1,2,IL,USA,17,31,839100,0,0,41.880986,-87.63307,Census Tract 8391
7984,7984,29244,70016033,20002,2,2,IL,USA,17,31,320100,0,0,41.886447,-87.619467,Census Tract 3201
7985,7985,29263,70016072,10000,-1,1,IL,USA,17,31,840000,0,1,41.831171,-87.638298,Census Tract 8400
7986,7986,29264,70016072,10002,1,2,IL,USA,17,31,340300,0,0,41.842806,-87.635788,Census Tract 3403
7987,7987,29270,70016107,10000,-1,1,IL,USA,17,31,40401,0,1,41.972067,-87.686082,Census Tract 404.01
7988,7988,29271,70016107,10002,1,2,IL,USA,17,31,20301,0,0,42.006865,-87.705186,Census Tract 203.01
7991,7991,29283,70016185,10000,-1,1,IL,USA,17,31,837000,0,1,41.878323,-87.698674,Census Tract 8370
7992,7992,29284,70016185,10002,1,2,IL,USA,17,31,241400,0,0,41.906031,-87.675314,Census Tract 2414
7993,7993,29285,70016189,10000,-1,1,IL,USA,17,31,241300,0,1,41.906772,-87.681025,Census Tract 2413
7994,7994,29286,70016189,10002,1,2,IL,USA,17,31,839100,0,0,41.880986,-87.63307,Census Tract 8391
7995,7995,29287,70016189,20002,2,2,IL,USA,17,31,839100,0,0,41.880986,-87.63307,Census Tract 8391
8005,8005,29344,70016280,10000,-1,1,IL,USA,17,31,51300,0,1,41.935996,-87.67584,Census Tract 513
8006,8006,29345,70016280,20002,2,2,IL,USA,17,31,760801,0,0,41.983487,-87.84485,Census Tract 7608.01
8031,8031,29421,70016451,10000,-1,1,IL,USA,17,31,71200,0,1,41.921855,-87.646211,Census Tract 712
8032,8032,29422,70016451,10002,1,2,IL,USA,17,31,841900,0,0,41.868458,-87.642965,Census Tract 8419
8036,8036,29462,70016529,10000,-1,1,IL,USA,17,31,61902,0,1,41.946698,-87.639064,Census Tract 619.02
8037,8037,29463,70016529,10002,1,2,IL,USA,17,31,81700,0,0,41.892218,-87.631832,Census Tract 817
8041,8041,29467,70016627,10000,-1,1,IL,USA,17,31,221100,0,1,41.92102,-87.710361,Census Tract 2211
8042,8042,29468,70016627,10002,1,2,IL,USA,17,31,320400,0,0,41.875817,-87.617256,Census Tract 3204
8043,8043,29469,70016627,20002,2,2,IL,USA,17,31,841900,0,0,41.868458,-87.642965,Census Tract 8419
8044,8044,29470,70016627,30002,3,2,IL,USA,17,31,839100,0,0,41.880986,-87.63307,Census Tract 8391
8052,8052,29513,70016728,10000,-1,1,IL,USA,17,31,221200,0,1,41.921083,-87.70465,Census Tract 2212
8053,8053,29514,70016728,10002,1,2,IL,USA,17,31,839100,0,0,41.880986,-87.63307,Census Tract 8391
8054,8054,29533,70016808,10000,-1,1,IL,USA,17,31,242500,0,1,41.899446,-87.689319,Census Tract 2425
8055,8055,29534,70016808,10002,1,2,IL,USA,17,31,980000,0,0,41.979419,-87.902438,Census Tract 9800
8056,8056,29535,70016808,30003,3,3,IL,USA,17,31,243400,0,0,41.892558,-87.659848,Census Tract 2434
8057,8057,29536,70016808,40003,4,3,IL,USA,17,31,243400,0,0,41.892558,-87.659848,Census Tract 2434
8064,8064,29553,70016835,10000,-1,1,IL,USA,17,31,210501,0,1,41.937401,-87.72233,Census Tract 2105.01
8065,8065,29554,70016835,10003,1,3,IL,USA,17,31,81201,0,0,41.899154,-87.626212,Census Tract 812.01
8068,8068,29569,70017138,10000,-1,1,IL,USA,17,31,580501,0,1,41.819986,-87.699496,Census Tract 5805.01
8069,8069,29570,70017138,10002,1,2,IL,USA,17,31,320400,0,0,41.875817,-87.617256,Census Tract 3204
8070,8070,29572,70017298,10000,-1,1,IL,USA,17,31,60900,0,1,41.951517,-87.641778,Census Tract 609
8071,8071,29573,70017298,20003,2,3,IL,USA,17,31,320400,0,0,41.875817,-87.617256,Census Tract 3204
8082,8082,29601,70017593,10000,-1,1,IL,USA,17,31,31400,0,1,41.958448,-87.64241,Census Tract 314
8083,8083,29602,70017593,10002,1,2,IL,USA,17,31,831900,0,0,41.945169,-87.668791,Census Tract 8319
8084,8084,29603,70017593,10003,1,3,IL,USA,17,31,81401,0,0,41.895035,-87.619717,Census Tract 814.01
8085,8085,29604,70017593,20002,2,2,IL,USA,17,31,31400,0,0,41.958448,-87.64241,Census Tract 314
8092,8092,29660,70017687,10000,-1,1,IL,USA,17,31,242100,0,1,41.89967,-87.669838,Census Tract 2421
8093,8093,29661,70017687,10002,1,2,IL,USA,17,31,839100,0,0,41.880986,-87.63307,Census Tract 8391
8094,8094,29662,70017687,20002,2,2,IL,USA,17,31,81800,0,0,41.893324,-87.63919,Census Tract 818
8095,8095,29664,70017695,10000,-1,1,IL,USA,17,31,611500,0,1,41.805447,-87.678658,Census Tract 6115
8096,8096,29665,70017695,10002,1,2,IL,USA,17,31,841900,0,0,41.868458,-87.642965,Census Tract 8419
8100,8100,29677,70017775,10000,-1,1,IL,USA,17,31,70101,0,1,41.929522,-87.632325,Census Tract 701.01
8101,8101,29678,70017775,20002,2,2,IL,USA,17,31,839100,0,0,41.880986,-87.63307,Census Tract 8391
8102,8102,29694,70017893,10000,-1,1,IL,USA,17,31,843500,0,1,41.840983,-87.697566,Census Tract 8435
8103,8103,29695,70017893,10002,1,2,IL,USA,17,31,839100,0,0,41.880986,-87.63307,Census Tract 8391
8104,8104,29696,70017893,20002,2,2,IL,USA,17,31,310800,0,0,41.855934,-87.668574,Census Tract 3108
8109,8109,29742,70017913,10000,-1,1,IL,USA,17,31,252000,0,1,41.883676,-87.76988,Census Tract 2520
8110,8110,29743,70017913,10002,1,2,IL,USA,17,31,320100,0,0,41.886447,-87.619467,Census Tract 3201
8113,8113,29752,70017949,10000,-1,1,IL,USA,17,31,281900,0,1,41.878635,-87.642924,Census Tract 2819
8114,8114,29753,70017949,10002,1,2,IL,USA,17,31,280100,0,0,41.885452,-87.643498,Census Tract 2801
8115,8115,29776,70017977,10000,-1,1,IL,USA,17,31,63000,0,1,41.93631,-87.651562,Census Tract 630
8116,8116,29777,70017977,10002,1,2,IL,USA,17,31,280100,0,0,41.885452,-87.643498,Census Tract 2801
8117,8117,29778,70017977,20002,2,2,IL,USA,17,31,280100,0,0,41.885452,-87.643498,Census Tract 2801
8118,8118,29779,70017977,30003,3,3,IL,USA,17,31,70400,0,0,41.928967,-87.656156,Census Tract 704
8119,8119,29780,70018004,10000,-1,1,IL,USA,17,31,71100,0,1,41.921778,-87.651061,Census Tract 711
8120,8120,29781,70018004,10002,1,2,IL,USA,17,31,320400,0,0,41.875817,-87.617256,Census Tract 3204
8121,8121,29782,70018004,30003,3,3,IL,USA,17,31,71100,0,0,41.921778,-87.651061,Census Tract 711
8122,8122,29795,70018027,10000,-1,1,IL,USA,17,31,310600,0,1,41.856333,-87.659564,Census Tract 3106
8123,8123,29796,70018027,10002,1,2,IL,USA,17,31,838200,0,0,41.870416,-87.675079,Census Tract 8382
8124,8124,29797,70018027,20002,2,2,IL,USA,17,31,843300,0,0,41.863764,-87.69255,Census Tract 8433
8128,8128,29807,70018030,10000,-1,1,IL,USA,17,31,831900,0,1,41.945169,-87.668791,Census Tract 8319
8129,8129,29808,70018030,10002,1,2,IL,USA,17,31,839100,0,0,41.880986,-87.63307,Census Tract 8391
8130,8130,29855,70018031,10000,-1,1,IL,USA,17,31,220500,0,1,41.928396,-87.704911,Census Tract 2205
8131,8131,29856,70018031,10002,1,2,IL,USA,17,31,839100,0,0,41.880986,-87.63307,Census Tract 8391
8132,8132,29857,70018031,20002,2,2,IL,USA,17,31,842900,0,0,41.863139,-87.672937,Census Tract 8429
8144,8144,29890,70018043,10000,-1,1,IL,USA,17,31,61000,0,1,41.949221,-87.65197,Census Tract 610
8145,8145,29891,70018043,10002,1,2,IL,USA,17,31,81201,0,0,41.899154,-87.626212,Census Tract 812.01
8146,8146,29895,70018045,10000,-1,1,IL,USA,17,31,841200,0,1,41.855562,-87.683342,Census Tract 8412
8147,8147,29896,70018045,10002,1,2,IL,USA,17,31,20702,0,0,41.994126,-87.704894,Census Tract 207.02
8148,8148,29905,70018051,10000,-1,1,IL,USA,17,31,110100,0,1,41.987476,-87.769673,Census Tract 1101
8149,8149,29906,70018051,10002,1,2,IL,USA,17,31,836700,0,0,41.891704,-87.702175,Census Tract 8367
8150,8150,29907,70018051,30003,3,3,IL,USA,17,31,100100,0,0,41.989584,-87.783014,Census Tract 1001
8151,8151,29912,70018056,10000,-1,1,IL,USA,17,31,210700,0,1,41.935703,-87.70384,Census Tract 2107
8152,8152,29913,70018056,10002,1,2,IL,USA,17,31,320400,0,0,41.875817,-87.617256,Census Tract 3204
8153,8153,29914,70018056,10003,1,3,IL,USA,17,31,320400,0,0,41.875817,-87.617256,Census Tract 3204
8154,8154,29916,70018062,10000,-1,1,IL,USA,17,31,63200,0,1,41.938923,-87.634673,Census Tract 632
8155,8155,29917,70018062,10002,1,2,IL,USA,17,31,70300,0,0,41.929046,-87.65131,Census Tract 703
8156,8156,29918,70018062,10003,1,3,IL,USA,17,31,320400,0,0,41.875817,-87.617256,Census Tract 3204
8160,8160,29926,70018092,10000,-1,1,IL,USA,17,31,10300,0,1,42.015941,-87.666535,Census Tract 103
8161,8161,29927,70018092,10002,1,2,IL,USA,17,31,320400,0,0,41.875817,-87.617256,Census Tract 3204
8162,8162,29928,70018092,10003,1,3,IL,USA,17,31,320400,0,0,41.875817,-87.617256,Census Tract 3204
8163,8163,29929,70018092,20003,2,3,IL,USA,17,31,320400,0,0,41.875817,-87.617256,Census Tract 3204
8164,8164,29943,70018094,10000,-1,1,IL,USA,17,31,841100,0,1,41.851644,-87.635661,Census Tract 8411
8165,8165,29944,70018094,10002,1,2,IL,USA,17,31,839100,0,0,41.880986,-87.63307,Census Tract 8391
8168,8168,29952,70018107,10000,-1,1,IL,USA,17,31,740400,0,1,41.687239,-87.719316,Census Tract 7404
8169,8169,29953,70018107,10002,1,2,IL,USA,17,31,839100,0,0,41.880986,-87.63307,Census Tract 8391
8170,8170,29959,70018112,10000,-1,1,IL,USA,17,31,839800,0,1,41.835067,-87.643162,Census Tract 8398
8171,8171,29960,70018112,10002,1,2,IL,USA,17,31,490901,0,0,41.696058,-87.616268,Census Tract 4909.01
8172,8172,29961,70018112,20002,2,2,IL,USA,17,31,320600,0,0,41.870554,-87.616596,Census Tract 3206
8173,8173,29962,70018112,20003,2,3,IL,USA,17,31,839100,0,0,41.880986,-87.63307,Census Tract 8391
8180,8180,29997,70018119,10000,-1,1,IL,USA,17,31,840200,0,1,41.844648,-87.64921,Census Tract 8402
8181,8181,29998,70018119,10002,1,2,IL,USA,17,31,839100,0,0,41.880986,-87.63307,Census Tract 8391
8182,8182,29999,70018119,30002,3,2,IL,USA,17,31,841100,0,0,41.851644,-87.635661,Census Tract 8411
8189,8189,30040,70018140,10000,-1,1,IL,USA,17,31,560700,0,1,41.796463,-87.75752,Census Tract 5607
8190,8190,30041,70018140,10002,1,2,IL,USA,17,31,320600,0,0,41.870554,-87.616596,Census Tract 3206
8191,8191,30042,70018140,10003,1,3,IL,USA,17,31,839100,0,0,41.880986,-87.63307,Census Tract 8391
8192,8192,30046,70018141,10000,-1,1,IL,USA,17,31,220400,0,1,41.928431,-87.699968,Census Tract 2204
8193,8193,30047,70018141,10002,1,2,IL,USA,17,31,411200,0,0,41.790562,-87.594017,Census Tract 4112
8194,8194,30048,70018141,30003,3,3,IL,USA,17,31,411000,0,0,41.787227,-87.577462,Census Tract 4110
8195,8195,30051,70018147,10000,-1,1,IL,USA,17,31,570200,0,1,41.81438,-87.730718,Census Tract 5702
8196,8196,30052,70018147,40002,4,2,IL,USA,17,31,570100,0,0,41.8162,-87.718913,Census Tract 5701
8218,8218,30154,70018192,10000,-1,1,IL,USA,17,31,160300,0,1,41.957268,-87.730896,Census Tract 1603
8219,8219,30155,70018192,20002,2,2,IL,USA,17,31,240300,0,0,41.912369,-87.675068,Census Tract 2403
8225,8225,30168,70018197,10000,-1,1,IL,USA,17,31,410700,0,1,41.798049,-87.5942,Census Tract 4107
8226,8226,30169,70018197,10002,1,2,IL,USA,17,31,480100,0,0,41.735241,-87.575729,Census Tract 4801
8231,8231,30181,70018200,10000,-1,1,IL,USA,17,31,31700,0,1,41.965447,-87.663195,Census Tract 317
8232,8232,30182,70018200,10002,1,2,IL,USA,17,31,839100,0,0,41.880986,-87.63307,Census Tract 8391
8233,8233,30183,70018200,10003,1,3,IL,USA,17,31,320400,0,0,41.875817,-87.617256,Census Tract 3204
8234,8234,30184,70018200,20002,2,2,IL,USA,17,31,320400,0,0,41.875817,-87.617256,Census Tract 3204
8242,8242,30215,70018227,10000,-1,1,IL,USA,17,31,32100,0,1,41.958154,-87.653018,Census Tract 321
8243,8243,30216,70018227,10002,1,2,IL,USA,17,31,81800,0,0,41.893324,-87.63919,Census Tract 818
8244,8244,30219,70018232,10000,-1,1,IL,USA,17,31,32100,0,1,41.958154,-87.653018,Census Tract 321
8245,8245,30220,70018232,10002,1,2,IL,USA,17,31,839100,0,0,41.880986,-87.63307,Census Tract 8391
8246,8246,30221,70018232,20002,2,2,IL,USA,17,31,81401,0,0,41.895035,-87.619717,Census Tract 814.01
8247,8247,30240,70018233,10000,-1,1,IL,USA,17,31,50600,0,1,41.950548,-87.676182,Census Tract 506
8248,8248,30241,70018233,10002,1,2,IL,USA,17,31,839100,0,0,41.880986,-87.63307,Census Tract 8391
8249,8249,30242,70018233,20002,2,2,IL,USA,17,31,280100,0,0,41.885452,-87.643498,Census Tract 2801
8267,8267,30340,70018266,10000,-1,1,IL,USA,17,31,291600,0,1,41.857642,-87.692216,Census Tract 2916
8268,8268,30341,70018266,10003,1,3,IL,USA,17,31,841900,0,0,41.868458,-87.642965,Census Tract 8419
8269,8269,30375,70018268,10000,-1,1,IL,USA,17,31,832900,0,1,41.874181,-87.661901,Census Tract 8329
8270,8270,30376,70018268,10002,1,2,IL,USA,17,31,320400,0,0,41.875817,-87.617256,Census Tract 3204
8271,8271,30377,70018268,20003,2,3,IL,USA,17,31,320100,0,0,41.886447,-87.619467,Census Tract 3201
8280,8280,30425,70018271,10000,-1,1,IL,USA,17,31,62800,0,1,41.936159,-87.661265,Census Tract 628
8281,8281,30426,70018271,10002,1,2,IL,USA,17,31,842200,0,0,41.904728,-87.64922,Census Tract 8422
8295,8295,30468,70018285,10000,-1,1,IL,USA,17,31,70300,0,1,41.929046,-87.65131,Census Tract 703
8296,8296,30469,70018285,10002,1,2,IL,USA,17,31,320400,0,0,41.875817,-87.617256,Census Tract 3204
8302,8302,30486,70018300,10000,-1,1,IL,USA,17,31,160300,0,1,41.957268,-87.730896,Census Tract 1603
8303,8303,30487,70018300,10002,1,2,IL,USA,17,31,830900,0,0,41.928424,-87.684906,Census Tract 8309
8310,8310,30516,70018310,10000,-1,1,IL,USA,17,31,243000,0,1,41.892275,-87.679398,Census Tract 2430
8311,8311,30517,70018310,10002,1,2,IL,USA,17,31,281900,0,0,41.878635,-87.642924,Census Tract 2819
8312,8312,30521,70018311,10000,-1,1,IL,USA,17,31,660600,0,1,41.777287,-87.693341,Census Tract 6606
8313,8313,30522,70018311,10002,1,2,IL,USA,17,31,838100,0,0,41.878667,-87.671689,Census Tract 8381
8314,8314,30523,70018311,30003,3,3,IL,USA,17,31,320400,0,0,41.875817,-87.617256,Census Tract 3204
8315,8315,30524,70018311,40003,4,3,IL,USA,17,31,833100,0,0,41.879078,-87.657046,Census Tract 8331
8319,8319,30534,70018324,10000,-1,1,IL,USA,17,31,10600,0,1,42.006277,-87.667683,Census Tract 106
8320,8320,30535,70018324,10002,1,2,IL,USA,17,31,81800,0,0,41.893324,-87.63919,Census Tract 818
8323,8323,30553,70018337,10000,-1,1,IL,USA,17,31,60300,0,1,41.950605,-87.671333,Census Tract 603
8324,8324,30554,70018337,10002,1,2,IL,USA,17,31,839100,0,0,41.880986,-87.63307,Census Tract 8391
8325,8325,30555,70018337,20002,2,2,IL,USA,17,31,81201,0,0,41.899154,-87.626212,Census Tract 812.01
8326,8326,30559,70018377,10000,-1,1,IL,USA,17,31,30706,0,1,41.980415,-87.650916,Census Tract 307.06
8327,8327,30560,70018377,10002,1,2,IL,USA,17,31,81401,0,0,41.895035,-87.619717,Census Tract 814.01
8336,8336,30579,70018385,10000,-1,1,IL,USA,17,31,61901,0,1,41.943244,-87.643458,Census Tract 619.01
8337,8337,30580,70018385,10002,1,2,IL,USA,17,31,839100,0,0,41.880986,-87.63307,Census Tract 8391
8338,8338,30581,70018385,20002,2,2,IL,USA,17,31,320100,0,0,41.886447,-87.619467,Census Tract 3201
8345,8345,30597,70018396,10000,-1,1,IL,USA,17,31,410900,0,1,41.79671,-87.578094,Census Tract 4109
8346,8346,30598,70018396,10002,1,2,IL,USA,17,31,81401,0,0,41.895035,-87.619717,Census Tract 814.01
8347,8347,30599,70018396,20002,2,2,IL,USA,17,31,839100,0,0,41.880986,-87.63307,Census Tract 8391
8368,8368,30704,70018422,10000,-1,1,IL,USA,17,31,120200,0,1,41.994532,-87.757611,Census Tract 1202
8369,8369,30705,70018422,10002,1,2,IL,USA,17,31,31100,0,0,41.972668,-87.663866,Census Tract 311
8375,8375,30771,70018433,10000,-1,1,IL,USA,17,31,60300,0,1,41.950605,-87.671333,Census Tract 603
8376,8376,30772,70018433,10002,1,2,IL,USA,17,31,320400,0,0,41.875817,-87.617256,Census Tract 3204
8377,8377,30773,70018433,20002,2,2,IL,USA,17,31,81800,0,0,41.893324,-87.63919,Census Tract 818
8378,8378,30807,70018435,10000,-1,1,IL,USA,17,31,221400,0,1,41.920801,-87.694532,Census Tract 2214
8379,8379,30808,70018435,10002,1,2,IL,USA,17,31,838200,0,0,41.870416,-87.675079,Census Tract 8382
8388,8388,30847,70018459,10000,-1,1,IL,USA,17,31,61902,0,1,41.946698,-87.639064,Census Tract 619.02
8389,8389,30848,70018459,10002,1,2,IL,USA,17,31,320100,0,0,41.886447,-87.619467,Census Tract 3201
8390,8390,30849,70018459,20002,2,2,IL,USA,17,31,839100,0,0,41.880986,-87.63307,Census Tract 8391
8391,8391,30858,70018463,10000,-1,1,IL,USA,17,31,70102,0,1,41.930583,-87.642202,Census Tract 701.02
8392,8392,30859,70018463,10002,1,2,IL,USA,17,31,280100,0,0,41.885452,-87.643498,Census Tract 2801
8393,8393,30860,70018463,10003,1,3,IL,USA,17,31,71500,0,0,41.914242,-87.625092,Census Tract 715
8399,8399,30871,70018479,10000,-1,1,IL,USA,17,31,40900,0,1,41.963185,-87.683854,Census Tract 409
8400,8400,30872,70018479,20002,2,2,IL,USA,17,31,838200,0,0,41.870416,-87.675079,Census Tract 8382
8417,8417,30949,70018531,10000,-1,1,IL,USA,17,31,70400,0,1,41.928967,-87.656156,Census Tract 704
8418,8418,30950,70018531,10002,1,2,IL,USA,17,31,320100,0,0,41.886447,-87.619467,Census Tract 3201
8419,8419,30951,70018531,20002,2,2,IL,USA,17,31,839100,0,0,41.880986,-87.63307,Census Tract 8391
8420,8420,30954,70018534,10000,-1,1,IL,USA,17,31,381200,0,1,41.808511,-87.613999,Census Tract 3812
8421,8421,30955,70018534,10002,1,2,IL,USA,17,31,980000,0,0,41.979419,-87.902438,Census Tract 9800
8422,8422,30974,70018559,10000,-1,1,IL,USA,17,31,241600,0,1,41.90671,-87.665328,Census Tract 2416
8423,8423,30975,70018559,10002,1,2,IL,USA,17,31,839100,0,0,41.880986,-87.63307,Census Tract 8391
8424,8424,30997,70018564,10000,-1,1,IL,USA,17,31,839500,0,1,41.834098,-87.619292,Census Tract 8395
8425,8425,30998,70018564,10002,1,2,IL,USA,17,31,842000,0,0,41.83496,-87.62517,Census Tract 8420
8426,8426,30999,70018564,10003,1,3,IL,USA,17,31,842000,0,0,41.83496,-87.62517,Census Tract 8420
8427,8427,31007,70018567,10000,-1,1,IL,USA,17,31,10300,0,1,42.015941,-87.666535,Census Tract 103
8428,8428,31008,70018567,10003,1,3,IL,USA,17,31,81201,0,0,41.899154,-87.626212,Census Tract 812.01
8429,8429,31020,70018573,10000,-1,1,IL,USA,17,31,243000,0,1,41.892275,-87.679398,Census Tract 2430
8430,8430,31021,70018573,20002,2,2,IL,USA,17,31,81401,0,0,41.895035,-87.619717,Census Tract 814.01
8442,8442,31049,70018599,10000,-1,1,IL,USA,17,31,30706,0,1,41.980415,-87.650916,Census Tract 307.06
8443,8443,31050,70018599,10002,1,2,IL,USA,17,31,281900,0,0,41.878635,-87.642924,Census Tract 2819
8449,8449,31102,70018614,10000,-1,1,IL,USA,17,31,160300,0,1,41.957268,-87.730896,Census Tract 1603
8450,8450,31103,70018614,10002,1,2,IL,USA,17,31,839100,0,0,41.880986,-87.63307,Census Tract 8391
8451,8451,31108,70018615,10000,-1,1,IL,USA,17,31,281900,0,1,41.878635,-87.642924,Census Tract 2819
8452,8452,31109,70018615,10002,1,2,IL,USA,17,31,838200,0,0,41.870416,-87.675079,Census Tract 8382
8456,8456,31124,70018620,10000,-1,1,IL,USA,17,31,330100,0,1,41.859295,-87.615523,Census Tract 3301
8457,8457,31125,70018620,10002,1,2,IL,USA,17,31,838200,0,0,41.870416,-87.675079,Census Tract 8382
8458,8458,31126,70018620,20002,2,2,IL,USA,17,31,242400,0,0,41.899422,-87.68449,Census Tract 2424
8466,8466,31147,70018634,10000,-1,1,IL,USA,17,31,590700,0,1,41.826054,-87.662789,Census Tract 5907
8467,8467,31148,70018634,10002,1,2,IL,USA,17,31,838100,0,0,41.878667,-87.671689,Census Tract 8381
8502,8502,31337,70018669,10000,-1,1,IL,USA,17,31,242000,0,1,41.899737,-87.664954,Census Tract 2420
8503,8503,31338,70018669,10002,1,2,IL,USA,17,31,839100,0,0,41.880986,-87.63307,Census Tract 8391
8504,8504,31339,70018669,20002,2,2,IL,USA,17,31,833100,0,0,41.879078,-87.657046,Census Tract 8331
8505,8505,31346,70018671,10000,-1,1,IL,USA,17,31,62200,0,1,41.942585,-87.656644,Census Tract 622
8506,8506,31347,70018671,10002,1,2,IL,USA,17,31,841900,0,0,41.868458,-87.642965,Census Tract 8419
8507,8507,31348,70018671,20002,2,2,IL,USA,17,31,839100,0,0,41.880986,-87.63307,Census Tract 8391
8508,8508,31349,70018671,30002,3,2,IL,USA,17,31,81201,0,0,41.899154,-87.626212,Census Tract 812.01
8511,8511,31370,70018682,10000,-1,1,IL,USA,17,31,70103,0,1,41.926811,-87.642605,Census Tract 701.03
8512,8512,31371,70018682,10002,1,2,IL,USA,17,31,81401,0,0,41.895035,-87.619717,Census Tract 814.01
8523,8523,31405,70018723,10000,-1,1,IL,USA,17,31,310600,0,1,41.856333,-87.659564,Census Tract 3106
8524,8524,31406,70018723,10002,1,2,IL,USA,17,31,281900,0,0,41.878635,-87.642924,Census Tract 2819
8525,8525,31426,70018737,10000,-1,1,IL,USA,17,31,831800,0,1,41.978233,-87.716453,Census Tract 8318
8526,8526,31427,70018737,10002,1,2,IL,USA,17,31,831800,0,0,41.978233,-87.716453,Census Tract 8318
8527,8527,31428,70018737,20002,2,2,IL,USA,17,31,831800,0,0,41.978233,-87.716453,Census Tract 8318
8528,8528,31441,70018739,10000,-1,1,IL,USA,17,31,70102,0,1,41.930583,-87.642202,Census Tract 701.02
8529,8529,31442,70018739,10002,1,2,IL,USA,17,31,70102,0,0,41.930583,-87.642202,Census Tract 701.02
8530,8530,31443,70018739,20002,2,2,IL,USA,17,31,836200,0,0,41.790469,-87.601285,Census Tract 8362
8535,8535,31463,70018779,10000,-1,1,IL,USA,17,31,240700,0,1,41.912088,-87.694599,Census Tract 2407
8536,8536,31464,70018779,20002,2,2,IL,USA,17,31,81403,0,0,41.892991,-87.620956,Census Tract 814.03
8537,8537,31471,70018801,10000,-1,1,IL,USA,17,31,30703,0,1,41.978875,-87.657871,Census Tract 307.03
8538,8538,31472,70018801,10002,1,2,IL,USA,17,31,60200,0,0,41.957904,-87.671517,Census Tract 602
8539,8539,31480,70018811,10000,-1,1,IL,USA,17,31,31700,0,1,41.965447,-87.663195,Census Tract 317
8540,8540,31481,70018811,20002,2,2,IL,USA,17,31,81401,0,0,41.895035,-87.619717,Census Tract 814.01
8541,8541,31494,70018823,10000,-1,1,IL,USA,17,31,410500,0,1,41.797831,-87.603742,Census Tract 4105
8542,8542,31495,70018823,10002,1,2,IL,USA,17,31,836200,0,0,41.790469,-87.601285,Census Tract 8362
8543,8543,31496,70018823,20002,2,2,IL,USA,17,31,833300,0,0,41.871694,-87.654124,Census Tract 8333
8556,8556,31557,70018837,10000,-1,1,IL,USA,17,31,340500,0,1,41.834518,-87.632917,Census Tract 3405
8557,8557,31558,70018837,10002,1,2,IL,USA,17,31,839100,0,0,41.880986,-87.63307,Census Tract 8391
8569,8569,31586,70018856,10000,-1,1,IL,USA,17,31,243300,0,1,41.892478,-87.664739,Census Tract 2433
8570,8570,31587,70018856,10002,1,2,IL,USA,17,31,838100,0,0,41.878667,-87.671689,Census Tract 8381
8571,8571,31589,70018857,10000,-1,1,IL,USA,17,31,390100,0,1,41.813554,-87.590545,Census Tract 3901
8572,8572,31590,70018857,20002,2,2,IL,USA,17,31,81403,0,0,41.892991,-87.620956,Census Tract 814.03
8573,8573,31610,70018860,10000,-1,1,IL,USA,17,31,70101,0,1,41.929522,-87.632325,Census Tract 701.01
8574,8574,31611,70018860,10002,1,2,IL,USA,17,31,839100,0,0,41.880986,-87.63307,Census Tract 8391
8575,8575,31623,70018862,10000,-1,1,IL,USA,17,31,210501,0,1,41.937401,-87.72233,Census Tract 2105.01
8576,8576,31624,70018862,10002,1,2,IL,USA,17,31,170100,0,0,41.95586,-87.794817,Census Tract 1701
8581,8581,31655,70018874,10000,-1,1,IL,USA,17,31,220702,0,1,41.929369,-87.724231,Census Tract 2207.02
8582,8582,31656,70018874,10002,1,2,IL,USA,17,31,30604,0,0,41.985871,-87.652455,Census Tract 306.04
8583,8583,31657,70018874,20002,2,2,IL,USA,17,31,832200,0,0,41.920482,-87.679976,Census Tract 8322
8587,8587,31671,70018882,10000,-1,1,IL,USA,17,31,80400,0,1,41.907412,-87.640902,Census Tract 804
8588,8588,31672,70018882,10002,1,2,IL,USA,17,31,839100,0,0,41.880986,-87.63307,Census Tract 8391
8589,8589,31678,70018886,10000,-1,1,IL,USA,17,31,220400,0,1,41.928431,-87.699968,Census Tract 2204
8590,8590,31679,70018886,20002,2,2,IL,USA,17,31,81800,0,0,41.893324,-87.63919,Census Tract 818
8591,8591,31680,70018886,30003,3,3,IL,USA,17,31,220300,0,0,41.928465,-87.695086,Census Tract 2203
8592,8592,31681,70018886,40003,4,3,IL,USA,17,31,210601,0,0,41.937636,-87.712214,Census Tract 2106.01
8593,8593,31683,70018905,10000,-1,1,IL,USA,17,31,221600,0,1,41.921246,-87.685098,Census Tract 2216
8594,8594,31684,70018905,10003,1,3,IL,USA,17,31,838200,0,0,41.870416,-87.675079,Census Tract 8382
8595,8595,31685,70018905,30002,3,2,IL,USA,17,31,81401,0,0,41.895035,-87.619717,Census Tract 814.01
8596,8596,31711,70018915,10000,-1,1,IL,USA,17,31,540101,0,1,41.65072,-87.599369,Census Tract 5401.01
8597,8597,31712,70018915,10002,1,2,IL,USA,17,31,500200,0,0,41.700855,-87.600309,Census Tract 5002
8603,8603,31733,70018925,10000,-1,1,IL,USA,17,31,241400,0,1,41.906031,-87.675314,Census Tract 2414
8604,8604,31734,70018925,10002,1,2,IL,USA,17,31,839100,0,0,41.880986,-87.63307,Census Tract 8391
8605,8605,31768,70018940,10000,-1,1,IL,USA,17,31,283100,0,1,41.869274,-87.664046,Census Tract 2831
8606,8606,31769,70018940,10002,1,2,IL,USA,17,31,839100,0,0,41.880986,-87.63307,Census Tract 8391
8607,8607,31772,70018955,10000,-1,1,IL,USA,17,31,841100,0,1,41.851644,-87.635661,Census Tract 8411
8608,8608,31773,70018955,10002,1,2,IL,USA,17,31,839100,0,0,41.880986,-87.63307,Census Tract 8391
8625,8625,31849,70019035,10000,-1,1,IL,USA,17,31,80300,0,1,41.90749,-87.635799,Census Tract 803
8626,8626,31850,70019035,10002,1,2,IL,USA,17,31,320100,0,0,41.886447,-87.619467,Census Tract 3201
8627,8627,31853,70019050,10000,-1,1,IL,USA,17,31,330100,0,1,41.859295,-87.615523,Census Tract 3301
8628,8628,31854,70019050,10002,1,2,IL,USA,17,31,280100,0,0,41.885452,-87.643498,Census Tract 2801
8629,8629,31855,70019050,20002,2,2,IL,USA,17,31,838800,0,0,41.683404,-87.574061,Census Tract 8388
8630,8630,31884,70019059,10000,-1,1,IL,USA,17,31,31900,0,1,41.963374,-87.670184,Census Tract 319
8631,8631,31885,70019059,10002,1,2,IL,USA,17,31,839100,0,0,41.880986,-87.63307,Census Tract 8391
8632,8632,31886,70019059,20002,2,2,IL,USA,17,31,60300,0,0,41.950605,-87.671333,Census Tract 603
8636,8636,31893,70019070,10000,-1,1,IL,USA,17,31,30500,0,1,41.987226,-87.664936,Census Tract 305
8637,8637,31894,70019070,10002,1,2,IL,USA,17,31,81401,0,0,41.895035,-87.619717,Census Tract 814.01
8638,8638,31895,70019070,10003,1,3,IL,USA,17,31,81401,0,0,41.895035,-87.619717,Census Tract 814.01
8641,8641,31900,70019080,10000,-1,1,IL,USA,17,31,430500,0,1,41.764314,-87.58127,Census Tract 4305
8642,8642,31901,70019080,10002,1,2,IL,USA,17,31,320400,0,0,41.875817,-87.617256,Census Tract 3204
8652,8652,31938,70019094,10000,-1,1,IL,USA,17,31,242100,0,1,41.89967,-87.669838,Census Tract 2421
8653,8653,31939,70019094,10002,1,2,IL,USA,17,31,81500,0,0,41.892906,-87.626079,Census Tract 815
8654,8654,31947,70019096,10000,-1,1,IL,USA,17,31,243000,0,1,41.892275,-87.679398,Census Tract 2430
8655,8655,31948,70019096,10002,1,2,IL,USA,17,31,630300,0,0,41.798862,-87.708638,Census Tract 6303
8656,8656,31949,70019096,10003,1,3,IL,USA,17,31,831100,0,0,41.942856,-87.717496,Census Tract 8311
8657,8657,31981,70019132,10000,-1,1,IL,USA,17,31,80300,0,1,41.90749,-87.635799,Census Tract 803
8658,8658,31982,70019132,10002,1,2,IL,USA,17,31,839100,0,0,41.880986,-87.63307,Census Tract 8391
8663,8663,32012,70019155,10000,-1,1,IL,USA,17,31,590700,0,1,41.826054,-87.662789,Census Tract 5907
8664,8664,32013,70019155,10003,1,3,IL,USA,17,31,839100,0,0,41.880986,-87.63307,Census Tract 8391
8665,8665,32014,70019155,20002,2,2,IL,USA,17,31,320400,0,0,41.875817,-87.617256,Census Tract 3204
8668,8668,32029,70019159,10000,-1,1,IL,USA,17,31,210602,0,1,41.934163,-87.712572,Census Tract 2106.02
8669,8669,32030,70019159,10002,1,2,IL,USA,17,31,281900,0,0,41.878635,-87.642924,Census Tract 2819
8670,8670,32081,70019167,10000,-1,1,IL,USA,17,31,10600,0,1,42.006277,-87.667683,Census Tract 106
8671,8671,32082,70019167,10002,1,2,IL,USA,17,31,839100,0,0,41.880986,-87.63307,Census Tract 8391
8672,8672,32083,70019167,20002,2,2,IL,USA,17,31,320100,0,0,41.886447,-87.619467,Census Tract 3201
8673,8673,32092,70019168,10000,-1,1,IL,USA,17,31,831100,0,1,41.942856,-87.717496,Census Tract 8311
8674,8674,32093,70019168,10002,1,2,IL,USA,17,31,81401,0,0,41.895035,-87.619717,Census Tract 814.01
8675,8675,32128,70019170,10000,-1,1,IL,USA,17,31,63303,0,1,41.934731,-87.634661,Census Tract 633.03
8676,8676,32129,70019170,10002,1,2,IL,USA,17,31,839100,0,0,41.880986,-87.63307,Census Tract 8391
8687,8687,32160,70019192,10000,-1,1,IL,USA,17,31,530200,0,1,41.681561,-87.632395,Census Tract 5302
8688,8688,32161,70019192,10002,1,2,IL,USA,17,31,320100,0,0,41.886447,-87.619467,Census Tract 3201
8689,8689,32168,70019198,10000,-1,1,IL,USA,17,31,210601,0,1,41.937636,-87.712214,Census Tract 2106.01
8690,8690,32169,70019198,10002,1,2,IL,USA,17,31,330100,0,0,41.859295,-87.615523,Census Tract 3301
8691,8691,32170,70019198,20002,2,2,IL,USA,17,31,839100,0,0,41.880986,-87.63307,Census Tract 8391
8692,8692,32171,70019198,30003,3,3,IL,USA,17,31,831900,0,0,41.945169,-87.668791,Census Tract 8319
8693,8693,32178,70019207,10000,-1,1,IL,USA,17,31,81300,0,1,41.898335,-87.620753,Census Tract 813
8694,8694,32179,70019207,10002,1,2,IL,USA,17,31,81201,0,0,41.899154,-87.626212,Census Tract 812.01
8695,8695,32192,70019209,10000,-1,1,IL,USA,17,31,242000,0,1,41.899737,-87.664954,Census Tract 2420
8696,8696,32193,70019209,10002,1,2,IL,USA,17,31,839100,0,0,41.880986,-87.63307,Census Tract 8391
8697,8697,32196,70019219,10000,-1,1,IL,USA,17,31,832100,0,1,41.952821,-87.653241,Census Tract 8321
8698,8698,32197,70019219,10002,1,2,IL,USA,17,31,81201,0,0,41.899154,-87.626212,Census Tract 812.01
8699,8699,32198,70019219,20002,2,2,IL,USA,17,31,839100,0,0,41.880986,-87.63307,Census Tract 8391
8702,8702,32216,70019244,10000,-1,1,IL,USA,17,31,230900,0,1,41.906692,-87.71035,Census Tract 2309
8703,8703,32217,70019244,10002,1,2,IL,USA,17,31,320100,0,0,41.886447,-87.619467,Census Tract 3201
8704,8704,32220,70019253,10000,-1,1,IL,USA,17,31,51400,0,1,41.935442,-87.680959,Census Tract 514
8705,8705,32221,70019253,20002,2,2,IL,USA,17,31,839100,0,0,41.880986,-87.63307,Census Tract 8391
8708,8708,32233,70019291,10000,-1,1,IL,USA,17,31,221100,0,1,41.92102,-87.710361,Census Tract 2211
8709,8709,32234,70019291,10002,1,2,IL,USA,17,31,839100,0,0,41.880986,-87.63307,Census Tract 8391
8713,8713,32241,70019300,10000,-1,1,IL,USA,17,31,90200,0,1,42.005594,-87.813096,Census Tract 902
8714,8714,32242,70019300,10002,1,2,IL,USA,17,31,90200,0,0,42.005594,-87.813096,Census Tract 902
8719,8719,32252,70019312,10000,-1,1,IL,USA,17,31,50200,0,1,41.95774,-87.683717,Census Tract 502
8720,8720,32253,70019312,10002,1,2,IL,USA,17,31,839100,0,0,41.880986,-87.63307,Census Tract 8391
8721,8721,32254,70019312,20002,2,2,IL,USA,17,31,81800,0,0,41.893324,-87.63919,Census Tract 818
8722,8722,32255,70019312,30003,3,3,IL,USA,17,31,62500,0,0,41.941488,-87.671107,Census Tract 625
8727,8727,32308,70019321,10000,-1,1,IL,USA,17,31,40100,0,1,41.985622,-87.682886,Census Tract 401
8728,8728,32309,70019321,10002,1,2,IL,USA,17,31,420200,0,0,41.783468,-87.593521,Census Tract 4202
8732,8732,32317,70019360,10000,-1,1,IL,USA,17,31,241400,0,1,41.906031,-87.675314,Census Tract 2414
8733,8733,32318,70019360,20003,2,3,IL,USA,17,31,836200,0,0,41.790469,-87.601285,Census Tract 8362
8734,8734,32336,70019361,10000,-1,1,IL,USA,17,31,81100,0,1,41.900221,-87.629105,Census Tract 811
8735,8735,32337,70019361,10002,1,2,IL,USA,17,31,81403,0,0,41.892991,-87.620956,Census Tract 814.03
8736,8736,32338,70019361,20002,2,2,IL,USA,17,31,63000,0,0,41.93631,-87.651562,Census Tract 630
8739,8739,32350,70019367,10000,-1,1,IL,USA,17,31,110400,0,1,41.972954,-87.772611,Census Tract 1104
8740,8740,32351,70019367,10002,1,2,IL,USA,17,31,150800,0,0,41.949709,-87.752118,Census Tract 1508
8741,8741,32352,70019367,10003,1,3,IL,USA,17,31,170100,0,0,41.95586,-87.794817,Census Tract 1701
8749,8749,32363,70019371,10000,-1,1,IL,USA,17,31,242600,0,1,41.90056,-87.694197,Census Tract 2426
8750,8750,32364,70019371,10002,1,2,IL,USA,17,31,70200,0,0,41.929078,-87.646293,Census Tract 702
8751,8751,32365,70019371,20002,2,2,IL,USA,17,31,81800,0,0,41.893324,-87.63919,Census Tract 818
8752,8752,32367,70019372,10000,-1,1,IL,USA,17,31,210602,0,1,41.934163,-87.712572,Census Tract 2106.02
8753,8753,32368,70019372,10002,1,2,IL,USA,17,31,320100,0,0,41.886447,-87.619467,Census Tract 3201
8754,8754,32369,70019372,20002,2,2,IL,USA,17,31,320400,0,0,41.875817,-87.617256,Census Tract 3204
8755,8755,32370,70019372,30003,3,3,IL,USA,17,31,210602,0,0,41.934163,-87.712572,Census Tract 2106.02
8756,8756,32371,70019372,40003,4,3,IL,USA,17,31,210602,0,0,41.934163,-87.712572,Census Tract 2106.02
8757,8757,32376,70019374,10000,-1,1,IL,USA,17,31,10201,0,1,42.016008,-87.680148,Census Tract 102.01
8758,8758,32377,70019374,10002,1,2,IL,USA,17,31,842200,0,0,41.904728,-87.64922,Census Tract 8422
8759,8759,32378,70019379,10000,-1,1,IL,USA,17,31,10201,0,1,42.016008,-87.680148,Census Tract 102.01
8760,8760,32379,70019379,10002,1,2,IL,USA,17,31,130200,0,0,41.981838,-87.737573,Census Tract 1302
8761,8761,32380,70019379,20002,2,2,IL,USA,17,31,130200,0,0,41.981838,-87.737573,Census Tract 1302
8762,8762,32381,70019380,10000,-1,1,IL,USA,17,31,10400,0,1,42.006411,-87.658816,Census Tract 104
8763,8763,32382,70019380,10002,1,2,IL,USA,17,31,130200,0,0,41.981838,-87.737573,Census Tract 1302
8764,8764,32383,70019380,20002,2,2,IL,USA,17,31,832500,0,0,41.92223,-87.664796,Census Tract 8325
8765,8765,32384,70019380,20003,2,3,IL,USA,17,31,320400,0,0,41.875817,-87.617256,Census Tract 3204
8766,8766,32395,70019383,10000,-1,1,IL,USA,17,31,221200,0,1,41.921083,-87.70465,Census Tract 2212
8767,8767,32396,70019383,10002,1,2,IL,USA,17,31,280100,0,0,41.885452,-87.643498,Census Tract 2801
8768,8768,32398,70019388,10000,-1,1,IL,USA,17,31,830800,0,1,41.965141,-87.676577,Census Tract 8308
8769,8769,32399,70019388,10002,1,2,IL,USA,17,31,81600,0,0,41.892057,-87.628871,Census Tract 816
8770,8770,32402,70019390,10000,-1,1,IL,USA,17,31,31000,0,1,41.972437,-87.671109,Census Tract 310
8771,8771,32403,70019390,10002,1,2,IL,USA,17,31,320100,0,0,41.886447,-87.619467,Census Tract 3201
8772,8772,32406,70019392,10000,-1,1,IL,USA,17,31,650200,0,1,41.782222,-87.730225,Census Tract 6502
8773,8773,32407,70019392,10002,1,2,IL,USA,17,31,842600,0,0,41.816219,-87.651695,Census Tract 8426
8774,8774,32408,70019392,20003,2,3,IL,USA,17,31,650500,0,0,41.762219,-87.732035,Census Tract 6505
8775,8775,32409,70019392,30002,3,2,IL,USA,17,31,320100,0,0,41.886447,-87.619467,Census Tract 3201
8776,8776,32410,70019392,40002,4,2,IL,USA,17,31,81300,0,0,41.898335,-87.620753,Census Tract 813
8777,8777,32411,70019392,40003,4,3,IL,USA,17,31,841900,0,0,41.868458,-87.642965,Census Tract 8419
8778,8778,32412,70019392,50003,5,3,IL,USA,17,31,570200,0,0,41.81438,-87.730718,Census Tract 5702
8779,8779,32413,70019392,60003,6,3,IL,USA,17,31,570200,0,0,41.81438,-87.730718,Census Tract 5702
8784,8784,32419,70019398,10000,-1,1,IL,USA,17,31,310600,0,1,41.856333,-87.659564,Census Tract 3106
8785,8785,32420,70019398,10002,1,2,IL,USA,17,31,833100,0,0,41.879078,-87.657046,Census Tract 8331
8786,8786,32421,70019398,20002,2,2,IL,USA,17,31,841900,0,0,41.868458,-87.642965,Census Tract 8419
8787,8787,32422,70019398,20003,2,3,IL,USA,17,31,833300,0,0,41.871694,-87.654124,Census Tract 8333
8788,8788,32483,70019406,10000,-1,1,IL,USA,17,31,281900,0,1,41.878635,-87.642924,Census Tract 2819
8789,8789,32484,70019406,10002,1,2,IL,USA,17,31,243500,0,0,41.892654,-87.652517,Census Tract 2435
8803,8803,32531,70019440,10000,-1,1,IL,USA,17,31,63200,0,1,41.938923,-87.634673,Census Tract 632
8804,8804,32532,70019440,10002,1,2,IL,USA,17,31,980000,0,0,41.979419,-87.902438,Census Tract 9800
8805,8805,32533,70019440,20002,2,2,IL,USA,17,31,20100,0,0,42.015721,-87.687117,Census Tract 201
8808,8808,32556,70019444,10000,-1,1,IL,USA,17,31,81000,0,1,41.900266,-87.632109,Census Tract 810
8809,8809,32557,70019444,10003,1,3,IL,USA,17,31,841900,0,0,41.868458,-87.642965,Census Tract 8419
8810,8810,32568,70019451,10000,-1,1,IL,USA,17,31,630900,0,1,41.789811,-87.708366,Census Tract 6309
8811,8811,32569,70019451,10002,1,2,IL,USA,17,31,650500,0,0,41.762219,-87.732035,Census Tract 6505
8812,8812,32570,70019459,10000,-1,1,IL,USA,17,31,160400,0,1,41.957366,-87.722824,Census Tract 1604
8813,8813,32571,70019459,10002,1,2,IL,USA,17,31,281900,0,0,41.878635,-87.642924,Census Tract 2819
8814,8814,32572,70019459,20002,2,2,IL,USA,17,31,220602,0,0,41.929327,-87.711981,Census Tract 2206.02
8818,8818,32620,70019483,10000,-1,1,IL,USA,17,31,650500,0,1,41.762219,-87.732035,Census Tract 6505
8819,8819,32621,70019483,10002,1,2,IL,USA,17,31,839100,0,0,41.880986,-87.63307,Census Tract 8391
8820,8820,32653,70019491,10000,-1,1,IL,USA,17,31,30103,0,1,41.995524,-87.655153,Census Tract 301.03
8821,8821,32654,70019491,10002,1,2,IL,USA,17,31,320600,0,0,41.870554,-87.616596,Census Tract 3206
8822,8822,32661,70019501,10000,-1,1,IL,USA,17,31,242400,0,1,41.899422,-87.68449,Census Tract 2424
8823,8823,32662,70019501,10002,1,2,IL,USA,17,31,280100,0,0,41.885452,-87.643498,Census Tract 2801
8824,8824,32688,70019502,10000,-1,1,IL,USA,17,31,839000,0,1,41.869903,-87.631213,Census Tract 8390
8825,8825,32689,70019502,20002,2,2,IL,USA,17,31,280100,0,0,41.885452,-87.643498,Census Tract 2801
8826,8826,32691,70019503,10000,-1,1,IL,USA,17,31,62500,0,1,41.941488,-87.671107,Census Tract 625
8827,8827,32692,70019503,10002,1,2,IL,USA,17,31,833000,0,0,41.885286,-87.657249,Census Tract 8330
8830,8830,32717,70019518,10000,-1,1,IL,USA,17,31,222700,0,1,41.915501,-87.710206,Census Tract 2227
8831,8831,32718,70019518,10002,1,2,IL,USA,17,31,839100,0,0,41.880986,-87.63307,Census Tract 8391
8832,8832,32725,70019521,10000,-1,1,IL,USA,17,31,30400,0,1,41.986952,-87.672079,Census Tract 304
8833,8833,32726,70019521,10002,1,2,IL,USA,17,31,839100,0,0,41.880986,-87.63307,Census Tract 8391
8841,8841,32771,70019551,10000,-1,1,IL,USA,17,31,62400,0,1,41.941556,-87.666288,Census Tract 624
8842,8842,32772,70019551,10002,1,2,IL,USA,17,31,280100,0,0,41.885452,-87.643498,Census Tract 2801
8843,8843,32777,70019553,10000,-1,1,IL,USA,17,31,140702,0,1,41.963548,-87.713575,Census Tract 1407.02
8844,8844,32778,70019553,10002,1,2,IL,USA,17,31,320400,0,0,41.875817,-87.617256,Census Tract 3204
8845,8845,32779,70019553,30003,3,3,IL,USA,17,31,62200,0,0,41.942585,-87.656644,Census Tract 622
8849,8849,32793,70019556,10000,-1,1,IL,USA,17,31,221000,0,1,41.92096,-87.715253,Census Tract 2210
8850,8850,32794,70019556,10002,1,2,IL,USA,17,31,838200,0,0,41.870416,-87.675079,Census Tract 8382
8851,8851,32795,70019556,10003,1,3,IL,USA,17,31,841900,0,0,41.868458,-87.642965,Census Tract 8419
8852,8852,32796,70019556,20002,2,2,IL,USA,17,31,81800,0,0,41.893324,-87.63919,Census Tract 818
8853,8853,32798,70019559,10000,-1,1,IL,USA,17,31,150200,0,1,41.960675,-87.752413,Census Tract 1502
8854,8854,32799,70019559,10002,1,2,IL,USA,17,31,839100,0,0,41.880986,-87.63307,Census Tract 8391
8855,8855,32800,70019559,20003,2,3,IL,USA,17,31,110502,0,0,41.970286,-87.759852,Census Tract 1105.02
8856,8856,32801,70019559,30003,3,3,IL,USA,17,31,110502,0,0,41.970286,-87.759852,Census Tract 1105.02
8857,8857,32825,70019562,10000,-1,1,IL,USA,17,31,230900,0,1,41.906692,-87.71035,Census Tract 2309
8858,8858,32826,70019562,10002,1,2,IL,USA,17,31,280100,0,0,41.885452,-87.643498,Census Tract 2801
8861,8861,32832,70019569,10000,-1,1,IL,USA,17,31,410900,0,1,41.79671,-87.578094,Census Tract 4109
8862,8862,32833,70019569,10003,1,3,IL,USA,17,31,836200,0,0,41.790469,-87.601285,Census Tract 8362
8870,8870,32860,70019580,10000,-1,1,IL,USA,17,31,842200,0,1,41.904728,-87.64922,Census Tract 8422
8871,8871,32861,70019580,10002,1,2,IL,USA,17,31,839100,0,0,41.880986,-87.63307,Census Tract 8391
8872,8872,32862,70019580,20002,2,2,IL,USA,17,31,842200,0,0,41.904728,-87.64922,Census Tract 8422
8873,8873,32863,70019580,30003,3,3,IL,USA,17,31,842200,0,0,41.904728,-87.64922,Census Tract 8422
8874,8874,32864,70019581,10000,-1,1,IL,USA,17,31,301801,0,1,41.84166,-87.735051,Census Tract 3018.01
8875,8875,32865,70019581,10002,1,2,IL,USA,17,31,81300,0,0,41.898335,-87.620753,Census Tract 813
8876,8876,32866,70019581,10003,1,3,IL,USA,17,31,81300,0,0,41.898335,-87.620753,Census Tract 813
8877,8877,32867,70019581,20003,2,3,IL,USA,17,31,838000,0,0,41.877367,-87.680652,Census Tract 8380
8880,8880,32885,70019583,10000,-1,1,IL,USA,17,31,230900,0,1,41.906692,-87.71035,Census Tract 2309
8881,8881,32886,70019583,10002,1,2,IL,USA,17,31,60200,0,0,41.957904,-87.671517,Census Tract 602
8882,8882,32887,70019583,20002,2,2,IL,USA,17,31,220400,0,0,41.928431,-87.699968,Census Tract 2204
8883,8883,32888,70019583,30002,3,2,IL,USA,17,31,320400,0,0,41.875817,-87.617256,Census Tract 3204
8887,8887,32905,70019591,10000,-1,1,IL,USA,17,31,241400,0,1,41.906031,-87.675314,Census Tract 2414
8888,8888,32906,70019591,10002,1,2,IL,USA,17,31,281900,0,0,41.878635,-87.642924,Census Tract 2819
8889,8889,32907,70019591,20002,2,2,IL,USA,17,31,842200,0,0,41.904728,-87.64922,Census Tract 8422
8890,8890,32920,70019592,10000,-1,1,IL,USA,17,31,839800,0,1,41.835067,-87.643162,Census Tract 8398
8891,8891,32921,70019592,10002,1,2,IL,USA,17,31,320600,0,0,41.870554,-87.616596,Census Tract 3206
8892,8892,32922,70019592,20002,2,2,IL,USA,17,31,81401,0,0,41.895035,-87.619717,Census Tract 814.01
8893,8893,32926,70019597,10000,-1,1,IL,USA,17,31,31900,0,1,41.963374,-87.670184,Census Tract 319
8894,8894,32927,70019597,10002,1,2,IL,USA,17,31,71200,0,0,41.921855,-87.646211,Census Tract 712
8897,8897,32937,70019609,10000,-1,1,IL,USA,17,31,839000,0,1,41.869903,-87.631213,Census Tract 8390
8898,8898,32938,70019609,10002,1,2,IL,USA,17,31,60200,0,0,41.957904,-87.671517,Census Tract 602
8899,8899,32939,70019613,10000,-1,1,IL,USA,17,31,31700,0,1,41.965447,-87.663195,Census Tract 317
8900,8900,32940,70019613,20002,2,2,IL,USA,17,31,81700,0,0,41.892218,-87.631832,Census Tract 817
8901,8901,32941,70019613,30003,3,3,IL,USA,17,31,832100,0,0,41.952821,-87.653241,Census Tract 8321
8902,8902,32945,70019618,10000,-1,1,IL,USA,17,31,81000,0,1,41.900266,-87.632109,Census Tract 810
8903,8903,32946,70019618,10002,1,2,IL,USA,17,31,81401,0,0,41.895035,-87.619717,Census Tract 814.01
8904,8904,32948,70019627,10000,-1,1,IL,USA,17,31,241100,0,1,41.90664,-87.68958,Census Tract 2411
8905,8905,32949,70019627,10003,1,3,IL,USA,17,31,81401,0,0,41.895035,-87.619717,Census Tract 814.01
8930,8930,33057,70019658,10000,-1,1,IL,USA,17,31,243500,0,1,41.892654,-87.652517,Census Tract 2435
8931,8931,33058,70019658,10003,1,3,IL,USA,17,31,70400,0,0,41.928967,-87.656156,Census Tract 704
8932,8932,33062,70019661,10000,-1,1,IL,USA,17,31,63000,0,1,41.93631,-87.651562,Census Tract 630
8933,8933,33063,70019661,10002,1,2,IL,USA,17,31,81401,0,0,41.895035,-87.619717,Census Tract 814.01
8934,8934,33064,70019661,20002,2,2,IL,USA,17,31,40402,0,0,41.972545,-87.678818,Census Tract 404.02
8943,8943,33082,70019670,10000,-1,1,IL,USA,17,31,30604,0,1,41.985871,-87.652455,Census Tract 306.04
8944,8944,33083,70019670,10002,1,2,IL,USA,17,31,839100,0,0,41.880986,-87.63307,Census Tract 8391
8945,8945,33094,70019676,10000,-1,1,IL,USA,17,31,839100,0,1,41.880986,-87.63307,Census Tract 8391
8946,8946,33095,70019676,10002,1,2,IL,USA,17,31,839100,0,0,41.880986,-87.63307,Census Tract 8391
8947,8947,33096,70019676,20002,2,2,IL,USA,17,31,81201,0,0,41.899154,-87.626212,Census Tract 812.01
8948,8948,33097,70019676,30003,3,3,IL,USA,17,31,81403,0,0,41.892991,-87.620956,Census Tract 814.03
8949,8949,33098,70019676,40003,4,3,IL,USA,17,31,81403,0,0,41.892991,-87.620956,Census Tract 814.03
8950,8950,33102,70019677,10000,-1,1,IL,USA,17,31,110501,0,1,41.977002,-87.761925,Census Tract 1105.01
8951,8951,33103,70019677,10002,1,2,IL,USA,17,31,839100,0,0,41.880986,-87.63307,Census Tract 8391
8952,8952,33104,70019677,20002,2,2,IL,USA,17,31,839100,0,0,41.880986,-87.63307,Census Tract 8391
8953,8953,33105,70019677,30003,3,3,IL,USA,17,31,241400,0,0,41.906031,-87.675314,Census Tract 2414
8954,8954,33106,70019677,40003,4,3,IL,USA,17,31,839100,0,0,41.880986,-87.63307,Census Tract 8391
8955,8955,33108,70019678,10000,-1,1,IL,USA,17,31,71500,0,1,41.914242,-87.625092,Census Tract 715
8956,8956,33109,70019678,10002,1,2,IL,USA,17,31,81401,0,0,41.895035,-87.619717,Census Tract 814.01
8962,8962,33125,70019695,10000,-1,1,IL,USA,17,31,151002,0,1,41.942492,-87.747155,Census Tract 1510.02
8963,8963,33126,70019695,10002,1,2,IL,USA,17,31,839100,0,0,41.880986,-87.63307,Census Tract 8391
8967,8967,33188,70019704,10000,-1,1,IL,USA,17,31,80100,0,1,41.907549,-87.62679,Census Tract 801
8968,8968,33189,70019704,10002,1,2,IL,USA,17,31,839100,0,0,41.880986,-87.63307,Census Tract 8391
8969,8969,33213,70019707,10000,-1,1,IL,USA,17,31,740400,0,1,41.687239,-87.719316,Census Tract 7404
8970,8970,33214,70019707,10002,1,2,IL,USA,17,31,700401,0,0,41.745537,-87.712036,Census Tract 7004.01
8971,8971,33215,70019707,20002,2,2,IL,USA,17,31,841000,0,0,41.847544,-87.610198,Census Tract 8410
8972,8972,33216,70019707,30003,3,3,IL,USA,17,31,740300,0,0,41.695069,-87.710723,Census Tract 7403
8978,8978,33237,70019714,10000,-1,1,IL,USA,17,31,839000,0,1,41.869903,-87.631213,Census Tract 8390
8979,8979,33238,70019714,10002,1,2,IL,USA,17,31,842300,0,0,41.908386,-87.660086,Census Tract 8423
8980,8980,33239,70019714,20002,2,2,IL,USA,17,31,833000,0,0,41.885286,-87.657249,Census Tract 8330
8981,8981,33245,70019718,10000,-1,1,IL,USA,17,31,283200,0,1,41.869579,-87.659202,Census Tract 2832
8982,8982,33246,70019718,10002,1,2,IL,USA,17,31,838200,0,0,41.870416,-87.675079,Census Tract 8382
8983,8983,33247,70019718,20002,2,2,IL,USA,17,31,320400,0,0,41.875817,-87.617256,Census Tract 3204
8984,8984,33248,70019718,30003,3,3,IL,USA,17,31,833000,0,0,41.885286,-87.657249,Census Tract 8330
8985,8985,33249,70019718,40003,4,3,IL,USA,17,31,833000,0,0,41.885286,-87.657249,Census Tract 8330
8989,8989,33259,70019725,10000,-1,1,IL,USA,17,31,160800,0,1,41.950213,-87.712815,Census Tract 1608
8990,8990,33260,70019725,10002,1,2,IL,USA,17,31,842300,0,0,41.908386,-87.660086,Census Tract 8423
8996,8996,33273,70019738,10000,-1,1,IL,USA,17,31,31900,0,1,41.963374,-87.670184,Census Tract 319
8997,8997,33274,70019738,10002,1,2,IL,USA,17,31,81403,0,0,41.892991,-87.620956,Census Tract 814.03
8998,8998,33275,70019738,20002,2,2,IL,USA,17,31,81800,0,0,41.893324,-87.63919,Census Tract 818
9003,9003,33311,70019754,10000,-1,1,IL,USA,17,31,839600,0,1,41.827443,-87.619249,Census Tract 8396
9004,9004,33312,70019754,10002,1,2,IL,USA,17,31,320400,0,0,41.875817,-87.617256,Census Tract 3204
9014,9014,33396,70019782,10000,-1,1,IL,USA,17,31,240500,0,1,41.911968,-87.683627,Census Tract 2405
9015,9015,33397,70019782,10002,1,2,IL,USA,17,31,839900,0,0,41.827346,-87.648454,Census Tract 8399
9016,9016,33398,70019782,20002,2,2,IL,USA,17,31,280100,0,0,41.885452,-87.643498,Census Tract 2801
9017,9017,33399,70019782,30003,3,3,IL,USA,17,31,222200,0,0,41.91591,-87.683826,Census Tract 2222
9020,9020,33433,70019790,10000,-1,1,IL,USA,17,31,281900,0,1,41.878635,-87.642924,Census Tract 2819
9021,9021,33434,70019790,10002,1,2,IL,USA,17,31,833100,0,0,41.879078,-87.657046,Census Tract 8331
9022,9022,33435,70019790,20002,2,2,IL,USA,17,31,320100,0,0,41.886447,-87.619467,Census Tract 3201
9023,9023,33440,70019791,10000,-1,1,IL,USA,17,31,221300,0,1,41.921126,-87.699754,Census Tract 2213
9024,9024,33441,70019791,10002,1,2,IL,USA,17,31,839100,0,0,41.880986,-87.63307,Census Tract 8391
9032,9032,33502,70019803,10000,-1,1,IL,USA,17,31,40100,0,1,41.985622,-87.682886,Census Tract 401
9033,9033,33503,70019803,10002,1,2,IL,USA,17,31,241400,0,0,41.906031,-87.675314,Census Tract 2414
9039,9039,33513,70019817,10000,-1,1,IL,USA,17,31,31700,0,1,41.965447,-87.663195,Census Tract 317
9040,9040,33514,70019817,10002,1,2,IL,USA,17,31,839100,0,0,41.880986,-87.63307,Census Tract 8391
9051,9051,33536,70019832,10000,-1,1,IL,USA,17,31,40201,0,1,41.97258,-87.694,Census Tract 402.01
9052,9052,33537,70019832,10002,1,2,IL,USA,17,31,831900,0,0,41.945169,-87.668791,Census Tract 8319
9053,9053,33538,70019832,30003,3,3,IL,USA,17,31,40201,0,0,41.97258,-87.694,Census Tract 402.01
9054,9054,33550,70019834,10000,-1,1,IL,USA,17,31,63000,0,1,41.93631,-87.651562,Census Tract 630
9055,9055,33551,70019834,10002,1,2,IL,USA,17,31,320400,0,0,41.875817,-87.617256,Census Tract 3204
9056,9056,33552,70019834,20002,2,2,IL,USA,17,31,81800,0,0,41.893324,-87.63919,Census Tract 818
9057,9057,33553,70019834,20003,2,3,IL,USA,17,31,320400,0,0,41.875817,-87.617256,Census Tract 3204
9058,9058,33569,70019856,10000,-1,1,IL,USA,17,31,70101,0,1,41.929522,-87.632325,Census Tract 701.01
9059,9059,33570,70019856,10002,1,2,IL,USA,17,31,81800,0,0,41.893324,-87.63919,Census Tract 818
9060,9060,33579,70019868,10000,-1,1,IL,USA,17,31,835900,0,1,41.820166,-87.621499,Census Tract 8359
9061,9061,33580,70019868,10002,1,2,IL,USA,17,31,81600,0,0,41.892057,-87.628871,Census Tract 816
9062,9062,33581,70019868,10003,1,3,IL,USA,17,31,842000,0,0,41.83496,-87.62517,Census Tract 8420
9063,9063,33582,70019868,20003,2,3,IL,USA,17,31,842000,0,0,41.83496,-87.62517,Census Tract 8420
9064,9064,33583,70019868,30002,3,2,IL,USA,17,31,839200,0,0,41.842011,-87.622036,Census Tract 8392
9099,9099,33705,70019955,10000,-1,1,IL,USA,17,31,31700,0,1,41.965447,-87.663195,Census Tract 317
9100,9100,33706,70019955,10002,1,2,IL,USA,17,31,839100,0,0,41.880986,-87.63307,Census Tract 8391
9101,9101,33711,70019956,10000,-1,1,IL,USA,17,31,150700,0,1,41.949591,-87.761958,Census Tract 1507
9102,9102,33712,70019956,10002,1,2,IL,USA,17,31,839100,0,0,41.880986,-87.63307,Census Tract 8391
9116,9116,33757,70019968,10000,-1,1,IL,USA,17,31,832200,0,1,41.920482,-87.679976,Census Tract 8322
9117,9117,33758,70019968,10002,1,2,IL,USA,17,31,221600,0,0,41.921246,-87.685098,Census Tract 2216
9118,9118,33759,70019968,20002,2,2,IL,USA,17,31,839100,0,0,41.880986,-87.63307,Census Tract 8391
9126,9126,33798,70019979,10000,-1,1,IL,USA,17,31,650200,0,1,41.782222,-87.730225,Census Tract 6502
9127,9127,33799,70019979,10002,1,2,IL,USA,17,31,839100,0,0,41.880986,-87.63307,Census Tract 8391
9131,9131,33807,70019985,10000,-1,1,IL,USA,17,31,221000,0,1,41.92096,-87.715253,Census Tract 2210
9132,9132,33808,70019985,10002,1,2,IL,USA,17,31,839100,0,0,41.880986,-87.63307,Census Tract 8391
9141,9141,33822,70019991,10000,-1,1,IL,USA,17,31,490500,0,1,41.717927,-87.613206,Census Tract 4905
9142,9142,33823,70019991,20002,2,2,IL,USA,17,31,420300,0,0,41.783224,-87.598697,Census Tract 4203
9150,9150,33841,70020016,10000,-1,1,IL,USA,17,31,40600,0,1,41.966834,-87.684018,Census Tract 406
9151,9151,33842,70020016,10002,1,2,IL,USA,17,31,71100,0,0,41.921778,-87.651061,Census Tract 711
9152,9152,33843,70020016,20002,2,2,IL,USA,17,31,839100,0,0,41.880986,-87.63307,Census Tract 8391
9153,9153,33844,70020016,30003,3,3,IL,USA,17,31,40600,0,0,41.966834,-87.684018,Census Tract 406
9154,9154,33848,70020017,10000,-1,1,IL,USA,17,31,550100,0,1,41.663181,-87.535978,Census Tract 5501
9155,9155,33849,70020017,10002,1,2,IL,USA,17,31,320600,0,0,41.870554,-87.616596,Census Tract 3206
9156,9156,33852,70020025,10000,-1,1,IL,USA,17,31,280100,0,1,41.885452,-87.643498,Census Tract 2801
9157,9157,33853,70020025,10002,1,2,IL,USA,17,31,320100,0,0,41.886447,-87.619467,Census Tract 3201
9158,9158,33854,70020025,20002,2,2,IL,USA,17,31,80300,0,0,41.90749,-87.635799,Census Tract 803
9159,9159,33856,70020027,10000,-1,1,IL,USA,17,31,320600,0,1,41.870554,-87.616596,Census Tract 3206
9160,9160,33857,70020027,10002,1,2,IL,USA,17,31,71100,0,0,41.921778,-87.651061,Census Tract 711
9161,9161,33858,70020027,20003,2,3,IL,USA,17,31,320400,0,0,41.875817,-87.617256,Census Tract 3204
9170,9170,33902,70020042,10000,-1,1,IL,USA,17,31,60300,0,1,41.950605,-87.671333,Census Tract 603
9171,9171,33903,70020042,10002,1,2,IL,USA,17,31,320400,0,0,41.875817,-87.617256,Census Tract 3204
9172,9172,33904,70020042,20002,2,2,IL,USA,17,31,63100,0,0,41.938232,-87.64678,Census Tract 631
9173,9173,33905,70020042,20003,2,3,IL,USA,17,31,320100,0,0,41.886447,-87.619467,Census Tract 3201
9182,9182,33945,70020122,10000,-1,1,IL,USA,17,31,20302,0,1,42.008541,-87.694963,Census Tract 203.02
9183,9183,33946,70020122,20002,2,2,IL,USA,17,31,831900,0,0,41.945169,-87.668791,Census Tract 8319
9205,9205,34030,70020148,10000,-1,1,IL,USA,17,31,30200,0,1,41.994441,-87.66523,Census Tract 302
9206,9206,34031,70020148,10003,1,3,IL,USA,17,31,831800,0,0,41.978233,-87.716453,Census Tract 8318
9207,9207,34032,70020148,20002,2,2,IL,USA,17,31,320400,0,0,41.875817,-87.617256,Census Tract 3204
9208,9208,34033,70020148,30002,3,2,IL,USA,17,31,838200,0,0,41.870416,-87.675079,Census Tract 8382
9211,9211,34097,70020164,10000,-1,1,IL,USA,17,31,40900,0,1,41.963185,-87.683854,Census Tract 409
9212,9212,34098,70020164,20002,2,2,IL,USA,17,31,980000,0,0,41.979419,-87.902438,Census Tract 9800
9226,9226,34157,70020224,10000,-1,1,IL,USA,17,31,10502,0,1,42.004517,-87.663327,Census Tract 105.02
9227,9227,34158,70020224,10002,1,2,IL,USA,17,31,320400,0,0,41.875817,-87.617256,Census Tract 3204
9230,9230,34174,70020245,10000,-1,1,IL,USA,17,31,160800,0,1,41.950213,-87.712815,Census Tract 1608
9231,9231,34175,70020245,10002,1,2,IL,USA,17,31,839100,0,0,41.880986,-87.63307,Census Tract 8391
9232,9232,34182,70020265,10000,-1,1,IL,USA,17,31,410800,0,1,41.797961,-87.589625,Census Tract 4108
9233,9233,34183,70020265,10002,1,2,IL,USA,17,31,836200,0,0,41.790469,-87.601285,Census Tract 8362
9234,9234,34184,70020265,10003,1,3,IL,USA,17,31,836200,0,0,41.790469,-87.601285,Census Tract 8362
9235,9235,34199,70020270,10000,-1,1,IL,USA,17,31,20400,0,1,42.008488,-87.685912,Census Tract 204
9236,9236,34200,70020270,20003,2,3,IL,USA,17,31,20400,0,0,42.008488,-87.685912,Census Tract 204
9237,9237,34201,70020270,30003,3,3,IL,USA,17,31,20400,0,0,42.008488,-87.685912,Census Tract 204
9238,9238,34203,70020282,10000,-1,1,IL,USA,17,31,210501,0,1,41.937401,-87.72233,Census Tract 2105.01
9239,9239,34204,70020282,10002,1,2,IL,USA,17,31,842200,0,0,41.904728,-87.64922,Census Tract 8422
9240,9240,34205,70020282,20003,2,3,IL,USA,17,31,320400,0,0,41.875817,-87.617256,Census Tract 3204
9246,9246,34254,70020297,10000,-1,1,IL,USA,17,31,330100,0,1,41.859295,-87.615523,Census Tract 3301
9247,9247,34255,70020297,10002,1,2,IL,USA,17,31,841900,0,0,41.868458,-87.642965,Census Tract 8419
9248,9248,34256,70020297,20002,2,2,IL,USA,17,31,839100,0,0,41.880986,-87.63307,Census Tract 8391
9249,9249,34267,70020313,10000,-1,1,IL,USA,17,31,650301,0,1,41.774927,-87.729992,Census Tract 6503.01
9250,9250,34268,70020313,10002,1,2,IL,USA,17,31,839000,0,0,41.869903,-87.631213,Census Tract 8390
9251,9251,34271,70020316,10000,-1,1,IL,USA,17,31,832400,0,1,41.915741,-87.692256,Census Tract 8324
9252,9252,34272,70020316,10002,1,2,IL,USA,17,31,320400,0,0,41.875817,-87.617256,Census Tract 3204
9253,9253,34273,70020316,20002,2,2,IL,USA,17,31,280400,0,0,41.886009,-87.671885,Census Tract 2804
9254,9254,34300,70020317,10000,-1,1,IL,USA,17,31,720200,0,1,41.713042,-87.666054,Census Tract 7202
9255,9255,34301,70020317,10002,1,2,IL,USA,17,31,320100,0,0,41.886447,-87.619467,Census Tract 3201
9262,9262,34325,70020346,10000,-1,1,IL,USA,17,31,71500,0,1,41.914242,-87.625092,Census Tract 715
9263,9263,34326,70020346,10002,1,2,IL,USA,17,31,320100,0,0,41.886447,-87.619467,Census Tract 3201
9264,9264,34327,70020346,20002,2,2,IL,USA,17,31,81401,0,0,41.895035,-87.619717,Census Tract 814.01
9265,9265,34333,70020355,10000,-1,1,IL,USA,17,31,62900,0,1,41.936237,-87.656411,Census Tract 629
9266,9266,34334,70020355,10002,1,2,IL,USA,17,31,839100,0,0,41.880986,-87.63307,Census Tract 8391
9274,9274,34365,70020366,10000,-1,1,IL,USA,17,31,839700,0,1,41.833651,-87.651949,Census Tract 8397
9275,9275,34366,70020366,10002,1,2,IL,USA,17,31,81401,0,0,41.895035,-87.619717,Census Tract 814.01
9276,9276,34367,70020366,40002,4,2,IL,USA,17,31,840100,0,0,41.841831,-87.639203,Census Tract 8401
9277,9277,34372,70020383,10000,-1,1,IL,USA,17,31,410700,0,1,41.798049,-87.5942,Census Tract 4107
9278,9278,34373,70020383,10003,1,3,IL,USA,17,31,836200,0,0,41.790469,-87.601285,Census Tract 8362
9281,9281,34377,70020394,10000,-1,1,IL,USA,17,31,300700,0,1,41.848072,-87.71245,Census Tract 3007
9282,9282,34378,70020394,10002,1,2,IL,USA,17,31,271200,0,0,41.87736,-87.703562,Census Tract 2712
9283,9283,34379,70020394,40003,4,3,IL,USA,17,31,300600,0,0,41.84799,-87.717334,Census Tract 3006
9284,9284,34380,70020398,10000,-1,1,IL,USA,17,31,70400,0,1,41.928967,-87.656156,Census Tract 704
9285,9285,34381,70020398,20002,2,2,IL,USA,17,31,839100,0,0,41.880986,-87.63307,Census Tract 8391
9295,9295,34411,70020433,10000,-1,1,IL,USA,17,31,230100,0,1,41.912008,-87.704366,Census Tract 2301
9296,9296,34412,70020433,10002,1,2,IL,USA,17,31,240900,0,0,41.904845,-87.698623,Census Tract 2409
9297,9297,34413,70020433,10003,1,3,IL,USA,17,31,240700,0,0,41.912088,-87.694599,Census Tract 2407
9298,9298,34414,70020433,20003,2,3,IL,USA,17,31,190701,0,0,41.929796,-87.761422,Census Tract 1907.01
9299,9299,34415,70020439,10000,-1,1,IL,USA,17,31,30601,0,1,41.988972,-87.654609,Census Tract 306.01
9300,9300,34416,70020439,10002,1,2,IL,USA,17,31,81403,0,0,41.892991,-87.620956,Census Tract 814.03
9301,9301,34417,70020439,20002,2,2,IL,USA,17,31,833000,0,0,41.885286,-87.657249,Census Tract 8330
9302,9302,34418,70020439,20003,2,3,IL,USA,17,31,841900,0,0,41.868458,-87.642965,Census Tract 8419
9303,9303,34432,70020441,10000,-1,1,IL,USA,17,31,230900,0,1,41.906692,-87.71035,Census Tract 2309
9304,9304,34433,70020441,10003,1,3,IL,USA,17,31,831800,0,0,41.978233,-87.716453,Census Tract 8318
9305,9305,34434,70020441,20002,2,2,IL,USA,17,31,320100,0,0,41.886447,-87.619467,Census Tract 3201
9306,9306,34435,70020441,40003,4,3,IL,USA,17,31,230900,0,0,41.906692,-87.71035,Census Tract 2309
9307,9307,34436,70020451,10000,-1,1,IL,USA,17,31,841200,0,1,41.855562,-87.683342,Census Tract 8412
9308,9308,34437,70020451,10002,1,2,IL,USA,17,31,243200,0,0,41.892433,-87.669624,Census Tract 2432
9309,9309,34438,70020451,20002,2,2,IL,USA,17,31,833100,0,0,41.879078,-87.657046,Census Tract 8331
9310,9310,34454,70020452,10000,-1,1,IL,USA,17,31,330100,0,1,41.859295,-87.615523,Census Tract 3301
9311,9311,34455,70020452,10002,1,2,IL,USA,17,31,833000,0,0,41.885286,-87.657249,Census Tract 8330
9314,9314,34481,70020455,10000,-1,1,IL,USA,17,31,839200,0,1,41.842011,-87.622036,Census Tract 8392
9315,9315,34482,70020455,10002,1,2,IL,USA,17,31,281900,0,0,41.878635,-87.642924,Census Tract 2819
9316,9316,34483,70020455,20002,2,2,IL,USA,17,31,330100,0,0,41.859295,-87.615523,Census Tract 3301
9317,9317,34484,70020455,30003,3,3,IL,USA,17,31,30103,0,0,41.995524,-87.655153,Census Tract 301.03
9318,9318,34513,70020458,10000,-1,1,IL,USA,17,31,240800,0,1,41.912074,-87.69948,Census Tract 2408
9319,9319,34514,70020458,10002,1,2,IL,USA,17,31,836700,0,0,41.891704,-87.702175,Census Tract 8367
9320,9320,34515,70020458,20002,2,2,IL,USA,17,31,831400,0,0,41.869119,-87.756088,Census Tract 8314
9325,9325,34528,70020461,10000,-1,1,IL,USA,17,31,63400,0,1,41.93466,-87.64673,Census Tract 634
9326,9326,34529,70020461,10002,1,2,IL,USA,17,31,839100,0,0,41.880986,-87.63307,Census Tract 8391
9327,9327,34530,70020461,20002,2,2,IL,USA,17,31,281900,0,0,41.878635,-87.642924,Census Tract 2819
9328,9328,34531,70020461,30002,3,2,IL,USA,17,31,320100,0,0,41.886447,-87.619467,Census Tract 3201
9335,9335,34558,70020493,10000,-1,1,IL,USA,17,31,31300,0,1,41.973765,-87.64653,Census Tract 313
9336,9336,34559,70020493,10002,1,2,IL,USA,17,31,831800,0,0,41.978233,-87.716453,Census Tract 8318
9337,9337,34568,70020501,10000,-1,1,IL,USA,17,31,70200,0,1,41.929078,-87.646293,Census Tract 702
9338,9338,34569,70020501,10002,1,2,IL,USA,17,31,320100,0,0,41.886447,-87.619467,Census Tract 3201
9345,9345,34585,70020516,10000,-1,1,IL,USA,17,31,61901,0,1,41.943244,-87.643458,Census Tract 619.01
9346,9346,34586,70020516,10002,1,2,IL,USA,17,31,839100,0,0,41.880986,-87.63307,Census Tract 8391
9347,9347,34618,70020537,10000,-1,1,IL,USA,17,31,63000,0,1,41.93631,-87.651562,Census Tract 630
9348,9348,34619,70020537,10002,1,2,IL,USA,17,31,320400,0,0,41.875817,-87.617256,Census Tract 3204
9349,9349,34621,70020540,10000,-1,1,IL,USA,17,31,220500,0,1,41.928396,-87.704911,Census Tract 2205
9350,9350,34622,70020540,10002,1,2,IL,USA,17,31,81500,0,0,41.892906,-87.626079,Census Tract 815
9351,9351,34623,70020540,20002,2,2,IL,USA,17,31,839100,0,0,41.880986,-87.63307,Census Tract 8391
9352,9352,34626,70020544,10000,-1,1,IL,USA,17,31,420300,0,1,41.783224,-87.598697,Census Tract 4203
9353,9353,34627,70020544,10002,1,2,IL,USA,17,31,320100,0,0,41.886447,-87.619467,Census Tract 3201
9354,9354,34628,70020546,10000,-1,1,IL,USA,17,31,140500,0,1,41.965362,-87.731832,Census Tract 1405
9355,9355,34629,70020546,10002,1,2,IL,USA,17,31,833000,0,0,41.885286,-87.657249,Census Tract 8330
9361,9361,34645,70020628,10000,-1,1,IL,USA,17,31,832100,0,1,41.952821,-87.653241,Census Tract 8321
9362,9362,34646,70020628,10002,1,2,IL,USA,17,31,838100,0,0,41.878667,-87.671689,Census Tract 8381
9363,9363,34647,70020628,10003,1,3,IL,USA,17,31,833300,0,0,41.871694,-87.654124,Census Tract 8333
9364,9364,34648,70020628,20003,2,3,IL,USA,17,31,60100,0,0,41.957531,-87.666611,Census Tract 601
9369,9369,34704,70020656,10000,-1,1,IL,USA,17,31,240300,0,1,41.912369,-87.675068,Census Tract 2403
9370,9370,34705,70020656,10002,1,2,IL,USA,17,31,81800,0,0,41.893324,-87.63919,Census Tract 818
9371,9371,34718,70020662,10000,-1,1,IL,USA,17,31,40800,0,1,41.963974,-87.691821,Census Tract 408
9372,9372,34719,70020662,20002,2,2,IL,USA,17,31,81403,0,0,41.892991,-87.620956,Census Tract 814.03
9373,9373,34720,70020662,30003,3,3,IL,USA,17,31,40800,0,0,41.963974,-87.691821,Census Tract 408
9374,9374,34725,70020664,10000,-1,1,IL,USA,17,31,80100,0,1,41.907549,-87.62679,Census Tract 801
9375,9375,34726,70020664,20002,2,2,IL,USA,17,31,839100,0,0,41.880986,-87.63307,Census Tract 8391
9376,9376,34733,70020665,10000,-1,1,IL,USA,17,31,243400,0,1,41.892558,-87.659848,Census Tract 2434
9377,9377,34734,70020665,10002,1,2,IL,USA,17,31,838200,0,0,41.870416,-87.675079,Census Tract 8382
9378,9378,34735,70020665,20003,2,3,IL,USA,17,31,831000,0,0,41.914798,-87.676997,Census Tract 8310
9379,9379,34751,70020672,10000,-1,1,IL,USA,17,31,681400,0,1,41.761522,-87.649171,Census Tract 6814
9380,9380,34752,70020672,20003,2,3,IL,USA,17,31,710600,0,0,41.74766,-87.660943,Census Tract 7106
9381,9381,34753,70020672,30003,3,3,IL,USA,17,31,710600,0,0,41.74766,-87.660943,Census Tract 7106
9382,9382,34771,70020673,10000,-1,1,IL,USA,17,31,10702,0,1,42.00902,-87.672726,Census Tract 107.02
9383,9383,34772,70020673,10002,1,2,IL,USA,17,31,81402,0,0,41.891022,-87.612931,Census Tract 814.02
9384,9384,34773,70020673,20003,2,3,IL,USA,17,31,760803,0,0,41.975347,-87.844153,Census Tract 7608.03
9391,9391,34824,70020689,10000,-1,1,IL,USA,17,31,30603,0,1,41.985476,-87.658398,Census Tract 306.03
9392,9392,34825,70020689,10002,1,2,IL,USA,17,31,839100,0,0,41.880986,-87.63307,Census Tract 8391
9395,9395,34832,70020696,10000,-1,1,IL,USA,17,31,140702,0,1,41.963548,-87.713575,Census Tract 1407.02
9396,9396,34833,70020696,10002,1,2,IL,USA,17,31,839100,0,0,41.880986,-87.63307,Census Tract 8391
9397,9397,34836,70020701,10000,-1,1,IL,USA,17,31,340300,0,1,41.842806,-87.635788,Census Tract 3403
9398,9398,34837,70020701,10002,1,2,IL,USA,17,31,243500,0,0,41.892654,-87.652517,Census Tract 2435
9421,9421,34882,70020738,10000,-1,1,IL,USA,17,31,63301,0,1,41.934541,-87.643024,Census Tract 633.01
9422,9422,34883,70020738,10002,1,2,IL,USA,17,31,842200,0,0,41.904728,-87.64922,Census Tract 8422
9423,9423,34885,70020739,10000,-1,1,IL,USA,17,31,63301,0,1,41.934541,-87.643024,Census Tract 633.01
9424,9424,34886,70020739,10002,1,2,IL,USA,17,31,842200,0,0,41.904728,-87.64922,Census Tract 8422
9425,9425,34901,70020749,10000,-1,1,IL,USA,17,31,30200,0,1,41.994441,-87.66523,Census Tract 302
9426,9426,34902,70020749,10002,1,2,IL,USA,17,31,320400,0,0,41.875817,-87.617256,Census Tract 3204
9427,9427,34903,70020749,20002,2,2,IL,USA,17,31,839100,0,0,41.880986,-87.63307,Census Tract 8391
9428,9428,34904,70020749,30003,3,3,IL,USA,17,31,30800,0,0,41.979912,-87.664188,Census Tract 308
9429,9429,34905,70020749,40003,4,3,IL,USA,17,31,30200,0,0,41.994441,-87.66523,Census Tract 302
9430,9430,34907,70020760,10000,-1,1,IL,USA,17,31,330100,0,1,41.859295,-87.615523,Census Tract 3301
9431,9431,34908,70020760,20002,2,2,IL,USA,17,31,838200,0,0,41.870416,-87.675079,Census Tract 8382
9432,9432,34913,70020794,10000,-1,1,IL,USA,17,31,230200,0,1,41.911869,-87.710084,Census Tract 2302
9433,9433,34914,70020794,20002,2,2,IL,USA,17,31,240300,0,0,41.912369,-87.675068,Census Tract 2403
9434,9434,34915,70020794,30002,3,2,IL,USA,17,31,320100,0,0,41.886447,-87.619467,Census Tract 3201
9439,9439,34935,70020806,10000,-1,1,IL,USA,17,31,250500,0,1,41.914618,-87.796796,Census Tract 2505
9440,9440,34936,70020806,10002,1,2,IL,USA,17,31,81403,0,0,41.892991,-87.620956,Census Tract 814.03
9441,9441,34937,70020807,10000,-1,1,IL,USA,17,31,222500,0,1,41.915708,-87.699597,Census Tract 2225
9442,9442,34938,70020807,10002,1,2,IL,USA,17,31,842200,0,0,41.904728,-87.64922,Census Tract 8422
9443,9443,34947,70020808,10000,-1,1,IL,USA,17,31,63302,0,1,41.934765,-87.639854,Census Tract 633.02
9444,9444,34948,70020808,10002,1,2,IL,USA,17,31,81500,0,0,41.892906,-87.626079,Census Tract 815
9445,9445,34960,70020816,10000,-1,1,IL,USA,17,31,31200,0,1,41.972709,-87.657341,Census Tract 312
9446,9446,34961,70020816,10002,1,2,IL,USA,17,31,243200,0,0,41.892433,-87.669624,Census Tract 2432
9447,9447,34962,70020816,20002,2,2,IL,USA,17,31,839100,0,0,41.880986,-87.63307,Census Tract 8391
9450,9450,34979,70020828,10000,-1,1,IL,USA,17,31,351000,0,1,41.835568,-87.606528,Census Tract 3510
9451,9451,34980,70020828,10002,1,2,IL,USA,17,31,839100,0,0,41.880986,-87.63307,Census Tract 8391
9456,9456,35012,70020830,10000,-1,1,IL,USA,17,31,390700,0,1,41.804016,-87.580489,Census Tract 3907
9457,9457,35013,70020830,10002,1,2,IL,USA,17,31,836200,0,0,41.790469,-87.601285,Census Tract 8362
9458,9458,35014,70020830,10003,1,3,IL,USA,17,31,836200,0,0,41.790469,-87.601285,Census Tract 8362
9459,9459,35015,70020835,10000,-1,1,IL,USA,17,31,10501,0,1,42.009412,-87.663958,Census Tract 105.01
9460,9460,35016,70020835,10002,1,2,IL,USA,17,31,839100,0,0,41.880986,-87.63307,Census Tract 8391
9461,9461,35022,70020844,10000,-1,1,IL,USA,17,31,190800,0,1,41.927819,-87.751362,Census Tract 1908
9462,9462,35023,70020844,10002,1,2,IL,USA,17,31,833100,0,0,41.879078,-87.657046,Census Tract 8331
9463,9463,35024,70020844,30003,3,3,IL,USA,17,31,80300,0,0,41.90749,-87.635799,Census Tract 803
9464,9464,35025,70020844,40003,4,3,IL,USA,17,31,80300,0,0,41.90749,-87.635799,Census Tract 803
9471,9471,35064,70020859,10000,-1,1,IL,USA,17,31,150401,0,1,41.964568,-87.772265,Census Tract 1504.01
9472,9472,35065,70020859,10002,1,2,IL,USA,17,31,150300,0,0,41.960518,-87.762286,Census Tract 1503
9473,9473,35066,70020859,10003,1,3,IL,USA,17,31,170100,0,0,41.95586,-87.794817,Census Tract 1701
9474,9474,35067,70020859,20002,2,2,IL,USA,17,31,31000,0,0,41.972437,-87.671109,Census Tract 310
9475,9475,35068,70020859,40003,4,3,IL,USA,17,31,170100,0,0,41.95586,-87.794817,Census Tract 1701
9476,9476,35070,70020861,10000,-1,1,IL,USA,17,31,81000,0,1,41.900266,-87.632109,Census Tract 810
9477,9477,35071,70020861,10002,1,2,IL,USA,17,31,839100,0,0,41.880986,-87.63307,Census Tract 8391
9478,9478,35073,70020862,10000,-1,1,IL,USA,17,31,301200,0,1,41.848417,-87.691477,Census Tract 3012
9479,9479,35074,70020862,10002,1,2,IL,USA,17,31,839100,0,0,41.880986,-87.63307,Census Tract 8391
9483,9483,35091,70020870,10000,-1,1,IL,USA,17,31,50600,0,1,41.950548,-87.676182,Census Tract 506
9484,9484,35092,70020870,20002,2,2,IL,USA,17,31,320400,0,0,41.875817,-87.617256,Census Tract 3204
9485,9485,35093,70020870,20003,2,3,IL,USA,17,31,320400,0,0,41.875817,-87.617256,Census Tract 3204
9486,9486,35097,70020874,10000,-1,1,IL,USA,17,31,60200,0,1,41.957904,-87.671517,Census Tract 602
9487,9487,35098,70020874,10002,1,2,IL,USA,17,31,81401,0,0,41.895035,-87.619717,Census Tract 814.01
9488,9488,35109,70020875,10000,-1,1,IL,USA,17,31,32100,0,1,41.958154,-87.653018,Census Tract 321
9489,9489,35110,70020875,10002,1,2,IL,USA,17,31,842200,0,0,41.904728,-87.64922,Census Tract 8422
9490,9490,35133,70020884,10000,-1,1,IL,USA,17,31,839100,0,1,41.880986,-87.63307,Census Tract 8391
9491,9491,35134,70020884,10002,1,2,IL,USA,17,31,320400,0,0,41.875817,-87.617256,Census Tract 3204
9492,9492,35135,70020886,10000,-1,1,IL,USA,17,31,61100,0,1,41.94914,-87.656804,Census Tract 611
9493,9493,35136,70020886,10002,1,2,IL,USA,17,31,280100,0,0,41.885452,-87.643498,Census Tract 2801
9496,9496,35163,70020931,10000,-1,1,IL,USA,17,31,222700,0,1,41.915501,-87.710206,Census Tract 2227
9497,9497,35164,70020931,10002,1,2,IL,USA,17,31,838200,0,0,41.870416,-87.675079,Census Tract 8382
9521,9521,35261,70021001,10000,-1,1,IL,USA,17,31,221600,0,1,41.921246,-87.685098,Census Tract 2216
9522,9522,35262,70021001,10002,1,2,IL,USA,17,31,320100,0,0,41.886447,-87.619467,Census Tract 3201
9523,9523,35263,70021001,20002,2,2,IL,USA,17,31,839100,0,0,41.880986,-87.63307,Census Tract 8391
9524,9524,35269,70021003,10000,-1,1,IL,USA,17,31,30706,0,1,41.980415,-87.650916,Census Tract 307.06
9525,9525,35270,70021003,10003,1,3,IL,USA,17,31,81401,0,0,41.895035,-87.619717,Census Tract 814.01
9526,9526,35271,70021005,10000,-1,1,IL,USA,17,31,31700,0,1,41.965447,-87.663195,Census Tract 317
9527,9527,35272,70021005,10002,1,2,IL,USA,17,31,839100,0,0,41.880986,-87.63307,Census Tract 8391
9541,9541,35338,70021010,10000,-1,1,IL,USA,17,31,340500,0,1,41.834518,-87.632917,Census Tract 3405
9542,9542,35339,70021010,10002,1,2,IL,USA,17,31,838200,0,0,41.870416,-87.675079,Census Tract 8382
9543,9543,35340,70021010,10003,1,3,IL,USA,17,31,838200,0,0,41.870416,-87.675079,Census Tract 8382
9544,9544,35341,70021010,20003,2,3,IL,USA,17,31,320400,0,0,41.875817,-87.617256,Census Tract 3204
9545,9545,35342,70021010,30003,3,3,IL,USA,17,31,81201,0,0,41.899154,-87.626212,Census Tract 812.01
9569,9569,35449,70021036,10000,-1,1,IL,USA,17,31,221600,0,1,41.921246,-87.685098,Census Tract 2216
9570,9570,35450,70021036,10002,1,2,IL,USA,17,31,281900,0,0,41.878635,-87.642924,Census Tract 2819
9573,9573,35457,70021040,10000,-1,1,IL,USA,17,31,31300,0,1,41.973765,-87.64653,Census Tract 313
9574,9574,35458,70021040,10002,1,2,IL,USA,17,31,839100,0,0,41.880986,-87.63307,Census Tract 8391
9580,9580,35467,70021055,10000,-1,1,IL,USA,17,31,40201,0,1,41.97258,-87.694,Census Tract 402.01
9581,9581,35468,70021055,10002,1,2,IL,USA,17,31,839100,0,0,41.880986,-87.63307,Census Tract 8391
9592,9592,35524,70021065,10000,-1,1,IL,USA,17,31,50200,0,1,41.95774,-87.683717,Census Tract 502
9593,9593,35525,70021065,10002,1,2,IL,USA,17,31,831800,0,0,41.978233,-87.716453,Census Tract 8318
9594,9594,35526,70021065,10003,1,3,IL,USA,17,31,71000,0,0,41.921701,-87.655911,Census Tract 710
9610,9610,35620,70021078,10000,-1,1,IL,USA,17,31,600900,0,1,41.836513,-87.653143,Census Tract 6009
9611,9611,35621,70021078,10002,1,2,IL,USA,17,31,839100,0,0,41.880986,-87.63307,Census Tract 8391
9612,9612,35622,70021078,20002,2,2,IL,USA,17,31,843700,0,0,41.94556,-87.690034,Census Tract 8437
9613,9613,35623,70021078,30003,3,3,IL,USA,17,31,840300,0,0,41.832097,-87.681881,Census Tract 8403
9614,9614,35624,70021078,40003,4,3,IL,USA,17,31,840300,0,0,41.832097,-87.681881,Census Tract 8403
9619,9619,35633,70021095,10000,-1,1,IL,USA,17,31,20400,0,1,42.008488,-87.685912,Census Tract 204
9620,9620,35634,70021095,10002,1,2,IL,USA,17,31,842600,0,0,41.816219,-87.651695,Census Tract 8426
9621,9621,35635,70021095,20002,2,2,IL,USA,17,31,81201,0,0,41.899154,-87.626212,Census Tract 812.01
9622,9622,35660,70021112,10000,-1,1,IL,USA,17,31,832400,0,1,41.915741,-87.692256,Census Tract 8324
9623,9623,35661,70021112,10002,1,2,IL,USA,17,31,210501,0,0,41.937401,-87.72233,Census Tract 2105.01
9626,9626,35703,70021118,10000,-1,1,IL,USA,17,31,440101,0,1,41.748627,-87.601451,Census Tract 4401.01
9627,9627,35704,70021118,10002,1,2,IL,USA,17,31,340600,0,0,41.827428,-87.632522,Census Tract 3406
9628,9628,35705,70021118,20002,2,2,IL,USA,17,31,843200,0,0,41.848715,-87.664217,Census Tract 8432
9629,9629,35706,70021118,30003,3,3,IL,USA,17,31,670800,0,0,41.783144,-87.661879,Census Tract 6708
9630,9630,35712,70021125,10000,-1,1,IL,USA,17,31,31502,0,1,41.963633,-87.652366,Census Tract 315.02
9631,9631,35713,70021125,10002,1,2,IL,USA,17,31,81401,0,0,41.895035,-87.619717,Census Tract 814.01
9632,9632,35714,70021125,10003,1,3,IL,USA,17,31,81401,0,0,41.895035,-87.619717,Census Tract 814.01
9633,9633,35721,70021130,10000,-1,1,IL,USA,17,31,70700,0,1,41.930652,-87.674104,Census Tract 707
9634,9634,35722,70021130,10002,1,2,IL,USA,17,31,280100,0,0,41.885452,-87.643498,Census Tract 2801
9635,9635,35732,70021138,10000,-1,1,IL,USA,17,31,40201,0,1,41.97258,-87.694,Census Tract 402.01
9636,9636,35733,70021138,10002,1,2,IL,USA,17,31,839100,0,0,41.880986,-87.63307,Census Tract 8391
9637,9637,35734,70021138,20002,2,2,IL,USA,17,31,280100,0,0,41.885452,-87.643498,Census Tract 2801
9638,9638,35744,70021147,10000,-1,1,IL,USA,17,31,842200,0,1,41.904728,-87.64922,Census Tract 8422
9639,9639,35745,70021147,10002,1,2,IL,USA,17,31,320100,0,0,41.886447,-87.619467,Census Tract 3201
9651,9651,35794,70021191,10000,-1,1,IL,USA,17,31,843200,0,1,41.848715,-87.664217,Census Tract 8432
9652,9652,35795,70021191,10002,1,2,IL,USA,17,31,81403,0,0,41.892991,-87.620956,Census Tract 814.03
9653,9653,35796,70021191,20002,2,2,IL,USA,17,31,839100,0,0,41.880986,-87.63307,Census Tract 8391
9659,9659,35818,70021194,10000,-1,1,IL,USA,17,31,221200,0,1,41.921083,-87.70465,Census Tract 2212
9660,9660,35819,70021194,10002,1,2,IL,USA,17,31,280400,0,0,41.886009,-87.671885,Census Tract 2804
9661,9661,35820,70021194,10003,1,3,IL,USA,17,31,70400,0,0,41.928967,-87.656156,Census Tract 704
9662,9662,35836,70021195,10000,-1,1,IL,USA,17,31,650301,0,1,41.774927,-87.729992,Census Tract 6503.01
9663,9663,35837,70021195,10002,1,2,IL,USA,17,31,650500,0,0,41.762219,-87.732035,Census Tract 6505
9664,9664,35838,70021195,20003,2,3,IL,USA,17,31,650100,0,0,41.782377,-87.717855,Census Tract 6501
9665,9665,35839,70021195,30003,3,3,IL,USA,17,31,650301,0,0,41.774927,-87.729992,Census Tract 6503.01
9680,9680,35901,70021204,10000,-1,1,IL,USA,17,31,250500,0,1,41.914618,-87.796796,Census Tract 2505
9681,9681,35902,70021204,10002,1,2,IL,USA,17,31,320100,0,0,41.886447,-87.619467,Census Tract 3201
9682,9682,35906,70021205,10000,-1,1,IL,USA,17,31,40600,0,1,41.966834,-87.684018,Census Tract 406
9683,9683,35907,70021205,10002,1,2,IL,USA,17,31,839100,0,0,41.880986,-87.63307,Census Tract 8391
9687,9687,35916,70021207,10000,-1,1,IL,USA,17,31,10702,0,1,42.00902,-87.672726,Census Tract 107.02
9688,9688,35917,70021207,10002,1,2,IL,USA,17,31,81403,0,0,41.892991,-87.620956,Census Tract 814.03
9696,9696,35954,70021217,10000,-1,1,IL,USA,17,31,330200,0,1,41.865578,-87.630568,Census Tract 3302
9697,9697,35955,70021217,10002,1,2,IL,USA,17,31,320100,0,0,41.886447,-87.619467,Census Tract 3201
9698,9698,35956,70021217,20003,2,3,IL,USA,17,31,839000,0,0,41.869903,-87.631213,Census Tract 8390
9699,9699,35959,70021220,10000,-1,1,IL,USA,17,31,50700,0,1,41.945071,-87.676059,Census Tract 507
9700,9700,35960,70021220,10002,1,2,IL,USA,17,31,839100,0,0,41.880986,-87.63307,Census Tract 8391
9701,9701,35961,70021220,20002,2,2,IL,USA,17,31,51300,0,0,41.935996,-87.67584,Census Tract 513
9702,9702,35969,70021225,10000,-1,1,IL,USA,17,31,31502,0,1,41.963633,-87.652366,Census Tract 315.02
9703,9703,35970,70021225,10002,1,2,IL,USA,17,31,839100,0,0,41.880986,-87.63307,Census Tract 8391
9704,9704,35971,70021225,20002,2,2,IL,USA,17,31,980000,0,0,41.979419,-87.902438,Census Tract 9800
9707,9707,35980,70021229,10000,-1,1,IL,USA,17,31,283800,0,1,41.863417,-87.653755,Census Tract 2838
9708,9708,35981,70021229,10003,1,3,IL,USA,17,31,841900,0,0,41.868458,-87.642965,Census Tract 8419
9709,9709,35982,70021229,20003,2,3,IL,USA,17,31,841900,0,0,41.868458,-87.642965,Census Tract 8419
9710,9710,35983,70021229,30003,3,3,IL,USA,17,31,841900,0,0,41.868458,-87.642965,Census Tract 8419
9711,9711,35984,70021229,40003,4,3,IL,USA,17,31,841900,0,0,41.868458,-87.642965,Census Tract 8419
9712,9712,35988,70021232,10000,-1,1,IL,USA,17,31,840400,0,1,41.833926,-87.667162,Census Tract 8404
9713,9713,35989,70021232,10002,1,2,IL,USA,17,31,839100,0,0,41.880986,-87.63307,Census Tract 8391
9714,9714,35992,70021241,10000,-1,1,IL,USA,17,31,70300,0,1,41.929046,-87.65131,Census Tract 703
9715,9715,35993,70021241,10002,1,2,IL,USA,17,31,839100,0,0,41.880986,-87.63307,Census Tract 8391
9716,9716,35995,70021246,10000,-1,1,IL,USA,17,31,330100,0,1,41.859295,-87.615523,Census Tract 3301
9717,9717,35996,70021246,10003,1,3,IL,USA,17,31,330100,0,1,41.859295,-87.615523,Census Tract 3301
9718,9718,35997,70021246,20002,2,2,IL,USA,17,31,841900,0,0,41.868458,-87.642965,Census Tract 8419
9719,9719,36000,70021250,10000,-1,1,IL,USA,17,31,50300,0,1,41.957885,-87.690444,Census Tract 503
9720,9720,36001,70021250,10002,1,2,IL,USA,17,31,843200,0,0,41.848715,-87.664217,Census Tract 8432
9724,9724,36018,70021254,10000,-1,1,IL,USA,17,31,60900,0,1,41.951517,-87.641778,Census Tract 609
9725,9725,36019,70021254,10002,1,2,IL,USA,17,31,839100,0,0,41.880986,-87.63307,Census Tract 8391
9726,9726,36021,70021257,10000,-1,1,IL,USA,17,31,671200,0,1,41.776699,-87.666582,Census Tract 6712
9727,9727,36022,70021257,10002,1,2,IL,USA,17,31,835000,0,0,41.782849,-87.686049,Census Tract 8350
9728,9728,36023,70021257,20002,2,2,IL,USA,17,31,833100,0,0,41.879078,-87.657046,Census Tract 8331
9729,9729,36024,70021257,40002,4,2,IL,USA,17,31,630300,0,0,41.798862,-87.708638,Census Tract 6303
9734,9734,36032,70021270,10000,-1,1,IL,USA,17,31,220400,0,1,41.928431,-87.699968,Census Tract 2204
9735,9735,36033,70021270,10002,1,2,IL,USA,17,31,320100,0,0,41.886447,-87.619467,Census Tract 3201
9736,9736,36034,70021271,10000,-1,1,IL,USA,17,31,30706,0,1,41.980415,-87.650916,Census Tract 307.06
9737,9737,36035,70021271,20002,2,2,IL,USA,17,31,62700,0,0,41.936086,-87.66611,Census Tract 627
9738,9738,36037,70021274,10000,-1,1,IL,USA,17,31,330100,0,1,41.859295,-87.615523,Census Tract 3301
9739,9739,36038,70021274,10002,1,2,IL,USA,17,31,833000,0,0,41.885286,-87.657249,Census Tract 8330
9740,9740,36060,70021275,10000,-1,1,IL,USA,17,31,330100,0,1,41.859295,-87.615523,Census Tract 3301
9741,9741,36061,70021275,10002,1,2,IL,USA,17,31,230600,0,0,41.906155,-87.733999,Census Tract 2306
9742,9742,36062,70021275,10003,1,3,IL,USA,17,31,831100,0,0,41.942856,-87.717496,Census Tract 8311
9750,9750,36117,70021297,10000,-1,1,IL,USA,17,31,672000,0,1,41.761198,-87.671128,Census Tract 6720
9751,9751,36118,70021297,10002,1,2,IL,USA,17,31,280100,0,0,41.885452,-87.643498,Census Tract 2801
9752,9752,36121,70021297,20003,2,3,IL,USA,17,31,440900,0,0,41.728669,-87.609006,Census Tract 4409
9774,9774,36175,70021355,10000,-1,1,IL,USA,17,31,834200,0,1,41.755568,-87.583607,Census Tract 8342
9775,9775,36176,70021355,20003,2,3,IL,USA,17,31,460500,0,0,41.746882,-87.572604,Census Tract 4605
9776,9776,36177,70021355,30003,3,3,IL,USA,17,31,460200,0,0,41.741387,-87.54701,Census Tract 4602
9777,9777,36178,70021355,40003,4,3,IL,USA,17,31,460200,0,0,41.741387,-87.54701,Census Tract 4602
9778,9778,36186,70021363,10000,-1,1,IL,USA,17,31,110501,0,1,41.977002,-87.761925,Census Tract 1105.01
9779,9779,36187,70021363,20002,2,2,IL,USA,17,31,831800,0,0,41.978233,-87.716453,Census Tract 8318
9783,9783,36203,70021368,10000,-1,1,IL,USA,17,31,230100,0,1,41.912008,-87.704366,Census Tract 2301
9784,9784,36204,70021368,10002,1,2,IL,USA,17,31,81800,0,0,41.893324,-87.63919,Census Tract 818
9785,9785,36205,70021368,20002,2,2,IL,USA,17,31,281900,0,0,41.878635,-87.642924,Census Tract 2819
9786,9786,36206,70021368,30002,3,2,IL,USA,17,31,291200,0,0,41.862661,-87.712875,Census Tract 2912
9802,9802,36277,70021421,10000,-1,1,IL,USA,17,31,730100,0,1,41.725195,-87.638426,Census Tract 7301
9803,9803,36278,70021421,10002,1,2,IL,USA,17,31,841000,0,0,41.847544,-87.610198,Census Tract 8410
9806,9806,36287,70021464,10000,-1,1,IL,USA,17,31,490902,0,1,41.70328,-87.615326,Census Tract 4909.02
9807,9807,36288,70021464,40003,4,3,IL,USA,17,31,839100,0,0,41.880986,-87.63307,Census Tract 8391
9812,9812,36304,70021471,10000,-1,1,IL,USA,17,31,10502,0,1,42.004517,-87.663327,Census Tract 105.02
9813,9813,36305,70021471,10002,1,2,IL,USA,17,31,760801,0,0,41.983487,-87.84485,Census Tract 7608.01
9817,9817,36321,70021493,10000,-1,1,IL,USA,17,31,720500,0,1,41.702835,-87.689101,Census Tract 7205
9818,9818,36322,70021493,10002,1,2,IL,USA,17,31,740100,0,0,41.697286,-87.698608,Census Tract 7401
9819,9819,36323,70021493,20002,2,2,IL,USA,17,31,420400,0,0,41.78317,-87.603558,Census Tract 4204
9820,9820,36324,70021493,30002,3,2,IL,USA,17,31,833000,0,0,41.885286,-87.657249,Census Tract 8330
9821,9821,36325,70021493,30003,3,3,IL,USA,17,31,320400,0,0,41.875817,-87.617256,Census Tract 3204
9822,9822,36355,70021502,10000,-1,1,IL,USA,17,31,835500,0,1,41.816353,-87.632542,Census Tract 8355
9823,9823,36356,70021502,30002,3,2,IL,USA,17,31,840400,0,0,41.833926,-87.667162,Census Tract 8404
9834,9834,36421,70021545,10000,-1,1,IL,USA,17,31,140800,0,1,41.964514,-87.702847,Census Tract 1408
9835,9835,36422,70021545,10002,1,2,IL,USA,17,31,81700,0,0,41.892218,-87.631832,Census Tract 817
9853,9853,36525,70021578,10000,-1,1,IL,USA,17,31,63200,0,1,41.938923,-87.634673,Census Tract 632
9854,9854,36526,70021578,10002,1,2,IL,USA,17,31,838200,0,0,41.870416,-87.675079,Census Tract 8382
9862,9862,36551,70021588,10000,-1,1,IL,USA,17,31,839000,0,1,41.869903,-87.631213,Census Tract 8390
9863,9863,36552,70021588,10002,1,2,IL,USA,17,31,839100,0,0,41.880986,-87.63307,Census Tract 8391
9869,9869,36602,70021603,10000,-1,1,IL,USA,17,31,832100,0,1,41.952821,-87.653241,Census Tract 8321
9870,9870,36603,70021603,10002,1,2,IL,USA,17,31,281900,0,0,41.878635,-87.642924,Census Tract 2819
9871,9871,36613,70021612,10000,-1,1,IL,USA,17,31,836300,0,1,41.801532,-87.601758,Census Tract 8363
9872,9872,36614,70021612,10003,1,3,IL,USA,17,31,836200,0,0,41.790469,-87.601285,Census Tract 8362
9873,9873,36615,70021612,20002,2,2,IL,USA,17,31,836200,0,0,41.790469,-87.601285,Census Tract 8362
9874,9874,36616,70021612,20003,2,3,IL,USA,17,31,836200,0,0,41.790469,-87.601285,Census Tract 8362
9875,9875,36617,70021617,10000,-1,1,IL,USA,17,31,271200,0,1,41.87736,-87.703562,Census Tract 2712
9876,9876,36618,70021617,10002,1,2,IL,USA,17,31,839100,0,0,41.880986,-87.63307,Census Tract 8391
9877,9877,36619,70021620,10000,-1,1,IL,USA,17,31,61902,0,1,41.946698,-87.639064,Census Tract 619.02
9878,9878,36620,70021620,10002,1,2,IL,USA,17,31,833300,0,0,41.871694,-87.654124,Census Tract 8333
9879,9879,36621,70021620,10003,1,3,IL,USA,17,31,833300,0,0,41.871694,-87.654124,Census Tract 8333
9880,9880,36628,70021636,10000,-1,1,IL,USA,17,31,242600,0,1,41.90056,-87.694197,Census Tract 2426
9881,9881,36629,70021636,10002,1,2,IL,USA,17,31,320100,0,0,41.886447,-87.619467,Census Tract 3201
9882,9882,36630,70021636,30003,3,3,IL,USA,17,31,242500,0,0,41.899446,-87.689319,Census Tract 2425
9883,9883,36631,70021636,50003,5,3,IL,USA,17,31,242600,0,0,41.90056,-87.694197,Census Tract 2426
9886,9886,36639,70021657,10000,-1,1,IL,USA,17,31,40202,0,1,41.979855,-87.694096,Census Tract 402.02
9887,9887,36640,70021657,20002,2,2,IL,USA,17,31,839100,0,0,41.880986,-87.63307,Census Tract 8391
9888,9888,36641,70021657,20003,2,3,IL,USA,17,31,320400,0,0,41.875817,-87.617256,Census Tract 3204
9894,9894,36652,70021668,10000,-1,1,IL,USA,17,31,60400,0,1,41.950673,-87.666536,Census Tract 604
9895,9895,36653,70021668,10002,1,2,IL,USA,17,31,833300,0,0,41.871694,-87.654124,Census Tract 8333
9900,9900,36699,70021678,10000,-1,1,IL,USA,17,31,840000,0,1,41.831171,-87.638298,Census Tract 8400
9901,9901,36700,70021678,10002,1,2,IL,USA,17,31,841300,0,0,41.843977,-87.684202,Census Tract 8413
9902,9902,36712,70021687,10000,-1,1,IL,USA,17,31,63302,0,1,41.934765,-87.639854,Census Tract 633.02
9903,9903,36713,70021687,10002,1,2,IL,USA,17,31,280100,0,0,41.885452,-87.643498,Census Tract 2801
9924,9924,36781,70021750,10000,-1,1,IL,USA,17,31,71100,0,1,41.921778,-87.651061,Census Tract 711
9925,9925,36782,70021750,10002,1,2,IL,USA,17,31,243500,0,0,41.892654,-87.652517,Census Tract 2435
9933,9933,36806,70021771,10000,-1,1,IL,USA,17,31,420300,0,1,41.783224,-87.598697,Census Tract 4203
9934,9934,36807,70021771,10003,1,3,IL,USA,17,31,836200,0,0,41.790469,-87.601285,Census Tract 8362
9935,9935,36808,70021771,20002,2,2,IL,USA,17,31,836200,0,0,41.790469,-87.601285,Census Tract 8362
9936,9936,36809,70021771,20003,2,3,IL,USA,17,31,836200,0,0,41.790469,-87.601285,Census Tract 8362
9937,9937,36810,70021771,30003,3,3,IL,USA,17,31,836200,0,0,41.790469,-87.601285,Census Tract 8362
9938,9938,36811,70021771,40003,4,3,IL,USA,17,31,836200,0,0,41.790469,-87.601285,Census Tract 8362
9939,9939,36825,70021772,10000,-1,1,IL,USA,17,31,420300,0,1,41.783224,-87.598697,Census Tract 4203
9940,9940,36826,70021772,10003,1,3,IL,USA,17,31,836200,0,0,41.790469,-87.601285,Census Tract 8362
9941,9941,36827,70021772,20002,2,2,IL,USA,17,31,836200,0,0,41.790469,-87.601285,Census Tract 8362
9942,9942,36828,70021772,20003,2,3,IL,USA,17,31,836200,0,0,41.790469,-87.601285,Census Tract 8362
9943,9943,36829,70021772,30003,3,3,IL,USA,17,31,836200,0,0,41.790469,-87.601285,Census Tract 8362
9944,9944,36830,70021772,40003,4,3,IL,USA,17,31,836200,0,0,41.790469,-87.601285,Census Tract 8362
9945,9945,36861,70021779,10000,-1,1,IL,USA,17,31,491400,0,1,41.689123,-87.616822,Census Tract 4914
9946,9946,36862,70021779,10002,1,2,IL,USA,17,31,351100,0,0,41.827754,-87.614189,Census Tract 3511
9947,9947,36863,70021779,20002,2,2,IL,USA,17,31,839000,0,0,41.869903,-87.631213,Census Tract 8390
9948,9948,36864,70021779,30003,3,3,IL,USA,17,31,839000,0,0,41.869903,-87.631213,Census Tract 8390
9949,9949,36865,70021779,40003,4,3,IL,USA,17,31,230600,0,0,41.906155,-87.733999,Census Tract 2306
9952,9952,36869,70021793,10000,-1,1,IL,USA,17,31,40401,0,1,41.972067,-87.686082,Census Tract 404.01
9953,9953,36870,70021793,10002,1,2,IL,USA,17,31,842300,0,0,41.908386,-87.660086,Census Tract 8423
9963,9963,36894,70021809,10000,-1,1,IL,USA,17,31,70200,0,1,41.929078,-87.646293,Census Tract 702
9964,9964,36895,70021809,10002,1,2,IL,USA,17,31,839100,0,0,41.880986,-87.63307,Census Tract 8391
9999,9999,36975,70021846,10000,-1,1,IL,USA,17,31,71400,0,1,41.922726,-87.629526,Census Tract 714
10000,10000,36976,70021846,10002,1,2,IL,USA,17,31,320100,0,0,41.886447,-87.619467,Census Tract 3201
10001,10001,36977,70021850,10000,-1,1,IL,USA,17,31,243500,0,1,41.892654,-87.652517,Census Tract 2435
10002,10002,36978,70021850,20002,2,2,IL,USA,17,31,81401,0,0,41.895035,-87.619717,Census Tract 814.01
10003,10003,36982,70021851,10000,-1,1,IL,USA,17,31,280100,0,1,41.885452,-87.643498,Census Tract 2801
10004,10004,36983,70021851,20002,2,2,IL,USA,17,31,81401,0,0,41.895035,-87.619717,Census Tract 814.01
10005,10005,36987,70021860,10000,-1,1,IL,USA,17,31,31300,0,1,41.973765,-87.64653,Census Tract 313
10006,10006,36988,70021860,10002,1,2,IL,USA,17,31,839100,0,0,41.880986,-87.63307,Census Tract 8391
10007,10007,36990,70021869,10000,-1,1,IL,USA,17,31,630800,0,1,41.789965,-87.698572,Census Tract 6308
10008,10008,36991,70021869,10003,1,3,IL,USA,17,31,71000,0,0,41.921701,-87.655911,Census Tract 710
10009,10009,36992,70021869,30003,3,3,IL,USA,17,31,841800,0,0,41.766306,-87.599421,Census Tract 8418
10010,10010,36993,70021869,40003,4,3,IL,USA,17,31,580502,0,0,41.814562,-87.69931,Census Tract 5805.02
10011,10011,36994,70021869,50003,5,3,IL,USA,17,31,580502,0,0,41.814562,-87.69931,Census Tract 5805.02
10017,10017,37024,70021885,10000,-1,1,IL,USA,17,31,833100,0,1,41.879078,-87.657046,Census Tract 8331
10018,10018,37025,70021885,10002,1,2,IL,USA,17,31,838200,0,0,41.870416,-87.675079,Census Tract 8382
10019,10019,37026,70021885,20002,2,2,IL,USA,17,31,838200,0,0,41.870416,-87.675079,Census Tract 8382
10020,10020,37029,70021889,10000,-1,1,IL,USA,17,31,140602,0,1,41.964652,-87.721017,Census Tract 1406.02
10021,10021,37030,70021889,20002,2,2,IL,USA,17,31,843900,0,0,41.778993,-87.57613,Census Tract 8439
10022,10022,37031,70021889,30003,3,3,IL,USA,17,31,842200,0,0,41.904728,-87.64922,Census Tract 8422
10023,10023,37032,70021889,40003,4,3,IL,USA,17,31,842200,0,0,41.904728,-87.64922,Census Tract 8422
10027,10027,37040,70021903,10000,-1,1,IL,USA,17,31,710500,0,1,41.747532,-87.670787,Census Tract 7105
10028,10028,37041,70021903,10002,1,2,IL,USA,17,31,320100,0,0,41.886447,-87.619467,Census Tract 3201
10039,10039,37093,70021935,10000,-1,1,IL,USA,17,31,242700,0,1,41.897425,-87.699374,Census Tract 2427
10040,10040,37094,70021935,10002,1,2,IL,USA,17,31,243500,0,0,41.892654,-87.652517,Census Tract 2435
10041,10041,37144,70021949,10000,-1,1,IL,USA,17,31,660600,0,1,41.777287,-87.693341,Census Tract 6606
10042,10042,37145,70021949,10002,1,2,IL,USA,17,31,839100,0,0,41.880986,-87.63307,Census Tract 8391
10043,10043,37146,70021949,20003,2,3,IL,USA,17,31,835000,0,0,41.782849,-87.686049,Census Tract 8350
10044,10044,37147,70021949,30003,3,3,IL,USA,17,31,681100,0,0,41.768766,-87.64936,Census Tract 6811
10048,10048,37152,70021952,10000,-1,1,IL,USA,17,31,841200,0,1,41.855562,-87.683342,Census Tract 8412
10049,10049,37153,70021952,10002,1,2,IL,USA,17,31,770602,0,0,42.011911,-87.907497,Census Tract 7706.02
10062,10062,37211,70021991,10000,-1,1,IL,USA,17,31,838200,0,1,41.870416,-87.675079,Census Tract 8382
10063,10063,37212,70021991,10003,1,3,IL,USA,17,31,838200,0,0,41.870416,-87.675079,Census Tract 8382
10064,10064,37217,70022016,10000,-1,1,IL,USA,17,31,10702,0,1,42.00902,-87.672726,Census Tract 107.02
10065,10065,37218,70022016,10002,1,2,IL,USA,17,31,839100,0,0,41.880986,-87.63307,Census Tract 8391
10066,10066,37219,70022016,10003,1,3,IL,USA,17,31,320600,0,0,41.870554,-87.616596,Census Tract 3206
10067,10067,37265,70022033,10000,-1,1,IL,USA,17,31,210502,0,1,41.933785,-87.722052,Census Tract 2105.02
10068,10068,37266,70022033,10002,1,2,IL,USA,17,31,140200,0,0,41.970695,-87.713004,Census Tract 1402
10069,10069,37279,70022035,10000,-1,1,IL,USA,17,31,410600,0,1,41.797969,-87.598942,Census Tract 4106
10070,10070,37280,70022035,10002,1,2,IL,USA,17,31,839100,0,0,41.880986,-87.63307,Census Tract 8391
10083,10083,37303,70022059,10000,-1,1,IL,USA,17,31,833000,0,1,41.885286,-87.657249,Census Tract 8330
10084,10084,37304,70022059,10002,1,2,IL,USA,17,31,830600,0,0,42.001698,-87.673574,Census Tract 8306
10088,10088,37365,70022065,10000,-1,1,IL,USA,17,31,81000,0,1,41.900266,-87.632109,Census Tract 810
10089,10089,37366,70022065,10002,1,2,IL,USA,17,31,81000,0,0,41.900266,-87.632109,Census Tract 810
10090,10090,37367,70022065,10003,1,3,IL,USA,17,31,81000,0,0,41.900266,-87.632109,Census Tract 810
10091,10091,37373,70022069,10000,-1,1,IL,USA,17,31,210100,0,1,41.944657,-87.700544,Census Tract 2101
10092,10092,37374,70022069,10002,1,2,IL,USA,17,31,839100,0,0,41.880986,-87.63307,Census Tract 8391
10096,10096,37404,70022083,10000,-1,1,IL,USA,17,31,70300,0,1,41.929046,-87.65131,Census Tract 703
10097,10097,37405,70022083,10002,1,2,IL,USA,17,31,839100,0,0,41.880986,-87.63307,Census Tract 8391
10118,10118,37480,70022142,10000,-1,1,IL,USA,17,31,220602,0,1,41.929327,-87.711981,Census Tract 2206.02
10119,10119,37481,70022142,10002,1,2,IL,USA,17,31,830900,0,0,41.928424,-87.684906,Census Tract 8309
10124,10124,37526,70022153,10000,-1,1,IL,USA,17,31,241000,0,1,41.907969,-87.694534,Census Tract 2410
10125,10125,37527,70022153,10002,1,2,IL,USA,17,31,320400,0,0,41.875817,-87.617256,Census Tract 3204
10126,10126,37543,70022156,10000,-1,1,IL,USA,17,31,410800,0,1,41.797961,-87.589625,Census Tract 4108
10127,10127,37544,70022156,10002,1,2,IL,USA,17,31,832600,0,0,41.914754,-87.654465,Census Tract 8326
10131,10131,37576,70022179,10000,-1,1,IL,USA,17,31,220500,0,1,41.928396,-87.704911,Census Tract 2205
10132,10132,37577,70022179,20002,2,2,IL,USA,17,31,832900,0,0,41.874181,-87.661901,Census Tract 8329
10148,10148,37637,70022231,10000,-1,1,IL,USA,17,31,220701,0,1,41.926155,-87.721565,Census Tract 2207.01
10149,10149,37638,70022231,20002,2,2,IL,USA,17,31,320100,0,0,41.886447,-87.619467,Census Tract 3201
10153,10153,37658,70022235,10000,-1,1,IL,USA,17,31,833000,0,1,41.885286,-87.657249,Census Tract 8330
10154,10154,37659,70022235,10002,1,2,IL,USA,17,31,839100,0,0,41.880986,-87.63307,Census Tract 8391
10161,10161,37697,70022245,10000,-1,1,IL,USA,17,31,243400,0,1,41.892558,-87.659848,Census Tract 2434
10162,10162,37698,70022245,10002,1,2,IL,USA,17,31,320400,0,0,41.875817,-87.617256,Census Tract 3204
10174,10174,37741,70022255,10000,-1,1,IL,USA,17,31,330100,0,1,41.859295,-87.615523,Census Tract 3301
10175,10175,37742,70022255,10002,1,2,IL,USA,17,31,838100,0,0,41.878667,-87.671689,Census Tract 8381
10176,10176,37751,70022259,10000,-1,1,IL,USA,17,31,221300,0,1,41.921126,-87.699754,Census Tract 2213
10177,10177,37752,70022259,10002,1,2,IL,USA,17,31,230700,0,0,41.906323,-87.72154,Census Tract 2307
10178,10178,37753,70022262,10000,-1,1,IL,USA,17,31,380700,0,1,41.813806,-87.623768,Census Tract 3807
10179,10179,37754,70022262,10002,1,2,IL,USA,17,31,281900,0,0,41.878635,-87.642924,Census Tract 2819
10183,10183,37762,70022267,10000,-1,1,IL,USA,17,31,40202,0,1,41.979855,-87.694096,Census Tract 402.02
10184,10184,37763,70022267,10002,1,2,IL,USA,17,31,70700,0,0,41.930652,-87.674104,Census Tract 707
10194,10194,37818,70022298,10000,-1,1,IL,USA,17,31,221000,0,1,41.92096,-87.715253,Census Tract 2210
10195,10195,37819,70022298,20002,2,2,IL,USA,17,31,839100,0,0,41.880986,-87.63307,Census Tract 8391
10199,10199,37859,70022312,10000,-1,1,IL,USA,17,31,840700,0,1,41.85293,-87.694267,Census Tract 8407
10200,10200,37860,70022312,10002,1,2,IL,USA,17,31,839100,0,0,41.880986,-87.63307,Census Tract 8391
10201,10201,37861,70022312,10003,1,3,IL,USA,17,31,230500,0,0,41.911689,-87.733943,Census Tract 2305
10202,10202,37862,70022312,30002,3,2,IL,USA,17,31,838100,0,0,41.878667,-87.671689,Census Tract 8381
10208,10208,37894,70022323,10000,-1,1,IL,USA,17,31,81600,0,1,41.892057,-87.628871,Census Tract 816
10209,10209,37895,70022323,10002,1,2,IL,USA,17,31,839100,0,0,41.880986,-87.63307,Census Tract 8391
10216,10216,37909,70022331,10000,-1,1,IL,USA,17,31,242400,0,1,41.899422,-87.68449,Census Tract 2424
10217,10217,37910,70022331,10002,1,2,IL,USA,17,31,320100,0,0,41.886447,-87.619467,Census Tract 3201
10218,10218,37911,70022333,10000,-1,1,IL,USA,17,31,210700,0,1,41.935703,-87.70384,Census Tract 2107
10219,10219,37912,70022333,10002,1,2,IL,USA,17,31,280100,0,0,41.885452,-87.643498,Census Tract 2801
10220,10220,37915,70022335,10000,-1,1,IL,USA,17,31,110300,0,1,41.975291,-87.783235,Census Tract 1103
10221,10221,37916,70022335,20002,2,2,IL,USA,17,31,839100,0,0,41.880986,-87.63307,Census Tract 8391
10222,10222,37917,70022335,30003,3,3,IL,USA,17,31,100100,0,0,41.989584,-87.783014,Census Tract 1001
10223,10223,37918,70022335,40003,4,3,IL,USA,17,31,100100,0,0,41.989584,-87.783014,Census Tract 1001
10226,10226,37924,70022339,10000,-1,1,IL,USA,17,31,62000,0,1,41.942577,-87.647079,Census Tract 620
10227,10227,37925,70022339,10002,1,2,IL,USA,17,31,81403,0,0,41.892991,-87.620956,Census Tract 814.03
10228,10228,37955,70022343,10000,-1,1,IL,USA,17,31,833100,0,1,41.879078,-87.657046,Census Tract 8331
10229,10229,37956,70022343,10002,1,2,IL,USA,17,31,320100,0,0,41.886447,-87.619467,Census Tract 3201
10233,10233,37985,70022353,10000,-1,1,IL,USA,17,31,841900,0,1,41.868458,-87.642965,Census Tract 8419
10234,10234,37986,70022353,10002,1,2,IL,USA,17,31,838200,0,0,41.870416,-87.675079,Census Tract 8382
10235,10235,37992,70022355,10000,-1,1,IL,USA,17,31,10400,0,1,42.006411,-87.658816,Census Tract 104
10236,10236,37993,70022355,10002,1,2,IL,USA,17,31,320100,0,0,41.886447,-87.619467,Census Tract 3201
10242,10242,38050,70022368,10000,-1,1,IL,USA,17,31,40700,0,1,41.967431,-87.694068,Census Tract 407
10243,10243,38051,70022368,20002,2,2,IL,USA,17,31,320400,0,0,41.875817,-87.617256,Census Tract 3204
10244,10244,38052,70022368,30003,3,3,IL,USA,17,31,40600,0,0,41.966834,-87.684018,Census Tract 406
10245,10245,38055,70022370,10000,-1,1,IL,USA,17,31,230100,0,1,41.912008,-87.704366,Census Tract 2301
10246,10246,38056,70022370,10002,1,2,IL,USA,17,31,80400,0,0,41.907412,-87.640902,Census Tract 804
10247,10247,38057,70022370,20003,2,3,IL,USA,17,31,222500,0,0,41.915708,-87.699597,Census Tract 2225
10252,10252,38085,70022403,10000,-1,1,IL,USA,17,31,30200,0,1,41.994441,-87.66523,Census Tract 302
10253,10253,38086,70022403,10002,1,2,IL,USA,17,31,10400,0,0,42.006411,-87.658816,Census Tract 104
10258,10258,38105,70022413,10000,-1,1,IL,USA,17,31,120200,0,1,41.994532,-87.757611,Census Tract 1202
10259,10259,38106,70022413,10002,1,2,IL,USA,17,31,281900,0,0,41.878635,-87.642924,Census Tract 2819
10260,10260,38107,70022435,10000,-1,1,IL,USA,17,31,839700,0,1,41.833651,-87.651949,Census Tract 8397
10261,10261,38108,70022435,10002,1,2,IL,USA,17,31,281900,0,0,41.878635,-87.642924,Census Tract 2819
10262,10262,38119,70022465,10000,-1,1,IL,USA,17,31,60900,0,1,41.951517,-87.641778,Census Tract 609
10263,10263,38120,70022465,10002,1,2,IL,USA,17,31,839100,0,0,41.880986,-87.63307,Census Tract 8391
10264,10264,38121,70022465,10003,1,3,IL,USA,17,31,839100,0,0,41.880986,-87.63307,Census Tract 8391
10267,10267,38131,70022468,10000,-1,1,IL,USA,17,31,330100,0,1,41.859295,-87.615523,Census Tract 3301
10268,10268,38132,70022468,10002,1,2,IL,USA,17,31,841100,0,0,41.851644,-87.635661,Census Tract 8411
10269,10269,38133,70022468,20002,2,2,IL,USA,17,31,838200,0,0,41.870416,-87.675079,Census Tract 8382
10270,10270,38135,70022475,10000,-1,1,IL,USA,17,31,431400,0,1,41.757208,-87.546555,Census Tract 4314
10271,10271,38136,70022475,10002,1,2,IL,USA,17,31,31900,0,0,41.963374,-87.670184,Census Tract 319
10276,10276,38150,70022484,10000,-1,1,IL,USA,17,31,63200,0,1,41.938923,-87.634673,Census Tract 632
10277,10277,38151,70022484,10002,1,2,IL,USA,17,31,832600,0,0,41.914754,-87.654465,Census Tract 8326
10278,10278,38152,70022484,10003,1,3,IL,USA,17,31,71000,0,0,41.921701,-87.655911,Census Tract 710
10286,10286,38177,70022501,10000,-1,1,IL,USA,17,31,221400,0,1,41.920801,-87.694532,Census Tract 2214
10287,10287,38178,70022501,10002,1,2,IL,USA,17,31,839100,0,0,41.880986,-87.63307,Census Tract 8391
10293,10293,38198,70022518,10000,-1,1,IL,USA,17,31,160300,0,1,41.957268,-87.730896,Census Tract 1603
10294,10294,38199,70022518,10002,1,2,IL,USA,17,31,760801,0,0,41.983487,-87.84485,Census Tract 7608.01
10300,10300,38226,70022531,10000,-1,1,IL,USA,17,31,160502,0,1,41.955584,-87.713088,Census Tract 1605.02
10301,10301,38227,70022531,10002,1,2,IL,USA,17,31,30701,0,0,41.982745,-87.657966,Census Tract 307.01
10302,10302,38245,70022539,10000,-1,1,IL,USA,17,31,411000,0,1,41.787227,-87.577462,Census Tract 4110
10303,10303,38246,70022539,10002,1,2,IL,USA,17,31,838100,0,0,41.878667,-87.671689,Census Tract 8381
10304,10304,38258,70022540,10000,-1,1,IL,USA,17,31,20400,0,1,42.008488,-87.685912,Census Tract 204
10305,10305,38259,70022540,20002,2,2,IL,USA,17,31,842300,0,0,41.908386,-87.660086,Census Tract 8423
10309,10309,38281,70022564,10000,-1,1,IL,USA,17,31,31100,0,1,41.972668,-87.663866,Census Tract 311
10310,10310,38282,70022564,10002,1,2,IL,USA,17,31,830700,0,0,41.958304,-87.660765,Census Tract 8307
10311,10311,38283,70022564,20002,2,2,IL,USA,17,31,300600,0,0,41.84799,-87.717334,Census Tract 3006
10319,10319,38297,70022587,10000,-1,1,IL,USA,17,31,150200,0,1,41.960675,-87.752413,Census Tract 1502
10320,10320,38298,70022587,10002,1,2,IL,USA,17,31,833000,0,0,41.885286,-87.657249,Census Tract 8330
10333,10333,38355,70022600,10000,-1,1,IL,USA,17,31,831900,0,1,41.945169,-87.668791,Census Tract 8319
10334,10334,38356,70022600,10002,1,2,IL,USA,17,31,320400,0,0,41.875817,-87.617256,Census Tract 3204
10335,10335,38369,70022601,10000,-1,1,IL,USA,17,31,40600,0,1,41.966834,-87.684018,Census Tract 406
10336,10336,38370,70022601,10003,1,3,IL,USA,17,31,839100,0,0,41.880986,-87.63307,Census Tract 8391
10352,10352,38421,70022648,10000,-1,1,IL,USA,17,31,63200,0,1,41.938923,-87.634673,Census Tract 632
10353,10353,38422,70022648,10002,1,2,IL,USA,17,31,81800,0,0,41.893324,-87.63919,Census Tract 818
10354,10354,38423,70022648,20002,2,2,IL,USA,17,31,320100,0,0,41.886447,-87.619467,Census Tract 3201
10355,10355,38424,70022648,30003,3,3,IL,USA,17,31,61901,0,0,41.943244,-87.643458,Census Tract 619.01
10356,10356,38425,70022648,40003,4,3,IL,USA,17,31,61901,0,0,41.943244,-87.643458,Census Tract 619.01
10357,10357,38426,70022648,50003,5,3,IL,USA,17,31,61901,0,0,41.943244,-87.643458,Census Tract 619.01
10358,10358,38430,70022651,10000,-1,1,IL,USA,17,31,220602,0,1,41.929327,-87.711981,Census Tract 2206.02
10359,10359,38431,70022651,10002,1,2,IL,USA,17,31,842200,0,0,41.904728,-87.64922,Census Tract 8422
10360,10360,38432,70022651,20002,2,2,IL,USA,17,31,81500,0,0,41.892906,-87.626079,Census Tract 815
10361,10361,38435,70022652,10000,-1,1,IL,USA,17,31,210501,0,1,41.937401,-87.72233,Census Tract 2105.01
10362,10362,38436,70022652,10002,1,2,IL,USA,17,31,81700,0,0,41.892218,-87.631832,Census Tract 817
10367,10367,38450,70022654,10000,-1,1,IL,USA,17,31,63200,0,1,41.938923,-87.634673,Census Tract 632
10368,10368,38451,70022654,10002,1,2,IL,USA,17,31,81401,0,0,41.895035,-87.619717,Census Tract 814.01
10369,10369,38453,70022662,10000,-1,1,IL,USA,17,31,310500,0,1,41.855248,-87.65474,Census Tract 3105
10370,10370,38454,70022662,10002,1,2,IL,USA,17,31,841900,0,0,41.868458,-87.642965,Census Tract 8419
10371,10371,38455,70022662,10003,1,3,IL,USA,17,31,833100,0,0,41.879078,-87.657046,Census Tract 8331
10372,10372,38456,70022662,20002,2,2,IL,USA,17,31,838200,0,0,41.870416,-87.675079,Census Tract 8382
10373,10373,38457,70022662,20003,2,3,IL,USA,17,31,841900,0,0,41.868458,-87.642965,Census Tract 8419
10381,10381,38502,70022680,10000,-1,1,IL,USA,17,31,220602,0,1,41.929327,-87.711981,Census Tract 2206.02
10382,10382,38503,70022680,10002,1,2,IL,USA,17,31,81800,0,0,41.893324,-87.63919,Census Tract 818
10383,10383,38504,70022680,10003,1,3,IL,USA,17,31,838200,0,0,41.870416,-87.675079,Census Tract 8382
10386,10386,38510,70022682,10000,-1,1,IL,USA,17,31,30703,0,1,41.978875,-87.657871,Census Tract 307.03
10387,10387,38511,70022682,10002,1,2,IL,USA,17,31,830700,0,0,41.958304,-87.660765,Census Tract 8307
10388,10388,38514,70022697,10000,-1,1,IL,USA,17,31,250300,0,1,41.912842,-87.760841,Census Tract 2503
10389,10389,38515,70022697,10002,1,2,IL,USA,17,31,190701,0,0,41.929796,-87.761422,Census Tract 1907.01
10390,10390,38518,70022697,20002,2,2,IL,USA,17,31,980000,0,0,41.979419,-87.902438,Census Tract 9800
10391,10391,38519,70022697,30003,3,3,IL,USA,17,31,180100,0,0,41.934488,-87.798609,Census Tract 1801
10392,10392,38520,70022697,40003,4,3,IL,USA,17,31,60100,0,0,41.957531,-87.666611,Census Tract 601
10405,10405,38567,70022717,10000,-1,1,IL,USA,17,31,252000,0,1,41.883676,-87.76988,Census Tract 2520
10406,10406,38568,70022717,10003,1,3,IL,USA,17,31,281900,0,0,41.878635,-87.642924,Census Tract 2819
10407,10407,38569,70022717,20002,2,2,IL,USA,17,31,151200,0,0,41.942169,-87.771495,Census Tract 1512
10411,10411,38615,70022736,10000,-1,1,IL,USA,17,31,390700,0,1,41.804016,-87.580489,Census Tract 3907
10412,10412,38616,70022736,10002,1,2,IL,USA,17,31,833000,0,0,41.885286,-87.657249,Census Tract 8330
10413,10413,38618,70022737,10000,-1,1,IL,USA,17,31,81202,0,1,41.904377,-87.624237,Census Tract 812.02
10414,10414,38619,70022737,10002,1,2,IL,USA,17,31,838200,0,0,41.870416,-87.675079,Census Tract 8382
10421,10421,38635,70022760,10000,-1,1,IL,USA,17,31,81800,0,1,41.893324,-87.63919,Census Tract 818
10422,10422,38636,70022760,10002,1,2,IL,USA,17,31,320400,0,0,41.875817,-87.617256,Census Tract 3204
10423,10423,38637,70022760,20002,2,2,IL,USA,17,31,81700,0,0,41.892218,-87.631832,Census Tract 817
10426,10426,38670,70022797,10000,-1,1,IL,USA,17,31,833300,0,1,41.871694,-87.654124,Census Tract 8333
10427,10427,38671,70022797,10002,1,2,IL,USA,17,31,71400,0,0,41.922726,-87.629526,Census Tract 714
10428,10428,38672,70022797,10003,1,3,IL,USA,17,31,320600,0,0,41.870554,-87.616596,Census Tract 3206
10434,10434,38724,70022810,10000,-1,1,IL,USA,17,31,310600,0,1,41.856333,-87.659564,Census Tract 3106
10435,10435,38725,70022810,10002,1,2,IL,USA,17,31,843300,0,0,41.863764,-87.69255,Census Tract 8433
10436,10436,38726,70022810,20002,2,2,IL,USA,17,31,838200,0,0,41.870416,-87.675079,Census Tract 8382
10446,10446,38743,70022814,10000,-1,1,IL,USA,17,31,390400,0,1,41.805924,-87.604058,Census Tract 3904
10447,10447,38744,70022814,10002,1,2,IL,USA,17,31,81000,0,0,41.900266,-87.632109,Census Tract 810
10448,10448,38745,70022814,10003,1,3,IL,USA,17,31,680900,0,0,41.77643,-87.63763,Census Tract 6809
10449,10449,38782,70022821,10000,-1,1,IL,USA,17,31,283800,0,1,41.863417,-87.653755,Census Tract 2838
10450,10450,38783,70022821,10002,1,2,IL,USA,17,31,836800,0,0,41.88509,-87.714967,Census Tract 8368
10451,10451,38784,70022821,20002,2,2,IL,USA,17,31,838200,0,0,41.870416,-87.675079,Census Tract 8382
10452,10452,38795,70022832,10000,-1,1,IL,USA,17,31,160200,0,1,41.958794,-87.7384,Census Tract 1602
10453,10453,38796,70022832,20002,2,2,IL,USA,17,31,81000,0,0,41.900266,-87.632109,Census Tract 810
10454,10454,38830,70022842,10000,-1,1,IL,USA,17,31,31700,0,1,41.965447,-87.663195,Census Tract 317
10455,10455,38831,70022842,10002,1,2,IL,USA,17,31,839100,0,0,41.880986,-87.63307,Census Tract 8391
10456,10456,38861,70022844,10000,-1,1,IL,USA,17,31,220500,0,1,41.928396,-87.704911,Census Tract 2205
10457,10457,38862,70022844,10002,1,2,IL,USA,17,31,71200,0,0,41.921855,-87.646211,Census Tract 712
10458,10458,38869,70022845,10000,-1,1,IL,USA,17,31,210502,0,1,41.933785,-87.722052,Census Tract 2105.02
10459,10459,38870,70022845,10002,1,2,IL,USA,17,31,841800,0,0,41.766306,-87.599421,Census Tract 8418
10460,10460,38871,70022845,20002,2,2,IL,USA,17,31,281900,0,0,41.878635,-87.642924,Census Tract 2819
10463,10463,38910,70022849,10000,-1,1,IL,USA,17,31,510200,0,1,41.714265,-87.56005,Census Tract 5102
10464,10464,38911,70022849,10002,1,2,IL,USA,17,31,320100,0,0,41.886447,-87.619467,Census Tract 3201
10465,10465,38912,70022849,30002,3,2,IL,USA,17,31,841800,0,0,41.766306,-87.599421,Census Tract 8418
10466,10466,38913,70022849,30003,3,3,IL,USA,17,31,841800,0,0,41.766306,-87.599421,Census Tract 8418
10477,10477,38933,70022884,10000,-1,1,IL,USA,17,31,70200,0,1,41.929078,-87.646293,Census Tract 702
10478,10478,38934,70022884,10002,1,2,IL,USA,17,31,81800,0,0,41.893324,-87.63919,Census Tract 818
10479,10479,38935,70022884,10003,1,3,IL,USA,17,31,320400,0,0,41.875817,-87.617256,Census Tract 3204
10480,10480,38936,70022884,20002,2,2,IL,USA,17,31,842200,0,0,41.904728,-87.64922,Census Tract 8422
10486,10486,38989,70022887,10000,-1,1,IL,USA,17,31,63100,0,1,41.938232,-87.64678,Census Tract 631
10487,10487,38990,70022887,10002,1,2,IL,USA,17,31,839100,0,0,41.880986,-87.63307,Census Tract 8391
10491,10491,39017,70022899,10000,-1,1,IL,USA,17,31,840400,0,1,41.833926,-87.667162,Census Tract 8404
10492,10492,39018,70022899,10002,1,2,IL,USA,17,31,839100,0,0,41.880986,-87.63307,Census Tract 8391
10493,10493,39019,70022899,20002,2,2,IL,USA,17,31,700100,0,0,41.753594,-87.695309,Census Tract 7001
10494,10494,39020,70022899,20003,2,3,IL,USA,17,31,410900,0,0,41.79671,-87.578094,Census Tract 4109
10495,10495,39057,70022906,10000,-1,1,IL,USA,17,31,81500,0,1,41.892906,-87.626079,Census Tract 815
10496,10496,39058,70022906,10002,1,2,IL,USA,17,31,221100,0,0,41.92102,-87.710361,Census Tract 2211
10497,10497,39059,70022906,20002,2,2,IL,USA,17,31,839100,0,0,41.880986,-87.63307,Census Tract 8391
10501,10501,39070,70022910,10000,-1,1,IL,USA,17,31,310600,0,1,41.856333,-87.659564,Census Tract 3106
10502,10502,39071,70022910,10002,1,2,IL,USA,17,31,420400,0,0,41.78317,-87.603558,Census Tract 4204
10503,10503,39072,70022910,10003,1,3,IL,USA,17,31,420400,0,0,41.78317,-87.603558,Census Tract 4204
10506,10506,39081,70022916,10000,-1,1,IL,USA,17,31,221600,0,1,41.921246,-87.685098,Census Tract 2216
10507,10507,39082,70022916,20002,2,2,IL,USA,17,31,839100,0,0,41.880986,-87.63307,Census Tract 8391
10508,10508,39121,70022930,10000,-1,1,IL,USA,17,31,31200,0,1,41.972709,-87.657341,Census Tract 312
10509,10509,39122,70022930,10002,1,2,IL,USA,17,31,839100,0,0,41.880986,-87.63307,Census Tract 8391
10510,10510,39123,70022930,20002,2,2,IL,USA,17,31,839100,0,0,41.880986,-87.63307,Census Tract 8391
10515,10515,39132,70022939,10000,-1,1,IL,USA,17,31,71300,0,1,41.921779,-87.641458,Census Tract 713
10516,10516,39133,70022939,10002,1,2,IL,USA,17,31,71200,0,0,41.921855,-87.646211,Census Tract 712
10522,10522,39148,70022978,10000,-1,1,IL,USA,17,31,243400,0,1,41.892558,-87.659848,Census Tract 2434
10523,10523,39149,70022978,10002,1,2,IL,USA,17,31,841900,0,0,41.868458,-87.642965,Census Tract 8419
10524,10524,39158,70022992,10000,-1,1,IL,USA,17,31,80100,0,1,41.907549,-87.62679,Census Tract 801
10525,10525,39159,70022992,10002,1,2,IL,USA,17,31,320100,0,0,41.886447,-87.619467,Census Tract 3201
10526,10526,39162,70022998,10000,-1,1,IL,USA,17,31,220602,0,1,41.929327,-87.711981,Census Tract 2206.02
10527,10527,39163,70022998,10002,1,2,IL,USA,17,31,420100,0,0,41.782569,-87.579504,Census Tract 4201
10528,10528,39164,70022998,10003,1,3,IL,USA,17,31,81403,0,0,41.892991,-87.620956,Census Tract 814.03
10529,10529,39165,70022998,20002,2,2,IL,USA,17,31,842200,0,0,41.904728,-87.64922,Census Tract 8422
10538,10538,39188,70023025,10000,-1,1,IL,USA,17,31,100200,0,1,41.995658,-87.794314,Census Tract 1002
10539,10539,39189,70023025,20003,2,3,IL,USA,17,31,100300,0,0,41.988702,-87.804403,Census Tract 1003
10540,10540,39190,70023025,30003,3,3,IL,USA,17,31,90200,0,0,42.005594,-87.813096,Census Tract 902
10541,10541,39209,70023035,10000,-1,1,IL,USA,17,31,60400,0,1,41.950673,-87.666536,Census Tract 604
10542,10542,39210,70023035,10002,1,2,IL,USA,17,31,320100,0,0,41.886447,-87.619467,Census Tract 3201
10546,10546,39219,70023047,10000,-1,1,IL,USA,17,31,71500,0,1,41.914242,-87.625092,Census Tract 715
10547,10547,39220,70023047,10002,1,2,IL,USA,17,31,281900,0,0,41.878635,-87.642924,Census Tract 2819
10548,10548,39221,70023047,20002,2,2,IL,USA,17,31,320100,0,0,41.886447,-87.619467,Census Tract 3201
10549,10549,39222,70023053,10000,-1,1,IL,USA,17,31,411100,0,1,41.790455,-87.589701,Census Tract 4111
10550,10550,39223,70023053,10002,1,2,IL,USA,17,31,836200,0,0,41.790469,-87.601285,Census Tract 8362
10551,10551,39224,70023053,10003,1,3,IL,USA,17,31,836200,0,0,41.790469,-87.601285,Census Tract 8362
10552,10552,39225,70023055,10000,-1,1,IL,USA,17,31,221400,0,1,41.920801,-87.694532,Census Tract 2214
10553,10553,39226,70023055,10002,1,2,IL,USA,17,31,839100,0,0,41.880986,-87.63307,Census Tract 8391
10554,10554,39227,70023055,20002,2,2,IL,USA,17,31,839100,0,0,41.880986,-87.63307,Census Tract 8391
10561,10561,39255,70023069,10000,-1,1,IL,USA,17,31,60900,0,1,41.951517,-87.641778,Census Tract 609
10562,10562,39256,70023069,10002,1,2,IL,USA,17,31,81800,0,0,41.893324,-87.63919,Census Tract 818
10570,10570,39269,70023090,10000,-1,1,IL,USA,17,31,242400,0,1,41.899422,-87.68449,Census Tract 2424
10571,10571,39270,70023090,10002,1,2,IL,USA,17,31,838200,0,0,41.870416,-87.675079,Census Tract 8382
10572,10572,39271,70023090,20002,2,2,IL,USA,17,31,839100,0,0,41.880986,-87.63307,Census Tract 8391
10573,10573,39295,70023092,10000,-1,1,IL,USA,17,31,61200,0,1,41.94906,-87.661643,Census Tract 612
10574,10574,39296,70023092,10002,1,2,IL,USA,17,31,839100,0,0,41.880986,-87.63307,Census Tract 8391
10581,10581,39329,70023116,10000,-1,1,IL,USA,17,31,110400,0,1,41.972954,-87.772611,Census Tract 1104
10582,10582,39330,70023116,10002,1,2,IL,USA,17,31,839100,0,0,41.880986,-87.63307,Census Tract 8391
10583,10583,39331,70023116,20002,2,2,IL,USA,17,31,150401,0,0,41.964568,-87.772265,Census Tract 1504.01
10584,10584,39332,70023116,30003,3,3,IL,USA,17,31,150401,0,0,41.964568,-87.772265,Census Tract 1504.01
10585,10585,39333,70023116,40003,4,3,IL,USA,17,31,150401,0,0,41.964568,-87.772265,Census Tract 1504.01
10586,10586,39334,70023116,50003,5,3,IL,USA,17,31,150200,0,0,41.960675,-87.752413,Census Tract 1502
10587,10587,39343,70023119,10000,-1,1,IL,USA,17,31,31000,0,1,41.972437,-87.671109,Census Tract 310
10588,10588,39344,70023119,10002,1,2,IL,USA,17,31,320100,0,0,41.886447,-87.619467,Census Tract 3201
10589,10589,39348,70023125,10000,-1,1,IL,USA,17,31,60900,0,1,41.951517,-87.641778,Census Tract 609
10590,10590,39349,70023125,10002,1,2,IL,USA,17,31,320400,0,0,41.875817,-87.617256,Census Tract 3204
10595,10595,39363,70023136,10000,-1,1,IL,USA,17,31,70500,0,1,41.928945,-87.660892,Census Tract 705
10596,10596,39364,70023136,10002,1,2,IL,USA,17,31,281900,0,0,41.878635,-87.642924,Census Tract 2819
10597,10597,39365,70023136,20002,2,2,IL,USA,17,31,839100,0,0,41.880986,-87.63307,Census Tract 8391
10598,10598,39369,70023138,10000,-1,1,IL,USA,17,31,30104,0,1,41.997277,-87.655986,Census Tract 301.04
10599,10599,39370,70023138,10002,1,2,IL,USA,17,31,30104,0,0,41.997277,-87.655986,Census Tract 301.04
10600,10600,39371,70023138,10003,1,3,IL,USA,17,31,10400,0,0,42.006411,-87.658816,Census Tract 104
10601,10601,39385,70023157,10000,-1,1,IL,USA,17,31,31100,0,1,41.972668,-87.663866,Census Tract 311
10602,10602,39386,70023157,10002,1,2,IL,USA,17,31,839100,0,0,41.880986,-87.63307,Census Tract 8391
10605,10605,39408,70023170,10000,-1,1,IL,USA,17,31,81403,0,1,41.892991,-87.620956,Census Tract 814.03
10606,10606,39409,70023170,10002,1,2,IL,USA,17,31,839100,0,0,41.880986,-87.63307,Census Tract 8391
10607,10607,39411,70023171,10000,-1,1,IL,USA,17,31,330100,0,1,41.859295,-87.615523,Census Tract 3301
10608,10608,39412,70023171,10002,1,2,IL,USA,17,31,839100,0,0,41.880986,-87.63307,Census Tract 8391
10609,10609,39413,70023171,20002,2,2,IL,USA,17,31,836200,0,0,41.790469,-87.601285,Census Tract 8362
10610,10610,39415,70023172,10000,-1,1,IL,USA,17,31,210100,0,1,41.944657,-87.700544,Census Tract 2101
10611,10611,39416,70023172,10002,1,2,IL,USA,17,31,839100,0,0,41.880986,-87.63307,Census Tract 8391
10612,10612,39433,70023174,10000,-1,1,IL,USA,17,31,81700,0,1,41.892218,-87.631832,Census Tract 817
10613,10613,39434,70023174,10002,1,2,IL,USA,17,31,839100,0,0,41.880986,-87.63307,Census Tract 8391
10614,10614,39435,70023174,20002,2,2,IL,USA,17,31,839100,0,0,41.880986,-87.63307,Census Tract 8391
10622,10622,39461,70023189,10000,-1,1,IL,USA,17,31,50100,0,1,41.957845,-87.676373,Census Tract 501
10623,10623,39462,70023189,10002,1,2,IL,USA,17,31,839100,0,0,41.880986,-87.63307,Census Tract 8391
10624,10624,39478,70023190,10000,-1,1,IL,USA,17,31,140602,0,1,41.964652,-87.721017,Census Tract 1406.02
10625,10625,39479,70023190,20002,2,2,IL,USA,17,31,40402,0,0,41.972545,-87.678818,Census Tract 404.02
10626,10626,39483,70023194,10000,-1,1,IL,USA,17,31,320600,0,1,41.870554,-87.616596,Census Tract 3206
10627,10627,39484,70023194,10002,1,2,IL,USA,17,31,839100,0,0,41.880986,-87.63307,Census Tract 8391
10628,10628,39487,70023206,10000,-1,1,IL,USA,17,31,70101,0,1,41.929522,-87.632325,Census Tract 701.01
10629,10629,39488,70023206,10002,1,2,IL,USA,17,31,839100,0,0,41.880986,-87.63307,Census Tract 8391
10630,10630,39489,70023206,20002,2,2,IL,USA,17,31,839100,0,0,41.880986,-87.63307,Census Tract 8391
10636,10636,39510,70023215,10000,-1,1,IL,USA,17,31,40700,0,1,41.967431,-87.694068,Census Tract 407
10637,10637,39511,70023215,10002,1,2,IL,USA,17,31,320100,0,0,41.886447,-87.619467,Census Tract 3201
10638,10638,39512,70023215,20002,2,2,IL,USA,17,31,320400,0,0,41.875817,-87.617256,Census Tract 3204
10645,10645,39541,70023232,10000,-1,1,IL,USA,17,31,80100,0,1,41.907549,-87.62679,Census Tract 801
10646,10646,39542,70023232,10002,1,2,IL,USA,17,31,81401,0,0,41.895035,-87.619717,Census Tract 814.01
10647,10647,39547,70023239,10000,-1,1,IL,USA,17,31,31100,0,1,41.972668,-87.663866,Census Tract 311
10648,10648,39548,70023239,10002,1,2,IL,USA,17,31,60900,0,0,41.951517,-87.641778,Census Tract 609
10649,10649,39555,70023241,10000,-1,1,IL,USA,17,31,561000,0,1,41.788502,-87.791503,Census Tract 5610
10650,10650,39556,70023241,10002,1,2,IL,USA,17,31,320100,0,0,41.886447,-87.619467,Census Tract 3201
10651,10651,39557,70023241,30002,3,2,IL,USA,17,31,291600,0,0,41.857642,-87.692216,Census Tract 2916
10652,10652,39558,70023241,40003,4,3,IL,USA,17,31,839000,0,0,41.869903,-87.631213,Census Tract 8390
10659,10659,39617,70023248,10000,-1,1,IL,USA,17,31,190402,0,1,41.93486,-87.771232,Census Tract 1904.02
10660,10660,39618,70023248,10002,1,2,IL,USA,17,31,81100,0,0,41.900221,-87.629105,Census Tract 811
10665,10665,39627,70023257,10000,-1,1,IL,USA,17,31,80300,0,1,41.90749,-87.635799,Census Tract 803
10666,10666,39628,70023257,10002,1,2,IL,USA,17,31,839100,0,0,41.880986,-87.63307,Census Tract 8391
10667,10667,39629,70023257,20002,2,2,IL,USA,17,31,839100,0,0,41.880986,-87.63307,Census Tract 8391
10668,10668,39630,70023257,30002,3,2,IL,USA,17,31,81800,0,0,41.893324,-87.63919,Census Tract 818
10676,10676,39661,70023288,10000,-1,1,IL,USA,17,31,431301,0,1,41.75353,-87.560187,Census Tract 4313.01
10677,10677,39662,70023288,10002,1,2,IL,USA,17,31,320100,0,0,41.886447,-87.619467,Census Tract 3201
10678,10678,39663,70023288,20002,2,2,IL,USA,17,31,835200,0,0,41.796644,-87.745287,Census Tract 8352
10683,10683,39678,70023313,10000,-1,1,IL,USA,17,31,410700,0,1,41.798049,-87.5942,Census Tract 4107
10684,10684,39679,70023313,10003,1,3,IL,USA,17,31,420300,0,0,41.783224,-87.598697,Census Tract 4203
10685,10685,39683,70023317,10000,-1,1,IL,USA,17,31,70103,0,1,41.926811,-87.642605,Census Tract 701.03
10686,10686,39684,70023317,10002,1,2,IL,USA,17,31,839100,0,0,41.880986,-87.63307,Census Tract 8391
10695,10695,39715,70023344,10000,-1,1,IL,USA,17,31,710100,0,1,41.753392,-87.641971,Census Tract 7101
10696,10696,39716,70023344,10002,1,2,IL,USA,17,31,760801,0,0,41.983487,-87.84485,Census Tract 7608.01
10697,10697,39729,70023345,10000,-1,1,IL,USA,17,31,10202,0,1,42.016051,-87.673322,Census Tract 102.02
10698,10698,39730,70023345,10002,1,2,IL,USA,17,31,81401,0,0,41.895035,-87.619717,Census Tract 814.01
10699,10699,39731,70023345,20002,2,2,IL,USA,17,31,570200,0,0,41.81438,-87.730718,Census Tract 5702
10723,10723,39804,70023370,10000,-1,1,IL,USA,17,31,243500,0,1,41.892654,-87.652517,Census Tract 2435
10724,10724,39805,70023370,10002,1,2,IL,USA,17,31,839100,0,0,41.880986,-87.63307,Census Tract 8391
10728,10728,39810,70023381,10000,-1,1,IL,USA,17,31,390500,0,1,41.805978,-87.599199,Census Tract 3905
10729,10729,39811,70023381,10002,1,2,IL,USA,17,31,330100,0,0,41.859295,-87.615523,Census Tract 3301
10730,10730,39817,70023386,10000,-1,1,IL,USA,17,31,831100,0,1,41.942856,-87.717496,Census Tract 8311
10731,10731,39818,70023386,10002,1,2,IL,USA,17,31,843000,0,0,41.867936,-87.722749,Census Tract 8430
10732,10732,39829,70023396,10000,-1,1,IL,USA,17,31,301100,0,1,41.847029,-87.697973,Census Tract 3011
10733,10733,39830,70023396,10002,1,2,IL,USA,17,31,300700,0,0,41.848072,-87.71245,Census Tract 3007
10734,10734,39831,70023406,10000,-1,1,IL,USA,17,31,31501,0,1,41.967289,-87.652434,Census Tract 315.01
10735,10735,39832,70023406,20002,2,2,IL,USA,17,31,839900,0,0,41.827346,-87.648454,Census Tract 8399
10739,10739,39869,70023424,10000,-1,1,IL,USA,17,31,120100,0,1,42.001982,-87.775006,Census Tract 1201
10740,10740,39870,70023424,10002,1,2,IL,USA,17,31,120100,0,0,42.001982,-87.775006,Census Tract 1201
10743,10743,39893,70023440,10000,-1,1,IL,USA,17,31,700302,0,1,41.738365,-87.731306,Census Tract 7003.02
10744,10744,39894,70023440,10002,1,2,IL,USA,17,31,700301,0,0,41.745623,-87.731712,Census Tract 7003.01
10752,10752,39912,70023447,10000,-1,1,IL,USA,17,31,430200,0,1,41.769761,-87.581351,Census Tract 4302
10753,10753,39913,70023447,20002,2,2,IL,USA,17,31,280100,0,0,41.885452,-87.643498,Census Tract 2801
10754,10754,39916,70023448,10000,-1,1,IL,USA,17,31,30101,0,1,41.991054,-87.654879,Census Tract 301.01
10755,10755,39917,70023448,10002,1,2,IL,USA,17,31,839100,0,0,41.880986,-87.63307,Census Tract 8391
10760,10760,39925,70023451,10000,-1,1,IL,USA,17,31,81800,0,1,41.893324,-87.63919,Census Tract 818
10761,10761,39926,70023451,20002,2,2,IL,USA,17,31,280100,0,0,41.885452,-87.643498,Census Tract 2801
10762,10762,39931,70023453,10000,-1,1,IL,USA,17,31,330100,0,1,41.859295,-87.615523,Census Tract 3301
10763,10763,39932,70023453,10002,1,2,IL,USA,17,31,839100,0,0,41.880986,-87.63307,Census Tract 8391
10764,10764,39933,70023453,20002,2,2,IL,USA,17,31,839100,0,0,41.880986,-87.63307,Census Tract 8391
10765,10765,39936,70023455,10000,-1,1,IL,USA,17,31,160300,0,1,41.957268,-87.730896,Census Tract 1603
10766,10766,39937,70023455,10002,1,2,IL,USA,17,31,839000,0,0,41.869903,-87.631213,Census Tract 8390
10767,10767,39953,70023467,10000,-1,1,IL,USA,17,31,81800,0,1,41.893324,-87.63919,Census Tract 818
10768,10768,39954,70023467,10002,1,2,IL,USA,17,31,320100,0,0,41.886447,-87.619467,Census Tract 3201
10769,10769,39958,70023474,10000,-1,1,IL,USA,17,31,260900,0,1,41.87103,-87.722814,Census Tract 2609
10770,10770,39959,70023474,10002,1,2,IL,USA,17,31,839100,0,0,41.880986,-87.63307,Census Tract 8391
10771,10771,39960,70023474,20002,2,2,IL,USA,17,31,839100,0,0,41.880986,-87.63307,Census Tract 8391
10772,10772,39961,70023474,30003,3,3,IL,USA,17,31,242000,0,0,41.899737,-87.664954,Census Tract 2420
10773,10773,39962,70023477,10000,-1,1,IL,USA,17,31,63200,0,1,41.938923,-87.634673,Census Tract 632
10774,10774,39963,70023477,10002,1,2,IL,USA,17,31,242000,0,0,41.899737,-87.664954,Census Tract 2420
10775,10775,39964,70023477,20002,2,2,IL,USA,17,31,81500,0,0,41.892906,-87.626079,Census Tract 815
10781,10781,39999,70023484,10000,-1,1,IL,USA,17,31,62200,0,1,41.942585,-87.656644,Census Tract 622
10782,10782,40000,70023484,10002,1,2,IL,USA,17,31,242100,0,0,41.89967,-87.669838,Census Tract 2421
10783,10783,40001,70023484,20002,2,2,IL,USA,17,31,81800,0,0,41.893324,-87.63919,Census Tract 818
10784,10784,40002,70023484,30003,3,3,IL,USA,17,31,62000,0,0,41.942577,-87.647079,Census Tract 620
10785,10785,40003,70023484,40003,4,3,IL,USA,17,31,62900,0,0,41.936237,-87.656411,Census Tract 629
10786,10786,40009,70023492,10000,-1,1,IL,USA,17,31,838300,0,1,41.901566,-87.638404,Census Tract 8383
10787,10787,40010,70023492,10002,1,2,IL,USA,17,31,81300,0,0,41.898335,-87.620753,Census Tract 813
10788,10788,40011,70023492,20002,2,2,IL,USA,17,31,81401,0,0,41.895035,-87.619717,Census Tract 814.01
10791,10791,40025,70023501,10000,-1,1,IL,USA,17,31,839900,0,1,41.827346,-87.648454,Census Tract 8399
10792,10792,40026,70023501,10002,1,2,IL,USA,17,31,842900,0,0,41.863139,-87.672937,Census Tract 8429
10793,10793,40027,70023501,20002,2,2,IL,USA,17,31,81500,0,0,41.892906,-87.626079,Census Tract 815
10794,10794,40028,70023501,30003,3,3,IL,USA,17,31,840200,0,0,41.844648,-87.64921,Census Tract 8402
10810,10810,40090,70023514,10000,-1,1,IL,USA,17,31,390700,0,1,41.804016,-87.580489,Census Tract 3907
10811,10811,40091,70023514,10002,1,2,IL,USA,17,31,839100,0,0,41.880986,-87.63307,Census Tract 8391
10812,10812,40093,70023516,10000,-1,1,IL,USA,17,31,71500,0,1,41.914242,-87.625092,Census Tract 715
10813,10813,40094,70023516,10002,1,2,IL,USA,17,31,839100,0,0,41.880986,-87.63307,Census Tract 8391
10814,10814,40111,70023519,10000,-1,1,IL,USA,17,31,210601,0,1,41.937636,-87.712214,Census Tract 2106.01
10815,10815,40112,70023519,10002,1,2,IL,USA,17,31,838000,0,0,41.877367,-87.680652,Census Tract 8380
10816,10816,40113,70023519,20002,2,2,IL,USA,17,31,836700,0,0,41.891704,-87.702175,Census Tract 8367
10817,10817,40134,70023521,10000,-1,1,IL,USA,17,31,10502,0,1,42.004517,-87.663327,Census Tract 105.02
10818,10818,40135,70023521,10002,1,2,IL,USA,17,31,830700,0,0,41.958304,-87.660765,Census Tract 8307
10819,10819,40164,70023524,10000,-1,1,IL,USA,17,31,70500,0,1,41.928945,-87.660892,Census Tract 705
10820,10820,40165,70023524,10002,1,2,IL,USA,17,31,842200,0,0,41.904728,-87.64922,Census Tract 8422
10821,10821,40166,70023524,20002,2,2,IL,USA,17,31,280100,0,0,41.885452,-87.643498,Census Tract 2801
10822,10822,40170,70023533,10000,-1,1,IL,USA,17,31,833100,0,1,41.879078,-87.657046,Census Tract 8331
10823,10823,40171,70023533,30003,3,3,IL,USA,17,31,240200,0,0,41.912442,-87.670182,Census Tract 2402
10837,10837,40286,70023554,10000,-1,1,IL,USA,17,31,40201,0,1,41.97258,-87.694,Census Tract 402.01
10838,10838,40287,70023554,10002,1,2,IL,USA,17,31,242100,0,0,41.89967,-87.669838,Census Tract 2421
10841,10841,40297,70023560,10000,-1,1,IL,USA,17,31,221200,0,1,41.921083,-87.70465,Census Tract 2212
10842,10842,40298,70023560,10002,1,2,IL,USA,17,31,280100,0,0,41.885452,-87.643498,Census Tract 2801
10843,10843,40311,70023564,10000,-1,1,IL,USA,17,31,30300,0,1,41.994388,-87.672535,Census Tract 303
10844,10844,40312,70023564,10002,1,2,IL,USA,17,31,841900,0,0,41.868458,-87.642965,Census Tract 8419
10845,10845,40313,70023564,30003,3,3,IL,USA,17,31,30200,0,0,41.994441,-87.66523,Census Tract 302
10846,10846,40314,70023564,40003,4,3,IL,USA,17,31,30500,0,0,41.987226,-87.664936,Census Tract 305
10847,10847,40325,70023565,10000,-1,1,IL,USA,17,31,220602,0,1,41.929327,-87.711981,Census Tract 2206.02
10848,10848,40326,70023565,20002,2,2,IL,USA,17,31,838200,0,0,41.870416,-87.675079,Census Tract 8382
10849,10849,40327,70023565,30003,3,3,IL,USA,17,31,210100,0,0,41.944657,-87.700544,Census Tract 2101
10852,10852,40358,70023568,10000,-1,1,IL,USA,17,31,839100,0,1,41.880986,-87.63307,Census Tract 8391
10853,10853,40359,70023568,10002,1,2,IL,USA,17,31,839100,0,0,41.880986,-87.63307,Census Tract 8391
10854,10854,40360,70023568,20002,2,2,IL,USA,17,31,839100,0,0,41.880986,-87.63307,Census Tract 8391
10864,10864,40390,70023613,10000,-1,1,IL,USA,17,31,31300,0,1,41.973765,-87.64653,Census Tract 313
10865,10865,40391,70023613,10002,1,2,IL,USA,17,31,839100,0,0,41.880986,-87.63307,Census Tract 8391
10868,10868,40402,70023626,10000,-1,1,IL,USA,17,31,62700,0,1,41.936086,-87.66611,Census Tract 627
10869,10869,40403,70023626,10002,1,2,IL,USA,17,31,320400,0,0,41.875817,-87.617256,Census Tract 3204
10870,10870,40404,70023626,10003,1,3,IL,USA,17,31,841900,0,0,41.868458,-87.642965,Census Tract 8419
10871,10871,40405,70023626,20002,2,2,IL,USA,17,31,81100,0,0,41.900221,-87.629105,Census Tract 811
10872,10872,40406,70023626,30002,3,2,IL,USA,17,31,63000,0,0,41.93631,-87.651562,Census Tract 630
10873,10873,40407,70023626,40002,4,2,IL,USA,17,31,210100,0,0,41.944657,-87.700544,Census Tract 2101
10874,10874,40414,70023628,10000,-1,1,IL,USA,17,31,30102,0,1,41.993026,-87.655022,Census Tract 301.02
10875,10875,40415,70023628,10002,1,2,IL,USA,17,31,81403,0,0,41.892991,-87.620956,Census Tract 814.03
10876,10876,40416,70023628,20003,2,3,IL,USA,17,31,650500,0,0,41.762219,-87.732035,Census Tract 6505
10877,10877,40422,70023633,10000,-1,1,IL,USA,17,31,831100,0,1,41.942856,-87.717496,Census Tract 8311
10878,10878,40423,70023633,10002,1,2,IL,USA,17,31,63000,0,0,41.93631,-87.651562,Census Tract 630
10879,10879,40424,70023633,20002,2,2,IL,USA,17,31,62400,0,0,41.941556,-87.666288,Census Tract 624
10880,10880,40426,70023635,10000,-1,1,IL,USA,17,31,231100,0,1,41.899254,-87.715068,Census Tract 2311
10881,10881,40427,70023635,10002,1,2,IL,USA,17,31,81401,0,0,41.895035,-87.619717,Census Tract 814.01
10882,10882,40430,70023636,10000,-1,1,IL,USA,17,31,62700,0,1,41.936086,-87.66611,Census Tract 627
10883,10883,40431,70023636,10002,1,2,IL,USA,17,31,839100,0,0,41.880986,-87.63307,Census Tract 8391
10884,10884,40432,70023636,30003,3,3,IL,USA,17,31,62600,0,0,41.935975,-87.670984,Census Tract 626
10885,10885,40433,70023636,40003,4,3,IL,USA,17,31,62600,0,0,41.935975,-87.670984,Census Tract 626
10886,10886,40434,70023636,50003,5,3,IL,USA,17,31,62600,0,0,41.935975,-87.670984,Census Tract 626
10896,10896,40470,70023644,10000,-1,1,IL,USA,17,31,330200,0,1,41.865578,-87.630568,Census Tract 3302
10897,10897,40471,70023644,10002,1,2,IL,USA,17,31,320100,0,0,41.886447,-87.619467,Census Tract 3201
10898,10898,40476,70023648,10000,-1,1,IL,USA,17,31,221300,0,1,41.921126,-87.699754,Census Tract 2213
10899,10899,40477,70023648,10002,1,2,IL,USA,17,31,839100,0,0,41.880986,-87.63307,Census Tract 8391
10900,10900,40478,70023648,20002,2,2,IL,USA,17,31,320100,0,0,41.886447,-87.619467,Census Tract 3201
10901,10901,40490,70023649,10000,-1,1,IL,USA,17,31,80400,0,1,41.907412,-87.640902,Census Tract 804
10902,10902,40491,70023649,30003,3,3,IL,USA,17,31,839000,0,0,41.869903,-87.631213,Census Tract 8390
10905,10905,40550,70023654,10000,-1,1,IL,USA,17,31,330100,0,1,41.859295,-87.615523,Census Tract 3301
10906,10906,40551,70023654,10002,1,2,IL,USA,17,31,10600,0,0,42.006277,-87.667683,Census Tract 106
10907,10907,40552,70023654,10003,1,3,IL,USA,17,31,10400,0,0,42.006411,-87.658816,Census Tract 104
10908,10908,40553,70023654,20002,2,2,IL,USA,17,31,20902,0,0,41.994258,-87.678684,Census Tract 209.02
10909,10909,40554,70023654,40003,4,3,IL,USA,17,31,330200,0,0,41.865578,-87.630568,Census Tract 3302
10910,10910,40556,70023656,10000,-1,1,IL,USA,17,31,40402,0,1,41.972545,-87.678818,Census Tract 404.02
10911,10911,40557,70023656,10002,1,2,IL,USA,17,31,320400,0,0,41.875817,-87.617256,Census Tract 3204
10912,10912,40567,70023669,10000,-1,1,IL,USA,17,31,490800,0,1,41.710683,-87.615337,Census Tract 4908
10913,10913,40568,70023669,20003,2,3,IL,USA,17,31,490800,0,0,41.710683,-87.615337,Census Tract 4908
10914,10914,40569,70023669,30003,3,3,IL,USA,17,31,490800,0,0,41.710683,-87.615337,Census Tract 4908
10915,10915,40574,70023671,10000,-1,1,IL,USA,17,31,240800,0,1,41.912074,-87.69948,Census Tract 2408
10916,10916,40575,70023671,10002,1,2,IL,USA,17,31,390600,0,0,41.806018,-87.59435,Census Tract 3906
10917,10917,40576,70023671,20002,2,2,IL,USA,17,31,81800,0,0,41.893324,-87.63919,Census Tract 818
10921,10921,40583,70023676,10000,-1,1,IL,USA,17,31,31100,0,1,41.972668,-87.663866,Census Tract 311
10922,10922,40584,70023676,10002,1,2,IL,USA,17,31,81401,0,0,41.895035,-87.619717,Census Tract 814.01
10923,10923,40585,70023676,20003,2,3,IL,USA,17,31,60200,0,0,41.957904,-87.671517,Census Tract 602
10924,10924,40586,70023676,30003,3,3,IL,USA,17,31,60200,0,0,41.957904,-87.671517,Census Tract 602
10927,10927,40610,70023679,10000,-1,1,IL,USA,17,31,222700,0,1,41.915501,-87.710206,Census Tract 2227
10928,10928,40611,70023679,10002,1,2,IL,USA,17,31,839100,0,0,41.880986,-87.63307,Census Tract 8391
10929,10929,40615,70023683,10000,-1,1,IL,USA,17,31,200100,0,1,41.935055,-87.737623,Census Tract 2001
10930,10930,40616,70023683,10002,1,2,IL,USA,17,31,320400,0,0,41.875817,-87.617256,Census Tract 3204
10931,10931,40617,70023683,20002,2,2,IL,USA,17,31,191302,0,0,41.920229,-87.770533,Census Tract 1913.02
10932,10932,40618,70023683,30003,3,3,IL,USA,17,31,241400,0,0,41.906031,-87.675314,Census Tract 2414
10933,10933,40623,70023684,10000,-1,1,IL,USA,17,31,61000,0,1,41.949221,-87.65197,Census Tract 610
10934,10934,40624,70023684,10002,1,2,IL,USA,17,31,280100,0,0,41.885452,-87.643498,Census Tract 2801
10935,10935,40625,70023684,20002,2,2,IL,USA,17,31,62900,0,0,41.936237,-87.656411,Census Tract 629
10943,10943,40659,70023689,10000,-1,1,IL,USA,17,31,62900,0,1,41.936237,-87.656411,Census Tract 629
10944,10944,40660,70023689,10002,1,2,IL,USA,17,31,839100,0,0,41.880986,-87.63307,Census Tract 8391
10945,10945,40661,70023689,20002,2,2,IL,USA,17,31,839100,0,0,41.880986,-87.63307,Census Tract 8391
10946,10946,40667,70023692,10000,-1,1,IL,USA,17,31,30500,0,1,41.987226,-87.664936,Census Tract 305
10947,10947,40668,70023692,10002,1,2,IL,USA,17,31,838200,0,0,41.870416,-87.675079,Census Tract 8382
10948,10948,40669,70023692,20002,2,2,IL,USA,17,31,140800,0,0,41.964514,-87.702847,Census Tract 1408
10949,10949,40670,70023692,30003,3,3,IL,USA,17,31,61000,0,0,41.949221,-87.65197,Census Tract 610
10950,10950,40671,70023692,40003,4,3,IL,USA,17,31,160501,0,0,41.95921,-87.712973,Census Tract 1605.01
10958,10958,40700,70023699,10000,-1,1,IL,USA,17,31,320600,0,1,41.870554,-87.616596,Census Tract 3206
10959,10959,40701,70023699,10002,1,2,IL,USA,17,31,340500,0,0,41.834518,-87.632917,Census Tract 3405
10960,10960,40702,70023699,20002,2,2,IL,USA,17,31,839100,0,0,41.880986,-87.63307,Census Tract 8391
10961,10961,40707,70023701,10000,-1,1,IL,USA,17,31,170700,0,1,41.941487,-87.822164,Census Tract 1707
10962,10962,40708,70023701,10002,1,2,IL,USA,17,31,320400,0,0,41.875817,-87.617256,Census Tract 3204
10963,10963,40712,70023716,10000,-1,1,IL,USA,17,31,160400,0,1,41.957366,-87.722824,Census Tract 1604
10964,10964,40713,70023716,10002,1,2,IL,USA,17,31,81700,0,0,41.892218,-87.631832,Census Tract 817
10965,10965,40714,70023716,30003,3,3,IL,USA,17,31,31400,0,0,41.958448,-87.64241,Census Tract 314
10966,10966,40718,70023717,10000,-1,1,IL,USA,17,31,220601,0,1,41.925825,-87.712884,Census Tract 2206.01
10967,10967,40719,70023717,10002,1,2,IL,USA,17,31,40100,0,0,41.985622,-87.682886,Census Tract 401
10972,10972,40735,70023736,10000,-1,1,IL,USA,17,31,222500,0,1,41.915708,-87.699597,Census Tract 2225
10973,10973,40736,70023736,10002,1,2,IL,USA,17,31,320400,0,0,41.875817,-87.617256,Census Tract 3204
10974,10974,40737,70023736,20002,2,2,IL,USA,17,31,320400,0,0,41.875817,-87.617256,Census Tract 3204
10975,10975,40738,70023736,30003,3,3,IL,USA,17,31,222200,0,0,41.91591,-87.683826,Census Tract 2222
10976,10976,40742,70023737,10000,-1,1,IL,USA,17,31,40201,0,1,41.97258,-87.694,Census Tract 402.01
10977,10977,40743,70023737,10002,1,2,IL,USA,17,31,50200,0,0,41.95774,-87.683717,Census Tract 502
10978,10978,40744,70023737,20002,2,2,IL,USA,17,31,222900,0,0,41.915564,-87.720074,Census Tract 2229
10981,10981,40759,70023758,10000,-1,1,IL,USA,17,31,61901,0,1,41.943244,-87.643458,Census Tract 619.01
10982,10982,40760,70023758,10002,1,2,IL,USA,17,31,839100,0,0,41.880986,-87.63307,Census Tract 8391
10985,10985,40772,70023777,10000,-1,1,IL,USA,17,31,151001,0,1,41.942383,-87.754353,Census Tract 1510.01
10986,10986,40773,70023777,10002,1,2,IL,USA,17,31,839100,0,0,41.880986,-87.63307,Census Tract 8391
10987,10987,40778,70023787,10000,-1,1,IL,USA,17,31,310900,0,1,41.855772,-87.674674,Census Tract 3109
10988,10988,40779,70023787,10002,1,2,IL,USA,17,31,838200,0,0,41.870416,-87.675079,Census Tract 8382
11021,11021,40899,70023823,10000,-1,1,IL,USA,17,31,60800,0,1,41.953959,-87.642649,Census Tract 608
11022,11022,40900,70023823,10002,1,2,IL,USA,17,31,839100,0,0,41.880986,-87.63307,Census Tract 8391
11033,11033,40941,70023834,10000,-1,1,IL,USA,17,31,220601,0,1,41.925825,-87.712884,Census Tract 2206.01
11034,11034,40942,70023834,10002,1,2,IL,USA,17,31,81500,0,0,41.892906,-87.626079,Census Tract 815
11035,11035,40943,70023834,20002,2,2,IL,USA,17,31,81500,0,0,41.892906,-87.626079,Census Tract 815
11040,11040,40958,70023848,10000,-1,1,IL,USA,17,31,32100,0,1,41.958154,-87.653018,Census Tract 321
11041,11041,40959,70023848,10003,1,3,IL,USA,17,31,81401,0,0,41.895035,-87.619717,Census Tract 814.01
11042,11042,40962,70023851,10000,-1,1,IL,USA,17,31,31100,0,1,41.972668,-87.663866,Census Tract 311
11043,11043,40963,70023851,10002,1,2,IL,USA,17,31,81201,0,0,41.899154,-87.626212,Census Tract 812.01
11046,11046,40979,70023876,10000,-1,1,IL,USA,17,31,62000,0,1,41.942577,-87.647079,Census Tract 620
11047,11047,40980,70023876,10002,1,2,IL,USA,17,31,839100,0,0,41.880986,-87.63307,Census Tract 8391
11048,11048,40985,70023892,10000,-1,1,IL,USA,17,31,830700,0,1,41.958304,-87.660765,Census Tract 8307
11049,11049,40986,70023892,10002,1,2,IL,USA,17,31,839100,0,0,41.880986,-87.63307,Census Tract 8391
11050,11050,40988,70023893,10000,-1,1,IL,USA,17,31,30601,0,1,41.988972,-87.654609,Census Tract 306.01
11051,11051,40989,70023893,10002,1,2,IL,USA,17,31,30706,0,0,41.980415,-87.650916,Census Tract 307.06
11052,11052,40990,70023893,20002,2,2,IL,USA,17,31,281900,0,0,41.878635,-87.642924,Census Tract 2819
11056,11056,41001,70023928,10000,-1,1,IL,USA,17,31,60800,0,1,41.953959,-87.642649,Census Tract 608
11057,11057,41002,70023928,10002,1,2,IL,USA,17,31,81401,0,0,41.895035,-87.619717,Census Tract 814.01
11058,11058,41003,70023928,20003,2,3,IL,USA,17,31,833100,0,0,41.879078,-87.657046,Census Tract 8331
11067,11067,41035,70023961,10000,-1,1,IL,USA,17,31,180100,0,1,41.934488,-87.798609,Census Tract 1801
11068,11068,41036,70023961,10002,1,2,IL,USA,17,31,140702,0,0,41.963548,-87.713575,Census Tract 1407.02
11069,11069,41037,70023961,30003,3,3,IL,USA,17,31,100100,0,0,41.989584,-87.783014,Census Tract 1001
11073,11073,41092,70023995,10000,-1,1,IL,USA,17,31,460200,0,1,41.741387,-87.54701,Census Tract 4602
11074,11074,41093,70023995,10002,1,2,IL,USA,17,31,610400,0,0,41.810398,-87.667449,Census Tract 6104
11079,11079,41101,70024012,10000,-1,1,IL,USA,17,31,839800,0,1,41.835067,-87.643162,Census Tract 8398
11080,11080,41102,70024012,10002,1,2,IL,USA,17,31,839100,0,0,41.880986,-87.63307,Census Tract 8391
11081,11081,41103,70024012,20002,2,2,IL,USA,17,31,840100,0,0,41.841831,-87.639203,Census Tract 8401
11086,11086,41152,70024030,10000,-1,1,IL,USA,17,31,63400,0,1,41.93466,-87.64673,Census Tract 634
11087,11087,41153,70024030,20002,2,2,IL,USA,17,31,281900,0,0,41.878635,-87.642924,Census Tract 2819
11088,11088,41154,70024036,10000,-1,1,IL,USA,17,31,80400,0,1,41.907412,-87.640902,Census Tract 804
11089,11089,41155,70024036,10002,1,2,IL,USA,17,31,320100,0,0,41.886447,-87.619467,Census Tract 3201
11090,11090,41156,70024036,10003,1,3,IL,USA,17,31,81401,0,0,41.895035,-87.619717,Census Tract 814.01
11099,11099,41241,70024069,10000,-1,1,IL,USA,17,31,60900,0,1,41.951517,-87.641778,Census Tract 609
11100,11100,41242,70024069,10002,1,2,IL,USA,17,31,839100,0,0,41.880986,-87.63307,Census Tract 8391
11101,11101,41243,70024069,20002,2,2,IL,USA,17,31,330100,0,0,41.859295,-87.615523,Census Tract 3301
11102,11102,41247,70024072,10000,-1,1,IL,USA,17,31,40100,0,1,41.985622,-87.682886,Census Tract 401
11103,11103,41248,70024072,20003,2,3,IL,USA,17,31,831800,0,0,41.978233,-87.716453,Census Tract 8318
11106,11106,41257,70024082,10000,-1,1,IL,USA,17,31,280400,0,1,41.886009,-87.671885,Census Tract 2804
11107,11107,41258,70024082,20003,2,3,IL,USA,17,31,280400,0,0,41.886009,-87.671885,Census Tract 2804
11142,11142,41367,70024115,10000,-1,1,IL,USA,17,31,240200,0,1,41.912442,-87.670182,Census Tract 2402
11143,11143,41368,70024115,10002,1,2,IL,USA,17,31,320100,0,0,41.886447,-87.619467,Census Tract 3201
11144,11144,41369,70024115,20002,2,2,IL,USA,17,31,160800,0,0,41.950213,-87.712815,Census Tract 1608
11149,11149,41383,70024118,10000,-1,1,IL,USA,17,31,60200,0,1,41.957904,-87.671517,Census Tract 602
11150,11150,41384,70024118,10002,1,2,IL,USA,17,31,411000,0,0,41.787227,-87.577462,Census Tract 4110
11165,11165,41450,70024137,10000,-1,1,IL,USA,17,31,30500,0,1,41.987226,-87.664936,Census Tract 305
11166,11166,41451,70024137,10002,1,2,IL,USA,17,31,81500,0,0,41.892906,-87.626079,Census Tract 815
11167,11167,41478,70024144,10000,-1,1,IL,USA,17,31,61800,0,1,41.94649,-87.647115,Census Tract 618
11168,11168,41479,70024144,10002,1,2,IL,USA,17,31,839100,0,0,41.880986,-87.63307,Census Tract 8391
11173,11173,41485,70024157,10000,-1,1,IL,USA,17,31,63200,0,1,41.938923,-87.634673,Census Tract 632
11174,11174,41486,70024157,10002,1,2,IL,USA,17,31,839100,0,0,41.880986,-87.63307,Census Tract 8391
11175,11175,41487,70024157,20002,2,2,IL,USA,17,31,81201,0,0,41.899154,-87.626212,Census Tract 812.01
11184,11184,41528,70024178,10000,-1,1,IL,USA,17,31,842300,0,1,41.908386,-87.660086,Census Tract 8423
11185,11185,41529,70024178,10002,1,2,IL,USA,17,31,280100,0,0,41.885452,-87.643498,Census Tract 2801
11186,11186,41530,70024178,20002,2,2,IL,USA,17,31,839100,0,0,41.880986,-87.63307,Census Tract 8391
11187,11187,41531,70024178,30002,3,2,IL,USA,17,31,839100,0,0,41.880986,-87.63307,Census Tract 8391
11194,11194,41570,70024183,10000,-1,1,IL,USA,17,31,80202,0,1,41.905859,-87.630901,Census Tract 802.02
11195,11195,41571,70024183,10002,1,2,IL,USA,17,31,281900,0,0,41.878635,-87.642924,Census Tract 2819
11196,11196,41574,70024184,10000,-1,1,IL,USA,17,31,833100,0,1,41.879078,-87.657046,Census Tract 8331
11197,11197,41575,70024184,10002,1,2,IL,USA,17,31,281900,0,0,41.878635,-87.642924,Census Tract 2819
11198,11198,41576,70024184,20002,2,2,IL,USA,17,31,281900,0,0,41.878635,-87.642924,Census Tract 2819
11199,11199,41577,70024184,20003,2,3,IL,USA,17,31,836200,0,0,41.790469,-87.601285,Census Tract 8362
11200,11200,41578,70024184,30002,3,2,IL,USA,17,31,834700,0,0,41.79069,-87.645033,Census Tract 8347
11201,11201,41580,70024186,10000,-1,1,IL,USA,17,31,310800,0,1,41.855934,-87.668574,Census Tract 3108
11202,11202,41581,70024186,10003,1,3,IL,USA,17,31,610300,0,0,41.816178,-87.675102,Census Tract 6103
11203,11203,41582,70024186,20003,2,3,IL,USA,17,31,833300,0,0,41.871694,-87.654124,Census Tract 8333
11209,11209,41596,70024189,10000,-1,1,IL,USA,17,31,60900,0,1,41.951517,-87.641778,Census Tract 609
11210,11210,41597,70024189,10002,1,2,IL,USA,17,31,839100,0,0,41.880986,-87.63307,Census Tract 8391
11213,11213,41638,70024203,10000,-1,1,IL,USA,17,31,30104,0,1,41.997277,-87.655986,Census Tract 301.04
11214,11214,41639,70024203,10002,1,2,IL,USA,17,31,320600,0,0,41.870554,-87.616596,Census Tract 3206
11215,11215,41640,70024207,10000,-1,1,IL,USA,17,31,81403,0,1,41.892991,-87.620956,Census Tract 814.03
11216,11216,41641,70024207,10002,1,2,IL,USA,17,31,100500,0,0,41.97806,-87.819734,Census Tract 1005
11217,11217,41642,70024207,10003,1,3,IL,USA,17,31,81403,0,0,41.892991,-87.620956,Census Tract 814.03
11220,11220,41662,70024218,10000,-1,1,IL,USA,17,31,220602,0,1,41.929327,-87.711981,Census Tract 2206.02
11221,11221,41663,70024218,10002,1,2,IL,USA,17,31,320100,0,0,41.886447,-87.619467,Census Tract 3201
11222,11222,41674,70024236,10000,-1,1,IL,USA,17,31,70300,0,1,41.929046,-87.65131,Census Tract 703
11223,11223,41675,70024236,10003,1,3,IL,USA,17,31,320400,0,0,41.875817,-87.617256,Census Tract 3204
11235,11235,41721,70024272,10000,-1,1,IL,USA,17,31,221100,0,1,41.92102,-87.710361,Census Tract 2211
11236,11236,41722,70024272,10002,1,2,IL,USA,17,31,280400,0,0,41.886009,-87.671885,Census Tract 2804
11237,11237,41741,70024273,10000,-1,1,IL,USA,17,31,230100,0,1,41.912008,-87.704366,Census Tract 2301
11238,11238,41742,70024273,10002,1,2,IL,USA,17,31,51400,0,0,41.935442,-87.680959,Census Tract 514
11239,11239,41743,70024273,20003,2,3,IL,USA,17,31,240700,0,0,41.912088,-87.694599,Census Tract 2407
11240,11240,41744,70024273,30003,3,3,IL,USA,17,31,843700,0,0,41.94556,-87.690034,Census Tract 8437
11241,11241,41745,70024273,40003,4,3,IL,USA,17,31,221500,0,0,41.921647,-87.689951,Census Tract 2215
11255,11255,41771,70024291,10000,-1,1,IL,USA,17,31,31300,0,1,41.973765,-87.64653,Census Tract 313
11256,11256,41772,70024291,20002,2,2,IL,USA,17,31,835200,0,0,41.796644,-87.745287,Census Tract 8352
11257,11257,41773,70024291,30003,3,3,IL,USA,17,31,31300,0,0,41.973765,-87.64653,Census Tract 313
11258,11258,41774,70024291,40003,4,3,IL,USA,17,31,31100,0,0,41.972668,-87.663866,Census Tract 311
11259,11259,41779,70024292,10000,-1,1,IL,USA,17,31,40100,0,1,41.985622,-87.682886,Census Tract 401
11260,11260,41780,70024292,10002,1,2,IL,USA,17,31,60200,0,0,41.957904,-87.671517,Census Tract 602
11261,11261,41782,70024296,10000,-1,1,IL,USA,17,31,32100,0,1,41.958154,-87.653018,Census Tract 321
11262,11262,41783,70024296,10002,1,2,IL,USA,17,31,81700,0,0,41.892218,-87.631832,Census Tract 817
11263,11263,41785,70024309,10000,-1,1,IL,USA,17,31,63200,0,1,41.938923,-87.634673,Census Tract 632
11264,11264,41786,70024309,10002,1,2,IL,USA,17,31,81401,0,0,41.895035,-87.619717,Census Tract 814.01
11265,11265,41789,70024323,10000,-1,1,IL,USA,17,31,150800,0,1,41.949709,-87.752118,Census Tract 1508
11266,11266,41790,70024323,20002,2,2,IL,USA,17,31,160300,0,0,41.957268,-87.730896,Census Tract 1603
11267,11267,41824,70024329,10000,-1,1,IL,USA,17,31,40201,0,1,41.97258,-87.694,Census Tract 402.01
11268,11268,41825,70024329,10002,1,2,IL,USA,17,31,833100,0,0,41.879078,-87.657046,Census Tract 8331
11269,11269,41826,70024329,20002,2,2,IL,USA,17,31,839100,0,0,41.880986,-87.63307,Census Tract 8391
11276,11276,41847,70024343,10000,-1,1,IL,USA,17,31,252102,0,1,41.876592,-87.759812,Census Tract 2521.02
11277,11277,41848,70024343,10002,1,2,IL,USA,17,31,838200,0,0,41.870416,-87.675079,Census Tract 8382
11278,11278,41849,70024343,20003,2,3,IL,USA,17,31,242000,0,0,41.899737,-87.664954,Census Tract 2420
11282,11282,41856,70024356,10000,-1,1,IL,USA,17,31,671200,0,1,41.776699,-87.666582,Census Tract 6712
11283,11283,41857,70024356,10002,1,2,IL,USA,17,31,671500,0,0,41.768172,-87.669632,Census Tract 6715
11287,11287,41875,70024365,10000,-1,1,IL,USA,17,31,150402,0,1,41.956798,-87.772044,Census Tract 1504.02
11288,11288,41876,70024365,10002,1,2,IL,USA,17,31,100100,0,0,41.989584,-87.783014,Census Tract 1001
11289,11289,41877,70024365,30003,3,3,IL,USA,17,31,170200,0,0,41.949353,-87.781519,Census Tract 1702
11296,11296,41889,70024382,10000,-1,1,IL,USA,17,31,839000,0,1,41.869903,-87.631213,Census Tract 8390
11297,11297,41890,70024382,10002,1,2,IL,USA,17,31,330100,0,0,41.859295,-87.615523,Census Tract 3301
11298,11298,41891,70024382,20002,2,2,IL,USA,17,31,680900,0,0,41.77643,-87.63763,Census Tract 6809
11302,11302,41940,70024387,10000,-1,1,IL,USA,17,31,330100,0,1,41.859295,-87.615523,Census Tract 3301
11303,11303,41941,70024387,10002,1,2,IL,USA,17,31,838200,0,0,41.870416,-87.675079,Census Tract 8382
11304,11304,41942,70024387,20002,2,2,IL,USA,17,31,838200,0,0,41.870416,-87.675079,Census Tract 8382
11305,11305,41943,70024387,30003,3,3,IL,USA,17,31,320100,0,0,41.886447,-87.619467,Census Tract 3201
11306,11306,41956,70024405,10000,-1,1,IL,USA,17,31,490902,0,1,41.70328,-87.615326,Census Tract 4909.02
11307,11307,41957,70024405,10002,1,2,IL,USA,17,31,838200,0,0,41.870416,-87.675079,Census Tract 8382
11313,11313,41968,70024428,10000,-1,1,IL,USA,17,31,242300,0,1,41.899506,-87.6796,Census Tract 2423
11314,11314,41969,70024428,10002,1,2,IL,USA,17,31,839100,0,0,41.880986,-87.63307,Census Tract 8391
11315,11315,41981,70024430,10000,-1,1,IL,USA,17,31,600700,0,1,41.840782,-87.660543,Census Tract 6007
11316,11316,41982,70024430,10002,1,2,IL,USA,17,31,271300,0,0,41.877304,-87.708453,Census Tract 2713
11319,11319,42021,70024441,10000,-1,1,IL,USA,17,31,31502,0,1,41.963633,-87.652366,Census Tract 315.02
11320,11320,42022,70024441,10002,1,2,IL,USA,17,31,280100,0,0,41.885452,-87.643498,Census Tract 2801
11321,11321,42024,70024443,10000,-1,1,IL,USA,17,31,81000,0,1,41.900266,-87.632109,Census Tract 810
11322,11322,42025,70024443,10002,1,2,IL,USA,17,31,81600,0,0,41.892057,-87.628871,Census Tract 816
11323,11323,42026,70024444,10000,-1,1,IL,USA,17,31,410900,0,1,41.79671,-87.578094,Census Tract 4109
11324,11324,42027,70024444,10002,1,2,IL,USA,17,31,980000,0,0,41.979419,-87.902438,Census Tract 9800
11325,11325,42028,70024444,10003,1,3,IL,USA,17,31,71000,0,0,41.921701,-87.655911,Census Tract 710
11326,11326,42029,70024445,10000,-1,1,IL,USA,17,31,271400,0,1,41.877243,-87.713331,Census Tract 2714
11327,11327,42030,70024445,10002,1,2,IL,USA,17,31,842200,0,0,41.904728,-87.64922,Census Tract 8422
11328,11328,42031,70024445,20002,2,2,IL,USA,17,31,320100,0,0,41.886447,-87.619467,Census Tract 3201
11329,11329,42043,70024449,10000,-1,1,IL,USA,17,31,831600,0,1,41.92561,-87.797615,Census Tract 8316
11330,11330,42044,70024449,10002,1,2,IL,USA,17,31,838200,0,0,41.870416,-87.675079,Census Tract 8382
11331,11331,42045,70024449,20003,2,3,IL,USA,17,31,170100,0,0,41.95586,-87.794817,Census Tract 1701
11332,11332,42051,70024451,10000,-1,1,IL,USA,17,31,120100,0,1,42.001982,-87.775006,Census Tract 1201
11333,11333,42052,70024451,10002,1,2,IL,USA,17,31,839100,0,0,41.880986,-87.63307,Census Tract 8391
11339,11339,42070,70024458,10000,-1,1,IL,USA,17,31,10201,0,1,42.016008,-87.680148,Census Tract 102.01
11340,11340,42071,70024458,10002,1,2,IL,USA,17,31,838200,0,0,41.870416,-87.675079,Census Tract 8382
11341,11341,42074,70024459,10000,-1,1,IL,USA,17,31,830900,0,1,41.928424,-87.684906,Census Tract 8309
11342,11342,42075,70024459,10002,1,2,IL,USA,17,31,221400,0,0,41.920801,-87.694532,Census Tract 2214
11343,11343,42076,70024459,30003,3,3,IL,USA,17,31,221400,0,0,41.920801,-87.694532,Census Tract 2214
11344,11344,42091,70024460,10000,-1,1,IL,USA,17,31,241500,0,1,41.908374,-87.67093,Census Tract 2415
11345,11345,42092,70024460,20002,2,2,IL,USA,17,31,839100,0,0,41.880986,-87.63307,Census Tract 8391
11351,11351,42100,70024466,10000,-1,1,IL,USA,17,31,330100,0,1,41.859295,-87.615523,Census Tract 3301
11352,11352,42101,70024466,10002,1,2,IL,USA,17,31,836200,0,0,41.790469,-87.601285,Census Tract 8362
11353,11353,42102,70024466,20002,2,2,IL,USA,17,31,40300,0,0,41.976944,-87.701983,Census Tract 403
11358,11358,42159,70024470,10000,-1,1,IL,USA,17,31,242800,0,1,41.892632,-87.690324,Census Tract 2428
11359,11359,42160,70024470,10002,1,2,IL,USA,17,31,310800,0,0,41.855934,-87.668574,Census Tract 3108
11367,11367,42191,70024486,10000,-1,1,IL,USA,17,31,490300,0,1,41.725381,-87.619148,Census Tract 4903
11368,11368,42192,70024486,20002,2,2,IL,USA,17,31,320100,0,0,41.886447,-87.619467,Census Tract 3201
11369,11369,42195,70024496,10000,-1,1,IL,USA,17,31,660302,0,1,41.783596,-87.698393,Census Tract 6603.02
11370,11370,42196,70024496,10002,1,2,IL,USA,17,31,650500,0,0,41.762219,-87.732035,Census Tract 6505
11371,11371,42197,70024496,10003,1,3,IL,USA,17,31,650500,0,0,41.762219,-87.732035,Census Tract 6505
11378,11378,42225,70024506,10000,-1,1,IL,USA,17,31,31900,0,1,41.963374,-87.670184,Census Tract 319
11379,11379,42226,70024506,20002,2,2,IL,USA,17,31,839100,0,0,41.880986,-87.63307,Census Tract 8391
11380,11380,42245,70024510,10000,-1,1,IL,USA,17,31,251400,0,1,41.890957,-87.770125,Census Tract 2514
11381,11381,42246,70024510,10002,1,2,IL,USA,17,31,150300,0,0,41.960518,-87.762286,Census Tract 1503
11382,11382,42247,70024510,20002,2,2,IL,USA,17,31,320600,0,0,41.870554,-87.616596,Census Tract 3206
11383,11383,42248,70024510,30003,3,3,IL,USA,17,31,833100,0,0,41.879078,-87.657046,Census Tract 8331
11384,11384,42254,70024528,10000,-1,1,IL,USA,17,31,32100,0,1,41.958154,-87.653018,Census Tract 321
11385,11385,42255,70024528,10002,1,2,IL,USA,17,31,81700,0,0,41.892218,-87.631832,Census Tract 817
11386,11386,42256,70024528,20002,2,2,IL,USA,17,31,281900,0,0,41.878635,-87.642924,Census Tract 2819
11395,11395,42321,70024537,10000,-1,1,IL,USA,17,31,220602,0,1,41.929327,-87.711981,Census Tract 2206.02
11396,11396,42322,70024537,10002,1,2,IL,USA,17,31,833100,0,0,41.879078,-87.657046,Census Tract 8331
11397,11397,42323,70024537,20003,2,3,IL,USA,17,31,833100,0,0,41.879078,-87.657046,Census Tract 8331
11398,11398,42324,70024537,30003,3,3,IL,USA,17,31,833100,0,0,41.879078,-87.657046,Census Tract 8331
11399,11399,42332,70024546,10000,-1,1,IL,USA,17,31,841900,0,1,41.868458,-87.642965,Census Tract 8419
11400,11400,42333,70024546,10003,1,3,IL,USA,17,31,838100,0,0,41.878667,-87.671689,Census Tract 8381
11401,11401,42334,70024546,20003,2,3,IL,USA,17,31,283800,0,0,41.863417,-87.653755,Census Tract 2838
11402,11402,42346,70024547,10000,-1,1,IL,USA,17,31,243500,0,1,41.892654,-87.652517,Census Tract 2435
11403,11403,42347,70024547,10002,1,2,IL,USA,17,31,839100,0,0,41.880986,-87.63307,Census Tract 8391
11404,11404,42348,70024547,20002,2,2,IL,USA,17,31,839100,0,0,41.880986,-87.63307,Census Tract 8391
11408,11408,42355,70024552,10000,-1,1,IL,USA,17,31,351000,0,1,41.835568,-87.606528,Census Tract 3510
11409,11409,42356,70024552,10002,1,2,IL,USA,17,31,838200,0,0,41.870416,-87.675079,Census Tract 8382
11410,11410,42357,70024552,20002,2,2,IL,USA,17,31,380100,0,0,41.820202,-87.610097,Census Tract 3801
11411,11411,42358,70024552,30003,3,3,IL,USA,17,31,839500,0,0,41.834098,-87.619292,Census Tract 8395
11412,11412,42372,70024554,10000,-1,1,IL,USA,17,31,681400,0,1,41.761522,-87.649171,Census Tract 6814
11413,11413,42373,70024554,10002,1,2,IL,USA,17,31,320100,0,0,41.886447,-87.619467,Census Tract 3201
11414,11414,42387,70024556,10000,-1,1,IL,USA,17,31,221200,0,1,41.921083,-87.70465,Census Tract 2212
11415,11415,42388,70024556,10002,1,2,IL,USA,17,31,839100,0,0,41.880986,-87.63307,Census Tract 8391
11416,11416,42389,70024556,20003,2,3,IL,USA,17,31,836200,0,0,41.790469,-87.601285,Census Tract 8362
11417,11417,42400,70024560,10000,-1,1,IL,USA,17,31,80300,0,1,41.90749,-87.635799,Census Tract 803
11418,11418,42401,70024560,10002,1,2,IL,USA,17,31,81403,0,0,41.892991,-87.620956,Census Tract 814.03
11419,11419,42402,70024560,30003,3,3,IL,USA,17,31,80100,0,0,41.907549,-87.62679,Census Tract 801
11422,11422,42422,70024566,10000,-1,1,IL,USA,17,31,540101,0,1,41.65072,-87.599369,Census Tract 5401.01
11423,11423,42423,70024566,20003,2,3,IL,USA,17,31,540101,0,0,41.65072,-87.599369,Census Tract 5401.01
11426,11426,42438,70024575,10000,-1,1,IL,USA,17,31,301200,0,1,41.848417,-87.691477,Census Tract 3012
11427,11427,42439,70024575,10002,1,2,IL,USA,17,31,833100,0,0,41.879078,-87.657046,Census Tract 8331
11428,11428,42440,70024575,20003,2,3,IL,USA,17,31,20701,0,0,41.986892,-87.70369,Census Tract 207.01
11429,11429,42441,70024575,30003,3,3,IL,USA,17,31,836700,0,0,41.891704,-87.702175,Census Tract 8367
11430,11430,42442,70024575,40003,4,3,IL,USA,17,31,841300,0,0,41.843977,-87.684202,Census Tract 8413
11431,11431,42443,70024575,50003,5,3,IL,USA,17,31,841300,0,0,41.843977,-87.684202,Census Tract 8413
11432,11432,42446,70024580,10000,-1,1,IL,USA,17,31,832600,0,1,41.914754,-87.654465,Census Tract 8326
11433,11433,42447,70024580,10002,1,2,IL,USA,17,31,839100,0,0,41.880986,-87.63307,Census Tract 8391
11434,11434,42450,70024583,10000,-1,1,IL,USA,17,31,242000,0,1,41.899737,-87.664954,Census Tract 2420
11435,11435,42451,70024583,10002,1,2,IL,USA,17,31,241500,0,0,41.908374,-87.67093,Census Tract 2415
11436,11436,42453,70024586,10000,-1,1,IL,USA,17,31,670300,0,1,41.790358,-87.666917,Census Tract 6703
11437,11437,42454,70024586,10002,1,2,IL,USA,17,31,320100,0,0,41.886447,-87.619467,Census Tract 3201
11438,11438,42455,70024586,20003,2,3,IL,USA,17,31,834600,0,0,41.787246,-87.634306,Census Tract 8346
11439,11439,42463,70024592,10000,-1,1,IL,USA,17,31,251000,0,1,41.898694,-87.744892,Census Tract 2510
11440,11440,42464,70024592,10002,1,2,IL,USA,17,31,190100,0,0,41.935218,-87.744389,Census Tract 1901
11441,11441,42465,70024592,40003,4,3,IL,USA,17,31,151002,0,0,41.942492,-87.747155,Census Tract 1510.02
11442,11442,42466,70024592,50003,5,3,IL,USA,17,31,841900,0,0,41.868458,-87.642965,Census Tract 8419
11452,11452,42507,70024620,10000,-1,1,IL,USA,17,31,330100,0,1,41.859295,-87.615523,Census Tract 3301
11453,11453,42508,70024620,10002,1,2,IL,USA,17,31,320100,0,0,41.886447,-87.619467,Census Tract 3201
11457,11457,42523,70024627,10000,-1,1,IL,USA,17,31,832600,0,1,41.914754,-87.654465,Census Tract 8326
11458,11458,42524,70024627,10002,1,2,IL,USA,17,31,280100,0,0,41.885452,-87.643498,Census Tract 2801
11459,11459,42525,70024627,20002,2,2,IL,USA,17,31,280100,0,0,41.885452,-87.643498,Census Tract 2801
11462,11462,42533,70024647,10000,-1,1,IL,USA,17,31,30101,0,1,41.991054,-87.654879,Census Tract 301.01
11463,11463,42534,70024647,10002,1,2,IL,USA,17,31,30104,0,0,41.997277,-87.655986,Census Tract 301.04
11464,11464,42552,70024653,10000,-1,1,IL,USA,17,31,243200,0,1,41.892433,-87.669624,Census Tract 2432
11465,11465,42553,70024653,10002,1,2,IL,USA,17,31,81800,0,0,41.893324,-87.63919,Census Tract 818
11466,11466,42554,70024653,20002,2,2,IL,USA,17,31,320400,0,0,41.875817,-87.617256,Census Tract 3204
11467,11467,42555,70024653,20003,2,3,IL,USA,17,31,320400,0,0,41.875817,-87.617256,Census Tract 3204
11468,11468,42559,70024654,10000,-1,1,IL,USA,17,31,410500,0,1,41.797831,-87.603742,Census Tract 4105
11469,11469,42560,70024654,10002,1,2,IL,USA,17,31,839100,0,0,41.880986,-87.63307,Census Tract 8391
11470,11470,42561,70024654,20002,2,2,IL,USA,17,31,836200,0,0,41.790469,-87.601285,Census Tract 8362
11471,11471,42562,70024654,20003,2,3,IL,USA,17,31,836200,0,0,41.790469,-87.601285,Census Tract 8362
11485,11485,42606,70024677,10000,-1,1,IL,USA,17,31,230900,0,1,41.906692,-87.71035,Census Tract 2309
11486,11486,42607,70024677,10002,1,2,IL,USA,17,31,63100,0,0,41.938232,-87.64678,Census Tract 631
11491,11491,42625,70024691,10000,-1,1,IL,USA,17,31,140800,0,1,41.964514,-87.702847,Census Tract 1408
11492,11492,42626,70024691,10002,1,2,IL,USA,17,31,839100,0,0,41.880986,-87.63307,Census Tract 8391
11493,11493,42629,70024692,10000,-1,1,IL,USA,17,31,842300,0,1,41.908386,-87.660086,Census Tract 8423
11494,11494,42630,70024692,10002,1,2,IL,USA,17,31,81800,0,0,41.893324,-87.63919,Census Tract 818
11495,11495,42631,70024692,20002,2,2,IL,USA,17,31,320100,0,0,41.886447,-87.619467,Census Tract 3201
11496,11496,42632,70024692,30003,3,3,IL,USA,17,31,842200,0,0,41.904728,-87.64922,Census Tract 8422
11497,11497,42633,70024692,40003,4,3,IL,USA,17,31,842200,0,0,41.904728,-87.64922,Census Tract 8422
11498,11498,42635,70024693,10000,-1,1,IL,USA,17,31,20400,0,1,42.008488,-87.685912,Census Tract 204
11499,11499,42636,70024693,10002,1,2,IL,USA,17,31,833100,0,0,41.879078,-87.657046,Census Tract 8331
11500,11500,42637,70024693,30003,3,3,IL,USA,17,31,40402,0,0,41.972545,-87.678818,Census Tract 404.02
11501,11501,42638,70024693,40003,4,3,IL,USA,17,31,30900,0,0,41.979795,-87.671445,Census Tract 309
11545,11545,42773,70024731,10000,-1,1,IL,USA,17,31,440900,0,1,41.728669,-87.609006,Census Tract 4409
11546,11546,42774,70024731,10002,1,2,IL,USA,17,31,838100,0,0,41.878667,-87.671689,Census Tract 8381
11547,11547,42775,70024731,20003,2,3,IL,USA,17,31,833900,0,0,41.731032,-87.547423,Census Tract 8339
11548,11548,42776,70024731,30003,3,3,IL,USA,17,31,833900,0,0,41.731032,-87.547423,Census Tract 8339
11562,11562,42804,70024746,10000,-1,1,IL,USA,17,31,50100,0,1,41.957845,-87.676373,Census Tract 501
11563,11563,42805,70024746,10002,1,2,IL,USA,17,31,839100,0,0,41.880986,-87.63307,Census Tract 8391
11564,11564,42831,70024760,10000,-1,1,IL,USA,17,31,81402,0,1,41.891022,-87.612931,Census Tract 814.02
11565,11565,42832,70024760,10002,1,2,IL,USA,17,31,839100,0,0,41.880986,-87.63307,Census Tract 8391
11566,11566,42844,70024761,10000,-1,1,IL,USA,17,31,151100,0,1,41.94229,-87.761718,Census Tract 1511
11567,11567,42845,70024761,10002,1,2,IL,USA,17,31,838200,0,0,41.870416,-87.675079,Census Tract 8382
11568,11568,42846,70024761,10003,1,3,IL,USA,17,31,838200,0,0,41.870416,-87.675079,Census Tract 8382
11609,11609,42988,70024837,10000,-1,1,IL,USA,17,31,130100,0,1,41.991104,-87.720809,Census Tract 1301
11610,11610,42989,70024837,10002,1,2,IL,USA,17,31,839100,0,0,41.880986,-87.63307,Census Tract 8391
11611,11611,42990,70024837,20002,2,2,IL,USA,17,31,839100,0,0,41.880986,-87.63307,Census Tract 8391
11615,11615,43012,70024843,10000,-1,1,IL,USA,17,31,590700,0,1,41.826054,-87.662789,Census Tract 5907
11616,11616,43013,70024843,10002,1,2,IL,USA,17,31,20902,0,0,41.994258,-87.678684,Census Tract 209.02
11617,11617,43014,70024843,20003,2,3,IL,USA,17,31,241600,0,0,41.90671,-87.665328,Census Tract 2416
11618,11618,43015,70024843,30003,3,3,IL,USA,17,31,241600,0,0,41.90671,-87.665328,Census Tract 2416
11619,11619,43033,70024847,10000,-1,1,IL,USA,17,31,839100,0,1,41.880986,-87.63307,Census Tract 8391
11620,11620,43034,70024847,10003,1,3,IL,USA,17,31,320400,0,0,41.875817,-87.617256,Census Tract 3204
11621,11621,43038,70024850,10000,-1,1,IL,USA,17,31,250700,0,1,41.905821,-87.760813,Census Tract 2507
11622,11622,43039,70024850,10002,1,2,IL,USA,17,31,251200,0,0,41.898549,-87.760604,Census Tract 2512
11623,11623,43040,70024850,10003,1,3,IL,USA,17,31,843100,0,0,41.862602,-87.699453,Census Tract 8431
11624,11624,43043,70024850,20003,2,3,IL,USA,17,31,831400,0,0,41.869119,-87.756088,Census Tract 8314
11625,11625,43044,70024850,30003,3,3,IL,USA,17,31,831400,0,0,41.869119,-87.756088,Census Tract 8314
11626,11626,43045,70024850,40003,4,3,IL,USA,17,31,831400,0,0,41.869119,-87.756088,Census Tract 8314
11627,11627,43046,70024864,10000,-1,1,IL,USA,17,31,330100,0,1,41.859295,-87.615523,Census Tract 3301
11628,11628,43047,70024864,10002,1,2,IL,USA,17,31,839100,0,0,41.880986,-87.63307,Census Tract 8391
11629,11629,43048,70024864,20002,2,2,IL,USA,17,31,836200,0,0,41.790469,-87.601285,Census Tract 8362
11630,11630,43049,70024864,20003,2,3,IL,USA,17,31,836200,0,0,41.790469,-87.601285,Census Tract 8362
11631,11631,43056,70024867,10000,-1,1,IL,USA,17,31,230800,0,1,41.90584,-87.714953,Census Tract 2308
11632,11632,43057,70024867,10003,1,3,IL,USA,17,31,31100,0,0,41.972668,-87.663866,Census Tract 311
11633,11633,43058,70024867,20003,2,3,IL,USA,17,31,31100,0,0,41.972668,-87.663866,Census Tract 311
11634,11634,43059,70024867,30003,3,3,IL,USA,17,31,230700,0,0,41.906323,-87.72154,Census Tract 2307
11635,11635,43062,70024869,10000,-1,1,IL,USA,17,31,71400,0,1,41.922726,-87.629526,Census Tract 714
11636,11636,43063,70024869,10002,1,2,IL,USA,17,31,81403,0,0,41.892991,-87.620956,Census Tract 814.03
11637,11637,43075,70024871,10000,-1,1,IL,USA,17,31,191100,0,1,41.919629,-87.750976,Census Tract 1911
11638,11638,43076,70024871,10002,1,2,IL,USA,17,31,320100,0,0,41.886447,-87.619467,Census Tract 3201
11639,11639,43093,70024874,10000,-1,1,IL,USA,17,31,839100,0,1,41.880986,-87.63307,Census Tract 8391
11640,11640,43094,70024874,10002,1,2,IL,USA,17,31,280400,0,0,41.886009,-87.671885,Census Tract 2804
11649,11649,43123,70024919,10000,-1,1,IL,USA,17,31,839000,0,1,41.869903,-87.631213,Census Tract 8390
11650,11650,43124,70024919,10002,1,2,IL,USA,17,31,81201,0,0,41.899154,-87.626212,Census Tract 812.01
11651,11651,43125,70024919,10003,1,3,IL,USA,17,31,320600,0,0,41.870554,-87.616596,Census Tract 3206
11663,11663,43150,70024944,10000,-1,1,IL,USA,17,31,140602,0,1,41.964652,-87.721017,Census Tract 1406.02
11664,11664,43151,70024944,10002,1,2,IL,USA,17,31,833000,0,0,41.885286,-87.657249,Census Tract 8330
11667,11667,43161,70024947,10000,-1,1,IL,USA,17,31,63200,0,1,41.938923,-87.634673,Census Tract 632
11668,11668,43162,70024947,10002,1,2,IL,USA,17,31,63200,0,0,41.938923,-87.634673,Census Tract 632
11669,11669,43168,70024954,10000,-1,1,IL,USA,17,31,160601,0,1,41.959398,-87.703294,Census Tract 1606.01
11670,11670,43169,70024954,10002,1,2,IL,USA,17,31,839100,0,0,41.880986,-87.63307,Census Tract 8391
11677,11677,43193,70024969,10000,-1,1,IL,USA,17,31,242400,0,1,41.899422,-87.68449,Census Tract 2424
11678,11678,43194,70024969,10002,1,2,IL,USA,17,31,71000,0,0,41.921701,-87.655911,Census Tract 710
11679,11679,43195,70024969,20002,2,2,IL,USA,17,31,841900,0,0,41.868458,-87.642965,Census Tract 8419
11680,11680,43196,70024978,10000,-1,1,IL,USA,17,31,841200,0,1,41.855562,-87.683342,Census Tract 8412
11681,11681,43197,70024978,10002,1,2,IL,USA,17,31,310800,0,0,41.855934,-87.668574,Census Tract 3108
11682,11682,43198,70024978,20002,2,2,IL,USA,17,31,839100,0,0,41.880986,-87.63307,Census Tract 8391
11700,11700,43264,70025023,10000,-1,1,IL,USA,17,31,242500,0,1,41.899446,-87.689319,Census Tract 2425
11701,11701,43265,70025023,10002,1,2,IL,USA,17,31,760801,0,0,41.983487,-87.84485,Census Tract 7608.01
11702,11702,43270,70025027,10000,-1,1,IL,USA,17,31,832100,0,1,41.952821,-87.653241,Census Tract 8321
11703,11703,43271,70025027,10002,1,2,IL,USA,17,31,320400,0,0,41.875817,-87.617256,Census Tract 3204
11707,11707,43281,70025030,10000,-1,1,IL,USA,17,31,842100,0,1,41.895279,-87.73361,Census Tract 8421
11708,11708,43282,70025030,10003,1,3,IL,USA,17,31,320100,0,0,41.886447,-87.619467,Census Tract 3201
11714,11714,43314,70025032,10000,-1,1,IL,USA,17,31,60800,0,1,41.953959,-87.642649,Census Tract 608
11715,11715,43315,70025032,10002,1,2,IL,USA,17,31,281900,0,0,41.878635,-87.642924,Census Tract 2819
11757,11757,43427,70025078,10000,-1,1,IL,USA,17,31,30800,0,1,41.979912,-87.664188,Census Tract 308
11758,11758,43428,70025078,10002,1,2,IL,USA,17,31,81403,0,0,41.892991,-87.620956,Census Tract 814.03
11759,11759,43429,70025078,20002,2,2,IL,USA,17,31,839100,0,0,41.880986,-87.63307,Census Tract 8391
11760,11760,43430,70025078,30003,3,3,IL,USA,17,31,60200,0,0,41.957904,-87.671517,Census Tract 602
11779,11779,43461,70025096,10000,-1,1,IL,USA,17,31,660302,0,1,41.783596,-87.698393,Census Tract 6603.02
11780,11780,43462,70025096,10002,1,2,IL,USA,17,31,491100,0,0,41.699753,-87.637699,Census Tract 4911
11781,11781,43488,70025102,10000,-1,1,IL,USA,17,31,411000,0,1,41.787227,-87.577462,Census Tract 4110
11782,11782,43489,70025102,10002,1,2,IL,USA,17,31,839100,0,0,41.880986,-87.63307,Census Tract 8391
11783,11783,43491,70025103,10000,-1,1,IL,USA,17,31,320600,0,1,41.870554,-87.616596,Census Tract 3206
11784,11784,43492,70025103,10002,1,2,IL,USA,17,31,842200,0,0,41.904728,-87.64922,Census Tract 8422
11790,11790,43514,70025118,10000,-1,1,IL,USA,17,31,430800,0,1,41.76075,-87.571298,Census Tract 4308
11791,11791,43515,70025118,30003,3,3,IL,USA,17,31,431400,0,0,41.757208,-87.546555,Census Tract 4314
11797,11797,43544,70025137,10000,-1,1,IL,USA,17,31,221100,0,1,41.92102,-87.710361,Census Tract 2211
11798,11798,43545,70025137,10002,1,2,IL,USA,17,31,838200,0,0,41.870416,-87.675079,Census Tract 8382
11799,11799,43548,70025143,10000,-1,1,IL,USA,17,31,62600,0,1,41.935975,-87.670984,Census Tract 626
11800,11800,43549,70025143,10002,1,2,IL,USA,17,31,839100,0,0,41.880986,-87.63307,Census Tract 8391
11830,11830,43632,70025192,10000,-1,1,IL,USA,17,31,730201,0,1,41.726863,-87.657902,Census Tract 7302.01
11831,11831,43633,70025192,10002,1,2,IL,USA,17,31,490500,0,0,41.717927,-87.613206,Census Tract 4905
11841,11841,43667,70025210,10000,-1,1,IL,USA,17,31,70300,0,1,41.929046,-87.65131,Census Tract 703
11842,11842,43668,70025210,10003,1,3,IL,USA,17,31,320400,0,0,41.875817,-87.617256,Census Tract 3204
11843,11843,43681,70025214,10000,-1,1,IL,USA,17,31,730600,0,1,41.7106,-87.650486,Census Tract 7306
11844,11844,43682,70025214,10002,1,2,IL,USA,17,31,831400,0,0,41.869119,-87.756088,Census Tract 8314
11845,11845,43683,70025214,30003,3,3,IL,USA,17,31,833100,0,0,41.879078,-87.657046,Census Tract 8331
11846,11846,43704,70025215,10000,-1,1,IL,USA,17,31,580600,0,1,41.817398,-87.692031,Census Tract 5806
11847,11847,43705,70025215,10002,1,2,IL,USA,17,31,81700,0,0,41.892218,-87.631832,Census Tract 817
11848,11848,43706,70025215,10003,1,3,IL,USA,17,31,650500,0,0,41.762219,-87.732035,Census Tract 6505
11849,11849,43707,70025215,20002,2,2,IL,USA,17,31,843800,0,0,41.801657,-87.640476,Census Tract 8438
11850,11850,43708,70025215,40003,4,3,IL,USA,17,31,580501,0,0,41.819986,-87.699496,Census Tract 5805.01
11859,11859,43736,70025247,10000,-1,1,IL,USA,17,31,240300,0,1,41.912369,-87.675068,Census Tract 2403
11860,11860,43737,70025247,20003,2,3,IL,USA,17,31,843700,0,0,41.94556,-87.690034,Census Tract 8437
11861,11861,43738,70025247,30003,3,3,IL,USA,17,31,320100,0,0,41.886447,-87.619467,Census Tract 3201
11862,11862,43739,70025247,40002,4,2,IL,USA,17,31,241500,0,0,41.908374,-87.67093,Census Tract 2415
11863,11863,43740,70025252,10000,-1,1,IL,USA,17,31,243100,0,1,41.892355,-87.674507,Census Tract 2431
11864,11864,43741,70025252,20002,2,2,IL,USA,17,31,81401,0,0,41.895035,-87.619717,Census Tract 814.01
11865,11865,43750,70025255,10000,-1,1,IL,USA,17,31,140800,0,1,41.964514,-87.702847,Census Tract 1408
11866,11866,43751,70025255,10002,1,2,IL,USA,17,31,843300,0,0,41.863764,-87.69255,Census Tract 8433
11870,11870,43762,70025266,10000,-1,1,IL,USA,17,31,30603,0,1,41.985476,-87.658398,Census Tract 306.03
11871,11871,43763,70025266,10002,1,2,IL,USA,17,31,70300,0,0,41.929046,-87.65131,Census Tract 703
11879,11879,43783,70025276,10000,-1,1,IL,USA,17,31,241000,0,1,41.907969,-87.694534,Census Tract 2410
11880,11880,43784,70025276,10002,1,2,IL,USA,17,31,241400,0,0,41.906031,-87.675314,Census Tract 2414
11881,11881,43785,70025276,20002,2,2,IL,USA,17,31,839100,0,0,41.880986,-87.63307,Census Tract 8391
11909,11909,43890,70025322,10000,-1,1,IL,USA,17,31,31700,0,1,41.965447,-87.663195,Census Tract 317
11910,11910,43891,70025322,10002,1,2,IL,USA,17,31,320100,0,0,41.886447,-87.619467,Census Tract 3201
11920,11920,43937,70025346,10000,-1,1,IL,USA,17,31,460700,0,1,41.73558,-87.549281,Census Tract 4607
11921,11921,43938,70025346,10003,1,3,IL,USA,17,31,450300,0,0,41.741944,-87.579089,Census Tract 4503
11937,11937,43976,70025379,10000,-1,1,IL,USA,17,31,830800,0,1,41.965141,-87.676577,Census Tract 8308
11938,11938,43977,70025379,10002,1,2,IL,USA,17,31,320100,0,0,41.886447,-87.619467,Census Tract 3201
11942,11942,43990,70025386,10000,-1,1,IL,USA,17,31,839000,0,1,41.869903,-87.631213,Census Tract 8390
11943,11943,43991,70025386,10003,1,3,IL,USA,17,31,838200,0,0,41.870416,-87.675079,Census Tract 8382
11944,11944,43992,70025386,20003,2,3,IL,USA,17,31,81401,0,0,41.895035,-87.619717,Census Tract 814.01
11948,11948,44023,70025392,10000,-1,1,IL,USA,17,31,70200,0,1,41.929078,-87.646293,Census Tract 702
11949,11949,44024,70025392,20002,2,2,IL,USA,17,31,80202,0,0,41.905859,-87.630901,Census Tract 802.02
11963,11963,44087,70025688,10000,-1,1,IL,USA,17,31,841100,0,1,41.851644,-87.635661,Census Tract 8411
11964,11964,44088,70025688,10002,1,2,IL,USA,17,31,839100,0,0,41.880986,-87.63307,Census Tract 8391
11972,11972,44130,70025699,10000,-1,1,IL,USA,17,31,330200,0,1,41.865578,-87.630568,Census Tract 3302
11973,11973,44131,70025699,10002,1,2,IL,USA,17,31,280900,0,0,41.878626,-87.685132,Census Tract 2809
11981,11981,44158,70025709,10000,-1,1,IL,USA,17,31,340500,0,1,41.834518,-87.632917,Census Tract 3405
11982,11982,44159,70025709,10002,1,2,IL,USA,17,31,842000,0,0,41.83496,-87.62517,Census Tract 8420
11983,11983,44160,70025709,10003,1,3,IL,USA,17,31,842000,0,0,41.83496,-87.62517,Census Tract 8420
11984,11984,44161,70025709,40003,4,3,IL,USA,17,31,242000,0,0,41.899737,-87.664954,Census Tract 2420
11985,11985,44166,70025711,10000,-1,1,IL,USA,17,31,833300,0,1,41.871694,-87.654124,Census Tract 8333
11986,11986,44167,70025711,10002,1,2,IL,USA,17,31,320100,0,0,41.886447,-87.619467,Census Tract 3201
11987,11987,44168,70025711,10003,1,3,IL,USA,17,31,841900,0,0,41.868458,-87.642965,Census Tract 8419
11988,11988,44169,70025711,20002,2,2,IL,USA,17,31,841900,0,0,41.868458,-87.642965,Census Tract 8419
11989,11989,44170,70025711,20003,2,3,IL,USA,17,31,841900,0,0,41.868458,-87.642965,Census Tract 8419
11993,11993,44182,70025725,10000,-1,1,IL,USA,17,31,420600,0,1,41.783014,-87.613278,Census Tract 4206
11994,11994,44183,70025725,10002,1,2,IL,USA,17,31,380200,0,0,41.820574,-87.614986,Census Tract 3802
12016,12016,44281,70025761,10000,-1,1,IL,USA,17,31,220300,0,1,41.928465,-87.695086,Census Tract 2203
12017,12017,44282,70025761,10002,1,2,IL,USA,17,31,838200,0,0,41.870416,-87.675079,Census Tract 8382
12020,12020,44306,70025775,10000,-1,1,IL,USA,17,31,81100,0,1,41.900221,-87.629105,Census Tract 811
12021,12021,44307,70025775,10002,1,2,IL,USA,17,31,839100,0,0,41.880986,-87.63307,Census Tract 8391
12029,12029,44345,70025781,10000,-1,1,IL,USA,17,31,31900,0,1,41.963374,-87.670184,Census Tract 319
12030,12030,44346,70025781,10002,1,2,IL,USA,17,31,838000,0,0,41.877367,-87.680652,Census Tract 8380
12031,12031,44379,70025785,10000,-1,1,IL,USA,17,31,100100,0,1,41.989584,-87.783014,Census Tract 1001
12032,12032,44380,70025785,10002,1,2,IL,USA,17,31,838000,0,0,41.877367,-87.680652,Census Tract 8380
12033,12033,44381,70025785,20002,2,2,IL,USA,17,31,839100,0,0,41.880986,-87.63307,Census Tract 8391
12036,12036,44403,70025799,10000,-1,1,IL,USA,17,31,30703,0,1,41.978875,-87.657871,Census Tract 307.03
12037,12037,44404,70025799,10002,1,2,IL,USA,17,31,81201,0,0,41.899154,-87.626212,Census Tract 812.01
12041,12041,44421,70025809,10000,-1,1,IL,USA,17,31,140200,0,1,41.970695,-87.713004,Census Tract 1402
12042,12042,44422,70025809,10002,1,2,IL,USA,17,31,280100,0,0,41.885452,-87.643498,Census Tract 2801
12043,12043,44423,70025809,10003,1,3,IL,USA,17,31,320400,0,0,41.875817,-87.617256,Census Tract 3204
12044,12044,44424,70025809,20002,2,2,IL,USA,17,31,320400,0,0,41.875817,-87.617256,Census Tract 3204
12085,12085,44563,70025859,10000,-1,1,IL,USA,17,31,80300,0,1,41.90749,-87.635799,Census Tract 803
12086,12086,44564,70025859,10002,1,2,IL,USA,17,31,833000,0,0,41.885286,-87.657249,Census Tract 8330
12169,12169,44817,70025951,10000,-1,1,IL,USA,17,31,271200,0,1,41.87736,-87.703562,Census Tract 2712
12170,12170,44818,70025951,10002,1,2,IL,USA,17,31,838200,0,0,41.870416,-87.675079,Census Tract 8382
12181,12181,44835,70025972,10000,-1,1,IL,USA,17,31,831100,0,1,41.942856,-87.717496,Census Tract 8311
12182,12182,44836,70025972,10002,1,2,IL,USA,17,31,838200,0,0,41.870416,-87.675079,Census Tract 8382
12200,12200,44905,70026002,10000,-1,1,IL,USA,17,31,410900,0,1,41.79671,-87.578094,Census Tract 4109
12201,12201,44906,70026002,10003,1,3,IL,USA,17,31,834200,0,0,41.755568,-87.583607,Census Tract 8342
12232,12232,45001,70026062,10000,-1,1,IL,USA,17,31,10502,0,1,42.004517,-87.663327,Census Tract 105.02
12233,12233,45002,70026062,10002,1,2,IL,USA,17,31,10400,0,0,42.006411,-87.658816,Census Tract 104
12234,12234,45003,70026062,10003,1,3,IL,USA,17,31,10400,0,0,42.006411,-87.658816,Census Tract 104
12245,12245,45050,70026080,10000,-1,1,IL,USA,17,31,650100,0,1,41.782377,-87.717855,Census Tract 6501
12246,12246,45051,70026080,10002,1,2,IL,USA,17,31,833900,0,0,41.731032,-87.547423,Census Tract 8339
12257,12257,45093,70026086,10000,-1,1,IL,USA,17,31,60900,0,1,41.951517,-87.641778,Census Tract 609
12258,12258,45094,70026086,10002,1,2,IL,USA,17,31,842000,0,0,41.83496,-87.62517,Census Tract 8420
12259,12259,45095,70026086,10003,1,3,IL,USA,17,31,842000,0,0,41.83496,-87.62517,Census Tract 8420
12260,12260,45096,70026086,20002,2,2,IL,USA,17,31,842200,0,0,41.904728,-87.64922,Census Tract 8422
12261,12261,45115,70026088,10000,-1,1,IL,USA,17,31,832900,0,1,41.874181,-87.661901,Census Tract 8329
12262,12262,45116,70026088,10002,1,2,IL,USA,17,31,730400,0,0,41.717841,-87.652648,Census Tract 7304
12263,12263,45117,70026088,20002,2,2,IL,USA,17,31,252201,0,0,41.876696,-87.752105,Census Tract 2522.01
12278,12278,45176,70026110,10000,-1,1,IL,USA,17,31,31800,0,1,41.967011,-87.670621,Census Tract 318
12279,12279,45177,70026110,10002,1,2,IL,USA,17,31,81401,0,0,41.895035,-87.619717,Census Tract 814.01
12290,12290,45211,70026124,10000,-1,1,IL,USA,17,31,81700,0,1,41.892218,-87.631832,Census Tract 817
12291,12291,45212,70026124,10002,1,2,IL,USA,17,31,320100,0,0,41.886447,-87.619467,Census Tract 3201
12294,12294,45242,70026132,10000,-1,1,IL,USA,17,31,140800,0,1,41.964514,-87.702847,Census Tract 1408
12295,12295,45243,70026132,10002,1,2,IL,USA,17,31,839100,0,0,41.880986,-87.63307,Census Tract 8391
12296,12296,45244,70026132,20002,2,2,IL,USA,17,31,280100,0,0,41.885452,-87.643498,Census Tract 2801
12297,12297,45248,70026134,10000,-1,1,IL,USA,17,31,691400,0,1,41.754846,-87.610168,Census Tract 6914
12298,12298,45249,70026134,10002,1,2,IL,USA,17,31,839900,0,0,41.827346,-87.648454,Census Tract 8399
12313,12313,45281,70026150,10000,-1,1,IL,USA,17,31,600600,0,1,41.842469,-87.655751,Census Tract 6006
12314,12314,45282,70026150,20002,2,2,IL,USA,17,31,81500,0,0,41.892906,-87.626079,Census Tract 815
12319,12319,45300,70026166,10000,-1,1,IL,USA,17,31,70300,0,1,41.929046,-87.65131,Census Tract 703
12320,12320,45301,70026166,10002,1,2,IL,USA,17,31,281900,0,0,41.878635,-87.642924,Census Tract 2819
12321,12321,45302,70026166,20002,2,2,IL,USA,17,31,81500,0,0,41.892906,-87.626079,Census Tract 815
12322,12322,45303,70026166,30002,3,2,IL,USA,17,31,61100,0,0,41.94914,-87.656804,Census Tract 611
12323,12323,45305,70026172,10000,-1,1,IL,USA,17,31,160900,0,1,41.950082,-87.722608,Census Tract 1609
12324,12324,45306,70026172,10002,1,2,IL,USA,17,31,841000,0,0,41.847544,-87.610198,Census Tract 8410
12325,12325,45319,70026181,10000,-1,1,IL,USA,17,31,271500,0,1,41.871786,-87.713156,Census Tract 2715
12326,12326,45320,70026181,10002,1,2,IL,USA,17,31,833100,0,0,41.879078,-87.657046,Census Tract 8331
12327,12327,45321,70026181,20002,2,2,IL,USA,17,31,320400,0,0,41.875817,-87.617256,Census Tract 3204
12328,12328,45340,70026185,10000,-1,1,IL,USA,17,31,251600,0,1,41.891406,-87.751804,Census Tract 2516
12329,12329,45341,70026185,10003,1,3,IL,USA,17,31,842100,0,0,41.895279,-87.73361,Census Tract 8421
12330,12330,45348,70026196,10000,-1,1,IL,USA,17,31,250600,0,1,41.905694,-87.77063,Census Tract 2506
12331,12331,45349,70026196,10002,1,2,IL,USA,17,31,843000,0,0,41.867936,-87.722749,Census Tract 8430
12336,12336,45359,70026208,10000,-1,1,IL,USA,17,31,283800,0,1,41.863417,-87.653755,Census Tract 2838
12337,12337,45360,70026208,10002,1,2,IL,USA,17,31,980000,0,0,41.979419,-87.902438,Census Tract 9800
12338,12338,45361,70026208,30003,3,3,IL,USA,17,31,283800,0,0,41.863417,-87.653755,Census Tract 2838
12339,12339,45362,70026208,40003,4,3,IL,USA,17,31,842900,0,0,41.863139,-87.672937,Census Tract 8429
12340,12340,45363,70026208,50003,5,3,IL,USA,17,31,842900,0,0,41.863139,-87.672937,Census Tract 8429
12341,12341,45364,70026208,60002,6,2,IL,USA,17,31,283800,0,0,41.863417,-87.653755,Census Tract 2838
12342,12342,45368,70026214,10000,-1,1,IL,USA,17,31,221400,0,1,41.920801,-87.694532,Census Tract 2214
12343,12343,45369,70026214,20002,2,2,IL,USA,17,31,81500,0,0,41.892906,-87.626079,Census Tract 815
12344,12344,45374,70026215,10000,-1,1,IL,USA,17,31,510300,0,1,41.715738,-87.574974,Census Tract 5103
12345,12345,45375,70026215,10002,1,2,IL,USA,17,31,81800,0,0,41.893324,-87.63919,Census Tract 818
12346,12346,45378,70026218,10000,-1,1,IL,USA,17,31,50500,0,1,41.950447,-87.683507,Census Tract 505
12347,12347,45379,70026218,20002,2,2,IL,USA,17,31,839100,0,0,41.880986,-87.63307,Census Tract 8391
12348,12348,45380,70026218,30003,3,3,IL,USA,17,31,50800,0,0,41.945009,-87.680928,Census Tract 508
12349,12349,45381,70026218,40003,4,3,IL,USA,17,31,50500,0,0,41.950447,-87.683507,Census Tract 505
12362,12362,45473,70026266,10000,-1,1,IL,USA,17,31,330100,0,1,41.859295,-87.615523,Census Tract 3301
12363,12363,45474,70026266,10002,1,2,IL,USA,17,31,81401,0,0,41.895035,-87.619717,Census Tract 814.01
12374,12374,45634,70026275,10000,-1,1,IL,USA,17,31,50200,0,1,41.95774,-87.683717,Census Tract 502
12375,12375,45635,70026275,10002,1,2,IL,USA,17,31,320100,0,0,41.886447,-87.619467,Census Tract 3201
12376,12376,45649,70026286,10000,-1,1,IL,USA,17,31,840700,0,1,41.85293,-87.694267,Census Tract 8407
12377,12377,45650,70026286,20002,2,2,IL,USA,17,31,280100,0,0,41.885452,-87.643498,Census Tract 2801
12378,12378,45651,70026286,20003,2,3,IL,USA,17,31,320400,0,0,41.875817,-87.617256,Census Tract 3204
12379,12379,45652,70026286,50002,5,2,IL,USA,17,31,839100,0,0,41.880986,-87.63307,Census Tract 8391
12380,12380,45653,70026286,70002,7,2,IL,USA,17,31,842200,0,0,41.904728,-87.64922,Census Tract 8422
12381,12381,45654,70026286,80003,8,3,IL,USA,17,31,840700,0,0,41.85293,-87.694267,Census Tract 8407
12382,12382,45655,70026286,90003,9,3,IL,USA,17,31,840700,0,0,41.85293,-87.694267,Census Tract 8407
12383,12383,45656,70026286,110002,11,2,IL,USA,17,31,243100,0,0,41.892355,-87.674507,Census Tract 2431
12384,12384,45657,70026286,120003,12,3,IL,USA,17,31,840700,0,0,41.85293,-87.694267,Census Tract 8407
12387,12387,45664,70026295,10000,-1,1,IL,USA,17,31,300800,0,1,41.848111,-87.707582,Census Tract 3008
12388,12388,45665,70026295,10002,1,2,IL,USA,17,31,310900,0,0,41.855772,-87.674674,Census Tract 3109
12389,12389,45668,70026300,10000,-1,1,IL,USA,17,31,50200,0,1,41.95774,-87.683717,Census Tract 502
12390,12390,45669,70026300,10002,1,2,IL,USA,17,31,320100,0,0,41.886447,-87.619467,Census Tract 3201
12396,12396,45681,70026302,10000,-1,1,IL,USA,17,31,60400,0,1,41.950673,-87.666536,Census Tract 604
12397,12397,45682,70026302,30003,3,3,IL,USA,17,31,831900,0,0,41.945169,-87.668791,Census Tract 8319
12398,12398,45694,70026310,10000,-1,1,IL,USA,17,31,241100,0,1,41.90664,-87.68958,Census Tract 2411
12399,12399,45695,70026310,10002,1,2,IL,USA,17,31,240500,0,0,41.911968,-87.683627,Census Tract 2405
12400,12400,45696,70026310,20002,2,2,IL,USA,17,31,832600,0,0,41.914754,-87.654465,Census Tract 8326
12401,12401,45697,70026310,30002,3,2,IL,USA,17,31,100100,0,0,41.989584,-87.783014,Census Tract 1001
12402,12402,45698,70026310,40002,4,2,IL,USA,17,31,100100,0,0,41.989584,-87.783014,Census Tract 1001
12403,12403,45699,70026310,50002,5,2,IL,USA,17,31,320100,0,0,41.886447,-87.619467,Census Tract 3201
12406,12406,45710,70026314,10000,-1,1,IL,USA,17,31,50300,0,1,41.957885,-87.690444,Census Tract 503
12407,12407,45711,70026314,10002,1,2,IL,USA,17,31,839100,0,0,41.880986,-87.63307,Census Tract 8391
12408,12408,45712,70026314,20002,2,2,IL,USA,17,31,81700,0,0,41.892218,-87.631832,Census Tract 817
12409,12409,45713,70026314,30003,3,3,IL,USA,17,31,833000,0,0,41.885286,-87.657249,Census Tract 8330
12410,12410,45716,70026320,10000,-1,1,IL,USA,17,31,660600,0,1,41.777287,-87.693341,Census Tract 6606
12411,12411,45717,70026320,10002,1,2,IL,USA,17,31,660301,0,0,41.779954,-87.698287,Census Tract 6603.01
12412,12412,45718,70026320,30003,3,3,IL,USA,17,31,660500,0,0,41.775243,-87.707943,Census Tract 6605
12413,12413,45719,70026320,40003,4,3,IL,USA,17,31,660500,0,0,41.775243,-87.707943,Census Tract 6605
12414,12414,45720,70026320,50003,5,3,IL,USA,17,31,660500,0,0,41.775243,-87.707943,Census Tract 6605
12415,12415,45721,70026320,60003,6,3,IL,USA,17,31,620100,0,0,41.798018,-87.718026,Census Tract 6201
12419,12419,45729,70026326,10000,-1,1,IL,USA,17,31,231500,0,1,41.891736,-87.718652,Census Tract 2315
12420,12420,45730,70026326,10002,1,2,IL,USA,17,31,842900,0,0,41.863139,-87.672937,Census Tract 8429
12421,12421,45731,70026326,20003,2,3,IL,USA,17,31,190602,0,0,41.92756,-87.770737,Census Tract 1906.02
12422,12422,45732,70026326,30003,3,3,IL,USA,17,31,190602,0,0,41.92756,-87.770737,Census Tract 1906.02
12423,12423,45733,70026326,40003,4,3,IL,USA,17,31,190602,0,0,41.92756,-87.770737,Census Tract 1906.02
12426,12426,45748,70026357,10000,-1,1,IL,USA,17,31,63000,0,1,41.93631,-87.651562,Census Tract 630
12427,12427,45749,70026357,10002,1,2,IL,USA,17,31,839100,0,0,41.880986,-87.63307,Census Tract 8391
12428,12428,45750,70026357,20002,2,2,IL,USA,17,31,81500,0,0,41.892906,-87.626079,Census Tract 815
12432,12432,45763,70026378,10000,-1,1,IL,USA,17,31,410200,0,1,41.801671,-87.594265,Census Tract 4102
12433,12433,45764,70026378,10002,1,2,IL,USA,17,31,320100,0,0,41.886447,-87.619467,Census Tract 3201
12442,12442,45778,70026389,10000,-1,1,IL,USA,17,31,242600,0,1,41.90056,-87.694197,Census Tract 2426
12443,12443,45779,70026389,10002,1,2,IL,USA,17,31,841400,0,0,41.853339,-87.714393,Census Tract 8414
12444,12444,45780,70026389,20002,2,2,IL,USA,17,31,81800,0,0,41.893324,-87.63919,Census Tract 818
12462,12462,45859,70026431,10000,-1,1,IL,USA,17,31,240800,0,1,41.912074,-87.69948,Census Tract 2408
12463,12463,45860,70026431,10002,1,2,IL,USA,17,31,836800,0,0,41.88509,-87.714967,Census Tract 8368
12464,12464,45861,70026431,20002,2,2,IL,USA,17,31,590500,0,0,41.824898,-87.68046,Census Tract 5905
12465,12465,45864,70026436,10000,-1,1,IL,USA,17,31,221100,0,1,41.92102,-87.710361,Census Tract 2211
12466,12466,45865,70026436,10002,1,2,IL,USA,17,31,243000,0,0,41.892275,-87.679398,Census Tract 2430
12467,12467,45866,70026436,10003,1,3,IL,USA,17,31,841900,0,0,41.868458,-87.642965,Census Tract 8419
12468,12468,45870,70026473,10000,-1,1,IL,USA,17,31,63302,0,1,41.934765,-87.639854,Census Tract 633.02
12469,12469,45871,70026473,10002,1,2,IL,USA,17,31,839100,0,0,41.880986,-87.63307,Census Tract 8391
12470,12470,45887,70026498,10000,-1,1,IL,USA,17,31,30200,0,1,41.994441,-87.66523,Census Tract 302
12471,12471,45888,70026498,10003,1,3,IL,USA,17,31,31700,0,0,41.965447,-87.663195,Census Tract 317
12472,12472,45889,70026498,20002,2,2,IL,USA,17,31,81800,0,0,41.893324,-87.63919,Census Tract 818
12473,12473,45890,70026498,40003,4,3,IL,USA,17,31,841900,0,0,41.868458,-87.642965,Census Tract 8419
12474,12474,45897,70026499,10000,-1,1,IL,USA,17,31,841300,0,1,41.843977,-87.684202,Census Tract 8413
12475,12475,45898,70026499,10002,1,2,IL,USA,17,31,839100,0,0,41.880986,-87.63307,Census Tract 8391
12479,12479,45905,70026505,10000,-1,1,IL,USA,17,31,640500,0,1,41.775682,-87.790988,Census Tract 6405
12480,12480,45906,70026505,10002,1,2,IL,USA,17,31,841100,0,0,41.851644,-87.635661,Census Tract 8411
12481,12481,45907,70026505,30003,3,3,IL,USA,17,31,570400,0,0,41.804992,-87.71913,Census Tract 5704
12482,12482,45908,70026505,40002,4,2,IL,USA,17,31,843500,0,0,41.840983,-87.697566,Census Tract 8435
12483,12483,45909,70026505,50003,5,3,IL,USA,17,31,640400,0,0,41.781178,-87.791247,Census Tract 6404
12484,12484,45915,70026513,10000,-1,1,IL,USA,17,31,160300,0,1,41.957268,-87.730896,Census Tract 1603
12485,12485,45916,70026513,10002,1,2,IL,USA,17,31,320400,0,0,41.875817,-87.617256,Census Tract 3204
12486,12486,45917,70026513,20002,2,2,IL,USA,17,31,281900,0,0,41.878635,-87.642924,Census Tract 2819
12487,12487,45924,70026515,10000,-1,1,IL,USA,17,31,81403,0,1,41.892991,-87.620956,Census Tract 814.03
12488,12488,45925,70026515,10002,1,2,IL,USA,17,31,320400,0,0,41.875817,-87.617256,Census Tract 3204
12489,12489,45926,70026515,20002,2,2,IL,USA,17,31,320100,0,0,41.886447,-87.619467,Census Tract 3201
12490,12490,45929,70026533,10000,-1,1,IL,USA,17,31,81700,0,1,41.892218,-87.631832,Census Tract 817
12491,12491,45930,70026533,10003,1,3,IL,USA,17,31,81401,0,0,41.895035,-87.619717,Census Tract 814.01
12492,12492,45931,70026533,20002,2,2,IL,USA,17,31,80201,0,0,41.909498,-87.631005,Census Tract 802.01
12493,12493,45932,70026533,20003,2,3,IL,USA,17,31,81401,0,0,41.895035,-87.619717,Census Tract 814.01
12494,12494,45933,70026533,30003,3,3,IL,USA,17,31,81401,0,0,41.895035,-87.619717,Census Tract 814.01
12495,12495,45935,70026538,10000,-1,1,IL,USA,17,31,240700,0,1,41.912088,-87.694599,Census Tract 2407
12496,12496,45936,70026538,10003,1,3,IL,USA,17,31,320400,0,0,41.875817,-87.617256,Census Tract 3204
12499,12499,45942,70026550,10000,-1,1,IL,USA,17,31,230900,0,1,41.906692,-87.71035,Census Tract 2309
12500,12500,45943,70026550,10002,1,2,IL,USA,17,31,81000,0,0,41.900266,-87.632109,Census Tract 810
12505,12505,45968,70026554,10000,-1,1,IL,USA,17,31,241000,0,1,41.907969,-87.694534,Census Tract 2410
12506,12506,45969,70026554,10002,1,2,IL,USA,17,31,81500,0,0,41.892906,-87.626079,Census Tract 815
12516,12516,45994,70026571,10000,-1,1,IL,USA,17,31,830700,0,1,41.958304,-87.660765,Census Tract 8307
12517,12517,45995,70026571,10002,1,2,IL,USA,17,31,81800,0,0,41.893324,-87.63919,Census Tract 818
12518,12518,45996,70026571,20002,2,2,IL,USA,17,31,281900,0,0,41.878635,-87.642924,Census Tract 2819
12519,12519,46011,70026584,10000,-1,1,IL,USA,17,31,50200,0,1,41.95774,-87.683717,Census Tract 502
12520,12520,46012,70026584,10002,1,2,IL,USA,17,31,81401,0,0,41.895035,-87.619717,Census Tract 814.01
12521,12521,46017,70026585,10000,-1,1,IL,USA,17,31,60100,0,1,41.957531,-87.666611,Census Tract 601
12522,12522,46018,70026585,10002,1,2,IL,USA,17,31,62400,0,0,41.941556,-87.666288,Census Tract 624
12523,12523,46019,70026585,20002,2,2,IL,USA,17,31,832600,0,0,41.914754,-87.654465,Census Tract 8326
12527,12527,46037,70026593,10000,-1,1,IL,USA,17,31,71700,0,1,41.912867,-87.641072,Census Tract 717
12528,12528,46038,70026593,10002,1,2,IL,USA,17,31,81800,0,0,41.893324,-87.63919,Census Tract 818
12529,12529,46042,70026595,10000,-1,1,IL,USA,17,31,80300,0,1,41.90749,-87.635799,Census Tract 803
12530,12530,46043,70026595,10002,1,2,IL,USA,17,31,81800,0,0,41.893324,-87.63919,Census Tract 818
12531,12531,46044,70026596,10000,-1,1,IL,USA,17,31,243400,0,1,41.892558,-87.659848,Census Tract 2434
12532,12532,46045,70026596,10002,1,2,IL,USA,17,31,81800,0,0,41.893324,-87.63919,Census Tract 818
12533,12533,46063,70026597,10000,-1,1,IL,USA,17,31,50500,0,1,41.950447,-87.683507,Census Tract 505
12534,12534,46064,70026597,10002,1,2,IL,USA,17,31,320400,0,0,41.875817,-87.617256,Census Tract 3204
12542,12542,46079,70026604,10000,-1,1,IL,USA,17,31,838300,0,1,41.901566,-87.638404,Census Tract 8383
12543,12543,46080,70026604,10002,1,2,IL,USA,17,31,81300,0,0,41.898335,-87.620753,Census Tract 813
12544,12544,46084,70026605,10000,-1,1,IL,USA,17,31,10400,0,1,42.006411,-87.658816,Census Tract 104
12545,12545,46085,70026605,10002,1,2,IL,USA,17,31,70300,0,0,41.929046,-87.65131,Census Tract 703
12546,12546,46086,70026605,20002,2,2,IL,USA,17,31,830700,0,0,41.958304,-87.660765,Census Tract 8307
12547,12547,46087,70026605,30002,3,2,IL,USA,17,31,830700,0,0,41.958304,-87.660765,Census Tract 8307
12548,12548,46088,70026610,10000,-1,1,IL,USA,17,31,31300,0,1,41.973765,-87.64653,Census Tract 313
12549,12549,46089,70026610,10002,1,2,IL,USA,17,31,71500,0,0,41.914242,-87.625092,Census Tract 715
12550,12550,46093,70026614,10000,-1,1,IL,USA,17,31,40800,0,1,41.963974,-87.691821,Census Tract 408
12551,12551,46094,70026614,10002,1,2,IL,USA,17,31,839100,0,0,41.880986,-87.63307,Census Tract 8391
12552,12552,46095,70026614,20002,2,2,IL,USA,17,31,81000,0,0,41.900266,-87.632109,Census Tract 810
12567,12567,46117,70026637,10000,-1,1,IL,USA,17,31,51300,0,1,41.935996,-87.67584,Census Tract 513
12568,12568,46118,70026637,10002,1,2,IL,USA,17,31,839100,0,0,41.880986,-87.63307,Census Tract 8391
12579,12579,46150,70026695,10000,-1,1,IL,USA,17,31,70200,0,1,41.929078,-87.646293,Census Tract 702
12580,12580,46151,70026695,10002,1,2,IL,USA,17,31,71300,0,0,41.921779,-87.641458,Census Tract 713
12581,12581,46152,70026695,20002,2,2,IL,USA,17,31,839100,0,0,41.880986,-87.63307,Census Tract 8391
12587,12587,46167,70026734,10000,-1,1,IL,USA,17,31,80202,0,1,41.905859,-87.630901,Census Tract 802.02
12588,12588,46168,70026734,10002,1,2,IL,USA,17,31,841900,0,0,41.868458,-87.642965,Census Tract 8419
12589,12589,46169,70026734,10003,1,3,IL,USA,17,31,841900,0,0,41.868458,-87.642965,Census Tract 8419
12622,12622,46265,70026772,10000,-1,1,IL,USA,17,31,70700,0,1,41.930652,-87.674104,Census Tract 707
12623,12623,46266,70026772,20002,2,2,IL,USA,17,31,70700,0,0,41.930652,-87.674104,Census Tract 707
12624,12624,46267,70026772,30002,3,2,IL,USA,17,31,80300,0,0,41.90749,-87.635799,Census Tract 803
12657,12657,46346,70026816,10000,-1,1,IL,USA,17,31,290900,0,1,41.86241,-87.732457,Census Tract 2909
12658,12658,46347,70026816,10002,1,2,IL,USA,17,31,290900,0,0,41.86241,-87.732457,Census Tract 2909
12659,12659,46383,70026826,10000,-1,1,IL,USA,17,31,251500,0,1,41.891104,-87.760354,Census Tract 2515
12660,12660,46384,70026826,10002,1,2,IL,USA,17,31,836700,0,0,41.891704,-87.702175,Census Tract 8367
12661,12661,46385,70026826,30003,3,3,IL,USA,17,31,251500,0,0,41.891104,-87.760354,Census Tract 2515
12662,12662,46386,70026826,40003,4,3,IL,USA,17,31,251500,0,0,41.891104,-87.760354,Census Tract 2515
12663,12663,46405,70026828,10000,-1,1,IL,USA,17,31,680900,0,1,41.77643,-87.63763,Census Tract 6809
12664,12664,46406,70026828,20002,2,2,IL,USA,17,31,842400,0,0,41.742475,-87.63004,Census Tract 8424
12665,12665,46424,70026836,10000,-1,1,IL,USA,17,31,430102,0,1,41.768953,-87.563814,Census Tract 4301.02
12666,12666,46425,70026836,10002,1,2,IL,USA,17,31,842200,0,0,41.904728,-87.64922,Census Tract 8422
12667,12667,46426,70026839,10000,-1,1,IL,USA,17,31,400800,0,1,41.782863,-87.620558,Census Tract 4008
12668,12668,46427,70026839,10002,1,2,IL,USA,17,31,836700,0,0,41.891704,-87.702175,Census Tract 8367
12689,12689,46463,70026861,10000,-1,1,IL,USA,17,31,10503,0,1,42.000321,-87.663126,Census Tract 105.03
12690,12690,46464,70026861,10002,1,2,IL,USA,17,31,30104,0,0,41.997277,-87.655986,Census Tract 301.04
12691,12691,46465,70026861,10003,1,3,IL,USA,17,31,30104,0,0,41.997277,-87.655986,Census Tract 301.04
12692,12692,46467,70026864,10000,-1,1,IL,USA,17,31,330100,0,1,41.859295,-87.615523,Census Tract 3301
12693,12693,46468,70026864,10002,1,2,IL,USA,17,31,620200,0,0,41.795522,-87.729234,Census Tract 6202
12698,12698,46478,70026880,10000,-1,1,IL,USA,17,31,10300,0,1,42.015941,-87.666535,Census Tract 103
12699,12699,46479,70026880,10002,1,2,IL,USA,17,31,63100,0,0,41.938232,-87.64678,Census Tract 631
12700,12700,46480,70026880,20003,2,3,IL,USA,17,31,31700,0,0,41.965447,-87.663195,Census Tract 317
12727,12727,46535,70026916,10000,-1,1,IL,USA,17,31,832500,0,1,41.92223,-87.664796,Census Tract 8325
12728,12728,46536,70026916,10002,1,2,IL,USA,17,31,81700,0,0,41.892218,-87.631832,Census Tract 817
12729,12729,46537,70026916,20003,2,3,IL,USA,17,31,71000,0,0,41.921701,-87.655911,Census Tract 710
12730,12730,46538,70026916,30003,3,3,IL,USA,17,31,70400,0,0,41.928967,-87.656156,Census Tract 704
12731,12731,46539,70026916,40003,4,3,IL,USA,17,31,70400,0,0,41.928967,-87.656156,Census Tract 704
12745,12745,46598,70026927,10000,-1,1,IL,USA,17,31,610800,0,1,41.812708,-87.638408,Census Tract 6108
12746,12746,46599,70026927,10002,1,2,IL,USA,17,31,81401,0,0,41.895035,-87.619717,Census Tract 814.01
12751,12751,46618,70026934,10000,-1,1,IL,USA,17,31,843400,0,1,41.849327,-87.732022,Census Tract 8434
12752,12752,46619,70026934,10002,1,2,IL,USA,17,31,842900,0,0,41.863139,-87.672937,Census Tract 8429
12753,12753,46620,70026934,20002,2,2,IL,USA,17,31,842900,0,0,41.863139,-87.672937,Census Tract 8429
12759,12759,46629,70026937,10000,-1,1,IL,USA,17,31,30101,0,1,41.991054,-87.654879,Census Tract 301.01
12760,12760,46630,70026937,10002,1,2,IL,USA,17,31,120300,0,0,41.991112,-87.740066,Census Tract 1203
12761,12761,46635,70026941,10000,-1,1,IL,USA,17,31,60800,0,1,41.953959,-87.642649,Census Tract 608
12762,12762,46636,70026941,10002,1,2,IL,USA,17,31,81500,0,0,41.892906,-87.626079,Census Tract 815
12763,12763,46637,70026941,20002,2,2,IL,USA,17,31,81500,0,0,41.892906,-87.626079,Census Tract 815
12777,12777,46736,70026949,10000,-1,1,IL,USA,17,31,61100,0,1,41.94914,-87.656804,Census Tract 611
12778,12778,46737,70026949,10002,1,2,IL,USA,17,31,81500,0,0,41.892906,-87.626079,Census Tract 815
12782,12782,46771,70026957,10000,-1,1,IL,USA,17,31,222200,0,1,41.91591,-87.683826,Census Tract 2222
12783,12783,46772,70026957,10002,1,2,IL,USA,17,31,241400,0,0,41.906031,-87.675314,Census Tract 2414
12784,12784,46773,70026957,20003,2,3,IL,USA,17,31,838300,0,0,41.901566,-87.638404,Census Tract 8383
12787,12787,46784,70026961,10000,-1,1,IL,USA,17,31,838800,0,1,41.683404,-87.574061,Census Tract 8388
12788,12788,46785,70026961,10002,1,2,IL,USA,17,31,842400,0,0,41.742475,-87.63004,Census Tract 8424
12789,12789,46786,70026961,10003,1,3,IL,USA,17,31,320600,0,0,41.870554,-87.616596,Census Tract 3206
12804,12804,46849,70026980,10000,-1,1,IL,USA,17,31,242600,0,1,41.90056,-87.694197,Census Tract 2426
12805,12805,46850,70026980,10002,1,2,IL,USA,17,31,836800,0,0,41.88509,-87.714967,Census Tract 8368
12806,12806,46851,70026980,20002,2,2,IL,USA,17,31,281900,0,0,41.878635,-87.642924,Census Tract 2819
12807,12807,46855,70026982,10000,-1,1,IL,USA,17,31,110100,0,1,41.987476,-87.769673,Census Tract 1101
12808,12808,46856,70026982,10002,1,2,IL,USA,17,31,839100,0,0,41.880986,-87.63307,Census Tract 8391
12813,12813,46882,70026988,10000,-1,1,IL,USA,17,31,271300,0,1,41.877304,-87.708453,Census Tract 2713
12814,12814,46883,70026988,10002,1,2,IL,USA,17,31,210601,0,0,41.937636,-87.712214,Census Tract 2106.01
12815,12815,46906,70026990,10000,-1,1,IL,USA,17,31,230100,0,1,41.912008,-87.704366,Census Tract 2301
12816,12816,46907,70026990,10003,1,3,IL,USA,17,31,838200,0,0,41.870416,-87.675079,Census Tract 8382
12817,12817,46914,70026992,10000,-1,1,IL,USA,17,31,282700,0,1,41.871367,-87.688681,Census Tract 2827
12818,12818,46915,70026992,10002,1,2,IL,USA,17,31,71400,0,0,41.922726,-87.629526,Census Tract 714
12819,12819,46916,70026992,20002,2,2,IL,USA,17,31,243400,0,0,41.892558,-87.659848,Census Tract 2434
12820,12820,46917,70026993,10000,-1,1,IL,USA,17,31,271300,0,1,41.877304,-87.708453,Census Tract 2713
12821,12821,46918,70026993,10002,1,2,IL,USA,17,31,231500,0,0,41.891736,-87.718652,Census Tract 2315
12822,12822,46919,70026993,20002,2,2,IL,USA,17,31,411200,0,0,41.790562,-87.594017,Census Tract 4112
12823,12823,46956,70026996,10000,-1,1,IL,USA,17,31,243300,0,1,41.892478,-87.664739,Census Tract 2433
12824,12824,46957,70026996,10002,1,2,IL,USA,17,31,839000,0,0,41.869903,-87.631213,Census Tract 8390
12825,12825,46958,70026996,20002,2,2,IL,USA,17,31,839000,0,0,41.869903,-87.631213,Census Tract 8390
12826,12826,46959,70026996,30003,3,3,IL,USA,17,31,843700,0,0,41.94556,-87.690034,Census Tract 8437
12827,12827,46960,70026996,40003,4,3,IL,USA,17,31,242200,0,0,41.899589,-87.674719,Census Tract 2422
12828,12828,46989,70027006,10000,-1,1,IL,USA,17,31,140601,0,1,41.964647,-87.725891,Census Tract 1406.01
12829,12829,46990,70027006,10002,1,2,IL,USA,17,31,833100,0,0,41.879078,-87.657046,Census Tract 8331
12830,12830,46991,70027006,20003,2,3,IL,USA,17,31,210601,0,0,41.937636,-87.712214,Census Tract 2106.01
12833,12833,47007,70027025,10000,-1,1,IL,USA,17,31,280900,0,1,41.878626,-87.685132,Census Tract 2809
12834,12834,47008,70027025,10002,1,2,IL,USA,17,31,836700,0,0,41.891704,-87.702175,Census Tract 8367
12835,12835,47010,70027028,10000,-1,1,IL,USA,17,31,62000,0,1,41.942577,-87.647079,Census Tract 620
12836,12836,47011,70027028,10002,1,2,IL,USA,17,31,81800,0,0,41.893324,-87.63919,Census Tract 818
12843,12843,47034,70027035,10000,-1,1,IL,USA,17,31,420800,0,1,41.77691,-87.603257,Census Tract 4208
12844,12844,47035,70027035,10002,1,2,IL,USA,17,31,836200,0,0,41.790469,-87.601285,Census Tract 8362
12845,12845,47060,70027037,10000,-1,1,IL,USA,17,31,440101,0,1,41.748627,-87.601451,Census Tract 4401.01
12846,12846,47061,70027037,10002,1,2,IL,USA,17,31,70500,0,0,41.928945,-87.660892,Census Tract 705
12847,12847,47063,70027042,10000,-1,1,IL,USA,17,31,842400,0,1,41.742475,-87.63004,Census Tract 8424
12848,12848,47064,70027042,10002,1,2,IL,USA,17,31,837800,0,0,41.88475,-87.684127,Census Tract 8378
12849,12849,47065,70027042,20002,2,2,IL,USA,17,31,320400,0,0,41.875817,-87.617256,Census Tract 3204
12858,12858,47082,70027062,10000,-1,1,IL,USA,17,31,31100,0,1,41.972668,-87.663866,Census Tract 311
12859,12859,47083,70027062,10002,1,2,IL,USA,17,31,30103,0,0,41.995524,-87.655153,Census Tract 301.03
12860,12860,47086,70027079,10000,-1,1,IL,USA,17,31,680900,0,1,41.77643,-87.63763,Census Tract 6809
12861,12861,47087,70027079,10002,1,2,IL,USA,17,31,834800,0,0,41.783634,-87.645088,Census Tract 8348
12862,12862,47091,70027081,10000,-1,1,IL,USA,17,31,460400,0,1,41.74449,-87.563692,Census Tract 4604
12863,12863,47092,70027081,30003,3,3,IL,USA,17,31,251900,0,0,41.883812,-87.760094,Census Tract 2519
12864,12864,47094,70027084,10000,-1,1,IL,USA,17,31,440201,0,1,41.74821,-87.610074,Census Tract 4402.01
12865,12865,47095,70027084,10002,1,2,IL,USA,17,31,842200,0,0,41.904728,-87.64922,Census Tract 8422
12875,12875,47128,70027097,10000,-1,1,IL,USA,17,31,431200,0,1,41.755301,-87.571184,Census Tract 4312
12876,12876,47129,70027097,10002,1,2,IL,USA,17,31,81403,0,0,41.892991,-87.620956,Census Tract 814.03
12877,12877,47130,70027097,10003,1,3,IL,USA,17,31,837300,0,0,41.871619,-87.705552,Census Tract 8373
12878,12878,47131,70027102,10000,-1,1,IL,USA,17,31,836900,0,1,41.881883,-87.706136,Census Tract 8369
12879,12879,47132,70027102,10002,1,2,IL,USA,17,31,320400,0,0,41.875817,-87.617256,Census Tract 3204
12880,12880,47142,70027105,10000,-1,1,IL,USA,17,31,431400,0,1,41.757208,-87.546555,Census Tract 4314
12881,12881,47143,70027105,10002,1,2,IL,USA,17,31,842200,0,0,41.904728,-87.64922,Census Tract 8422
12882,12882,47144,70027109,10000,-1,1,IL,USA,17,31,834000,0,1,41.72756,-87.629504,Census Tract 8340
12883,12883,47145,70027109,10002,1,2,IL,USA,17,31,490500,0,0,41.717927,-87.613206,Census Tract 4905
12884,12884,47146,70027109,10003,1,3,IL,USA,17,31,320100,0,0,41.886447,-87.619467,Census Tract 3201
12885,12885,47149,70027109,20002,2,2,IL,USA,17,31,730100,0,0,41.725195,-87.638426,Census Tract 7301
12886,12886,47151,70027116,10000,-1,1,IL,USA,17,31,440201,0,1,41.74821,-87.610074,Census Tract 4402.01
12887,12887,47152,70027116,10002,1,2,IL,USA,17,31,81500,0,0,41.892906,-87.626079,Census Tract 815
12888,12888,47164,70027118,10000,-1,1,IL,USA,17,31,440101,0,1,41.748627,-87.601451,Census Tract 4401.01
12889,12889,47165,70027118,30003,3,3,IL,USA,17,31,710500,0,0,41.747532,-87.670787,Census Tract 7105
12890,12890,47166,70027118,40003,4,3,IL,USA,17,31,440102,0,0,41.740936,-87.601164,Census Tract 4401.02
12898,12898,47265,70027162,10000,-1,1,IL,USA,17,31,320600,0,1,41.870554,-87.616596,Census Tract 3206
12899,12899,47266,70027162,10003,1,3,IL,USA,17,31,320600,0,0,41.870554,-87.616596,Census Tract 3206
12903,12903,47282,70027183,10000,-1,1,IL,USA,17,31,835000,0,1,41.782849,-87.686049,Census Tract 8350
12904,12904,47283,70027183,10002,1,2,IL,USA,17,31,320100,0,0,41.886447,-87.619467,Census Tract 3201
12913,12913,47305,70027214,10000,-1,1,IL,USA,17,31,10501,0,1,42.009412,-87.663958,Census Tract 105.01
12914,12914,47306,70027214,10002,1,2,IL,USA,17,31,50200,0,0,41.95774,-87.683717,Census Tract 502
12915,12915,47309,70027214,20002,2,2,IL,USA,17,31,839100,0,0,41.880986,-87.63307,Census Tract 8391
12916,12916,47311,70027216,10000,-1,1,IL,USA,17,31,843900,0,1,41.778993,-87.57613,Census Tract 8439
12917,12917,47312,70027216,10002,1,2,IL,USA,17,31,833000,0,0,41.885286,-87.657249,Census Tract 8330
12920,12920,47317,70027239,10000,-1,1,IL,USA,17,31,411000,0,1,41.787227,-87.577462,Census Tract 4110
12921,12921,47318,70027239,10002,1,2,IL,USA,17,31,838100,0,0,41.878667,-87.671689,Census Tract 8381
12930,12930,47338,70027248,10000,-1,1,IL,USA,17,31,440201,0,1,41.74821,-87.610074,Census Tract 4402.01
12931,12931,47339,70027248,10002,1,2,IL,USA,17,31,271200,0,0,41.87736,-87.703562,Census Tract 2712
12932,12932,47340,70027248,30003,3,3,IL,USA,17,31,681400,0,0,41.761522,-87.649171,Census Tract 6814
12933,12933,47342,70027251,10000,-1,1,IL,USA,17,31,839100,0,1,41.880986,-87.63307,Census Tract 8391
12934,12934,47343,70027251,10003,1,3,IL,USA,17,31,320400,0,0,41.875817,-87.617256,Census Tract 3204
12935,12935,47346,70027253,10000,-1,1,IL,USA,17,31,250500,0,1,41.914618,-87.796796,Census Tract 2505
12936,12936,47347,70027253,10002,1,2,IL,USA,17,31,320400,0,0,41.875817,-87.617256,Census Tract 3204
12937,12937,47348,70027253,30003,3,3,IL,USA,17,31,250500,0,0,41.914618,-87.796796,Census Tract 2505
12944,12944,47403,70027271,10000,-1,1,IL,USA,17,31,710900,0,1,41.742146,-87.639689,Census Tract 7109
12945,12945,47404,70027271,10002,1,2,IL,USA,17,31,832100,0,0,41.952821,-87.653241,Census Tract 8321
12946,12946,47405,70027275,10000,-1,1,IL,USA,17,31,40401,0,1,41.972067,-87.686082,Census Tract 404.01
12947,12947,47406,70027275,10002,1,2,IL,USA,17,31,80202,0,0,41.905859,-87.630901,Census Tract 802.02
12948,12948,47407,70027275,20002,2,2,IL,USA,17,31,40600,0,0,41.966834,-87.684018,Census Tract 406
12951,12951,47424,70027292,10000,-1,1,IL,USA,17,31,31000,0,1,41.972437,-87.671109,Census Tract 310
12952,12952,47425,70027292,20002,2,2,IL,USA,17,31,281900,0,0,41.878635,-87.642924,Census Tract 2819
12974,12974,47494,70027330,10000,-1,1,IL,USA,17,31,320400,0,1,41.875817,-87.617256,Census Tract 3204
12975,12975,47495,70027330,10003,1,3,IL,USA,17,31,839100,0,0,41.880986,-87.63307,Census Tract 8391
12976,12976,47498,70027344,10000,-1,1,IL,USA,17,31,839000,0,1,41.869903,-87.631213,Census Tract 8390
12977,12977,47499,70027344,10002,1,2,IL,USA,17,31,839100,0,0,41.880986,-87.63307,Census Tract 8391
12981,12981,47506,70027348,10000,-1,1,IL,USA,17,31,241100,0,1,41.90664,-87.68958,Census Tract 2411
12982,12982,47507,70027348,10002,1,2,IL,USA,17,31,839100,0,0,41.880986,-87.63307,Census Tract 8391
12983,12983,47508,70027348,20002,2,2,IL,USA,17,31,81300,0,0,41.898335,-87.620753,Census Tract 813
12991,12991,47523,70027355,10000,-1,1,IL,USA,17,31,200100,0,1,41.935055,-87.737623,Census Tract 2001
12992,12992,47524,70027355,10002,1,2,IL,USA,17,31,980000,0,0,41.979419,-87.902438,Census Tract 9800
12999,12999,47560,70027375,10000,-1,1,IL,USA,17,31,834300,0,1,41.745835,-87.591788,Census Tract 8343
13000,13000,47561,70027375,10002,1,2,IL,USA,17,31,320100,0,0,41.886447,-87.619467,Census Tract 3201
13001,13001,47562,70027379,10000,-1,1,IL,USA,17,31,832200,0,1,41.920482,-87.679976,Census Tract 8322
13002,13002,47563,70027379,10002,1,2,IL,USA,17,31,320100,0,0,41.886447,-87.619467,Census Tract 3201
13006,13006,47570,70027392,10000,-1,1,IL,USA,17,31,839000,0,1,41.869903,-87.631213,Census Tract 8390
13007,13007,47571,70027392,10002,1,2,IL,USA,17,31,320400,0,0,41.875817,-87.617256,Census Tract 3204
13008,13008,47572,70027392,20002,2,2,IL,USA,17,31,320100,0,0,41.886447,-87.619467,Census Tract 3201
13009,13009,47578,70027394,10000,-1,1,IL,USA,17,31,320400,0,1,41.875817,-87.617256,Census Tract 3204
13010,13010,47579,70027394,10003,1,3,IL,USA,17,31,320600,0,0,41.870554,-87.616596,Census Tract 3206
13011,13011,47580,70027394,20003,2,3,IL,USA,17,31,320600,0,0,41.870554,-87.616596,Census Tract 3206
13017,13017,47589,70027409,10000,-1,1,IL,USA,17,31,71700,0,1,41.912867,-87.641072,Census Tract 717
13018,13018,47590,70027409,10002,1,2,IL,USA,17,31,839100,0,0,41.880986,-87.63307,Census Tract 8391
13019,13019,47591,70027409,20002,2,2,IL,USA,17,31,836200,0,0,41.790469,-87.601285,Census Tract 8362
13029,13029,47614,70027415,10000,-1,1,IL,USA,17,31,150402,0,1,41.956798,-87.772044,Census Tract 1504.02
13030,13030,47615,70027415,10002,1,2,IL,USA,17,31,836800,0,0,41.88509,-87.714967,Census Tract 8368
13031,13031,47625,70027426,10000,-1,1,IL,USA,17,31,31100,0,1,41.972668,-87.663866,Census Tract 311
13032,13032,47626,70027426,20002,2,2,IL,USA,17,31,81800,0,0,41.893324,-87.63919,Census Tract 818
13033,13033,47627,70027426,30003,3,3,IL,USA,17,31,40401,0,0,41.972067,-87.686082,Census Tract 404.01
13034,13034,47631,70027461,10000,-1,1,IL,USA,17,31,292200,0,1,41.856667,-87.715731,Census Tract 2922
13035,13035,47632,70027461,10002,1,2,IL,USA,17,31,838200,0,0,41.870416,-87.675079,Census Tract 8382
13036,13036,47633,70027461,30003,3,3,IL,USA,17,31,843000,0,0,41.867936,-87.722749,Census Tract 8430
13037,13037,47634,70027461,40003,4,3,IL,USA,17,31,271200,0,0,41.87736,-87.703562,Census Tract 2712
13038,13038,47635,70027461,50003,5,3,IL,USA,17,31,836900,0,0,41.881883,-87.706136,Census Tract 8369
13056,13056,47729,70027486,10000,-1,1,IL,USA,17,31,750600,0,1,41.688631,-87.652049,Census Tract 7506
13057,13057,47730,70027486,10002,1,2,IL,USA,17,31,839100,0,0,41.880986,-87.63307,Census Tract 8391
13058,13058,47731,70027486,20003,2,3,IL,USA,17,31,750600,0,0,41.688631,-87.652049,Census Tract 7506
13059,13059,47743,70027500,10000,-1,1,IL,USA,17,31,81000,0,1,41.900266,-87.632109,Census Tract 810
13060,13060,47744,70027500,10002,1,2,IL,USA,17,31,833300,0,0,41.871694,-87.654124,Census Tract 8333
13061,13061,47745,70027500,10003,1,3,IL,USA,17,31,841900,0,0,41.868458,-87.642965,Census Tract 8419
13062,13062,47747,70027503,10000,-1,1,IL,USA,17,31,220300,0,1,41.928465,-87.695086,Census Tract 2203
13063,13063,47748,70027503,10002,1,2,IL,USA,17,31,839100,0,0,41.880986,-87.63307,Census Tract 8391
13064,13064,47749,70027503,20002,2,2,IL,USA,17,31,836200,0,0,41.790469,-87.601285,Census Tract 8362
13065,13065,47759,70027504,10000,-1,1,IL,USA,17,31,243000,0,1,41.892275,-87.679398,Census Tract 2430
13066,13066,47760,70027504,10002,1,2,IL,USA,17,31,280100,0,0,41.885452,-87.643498,Census Tract 2801
13067,13067,47761,70027504,20002,2,2,IL,USA,17,31,839100,0,0,41.880986,-87.63307,Census Tract 8391
13068,13068,47764,70027508,10000,-1,1,IL,USA,17,31,710300,0,1,41.754049,-87.661106,Census Tract 7103
13069,13069,47765,70027508,10002,1,2,IL,USA,17,31,670600,0,0,41.783005,-87.671577,Census Tract 6706
13070,13070,47766,70027508,10003,1,3,IL,USA,17,31,670600,0,0,41.783005,-87.671577,Census Tract 6706
13071,13071,47768,70027509,10000,-1,1,IL,USA,17,31,292200,0,1,41.856667,-87.715731,Census Tract 2922
13072,13072,47769,70027509,10002,1,2,IL,USA,17,31,841300,0,0,41.843977,-87.684202,Census Tract 8413
13077,13077,47776,70027530,10000,-1,1,IL,USA,17,31,252202,0,1,41.876758,-87.744583,Census Tract 2522.02
13078,13078,47777,70027530,10002,1,2,IL,USA,17,31,160501,0,0,41.95921,-87.712973,Census Tract 1605.01
13082,13082,47800,70027552,10000,-1,1,IL,USA,17,31,251800,0,1,41.884144,-87.747888,Census Tract 2518
13083,13083,47801,70027552,10002,1,2,IL,USA,17,31,251800,0,0,41.884144,-87.747888,Census Tract 2518
13084,13084,47802,70027552,30003,3,3,IL,USA,17,31,252000,0,0,41.883676,-87.76988,Census Tract 2520
13085,13085,47805,70027565,10000,-1,1,IL,USA,17,31,140200,0,1,41.970695,-87.713004,Census Tract 1402
13086,13086,47806,70027565,10003,1,3,IL,USA,17,31,831800,0,0,41.978233,-87.716453,Census Tract 8318
13087,13087,47807,70027565,20003,2,3,IL,USA,17,31,831800,0,0,41.978233,-87.716453,Census Tract 8318
13090,13090,47812,70027577,10000,-1,1,IL,USA,17,31,831100,0,1,41.942856,-87.717496,Census Tract 8311
13091,13091,47813,70027577,10002,1,2,IL,USA,17,31,980000,0,0,41.979419,-87.902438,Census Tract 9800
13112,13112,47862,70027613,10000,-1,1,IL,USA,17,31,832600,0,1,41.914754,-87.654465,Census Tract 8326
13113,13113,47863,70027613,10002,1,2,IL,USA,17,31,839100,0,0,41.880986,-87.63307,Census Tract 8391
13136,13136,47956,70027643,10000,-1,1,IL,USA,17,31,681000,0,1,41.77604,-87.649548,Census Tract 6810
13137,13137,47957,70027643,40002,4,2,IL,USA,17,31,320400,0,0,41.875817,-87.617256,Census Tract 3204
13138,13138,47958,70027643,40003,4,3,IL,USA,17,31,320400,0,0,41.875817,-87.617256,Census Tract 3204
13155,13155,48016,70027651,10000,-1,1,IL,USA,17,31,390700,0,1,41.804016,-87.580489,Census Tract 3907
13156,13156,48017,70027651,10002,1,2,IL,USA,17,31,836200,0,0,41.790469,-87.601285,Census Tract 8362
13163,13163,48046,70027662,10000,-1,1,IL,USA,17,31,291200,0,1,41.862661,-87.712875,Census Tract 2912
13164,13164,48047,70027662,10002,1,2,IL,USA,17,31,843300,0,0,41.863764,-87.69255,Census Tract 8433
13165,13165,48056,70027670,10000,-1,1,IL,USA,17,31,221500,0,1,41.921647,-87.689951,Census Tract 2215
13166,13166,48057,70027670,10002,1,2,IL,USA,17,31,839100,0,0,41.880986,-87.63307,Census Tract 8391
13167,13167,48058,70027670,20002,2,2,IL,USA,17,31,839100,0,0,41.880986,-87.63307,Census Tract 8391
13182,13182,48109,70027694,10000,-1,1,IL,USA,17,31,222200,0,1,41.91591,-87.683826,Census Tract 2222
13183,13183,48110,70027694,10002,1,2,IL,USA,17,31,81800,0,0,41.893324,-87.63919,Census Tract 818
13186,13186,48121,70027698,10000,-1,1,IL,USA,17,31,440201,0,1,41.74821,-87.610074,Census Tract 4402.01
13187,13187,48122,70027698,10002,1,2,IL,USA,17,31,838200,0,0,41.870416,-87.675079,Census Tract 8382
13188,13188,48123,70027698,40003,4,3,IL,USA,17,31,691300,0,0,41.754681,-87.619847,Census Tract 6913
13189,13189,48124,70027698,50003,5,3,IL,USA,17,31,691300,0,0,41.754681,-87.619847,Census Tract 6913
13194,13194,48137,70027713,10000,-1,1,IL,USA,17,31,320600,0,1,41.870554,-87.616596,Census Tract 3206
13195,13195,48138,70027713,10002,1,2,IL,USA,17,31,243000,0,0,41.892275,-87.679398,Census Tract 2430
13196,13196,48139,70027713,20002,2,2,IL,USA,17,31,837800,0,0,41.88475,-87.684127,Census Tract 8378
13199,13199,48147,70027716,10000,-1,1,IL,USA,17,31,10202,0,1,42.016051,-87.673322,Census Tract 102.02
13200,13200,48148,70027716,10002,1,2,IL,USA,17,31,281900,0,0,41.878635,-87.642924,Census Tract 2819
13201,13201,48149,70027722,10000,-1,1,IL,USA,17,31,150600,0,1,41.949473,-87.771758,Census Tract 1506
13202,13202,48150,70027722,10002,1,2,IL,USA,17,31,81600,0,0,41.892057,-87.628871,Census Tract 816
13203,13203,48151,70027722,20002,2,2,IL,USA,17,31,839100,0,0,41.880986,-87.63307,Census Tract 8391
13204,13204,48153,70027723,10000,-1,1,IL,USA,17,31,160700,0,1,41.951218,-87.702135,Census Tract 1607
13205,13205,48154,70027723,10002,1,2,IL,USA,17,31,831800,0,0,41.978233,-87.716453,Census Tract 8318
13206,13206,48163,70027726,10000,-1,1,IL,USA,17,31,10501,0,1,42.009412,-87.663958,Census Tract 105.01
13207,13207,48164,70027726,10002,1,2,IL,USA,17,31,839100,0,0,41.880986,-87.63307,Census Tract 8391
13208,13208,48165,70027726,30003,3,3,IL,USA,17,31,60200,0,0,41.957904,-87.671517,Census Tract 602
13209,13209,48166,70027726,40003,4,3,IL,USA,17,31,60200,0,0,41.957904,-87.671517,Census Tract 602
13210,13210,48178,70027742,10000,-1,1,IL,USA,17,31,70300,0,1,41.929046,-87.65131,Census Tract 703
13211,13211,48179,70027742,10002,1,2,IL,USA,17,31,81401,0,0,41.895035,-87.619717,Census Tract 814.01
13212,13212,48180,70027742,10003,1,3,IL,USA,17,31,838200,0,0,41.870416,-87.675079,Census Tract 8382
13213,13213,48181,70027742,20002,2,2,IL,USA,17,31,839100,0,0,41.880986,-87.63307,Census Tract 8391
13214,13214,48182,70027743,10000,-1,1,IL,USA,17,31,280900,0,1,41.878626,-87.685132,Census Tract 2809
13215,13215,48183,70027743,10002,1,2,IL,USA,17,31,843300,0,0,41.863764,-87.69255,Census Tract 8433
13216,13216,48189,70027746,10000,-1,1,IL,USA,17,31,221500,0,1,41.921647,-87.689951,Census Tract 2215
13217,13217,48190,70027746,10002,1,2,IL,USA,17,31,243100,0,0,41.892355,-87.674507,Census Tract 2431
13218,13218,48191,70027746,20002,2,2,IL,USA,17,31,40900,0,0,41.963185,-87.683854,Census Tract 409
13221,13221,48222,70027751,10000,-1,1,IL,USA,17,31,831500,0,1,41.927569,-87.787998,Census Tract 8315
13222,13222,48223,70027751,10002,1,2,IL,USA,17,31,140200,0,0,41.970695,-87.713004,Census Tract 1402
13223,13223,48224,70027751,20002,2,2,IL,USA,17,31,81401,0,0,41.895035,-87.619717,Census Tract 814.01
13224,13224,48225,70027757,10000,-1,1,IL,USA,17,31,831400,0,1,41.869119,-87.756088,Census Tract 8314
13225,13225,48226,70027757,10002,1,2,IL,USA,17,31,843300,0,0,41.863764,-87.69255,Census Tract 8433
13234,13234,48259,70027777,10000,-1,1,IL,USA,17,31,220500,0,1,41.928396,-87.704911,Census Tract 2205
13235,13235,48260,70027777,10002,1,2,IL,USA,17,31,320400,0,0,41.875817,-87.617256,Census Tract 3204
13246,13246,48282,70027808,10000,-1,1,IL,USA,17,31,251200,0,1,41.898549,-87.760604,Census Tract 2512
13247,13247,48283,70027808,10002,1,2,IL,USA,17,31,320100,0,0,41.886447,-87.619467,Census Tract 3201
13248,13248,48284,70027808,20003,2,3,IL,USA,17,31,251200,0,0,41.898549,-87.760604,Census Tract 2512
13249,13249,48286,70027809,10000,-1,1,IL,USA,17,31,831700,0,1,41.952651,-87.745255,Census Tract 8317
13250,13250,48287,70027809,10002,1,2,IL,USA,17,31,31900,0,0,41.963374,-87.670184,Census Tract 319
13251,13251,48288,70027809,20002,2,2,IL,USA,17,31,839100,0,0,41.880986,-87.63307,Census Tract 8391
13259,13259,48332,70027821,10000,-1,1,IL,USA,17,31,243500,0,1,41.892654,-87.652517,Census Tract 2435
13260,13260,48333,70027821,10002,1,2,IL,USA,17,31,841900,0,0,41.868458,-87.642965,Census Tract 8419
13261,13261,48334,70027821,10003,1,3,IL,USA,17,31,841900,0,0,41.868458,-87.642965,Census Tract 8419
13268,13268,48380,70027836,10000,-1,1,IL,USA,17,31,320600,0,1,41.870554,-87.616596,Census Tract 3206
13269,13269,48381,70027836,10002,1,2,IL,USA,17,31,320100,0,0,41.886447,-87.619467,Census Tract 3201
13270,13270,48382,70027836,20002,2,2,IL,USA,17,31,320100,0,0,41.886447,-87.619467,Census Tract 3201
13277,13277,48406,70027850,10000,-1,1,IL,USA,17,31,200401,0,1,41.919828,-87.737542,Census Tract 2004.01
13278,13278,48407,70027850,10002,1,2,IL,USA,17,31,81401,0,0,41.895035,-87.619717,Census Tract 814.01
13279,13279,48408,70027850,20002,2,2,IL,USA,17,31,221400,0,0,41.920801,-87.694532,Census Tract 2214
13282,13282,48431,70027877,10000,-1,1,IL,USA,17,31,410500,0,1,41.797831,-87.603742,Census Tract 4105
13283,13283,48432,70027877,10002,1,2,IL,USA,17,31,730500,0,0,41.714265,-87.638138,Census Tract 7305
13296,13296,48486,70027892,10000,-1,1,IL,USA,17,31,100100,0,1,41.989584,-87.783014,Census Tract 1001
13297,13297,48487,70027892,10002,1,2,IL,USA,17,31,760801,0,0,41.983487,-87.84485,Census Tract 7608.01
13298,13298,48490,70027892,20002,2,2,IL,USA,17,31,839100,0,0,41.880986,-87.63307,Census Tract 8391
13308,13308,48528,70027900,10000,-1,1,IL,USA,17,31,410800,0,1,41.797961,-87.589625,Census Tract 4108
13309,13309,48529,70027900,10002,1,2,IL,USA,17,31,81700,0,0,41.892218,-87.631832,Census Tract 817
13310,13310,48530,70027900,20002,2,2,IL,USA,17,31,81700,0,0,41.892218,-87.631832,Census Tract 817
13317,13317,48539,70027913,10000,-1,1,IL,USA,17,31,500300,0,1,41.689315,-87.60537,Census Tract 5003
13318,13318,48540,70027913,20002,2,2,IL,USA,17,31,838200,0,0,41.870416,-87.675079,Census Tract 8382
13331,13331,48577,70027917,10000,-1,1,IL,USA,17,31,281900,0,1,41.878635,-87.642924,Census Tract 2819
13332,13332,48578,70027917,10002,1,2,IL,USA,17,31,81401,0,0,41.895035,-87.619717,Census Tract 814.01
13333,13333,48579,70027917,20003,2,3,IL,USA,17,31,81401,0,0,41.895035,-87.619717,Census Tract 814.01
13356,13356,48649,70027937,10000,-1,1,IL,USA,17,31,210100,0,1,41.944657,-87.700544,Census Tract 2101
13357,13357,48650,70027937,10002,1,2,IL,USA,17,31,838200,0,0,41.870416,-87.675079,Census Tract 8382
13358,13358,48651,70027937,20002,2,2,IL,USA,17,31,839100,0,0,41.880986,-87.63307,Census Tract 8391
13359,13359,48652,70027937,30003,3,3,IL,USA,17,31,210100,0,0,41.944657,-87.700544,Census Tract 2101
13363,13363,48663,70027942,10000,-1,1,IL,USA,17,31,80202,0,1,41.905859,-87.630901,Census Tract 802.02
13364,13364,48664,70027942,10002,1,2,IL,USA,17,31,833000,0,0,41.885286,-87.657249,Census Tract 8330
13365,13365,48667,70027943,10000,-1,1,IL,USA,17,31,841900,0,1,41.868458,-87.642965,Census Tract 8419
13366,13366,48668,70027943,10002,1,2,IL,USA,17,31,833000,0,0,41.885286,-87.657249,Census Tract 8330
13367,13367,48670,70027946,10000,-1,1,IL,USA,17,31,210502,0,1,41.933785,-87.722052,Census Tract 2105.02
13368,13368,48671,70027946,10002,1,2,IL,USA,17,31,833000,0,0,41.885286,-87.657249,Census Tract 8330
13369,13369,48672,70027946,20002,2,2,IL,USA,17,31,839100,0,0,41.880986,-87.63307,Census Tract 8391
13375,13375,48690,70027951,10000,-1,1,IL,USA,17,31,832400,0,1,41.915741,-87.692256,Census Tract 8324
13376,13376,48691,70027951,10002,1,2,IL,USA,17,31,833000,0,0,41.885286,-87.657249,Census Tract 8330
13391,13391,48736,70027958,10000,-1,1,IL,USA,17,31,280100,0,1,41.885452,-87.643498,Census Tract 2801
13392,13392,48737,70027958,10002,1,2,IL,USA,17,31,833000,0,0,41.885286,-87.657249,Census Tract 8330
13393,13393,48739,70027960,10000,-1,1,IL,USA,17,31,220602,0,1,41.929327,-87.711981,Census Tract 2206.02
13394,13394,48740,70027960,10002,1,2,IL,USA,17,31,320100,0,0,41.886447,-87.619467,Census Tract 3201
13395,13395,48741,70027960,30003,3,3,IL,USA,17,31,10501,0,0,42.009412,-87.663958,Census Tract 105.01
13396,13396,48742,70027960,40003,4,3,IL,USA,17,31,30900,0,0,41.979795,-87.671445,Census Tract 309
13397,13397,48743,70027960,50003,5,3,IL,USA,17,31,10501,0,0,42.009412,-87.663958,Census Tract 105.01
13398,13398,48759,70027961,10000,-1,1,IL,USA,17,31,833100,0,1,41.879078,-87.657046,Census Tract 8331
13399,13399,48760,70027961,10002,1,2,IL,USA,17,31,833000,0,0,41.885286,-87.657249,Census Tract 8330
13400,13400,48761,70027961,20002,2,2,IL,USA,17,31,839100,0,0,41.880986,-87.63307,Census Tract 8391
13401,13401,48768,70027969,10000,-1,1,IL,USA,17,31,242600,0,1,41.90056,-87.694197,Census Tract 2426
13402,13402,48769,70027969,10002,1,2,IL,USA,17,31,833000,0,0,41.885286,-87.657249,Census Tract 8330
13412,13412,48796,70027980,10000,-1,1,IL,USA,17,31,720700,0,1,41.703107,-87.665139,Census Tract 7207
13413,13413,48797,70027980,30003,3,3,IL,USA,17,31,720200,0,0,41.713042,-87.666054,Census Tract 7202
13419,13419,48808,70027990,10000,-1,1,IL,USA,17,31,63301,0,1,41.934541,-87.643024,Census Tract 633.01
13420,13420,48809,70027990,10002,1,2,IL,USA,17,31,81800,0,0,41.893324,-87.63919,Census Tract 818
13421,13421,48810,70027998,10000,-1,1,IL,USA,17,31,70101,0,1,41.929522,-87.632325,Census Tract 701.01
13422,13422,48811,70027998,10002,1,2,IL,USA,17,31,833000,0,0,41.885286,-87.657249,Census Tract 8330
13423,13423,48813,70028001,10000,-1,1,IL,USA,17,31,71500,0,1,41.914242,-87.625092,Census Tract 715
13424,13424,48814,70028001,10002,1,2,IL,USA,17,31,833000,0,0,41.885286,-87.657249,Census Tract 8330
13440,13440,48845,70028010,10000,-1,1,IL,USA,17,31,61500,0,1,41.945282,-87.661545,Census Tract 615
13441,13441,48846,70028010,10002,1,2,IL,USA,17,31,833000,0,0,41.885286,-87.657249,Census Tract 8330
13442,13442,48857,70028013,10000,-1,1,IL,USA,17,31,220400,0,1,41.928431,-87.699968,Census Tract 2204
13443,13443,48858,70028013,10002,1,2,IL,USA,17,31,839100,0,0,41.880986,-87.63307,Census Tract 8391
13455,13455,48918,70028030,10000,-1,1,IL,USA,17,31,90200,0,1,42.005594,-87.813096,Census Tract 902
13456,13456,48919,70028030,10002,1,2,IL,USA,17,31,281900,0,0,41.878635,-87.642924,Census Tract 2819
13457,13457,48930,70028032,10000,-1,1,IL,USA,17,31,81000,0,1,41.900266,-87.632109,Census Tract 810
13458,13458,48931,70028032,10002,1,2,IL,USA,17,31,833000,0,0,41.885286,-87.657249,Census Tract 8330
13459,13459,48949,70028033,10000,-1,1,IL,USA,17,31,243500,0,1,41.892654,-87.652517,Census Tract 2435
13460,13460,48950,70028033,10002,1,2,IL,USA,17,31,833000,0,0,41.885286,-87.657249,Census Tract 8330
13461,13461,48953,70028037,10000,-1,1,IL,USA,17,31,243500,0,1,41.892654,-87.652517,Census Tract 2435
13462,13462,48954,70028037,10002,1,2,IL,USA,17,31,833000,0,0,41.885286,-87.657249,Census Tract 8330
13468,13468,48961,70028042,10000,-1,1,IL,USA,17,31,241500,0,1,41.908374,-87.67093,Census Tract 2415
13469,13469,48962,70028042,10002,1,2,IL,USA,17,31,833000,0,0,41.885286,-87.657249,Census Tract 8330
13470,13470,48963,70028042,20002,2,2,IL,USA,17,31,833000,0,0,41.885286,-87.657249,Census Tract 8330
13501,13501,49097,70028061,10000,-1,1,IL,USA,17,31,310500,0,1,41.855248,-87.65474,Census Tract 3105
13502,13502,49098,70028061,10002,1,2,IL,USA,17,31,81800,0,0,41.893324,-87.63919,Census Tract 818
13503,13503,49100,70028062,10000,-1,1,IL,USA,17,31,310600,0,1,41.856333,-87.659564,Census Tract 3106
13504,13504,49101,70028062,10002,1,2,IL,USA,17,31,839100,0,0,41.880986,-87.63307,Census Tract 8391
13505,13505,49102,70028062,20002,2,2,IL,USA,17,31,320100,0,0,41.886447,-87.619467,Census Tract 3201
13516,13516,49143,70028081,10000,-1,1,IL,USA,17,31,62200,0,1,41.942585,-87.656644,Census Tract 622
13517,13517,49144,70028081,10002,1,2,IL,USA,17,31,833000,0,0,41.885286,-87.657249,Census Tract 8330
13521,13521,49151,70028093,10000,-1,1,IL,USA,17,31,839100,0,1,41.880986,-87.63307,Census Tract 8391
13522,13522,49152,70028093,10002,1,2,IL,USA,17,31,243500,0,0,41.892654,-87.652517,Census Tract 2435
13523,13523,49153,70028093,20002,2,2,IL,USA,17,31,842300,0,0,41.908386,-87.660086,Census Tract 8423
13524,13524,49157,70028095,10000,-1,1,IL,USA,17,31,71500,0,1,41.914242,-87.625092,Census Tract 715
13525,13525,49158,70028095,10002,1,2,IL,USA,17,31,281900,0,0,41.878635,-87.642924,Census Tract 2819
13526,13526,49159,70028095,20002,2,2,IL,USA,17,31,839100,0,0,41.880986,-87.63307,Census Tract 8391
13527,13527,49162,70028108,10000,-1,1,IL,USA,17,31,242900,0,1,41.892196,-87.68429,Census Tract 2429
13528,13528,49163,70028108,10003,1,3,IL,USA,17,31,10400,0,0,42.006411,-87.658816,Census Tract 104
13529,13529,49164,70028108,20002,2,2,IL,USA,17,31,837800,0,0,41.88475,-87.684127,Census Tract 8378
13530,13530,49165,70028108,20003,2,3,IL,USA,17,31,320400,0,0,41.875817,-87.617256,Census Tract 3204
13531,13531,49167,70028113,10000,-1,1,IL,USA,17,31,30601,0,1,41.988972,-87.654609,Census Tract 306.01
13532,13532,49168,70028113,10002,1,2,IL,USA,17,31,841900,0,0,41.868458,-87.642965,Census Tract 8419
13533,13533,49169,70028113,10003,1,3,IL,USA,17,31,841900,0,0,41.868458,-87.642965,Census Tract 8419
13534,13534,49176,70028117,10000,-1,1,IL,USA,17,31,390700,0,1,41.804016,-87.580489,Census Tract 3907
13535,13535,49177,70028117,10002,1,2,IL,USA,17,31,839100,0,0,41.880986,-87.63307,Census Tract 8391
13536,13536,49178,70028117,20002,2,2,IL,USA,17,31,280100,0,0,41.885452,-87.643498,Census Tract 2801
13537,13537,49179,70028117,30003,3,3,IL,USA,17,31,390700,0,0,41.804016,-87.580489,Census Tract 3907
13538,13538,49241,70028120,10000,-1,1,IL,USA,17,31,71400,0,1,41.922726,-87.629526,Census Tract 714
13539,13539,49242,70028120,10002,1,2,IL,USA,17,31,81800,0,0,41.893324,-87.63919,Census Tract 818
13550,13550,49281,70028125,10000,-1,1,IL,USA,17,31,831900,0,1,41.945169,-87.668791,Census Tract 8319
13551,13551,49282,70028125,10002,1,2,IL,USA,17,31,839100,0,0,41.880986,-87.63307,Census Tract 8391
13562,13562,49358,70028153,10000,-1,1,IL,USA,17,31,210602,0,1,41.934163,-87.712572,Census Tract 2106.02
13563,13563,49359,70028153,10002,1,2,IL,USA,17,31,320100,0,0,41.886447,-87.619467,Census Tract 3201
13564,13564,49365,70028154,10000,-1,1,IL,USA,17,31,30703,0,1,41.978875,-87.657871,Census Tract 307.03
13565,13565,49366,70028154,10002,1,2,IL,USA,17,31,63400,0,0,41.93466,-87.64673,Census Tract 634
13566,13566,49367,70028154,20002,2,2,IL,USA,17,31,843200,0,0,41.848715,-87.664217,Census Tract 8432
13567,13567,49386,70028156,10000,-1,1,IL,USA,17,31,221600,0,1,41.921246,-87.685098,Census Tract 2216
13568,13568,49387,70028156,10002,1,2,IL,USA,17,31,320100,0,0,41.886447,-87.619467,Census Tract 3201
13569,13569,49388,70028156,20002,2,2,IL,USA,17,31,81401,0,0,41.895035,-87.619717,Census Tract 814.01
13570,13570,49389,70028157,10000,-1,1,IL,USA,17,31,63200,0,1,41.938923,-87.634673,Census Tract 632
13571,13571,49390,70028157,10002,1,2,IL,USA,17,31,842200,0,0,41.904728,-87.64922,Census Tract 8422
13572,13572,49393,70028165,10000,-1,1,IL,USA,17,31,480100,0,1,41.735241,-87.575729,Census Tract 4801
13573,13573,49394,70028165,10002,1,2,IL,USA,17,31,281900,0,0,41.878635,-87.642924,Census Tract 2819
13574,13574,49395,70028165,20002,2,2,IL,USA,17,31,842200,0,0,41.904728,-87.64922,Census Tract 8422
13575,13575,49398,70028166,10000,-1,1,IL,USA,17,31,62900,0,1,41.936237,-87.656411,Census Tract 629
13576,13576,49399,70028166,10002,1,2,IL,USA,17,31,833000,0,0,41.885286,-87.657249,Census Tract 8330
13577,13577,49400,70028166,20002,2,2,IL,USA,17,31,81800,0,0,41.893324,-87.63919,Census Tract 818
13578,13578,49401,70028169,10000,-1,1,IL,USA,17,31,222800,0,1,41.915435,-87.715095,Census Tract 2228
13579,13579,49402,70028169,10002,1,2,IL,USA,17,31,222700,0,0,41.915501,-87.710206,Census Tract 2227
13580,13580,49403,70028169,10003,1,3,IL,USA,17,31,420400,0,0,41.78317,-87.603558,Census Tract 4204
13581,13581,49406,70028171,10000,-1,1,IL,USA,17,31,80100,0,1,41.907549,-87.62679,Census Tract 801
13582,13582,49407,70028171,10002,1,2,IL,USA,17,31,281900,0,0,41.878635,-87.642924,Census Tract 2819
13589,13589,49430,70028196,10000,-1,1,IL,USA,17,31,70102,0,1,41.930583,-87.642202,Census Tract 701.02
13590,13590,49431,70028196,10002,1,2,IL,USA,17,31,243500,0,0,41.892654,-87.652517,Census Tract 2435
13605,13605,49517,70028242,10000,-1,1,IL,USA,17,31,222600,0,1,41.915639,-87.70448,Census Tract 2226
13606,13606,49518,70028242,10002,1,2,IL,USA,17,31,842200,0,0,41.904728,-87.64922,Census Tract 8422
13607,13607,49522,70028243,10000,-1,1,IL,USA,17,31,30800,0,1,41.979912,-87.664188,Census Tract 308
13608,13608,49523,70028243,10002,1,2,IL,USA,17,31,320400,0,0,41.875817,-87.617256,Census Tract 3204
13609,13609,49524,70028243,10003,1,3,IL,USA,17,31,320400,0,0,41.875817,-87.617256,Census Tract 3204
13613,13613,49535,70028256,10000,-1,1,IL,USA,17,31,70400,0,1,41.928967,-87.656156,Census Tract 704
13614,13614,49536,70028256,10002,1,2,IL,USA,17,31,280100,0,0,41.885452,-87.643498,Census Tract 2801
13630,13630,49578,70028303,10000,-1,1,IL,USA,17,31,660900,0,1,41.767819,-87.699063,Census Tract 6609
13631,13631,49579,70028303,10002,1,2,IL,USA,17,31,839100,0,0,41.880986,-87.63307,Census Tract 8391
13632,13632,49580,70028308,10000,-1,1,IL,USA,17,31,660800,0,1,41.773641,-87.693266,Census Tract 6608
13633,13633,49581,70028308,10002,1,2,IL,USA,17,31,70200,0,0,41.929078,-87.646293,Census Tract 702
13634,13634,49582,70028308,20002,2,2,IL,USA,17,31,660800,0,0,41.773641,-87.693266,Census Tract 6608
13635,13635,49583,70028308,30003,3,3,IL,USA,17,31,660800,0,0,41.773641,-87.693266,Census Tract 6608
13636,13636,49584,70028309,10000,-1,1,IL,USA,17,31,580502,0,1,41.814562,-87.69931,Census Tract 5805.02
13637,13637,49585,70028309,10002,1,2,IL,USA,17,31,839100,0,0,41.880986,-87.63307,Census Tract 8391
13638,13638,49586,70028309,10003,1,3,IL,USA,17,31,81201,0,0,41.899154,-87.626212,Census Tract 812.01
13643,13643,49611,70028325,10000,-1,1,IL,USA,17,31,660800,0,1,41.773641,-87.693266,Census Tract 6608
13644,13644,49612,70028325,10002,1,2,IL,USA,17,31,461000,0,0,41.727392,-87.546542,Census Tract 4610
13648,13648,49619,70028341,10000,-1,1,IL,USA,17,31,661000,0,1,41.761818,-87.685047,Census Tract 6610
13649,13649,49620,70028341,10002,1,2,IL,USA,17,31,280100,0,0,41.885452,-87.643498,Census Tract 2801
13654,13654,49633,70028352,10000,-1,1,IL,USA,17,31,160200,0,1,41.958794,-87.7384,Census Tract 1602
13655,13655,49634,70028352,10002,1,2,IL,USA,17,31,100200,0,0,41.995658,-87.794314,Census Tract 1002
13656,13656,49635,70028352,10003,1,3,IL,USA,17,31,170100,0,0,41.95586,-87.794817,Census Tract 1701
13657,13657,49637,70028361,10000,-1,1,IL,USA,17,31,241400,0,1,41.906031,-87.675314,Census Tract 2414
13658,13658,49638,70028361,10002,1,2,IL,USA,17,31,243500,0,0,41.892654,-87.652517,Census Tract 2435
13659,13659,49639,70028361,20002,2,2,IL,USA,17,31,81401,0,0,41.895035,-87.619717,Census Tract 814.01
13660,13660,49659,70028362,10000,-1,1,IL,USA,17,31,660600,0,1,41.777287,-87.693341,Census Tract 6606
13661,13661,49660,70028362,10002,1,2,IL,USA,17,31,839100,0,0,41.880986,-87.63307,Census Tract 8391
13673,13673,49688,70028388,10000,-1,1,IL,USA,17,31,580700,0,1,41.817493,-87.686846,Census Tract 5807
13674,13674,49689,70028388,10002,1,2,IL,USA,17,31,80300,0,0,41.90749,-87.635799,Census Tract 803
13675,13675,49690,70028388,20002,2,2,IL,USA,17,31,280900,0,0,41.878626,-87.685132,Census Tract 2809
13682,13682,49702,70028398,10000,-1,1,IL,USA,17,31,580700,0,1,41.817493,-87.686846,Census Tract 5807
13683,13683,49703,70028398,10002,1,2,IL,USA,17,31,640700,0,0,41.776411,-87.751936,Census Tract 6407
13684,13684,49704,70028398,20003,2,3,IL,USA,17,31,490300,0,0,41.725381,-87.619148,Census Tract 4903
13685,13685,49705,70028403,10000,-1,1,IL,USA,17,31,81000,0,1,41.900266,-87.632109,Census Tract 810
13686,13686,49706,70028403,10002,1,2,IL,USA,17,31,839100,0,0,41.880986,-87.63307,Census Tract 8391
13687,13687,49709,70028404,10000,-1,1,IL,USA,17,31,280100,0,1,41.885452,-87.643498,Census Tract 2801
13688,13688,49710,70028404,10002,1,2,IL,USA,17,31,839100,0,0,41.880986,-87.63307,Census Tract 8391
13689,13689,49714,70028405,10000,-1,1,IL,USA,17,31,81000,0,1,41.900266,-87.632109,Census Tract 810
13690,13690,49715,70028405,10002,1,2,IL,USA,17,31,839100,0,0,41.880986,-87.63307,Census Tract 8391
13691,13691,49723,70028427,10000,-1,1,IL,USA,17,31,660900,0,1,41.767819,-87.699063,Census Tract 6609
13692,13692,49724,70028427,10002,1,2,IL,USA,17,31,320100,0,0,41.886447,-87.619467,Census Tract 3201
13693,13693,49735,70028428,10000,-1,1,IL,USA,17,31,63302,0,1,41.934765,-87.639854,Census Tract 633.02
13694,13694,49736,70028428,10002,1,2,IL,USA,17,31,839100,0,0,41.880986,-87.63307,Census Tract 8391
13695,13695,49737,70028428,20002,2,2,IL,USA,17,31,320100,0,0,41.886447,-87.619467,Census Tract 3201
13696,13696,49757,70028429,10000,-1,1,IL,USA,17,31,580700,0,1,41.817493,-87.686846,Census Tract 5807
13697,13697,49758,70028429,20002,2,2,IL,USA,17,31,81201,0,0,41.899154,-87.626212,Census Tract 812.01
13708,13708,49801,70028454,10000,-1,1,IL,USA,17,31,150800,0,1,41.949709,-87.752118,Census Tract 1508
13709,13709,49802,70028454,10002,1,2,IL,USA,17,31,839100,0,0,41.880986,-87.63307,Census Tract 8391
13710,13710,49803,70028454,20002,2,2,IL,USA,17,31,31100,0,0,41.972668,-87.663866,Census Tract 311
13711,13711,49804,70028454,20003,2,3,IL,USA,17,31,831800,0,0,41.978233,-87.716453,Census Tract 8318
13712,13712,49806,70028455,10000,-1,1,IL,USA,17,31,180100,0,1,41.934488,-87.798609,Census Tract 1801
13713,13713,49807,70028455,10002,1,2,IL,USA,17,31,839100,0,0,41.880986,-87.63307,Census Tract 8391
13727,13727,49861,70028492,10000,-1,1,IL,USA,17,31,10502,0,1,42.004517,-87.663327,Census Tract 105.02
13728,13728,49862,70028492,10003,1,3,IL,USA,17,31,10400,0,0,42.006411,-87.658816,Census Tract 104
13737,13737,49918,70028520,10000,-1,1,IL,USA,17,31,301802,0,1,41.845185,-87.727759,Census Tract 3018.02
13738,13738,49919,70028520,10002,1,2,IL,USA,17,31,832000,0,0,41.946294,-87.654298,Census Tract 8320
13739,13739,49920,70028520,10003,1,3,IL,USA,17,31,320100,0,0,41.886447,-87.619467,Census Tract 3201
13746,13746,49935,70028537,10000,-1,1,IL,USA,17,31,50200,0,1,41.95774,-87.683717,Census Tract 502
13747,13747,49936,70028537,10002,1,2,IL,USA,17,31,320100,0,0,41.886447,-87.619467,Census Tract 3201
13748,13748,49938,70028542,10000,-1,1,IL,USA,17,31,90300,0,1,41.999113,-87.816364,Census Tract 903
13749,13749,49939,70028542,10002,1,2,IL,USA,17,31,20301,0,0,42.006865,-87.705186,Census Tract 203.01
13764,13764,49990,70028582,10000,-1,1,IL,USA,17,31,440201,0,1,41.74821,-87.610074,Census Tract 4402.01
13765,13765,49991,70028582,20002,2,2,IL,USA,17,31,63000,0,0,41.93631,-87.651562,Census Tract 630
13785,13785,50071,70028657,10000,-1,1,IL,USA,17,31,660800,0,1,41.773641,-87.693266,Census Tract 6608
13786,13786,50072,70028657,10003,1,3,IL,USA,17,31,832900,0,0,41.874181,-87.661901,Census Tract 8329
13787,13787,50073,70028657,20002,2,2,IL,USA,17,31,470100,0,0,41.728221,-87.596489,Census Tract 4701
13788,13788,50074,70028657,40002,4,2,IL,USA,17,31,81500,0,0,41.892906,-87.626079,Census Tract 815
13789,13789,50075,70028657,50003,5,3,IL,USA,17,31,650100,0,0,41.782377,-87.717855,Census Tract 6501
13790,13790,50076,70028657,60003,6,3,IL,USA,17,31,650100,0,0,41.782377,-87.717855,Census Tract 6501
13817,13817,50132,70028680,10000,-1,1,IL,USA,17,31,730100,0,1,41.725195,-87.638426,Census Tract 7301
13818,13818,50133,70028680,10002,1,2,IL,USA,17,31,839200,0,0,41.842011,-87.622036,Census Tract 8392
13819,13819,50134,70028680,30003,3,3,IL,USA,17,31,410700,0,0,41.798049,-87.5942,Census Tract 4107
13820,13820,50137,70028682,10000,-1,1,IL,USA,17,31,210502,0,1,41.933785,-87.722052,Census Tract 2105.02
13821,13821,50138,70028682,10002,1,2,IL,USA,17,31,222700,0,0,41.915501,-87.710206,Census Tract 2227
13822,13822,50139,70028682,20002,2,2,IL,USA,17,31,221400,0,0,41.920801,-87.694532,Census Tract 2214
13823,13823,50149,70028683,10000,-1,1,IL,USA,17,31,570500,0,1,41.798601,-87.732455,Census Tract 5705
13824,13824,50150,70028683,10002,1,2,IL,USA,17,31,839100,0,0,41.880986,-87.63307,Census Tract 8391
13825,13825,50157,70028684,10000,-1,1,IL,USA,17,31,40800,0,1,41.963974,-87.691821,Census Tract 408
13826,13826,50158,70028684,10002,1,2,IL,USA,17,31,280100,0,0,41.885452,-87.643498,Census Tract 2801
13827,13827,50159,70028694,10000,-1,1,IL,USA,17,31,242200,0,1,41.899589,-87.674719,Census Tract 2422
13828,13828,50160,70028694,10002,1,2,IL,USA,17,31,320100,0,0,41.886447,-87.619467,Census Tract 3201
13829,13829,50161,70028694,20002,2,2,IL,USA,17,31,839100,0,0,41.880986,-87.63307,Census Tract 8391
13841,13841,50180,70028707,10000,-1,1,IL,USA,17,31,650400,0,1,41.765325,-87.71718,Census Tract 6504
13842,13842,50181,70028707,30002,3,2,IL,USA,17,31,650400,0,0,41.765325,-87.71718,Census Tract 6504
13843,13843,50182,70028707,120003,12,3,IL,USA,17,31,660500,0,0,41.775243,-87.707943,Census Tract 6605
13894,13894,50318,70028747,10000,-1,1,IL,USA,17,31,63302,0,1,41.934765,-87.639854,Census Tract 633.02
13895,13895,50319,70028747,10002,1,2,IL,USA,17,31,320100,0,0,41.886447,-87.619467,Census Tract 3201
13923,13923,50380,70028775,10000,-1,1,IL,USA,17,31,70101,0,1,41.929522,-87.632325,Census Tract 701.01
13924,13924,50381,70028775,10002,1,2,IL,USA,17,31,320100,0,0,41.886447,-87.619467,Census Tract 3201
13977,13977,50520,70028830,10000,-1,1,IL,USA,17,31,40700,0,1,41.967431,-87.694068,Census Tract 407
13978,13978,50521,70028830,10002,1,2,IL,USA,17,31,81700,0,0,41.892218,-87.631832,Census Tract 817
13979,13979,50522,70028830,20002,2,2,IL,USA,17,31,320400,0,0,41.875817,-87.617256,Census Tract 3204
13980,13980,50523,70028830,30003,3,3,IL,USA,17,31,40202,0,0,41.979855,-87.694096,Census Tract 402.02
13981,13981,50527,70028832,10000,-1,1,IL,USA,17,31,831800,0,1,41.978233,-87.716453,Census Tract 8318
13982,13982,50528,70028832,10003,1,3,IL,USA,17,31,831800,0,0,41.978233,-87.716453,Census Tract 8318
13983,13983,50531,70028841,10000,-1,1,IL,USA,17,31,40401,0,1,41.972067,-87.686082,Census Tract 404.01
13984,13984,50532,70028841,10002,1,2,IL,USA,17,31,71500,0,0,41.914242,-87.625092,Census Tract 715
13985,13985,50533,70028841,20002,2,2,IL,USA,17,31,40300,0,0,41.976944,-87.701983,Census Tract 403
13986,13986,50534,70028841,20003,2,3,IL,USA,17,31,831800,0,0,41.978233,-87.716453,Census Tract 8318
13987,13987,50535,70028841,30003,3,3,IL,USA,17,31,838300,0,0,41.901566,-87.638404,Census Tract 8383
13988,13988,50536,70028841,60003,6,3,IL,USA,17,31,830800,0,0,41.965141,-87.676577,Census Tract 8308
14008,14008,50636,70028883,10000,-1,1,IL,USA,17,31,491000,0,1,41.699762,-87.628054,Census Tract 4910
14009,14009,50637,70028883,10002,1,2,IL,USA,17,31,280400,0,0,41.886009,-87.671885,Census Tract 2804
14016,14016,50667,70028897,10000,-1,1,IL,USA,17,31,51100,0,1,41.941365,-87.680827,Census Tract 511
14017,14017,50668,70028897,10002,1,2,IL,USA,17,31,831800,0,0,41.978233,-87.716453,Census Tract 8318
14018,14018,50669,70028897,10003,1,3,IL,USA,17,31,831800,0,0,41.978233,-87.716453,Census Tract 8318
14019,14019,50670,70028897,20003,2,3,IL,USA,17,31,50800,0,0,41.945009,-87.680928,Census Tract 508
14039,14039,50736,70028914,10000,-1,1,IL,USA,17,31,31100,0,1,41.972668,-87.663866,Census Tract 311
14040,14040,50737,70028914,10002,1,2,IL,USA,17,31,839100,0,0,41.880986,-87.63307,Census Tract 8391
14047,14047,50776,70028925,10000,-1,1,IL,USA,17,31,570500,0,1,41.798601,-87.732455,Census Tract 5705
14048,14048,50777,70028925,10002,1,2,IL,USA,17,31,330200,0,0,41.865578,-87.630568,Census Tract 3302
14049,14049,50778,70028925,20002,2,2,IL,USA,17,31,63303,0,0,41.934731,-87.634661,Census Tract 633.03
14050,14050,50782,70028927,10000,-1,1,IL,USA,17,31,81500,0,1,41.892906,-87.626079,Census Tract 815
14051,14051,50783,70028927,10002,1,2,IL,USA,17,31,62700,0,0,41.936086,-87.66611,Census Tract 627
14052,14052,50790,70028932,10000,-1,1,IL,USA,17,31,410700,0,1,41.798049,-87.5942,Census Tract 4107
14053,14053,50791,70028932,10002,1,2,IL,USA,17,31,835200,0,0,41.796644,-87.745287,Census Tract 8352
14054,14054,50792,70028937,10000,-1,1,IL,USA,17,31,838300,0,1,41.901566,-87.638404,Census Tract 8383
14055,14055,50793,70028937,10003,1,3,IL,USA,17,31,81700,0,0,41.892218,-87.631832,Census Tract 817
14056,14056,50794,70028937,20002,2,2,IL,USA,17,31,650500,0,0,41.762219,-87.732035,Census Tract 6505
14060,14060,50813,70028942,10000,-1,1,IL,USA,17,31,160300,0,1,41.957268,-87.730896,Census Tract 1603
14061,14061,50814,70028942,10002,1,2,IL,USA,17,31,839100,0,0,41.880986,-87.63307,Census Tract 8391
14071,14071,50846,70028983,10000,-1,1,IL,USA,17,31,220500,0,1,41.928396,-87.704911,Census Tract 2205
14072,14072,50847,70028983,10002,1,2,IL,USA,17,31,50700,0,0,41.945071,-87.676059,Census Tract 507
14086,14086,50924,70029013,10000,-1,1,IL,USA,17,31,230500,0,1,41.911689,-87.733943,Census Tract 2305
14087,14087,50925,70029013,10002,1,2,IL,USA,17,31,831800,0,0,41.978233,-87.716453,Census Tract 8318
14088,14088,50926,70029013,10003,1,3,IL,USA,17,31,831800,0,0,41.978233,-87.716453,Census Tract 8318
14089,14089,50927,70029013,20002,2,2,IL,USA,17,31,320100,0,0,41.886447,-87.619467,Census Tract 3201
14100,14100,50957,70029056,10000,-1,1,IL,USA,17,31,710900,0,1,41.742146,-87.639689,Census Tract 7109
14101,14101,50958,70029056,20002,2,2,IL,USA,17,31,839100,0,0,41.880986,-87.63307,Census Tract 8391
14105,14105,50968,70029078,10000,-1,1,IL,USA,17,31,61901,0,1,41.943244,-87.643458,Census Tract 619.01
14106,14106,50969,70029078,10003,1,3,IL,USA,17,31,71000,0,0,41.921701,-87.655911,Census Tract 710
14107,14107,50970,70029078,20003,2,3,IL,USA,17,31,71000,0,0,41.921701,-87.655911,Census Tract 710
14108,14108,50971,70029078,30002,3,2,IL,USA,17,31,71000,0,0,41.921701,-87.655911,Census Tract 710
14109,14109,50972,70029078,30003,3,3,IL,USA,17,31,71000,0,0,41.921701,-87.655911,Census Tract 710
14110,14110,50973,70029078,40003,4,3,IL,USA,17,31,71000,0,0,41.921701,-87.655911,Census Tract 710
14123,14123,51017,70029121,10000,-1,1,IL,USA,17,31,411000,0,1,41.787227,-87.577462,Census Tract 4110
14124,14124,51018,70029121,10003,1,3,IL,USA,17,31,836200,0,0,41.790469,-87.601285,Census Tract 8362
14128,14128,51031,70029143,10000,-1,1,IL,USA,17,31,10502,0,1,42.004517,-87.663327,Census Tract 105.02
14129,14129,51032,70029143,10002,1,2,IL,USA,17,31,320400,0,0,41.875817,-87.617256,Census Tract 3204
14130,14130,51033,70029143,10003,1,3,IL,USA,17,31,10400,0,0,42.006411,-87.658816,Census Tract 104
14138,14138,51080,70029188,10000,-1,1,IL,USA,17,31,351100,0,1,41.827754,-87.614189,Census Tract 3511
14139,14139,51081,70029188,20002,2,2,IL,USA,17,31,980100,0,0,41.785981,-87.7509,Census Tract 9801
14140,14140,51082,70029188,30003,3,3,IL,USA,17,31,381700,0,0,41.80555,-87.627446,Census Tract 3817
14141,14141,51083,70029188,40003,4,3,IL,USA,17,31,381700,0,0,41.80555,-87.627446,Census Tract 3817
14142,14142,51084,70029188,50003,5,3,IL,USA,17,31,381700,0,0,41.80555,-87.627446,Census Tract 3817
14147,14147,51102,70029200,10000,-1,1,IL,USA,17,31,63000,0,1,41.93631,-87.651562,Census Tract 630
14148,14148,51103,70029200,10002,1,2,IL,USA,17,31,839100,0,0,41.880986,-87.63307,Census Tract 8391
14149,14149,51104,70029200,20002,2,2,IL,USA,17,31,81700,0,0,41.892218,-87.631832,Census Tract 817
14157,14157,51118,70029214,10000,-1,1,IL,USA,17,31,390700,0,1,41.804016,-87.580489,Census Tract 3907
14158,14158,51119,70029214,10002,1,2,IL,USA,17,31,839100,0,0,41.880986,-87.63307,Census Tract 8391
14159,14159,51120,70029214,20003,2,3,IL,USA,17,31,420300,0,0,41.783224,-87.598697,Census Tract 4203
14167,14167,51140,70029225,10000,-1,1,IL,USA,17,31,390700,0,1,41.804016,-87.580489,Census Tract 3907
14168,14168,51141,70029225,10002,1,2,IL,USA,17,31,843300,0,0,41.863764,-87.69255,Census Tract 8433
14185,14185,51168,70029255,10000,-1,1,IL,USA,17,31,140200,0,1,41.970695,-87.713004,Census Tract 1402
14186,14186,51169,70029255,10002,1,2,IL,USA,17,31,100500,0,0,41.97806,-87.819734,Census Tract 1005
14187,14187,51173,70029262,10000,-1,1,IL,USA,17,31,31700,0,1,41.965447,-87.663195,Census Tract 317
14188,14188,51174,70029262,10002,1,2,IL,USA,17,31,611300,0,0,41.804936,-87.667304,Census Tract 6113
14189,14189,51175,70029262,20002,2,2,IL,USA,17,31,281900,0,0,41.878635,-87.642924,Census Tract 2819
14190,14190,51185,70029268,10000,-1,1,IL,USA,17,31,81800,0,1,41.893324,-87.63919,Census Tract 818
14191,14191,51186,70029268,10002,1,2,IL,USA,17,31,330100,0,0,41.859295,-87.615523,Census Tract 3301
14192,14192,51187,70029268,20002,2,2,IL,USA,17,31,81401,0,0,41.895035,-87.619717,Census Tract 814.01
14196,14196,51217,70029278,10000,-1,1,IL,USA,17,31,440102,0,1,41.740936,-87.601164,Census Tract 4401.02
14197,14197,51218,70029278,10002,1,2,IL,USA,17,31,610300,0,0,41.816178,-87.675102,Census Tract 6103
14205,14205,51242,70029302,10000,-1,1,IL,USA,17,31,832400,0,1,41.915741,-87.692256,Census Tract 8324
14206,14206,51243,70029302,10002,1,2,IL,USA,17,31,71800,0,0,41.914586,-87.645966,Census Tract 718
14207,14207,51244,70029302,20002,2,2,IL,USA,17,31,300800,0,0,41.848111,-87.707582,Census Tract 3008
14210,14210,51267,70029305,10000,-1,1,IL,USA,17,31,62100,0,1,41.942691,-87.65177,Census Tract 621
14211,14211,51268,70029305,10003,1,3,IL,USA,17,31,320400,0,0,41.875817,-87.617256,Census Tract 3204
14212,14212,51269,70029305,20002,2,2,IL,USA,17,31,839100,0,0,41.880986,-87.63307,Census Tract 8391
14213,14213,51282,70029330,10000,-1,1,IL,USA,17,31,70700,0,1,41.930652,-87.674104,Census Tract 707
14214,14214,51283,70029330,10003,1,3,IL,USA,17,31,31700,0,0,41.965447,-87.663195,Census Tract 317
14218,14218,51302,70029349,10000,-1,1,IL,USA,17,31,280100,0,1,41.885452,-87.643498,Census Tract 2801
14219,14219,51303,70029349,10002,1,2,IL,USA,17,31,839100,0,0,41.880986,-87.63307,Census Tract 8391
14220,14220,51304,70029349,20002,2,2,IL,USA,17,31,839100,0,0,41.880986,-87.63307,Census Tract 8391
14224,14224,51313,70029358,10000,-1,1,IL,USA,17,31,200100,0,1,41.935055,-87.737623,Census Tract 2001
14225,14225,51314,70029358,10002,1,2,IL,USA,17,31,330100,0,0,41.859295,-87.615523,Census Tract 3301
14226,14226,51315,70029358,30003,3,3,IL,USA,17,31,837800,0,0,41.88475,-87.684127,Census Tract 8378
14227,14227,51350,70029359,10000,-1,1,IL,USA,17,31,61901,0,1,41.943244,-87.643458,Census Tract 619.01
14228,14228,51351,70029359,10002,1,2,IL,USA,17,31,330100,0,0,41.859295,-87.615523,Census Tract 3301
14229,14229,51352,70029359,20002,2,2,IL,USA,17,31,839100,0,0,41.880986,-87.63307,Census Tract 8391
14233,14233,51362,70029361,10000,-1,1,IL,USA,17,31,411000,0,1,41.787227,-87.577462,Census Tract 4110
14234,14234,51363,70029361,10002,1,2,IL,USA,17,31,330100,0,0,41.859295,-87.615523,Census Tract 3301
14235,14235,51364,70029361,20003,2,3,IL,USA,17,31,390500,0,0,41.805978,-87.599199,Census Tract 3905
14236,14236,51365,70029361,30003,3,3,IL,USA,17,31,390500,0,0,41.805978,-87.599199,Census Tract 3905
14237,14237,51367,70029362,10000,-1,1,IL,USA,17,31,210602,0,1,41.934163,-87.712572,Census Tract 2106.02
14238,14238,51368,70029362,10002,1,2,IL,USA,17,31,330100,0,0,41.859295,-87.615523,Census Tract 3301
14244,14244,51394,70029364,10000,-1,1,IL,USA,17,31,160601,0,1,41.959398,-87.703294,Census Tract 1606.01
14245,14245,51395,70029364,10002,1,2,IL,USA,17,31,330100,0,0,41.859295,-87.615523,Census Tract 3301
14246,14246,51398,70029366,10000,-1,1,IL,USA,17,31,50300,0,1,41.957885,-87.690444,Census Tract 503
14247,14247,51399,70029366,10002,1,2,IL,USA,17,31,330100,0,0,41.859295,-87.615523,Census Tract 3301
14248,14248,51402,70029367,10000,-1,1,IL,USA,17,31,80202,0,1,41.905859,-87.630901,Census Tract 802.02
14249,14249,51403,70029367,10003,1,3,IL,USA,17,31,320400,0,0,41.875817,-87.617256,Census Tract 3204
14250,14250,51410,70029369,10000,-1,1,IL,USA,17,31,80300,0,1,41.90749,-87.635799,Census Tract 803
14251,14251,51411,70029369,10002,1,2,IL,USA,17,31,330100,0,0,41.859295,-87.615523,Census Tract 3301
14252,14252,51415,70029373,10000,-1,1,IL,USA,17,31,420300,0,1,41.783224,-87.598697,Census Tract 4203
14253,14253,51416,70029373,10002,1,2,IL,USA,17,31,330100,0,0,41.859295,-87.615523,Census Tract 3301
14254,14254,51417,70029373,20002,2,2,IL,USA,17,31,320600,0,0,41.870554,-87.616596,Census Tract 3206
14263,14263,51435,70029386,10000,-1,1,IL,USA,17,31,31502,0,1,41.963633,-87.652366,Census Tract 315.02
14264,14264,51436,70029386,10002,1,2,IL,USA,17,31,330100,0,0,41.859295,-87.615523,Census Tract 3301
14272,14272,51488,70029397,10000,-1,1,IL,USA,17,31,600400,0,1,41.841718,-87.643932,Census Tract 6004
14273,14273,51489,70029397,10002,1,2,IL,USA,17,31,330100,0,0,41.859295,-87.615523,Census Tract 3301
14274,14274,51499,70029398,10000,-1,1,IL,USA,17,31,842300,0,1,41.908386,-87.660086,Census Tract 8423
14275,14275,51500,70029398,10002,1,2,IL,USA,17,31,330100,0,0,41.859295,-87.615523,Census Tract 3301
14276,14276,51501,70029398,20002,2,2,IL,USA,17,31,320100,0,0,41.886447,-87.619467,Census Tract 3201
14277,14277,51502,70029407,10000,-1,1,IL,USA,17,31,243000,0,1,41.892275,-87.679398,Census Tract 2430
14278,14278,51503,70029407,10002,1,2,IL,USA,17,31,833000,0,0,41.885286,-87.657249,Census Tract 8330
14279,14279,51504,70029407,20002,2,2,IL,USA,17,31,834700,0,0,41.79069,-87.645033,Census Tract 8347
14282,14282,51508,70029413,10000,-1,1,IL,USA,17,31,830800,0,1,41.965141,-87.676577,Census Tract 8308
14283,14283,51509,70029413,10002,1,2,IL,USA,17,31,330100,0,0,41.859295,-87.615523,Census Tract 3301
14284,14284,51513,70029414,10000,-1,1,IL,USA,17,31,120300,0,1,41.991112,-87.740066,Census Tract 1203
14285,14285,51514,70029414,30003,3,3,IL,USA,17,31,120300,0,0,41.991112,-87.740066,Census Tract 1203
14286,14286,51515,70029414,40003,4,3,IL,USA,17,31,120300,0,0,41.991112,-87.740066,Census Tract 1203
14287,14287,51527,70029430,10000,-1,1,IL,USA,17,31,61902,0,1,41.946698,-87.639064,Census Tract 619.02
14288,14288,51528,70029430,10002,1,2,IL,USA,17,31,330100,0,0,41.859295,-87.615523,Census Tract 3301
14289,14289,51530,70029433,10000,-1,1,IL,USA,17,31,31700,0,1,41.965447,-87.663195,Census Tract 317
14290,14290,51531,70029433,10002,1,2,IL,USA,17,31,10600,0,0,42.006277,-87.667683,Census Tract 106
14291,14291,51543,70029437,10000,-1,1,IL,USA,17,31,241100,0,1,41.90664,-87.68958,Census Tract 2411
14292,14292,51544,70029437,10002,1,2,IL,USA,17,31,839100,0,0,41.880986,-87.63307,Census Tract 8391
14297,14297,51566,70029442,10000,-1,1,IL,USA,17,31,190701,0,1,41.929796,-87.761422,Census Tract 1907.01
14298,14298,51567,70029442,10002,1,2,IL,USA,17,31,10600,0,0,42.006277,-87.667683,Census Tract 106
14299,14299,51574,70029443,10000,-1,1,IL,USA,17,31,282700,0,1,41.871367,-87.688681,Census Tract 2827
14300,14300,51575,70029443,10002,1,2,IL,USA,17,31,330100,0,0,41.859295,-87.615523,Census Tract 3301
14301,14301,51576,70029443,20002,2,2,IL,USA,17,31,411000,0,0,41.787227,-87.577462,Census Tract 4110
14305,14305,51581,70029450,10000,-1,1,IL,USA,17,31,32100,0,1,41.958154,-87.653018,Census Tract 321
14306,14306,51582,70029450,10002,1,2,IL,USA,17,31,81403,0,0,41.892991,-87.620956,Census Tract 814.03
14317,14317,51603,70029466,10000,-1,1,IL,USA,17,31,730201,0,1,41.726863,-87.657902,Census Tract 7302.01
14318,14318,51604,70029466,10002,1,2,IL,USA,17,31,330100,0,0,41.859295,-87.615523,Census Tract 3301
14324,14324,51634,70029479,10000,-1,1,IL,USA,17,31,510200,0,1,41.714265,-87.56005,Census Tract 5102
14325,14325,51635,70029479,10002,1,2,IL,USA,17,31,320100,0,0,41.886447,-87.619467,Census Tract 3201
14326,14326,51638,70029484,10000,-1,1,IL,USA,17,31,40100,0,1,41.985622,-87.682886,Census Tract 401
14327,14327,51639,70029484,10002,1,2,IL,USA,17,31,81800,0,0,41.893324,-87.63919,Census Tract 818
14330,14330,51669,70029499,10000,-1,1,IL,USA,17,31,660800,0,1,41.773641,-87.693266,Census Tract 6608
14331,14331,51670,70029499,10002,1,2,IL,USA,17,31,835900,0,0,41.820166,-87.621499,Census Tract 8359
14332,14332,51671,70029499,20003,2,3,IL,USA,17,31,670400,0,0,41.7903,-87.67177,Census Tract 6704
14333,14333,51672,70029499,30003,3,3,IL,USA,17,31,670400,0,0,41.7903,-87.67177,Census Tract 6704
14334,14334,51681,70029502,10000,-1,1,IL,USA,17,31,282800,0,1,41.870268,-87.684914,Census Tract 2828
14335,14335,51682,70029502,10002,1,2,IL,USA,17,31,841900,0,0,41.868458,-87.642965,Census Tract 8419
14336,14336,51687,70029504,10000,-1,1,IL,USA,17,31,310600,0,1,41.856333,-87.659564,Census Tract 3106
14337,14337,51688,70029504,10002,1,2,IL,USA,17,31,330100,0,0,41.859295,-87.615523,Census Tract 3301
14345,14345,51708,70029523,10000,-1,1,IL,USA,17,31,250400,0,1,41.912908,-87.775394,Census Tract 2504
14346,14346,51709,70029523,10002,1,2,IL,USA,17,31,31300,0,0,41.973765,-87.64653,Census Tract 313
14347,14347,51710,70029523,30003,3,3,IL,USA,17,31,250400,0,0,41.912908,-87.775394,Census Tract 2504
14348,14348,51711,70029523,40003,4,3,IL,USA,17,31,250400,0,0,41.912908,-87.775394,Census Tract 2504
14349,14349,51714,70029526,10000,-1,1,IL,USA,17,31,50300,0,1,41.957885,-87.690444,Census Tract 503
14350,14350,51715,70029526,10002,1,2,IL,USA,17,31,330100,0,0,41.859295,-87.615523,Census Tract 3301
14351,14351,51716,70029526,20002,2,2,IL,USA,17,31,320100,0,0,41.886447,-87.619467,Census Tract 3201
14361,14361,51771,70029535,10000,-1,1,IL,USA,17,31,750500,0,1,41.684615,-87.671233,Census Tract 7505
14362,14362,51772,70029535,30003,3,3,IL,USA,17,31,750200,0,0,41.695665,-87.671425,Census Tract 7502
14363,14363,51779,70029547,10000,-1,1,IL,USA,17,31,430600,0,1,41.764413,-87.571373,Census Tract 4306
14364,14364,51780,70029547,10002,1,2,IL,USA,17,31,320400,0,0,41.875817,-87.617256,Census Tract 3204
14365,14365,51782,70029551,10000,-1,1,IL,USA,17,31,81000,0,1,41.900266,-87.632109,Census Tract 810
14366,14366,51783,70029551,10002,1,2,IL,USA,17,31,330100,0,0,41.859295,-87.615523,Census Tract 3301
14377,14377,51826,70029564,10000,-1,1,IL,USA,17,31,30500,0,1,41.987226,-87.664936,Census Tract 305
14378,14378,51827,70029564,10002,1,2,IL,USA,17,31,320400,0,0,41.875817,-87.617256,Census Tract 3204
14379,14379,51836,70029565,10000,-1,1,IL,USA,17,31,838200,0,1,41.870416,-87.675079,Census Tract 8382
14380,14380,51837,70029565,10003,1,3,IL,USA,17,31,841900,0,0,41.868458,-87.642965,Census Tract 8419
14381,14381,51838,70029565,20002,2,2,IL,USA,17,31,839100,0,0,41.880986,-87.63307,Census Tract 8391
14382,14382,51839,70029565,20003,2,3,IL,USA,17,31,841900,0,0,41.868458,-87.642965,Census Tract 8419
14383,14383,51840,70029565,30003,3,3,IL,USA,17,31,841900,0,0,41.868458,-87.642965,Census Tract 8419
14384,14384,51847,70029568,10000,-1,1,IL,USA,17,31,221200,0,1,41.921083,-87.70465,Census Tract 2212
14385,14385,51848,70029568,10002,1,2,IL,USA,17,31,839100,0,0,41.880986,-87.63307,Census Tract 8391
14386,14386,51849,70029568,10003,1,3,IL,USA,17,31,841900,0,0,41.868458,-87.642965,Census Tract 8419
14387,14387,51851,70029571,10000,-1,1,IL,USA,17,31,431302,0,1,41.758386,-87.562786,Census Tract 4313.02
14388,14388,51852,70029571,10002,1,2,IL,USA,17,31,832500,0,0,41.92223,-87.664796,Census Tract 8325
14389,14389,51853,70029571,20002,2,2,IL,USA,17,31,431301,0,0,41.75353,-87.560187,Census Tract 4313.01
14398,14398,51927,70029594,10000,-1,1,IL,USA,17,31,431301,0,1,41.75353,-87.560187,Census Tract 4313.01
14399,14399,51928,70029594,10002,1,2,IL,USA,17,31,81300,0,0,41.898335,-87.620753,Census Tract 813
14400,14400,51929,70029594,20003,2,3,IL,USA,17,31,70400,0,0,41.928967,-87.656156,Census Tract 704
14404,14404,51959,70029604,10000,-1,1,IL,USA,17,31,310600,0,1,41.856333,-87.659564,Census Tract 3106
14405,14405,51960,70029604,10003,1,3,IL,USA,17,31,833300,0,0,41.871694,-87.654124,Census Tract 8333
14423,14423,51996,70029632,10000,-1,1,IL,USA,17,31,832300,0,1,41.919826,-87.672781,Census Tract 8323
14424,14424,51997,70029632,10002,1,2,IL,USA,17,31,81300,0,0,41.898335,-87.620753,Census Tract 813
14431,14431,52054,70029664,10000,-1,1,IL,USA,17,31,381500,0,1,41.810193,-87.622862,Census Tract 3815
14432,14432,52055,70029664,10002,1,2,IL,USA,17,31,330100,0,0,41.859295,-87.615523,Census Tract 3301
14443,14443,52069,70029691,10000,-1,1,IL,USA,17,31,600400,0,1,41.841718,-87.643932,Census Tract 6004
14444,14444,52070,70029691,10002,1,2,IL,USA,17,31,839100,0,0,41.880986,-87.63307,Census Tract 8391
14447,14447,52079,70029702,10000,-1,1,IL,USA,17,31,10501,0,1,42.009412,-87.663958,Census Tract 105.01
14448,14448,52080,70029702,10002,1,2,IL,USA,17,31,839100,0,0,41.880986,-87.63307,Census Tract 8391
14462,14462,52131,70029730,10000,-1,1,IL,USA,17,31,681400,0,1,41.761522,-87.649171,Census Tract 6814
14463,14463,52132,70029730,10002,1,2,IL,USA,17,31,691200,0,0,41.752621,-87.630411,Census Tract 6912
14468,14468,52145,70029736,10000,-1,1,IL,USA,17,31,580800,0,1,41.81022,-87.686644,Census Tract 5808
14469,14469,52146,70029736,10002,1,2,IL,USA,17,31,839100,0,0,41.880986,-87.63307,Census Tract 8391
14470,14470,52147,70029736,20003,2,3,IL,USA,17,31,580600,0,0,41.817398,-87.692031,Census Tract 5806
14471,14471,52148,70029736,30003,3,3,IL,USA,17,31,580600,0,0,41.817398,-87.692031,Census Tract 5806
14476,14476,52154,70029750,10000,-1,1,IL,USA,17,31,640700,0,1,41.776411,-87.751936,Census Tract 6407
14477,14477,52155,70029750,10002,1,2,IL,USA,17,31,570400,0,0,41.804992,-87.71913,Census Tract 5704
14483,14483,52192,70029763,10000,-1,1,IL,USA,17,31,221500,0,1,41.921647,-87.689951,Census Tract 2215
14484,14484,52193,70029763,10002,1,2,IL,USA,17,31,836800,0,0,41.88509,-87.714967,Census Tract 8368
14485,14485,52194,70029763,20002,2,2,IL,USA,17,31,240300,0,0,41.912369,-87.675068,Census Tract 2403
14491,14491,52251,70029768,10000,-1,1,IL,USA,17,31,81402,0,1,41.891022,-87.612931,Census Tract 814.02
14492,14492,52252,70029768,10002,1,2,IL,USA,17,31,839100,0,0,41.880986,-87.63307,Census Tract 8391
14493,14493,52263,70029820,10000,-1,1,IL,USA,17,31,81000,0,1,41.900266,-87.632109,Census Tract 810
14494,14494,52264,70029820,10002,1,2,IL,USA,17,31,842200,0,0,41.904728,-87.64922,Census Tract 8422
14495,14495,52265,70029820,20002,2,2,IL,USA,17,31,280100,0,0,41.885452,-87.643498,Census Tract 2801
14496,14496,52267,70029824,10000,-1,1,IL,USA,17,31,70101,0,1,41.929522,-87.632325,Census Tract 701.01
14497,14497,52268,70029824,10002,1,2,IL,USA,17,31,842200,0,0,41.904728,-87.64922,Census Tract 8422
14498,14498,52278,70029825,10000,-1,1,IL,USA,17,31,220701,0,1,41.926155,-87.721565,Census Tract 2207.01
14499,14499,52279,70029825,10002,1,2,IL,USA,17,31,836800,0,0,41.88509,-87.714967,Census Tract 8368
14500,14500,52280,70029825,20002,2,2,IL,USA,17,31,242400,0,0,41.899422,-87.68449,Census Tract 2424
14506,14506,52297,70029839,10000,-1,1,IL,USA,17,31,32100,0,1,41.958154,-87.653018,Census Tract 321
14507,14507,52298,70029839,10002,1,2,IL,USA,17,31,842200,0,0,41.904728,-87.64922,Census Tract 8422
14510,14510,52306,70029912,10000,-1,1,IL,USA,17,31,230700,0,1,41.906323,-87.72154,Census Tract 2307
14511,14511,52307,70029912,10002,1,2,IL,USA,17,31,241400,0,0,41.906031,-87.675314,Census Tract 2414
14512,14512,52308,70029912,20002,2,2,IL,USA,17,31,220400,0,0,41.928431,-87.699968,Census Tract 2204
14520,14520,52342,70029924,10000,-1,1,IL,USA,17,31,61000,0,1,41.949221,-87.65197,Census Tract 610
14521,14521,52343,70029924,10002,1,2,IL,USA,17,31,330100,0,0,41.859295,-87.615523,Census Tract 3301
14522,14522,52344,70029924,20002,2,2,IL,USA,17,31,81700,0,0,41.892218,-87.631832,Census Tract 817
14523,14523,52345,70029924,30003,3,3,IL,USA,17,31,61000,0,0,41.949221,-87.65197,Census Tract 610
14524,14524,52346,70029924,40003,4,3,IL,USA,17,31,63301,0,0,41.934541,-87.643024,Census Tract 633.01
14557,14557,52531,70029952,10000,-1,1,IL,USA,17,31,830800,0,1,41.965141,-87.676577,Census Tract 8308
14558,14558,52532,70029952,10002,1,2,IL,USA,17,31,838100,0,0,41.878667,-87.671689,Census Tract 8381
14559,14559,52533,70029952,20002,2,2,IL,USA,17,31,839100,0,0,41.880986,-87.63307,Census Tract 8391
14569,14569,52554,70029967,10000,-1,1,IL,USA,17,31,841300,0,1,41.843977,-87.684202,Census Tract 8413
14570,14570,52555,70029967,10002,1,2,IL,USA,17,31,839100,0,0,41.880986,-87.63307,Census Tract 8391
14576,14576,52584,70029981,10000,-1,1,IL,USA,17,31,671400,0,1,41.773792,-87.676229,Census Tract 6714
14577,14577,52585,70029981,20002,2,2,IL,USA,17,31,980000,0,0,41.979419,-87.902438,Census Tract 9800
14578,14578,52586,70029981,30002,3,2,IL,USA,17,31,842500,0,0,41.776951,-87.623216,Census Tract 8425
14579,14579,52587,70029981,40002,4,2,IL,USA,17,31,430300,0,0,41.769716,-87.58936,Census Tract 4303
14580,14580,52588,70029981,50002,5,2,IL,USA,17,31,40700,0,0,41.967431,-87.694068,Census Tract 407
14581,14581,52592,70029987,10000,-1,1,IL,USA,17,31,50300,0,1,41.957885,-87.690444,Census Tract 503
14582,14582,52593,70029987,10002,1,2,IL,USA,17,31,210700,0,0,41.935703,-87.70384,Census Tract 2107
14583,14583,52594,70029987,20002,2,2,IL,USA,17,31,50300,0,1,41.957885,-87.690444,Census Tract 503
14584,14584,52596,70029988,10000,-1,1,IL,USA,17,31,32100,0,1,41.958154,-87.653018,Census Tract 321
14585,14585,52597,70029988,10003,1,3,IL,USA,17,31,70400,0,0,41.928967,-87.656156,Census Tract 704
14591,14591,52629,70030000,10000,-1,1,IL,USA,17,31,310500,0,1,41.855248,-87.65474,Census Tract 3105
14592,14592,52630,70030000,10002,1,2,IL,USA,17,31,62500,0,0,41.941488,-87.671107,Census Tract 625
14593,14593,52631,70030000,20002,2,2,IL,USA,17,31,839100,0,0,41.880986,-87.63307,Census Tract 8391
14594,14594,52663,70030005,10000,-1,1,IL,USA,17,31,841200,0,1,41.855562,-87.683342,Census Tract 8412
14595,14595,52664,70030005,10002,1,2,IL,USA,17,31,280100,0,0,41.885452,-87.643498,Census Tract 2801
14596,14596,52670,70030012,10000,-1,1,IL,USA,17,31,839100,0,1,41.880986,-87.63307,Census Tract 8391
14597,14597,52671,70030012,10003,1,3,IL,USA,17,31,320400,0,0,41.875817,-87.617256,Census Tract 3204
14598,14598,52672,70030012,20003,2,3,IL,USA,17,31,320400,0,0,41.875817,-87.617256,Census Tract 3204
14599,14599,52675,70030022,10000,-1,1,IL,USA,17,31,550100,0,1,41.663181,-87.535978,Census Tract 5501
14600,14600,52676,70030022,20003,2,3,IL,USA,17,31,530503,0,0,41.664204,-87.637536,Census Tract 5305.03
14627,14627,52787,70030058,10000,-1,1,IL,USA,17,31,560900,0,1,41.79577,-87.791651,Census Tract 5609
14628,14628,52788,70030058,10002,1,2,IL,USA,17,31,839100,0,0,41.880986,-87.63307,Census Tract 8391
14635,14635,52821,70030068,10000,-1,1,IL,USA,17,31,838300,0,1,41.901566,-87.638404,Census Tract 8383
14636,14636,52822,70030068,10002,1,2,IL,USA,17,31,81401,0,0,41.895035,-87.619717,Census Tract 814.01
14640,14640,52832,70030079,10000,-1,1,IL,USA,17,31,60300,0,1,41.950605,-87.671333,Census Tract 603
14641,14641,52833,70030079,10002,1,2,IL,USA,17,31,839100,0,0,41.880986,-87.63307,Census Tract 8391
14642,14642,52834,70030079,20002,2,2,IL,USA,17,31,839100,0,0,41.880986,-87.63307,Census Tract 8391
14656,14656,52874,70030098,10000,-1,1,IL,USA,17,31,261000,0,1,41.871338,-87.732009,Census Tract 2610
14657,14657,52875,70030098,10002,1,2,IL,USA,17,31,610300,0,0,41.816178,-87.675102,Census Tract 6103
14658,14658,52876,70030098,20003,2,3,IL,USA,17,31,31700,0,0,41.965447,-87.663195,Census Tract 317
14662,14662,52911,70030105,10000,-1,1,IL,USA,17,31,210602,0,1,41.934163,-87.712572,Census Tract 2106.02
14663,14663,52912,70030105,10002,1,2,IL,USA,17,31,831100,0,0,41.942856,-87.717496,Census Tract 8311
14664,14664,52913,70030105,20002,2,2,IL,USA,17,31,81202,0,0,41.904377,-87.624237,Census Tract 812.02
14665,14665,52917,70030108,10000,-1,1,IL,USA,17,31,590500,0,1,41.824898,-87.68046,Census Tract 5905
14666,14666,52918,70030108,10002,1,2,IL,USA,17,31,834400,0,0,41.77695,-87.596303,Census Tract 8344
14669,14669,52935,70030115,10000,-1,1,IL,USA,17,31,20702,0,1,41.994126,-87.704894,Census Tract 207.02
14670,14670,52936,70030115,10002,1,2,IL,USA,17,31,20701,0,0,41.986892,-87.70369,Census Tract 207.01
14671,14671,52937,70030115,10003,1,3,IL,USA,17,31,20701,0,0,41.986892,-87.70369,Census Tract 207.01
14672,14672,52938,70030115,30002,3,2,IL,USA,17,31,10400,0,0,42.006411,-87.658816,Census Tract 104
14673,14673,52939,70030115,40003,4,3,IL,USA,17,31,831800,0,0,41.978233,-87.716453,Census Tract 8318
14681,14681,52996,70030127,10000,-1,1,IL,USA,17,31,420500,0,1,41.7831,-87.608426,Census Tract 4205
14682,14682,52997,70030127,10002,1,2,IL,USA,17,31,839100,0,0,41.880986,-87.63307,Census Tract 8391
14685,14685,53022,70030131,10000,-1,1,IL,USA,17,31,832200,0,1,41.920482,-87.679976,Census Tract 8322
14686,14686,53023,70030131,10002,1,2,IL,USA,17,31,280100,0,0,41.885452,-87.643498,Census Tract 2801
14687,14687,53024,70030131,20002,2,2,IL,USA,17,31,841900,0,0,41.868458,-87.642965,Census Tract 8419
14688,14688,53025,70030131,30003,3,3,IL,USA,17,31,221600,0,0,41.921246,-87.685098,Census Tract 2216
14689,14689,53026,70030131,40003,4,3,IL,USA,17,31,832300,0,0,41.919826,-87.672781,Census Tract 8323
14693,14693,53038,70030137,10000,-1,1,IL,USA,17,31,691500,0,1,41.755053,-87.600267,Census Tract 6915
14694,14694,53039,70030137,10002,1,2,IL,USA,17,31,280100,0,0,41.885452,-87.643498,Census Tract 2801
14695,14695,53040,70030137,10003,1,3,IL,USA,17,31,839100,0,0,41.880986,-87.63307,Census Tract 8391
14704,14704,53086,70030161,10000,-1,1,IL,USA,17,31,580502,0,1,41.814562,-87.69931,Census Tract 5805.02
14705,14705,53087,70030161,10002,1,2,IL,USA,17,31,330100,0,0,41.859295,-87.615523,Census Tract 3301
14706,14706,53088,70030161,20002,2,2,IL,USA,17,31,81300,0,0,41.898335,-87.620753,Census Tract 813
14707,14707,53089,70030161,30003,3,3,IL,USA,17,31,241600,0,0,41.90671,-87.665328,Census Tract 2416
14708,14708,53090,70030161,40003,4,3,IL,USA,17,31,241600,0,0,41.90671,-87.665328,Census Tract 2416
14709,14709,53091,70030161,50003,5,3,IL,USA,17,31,580502,0,0,41.814562,-87.69931,Census Tract 5805.02
14710,14710,53119,70031624,10000,-1,1,IL,USA,17,31,242000,0,1,41.899737,-87.664954,Census Tract 2420
14711,14711,53120,70031624,10002,1,2,IL,USA,17,31,281900,0,0,41.878635,-87.642924,Census Tract 2819
14712,14712,53125,70031628,10000,-1,1,IL,USA,17,31,61902,0,1,41.946698,-87.639064,Census Tract 619.02
14713,14713,53126,70031628,10002,1,2,IL,USA,17,31,839100,0,0,41.880986,-87.63307,Census Tract 8391
14714,14714,53127,70031628,20002,2,2,IL,USA,17,31,81401,0,0,41.895035,-87.619717,Census Tract 814.01
14715,14715,53128,70031634,10000,-1,1,IL,USA,17,31,240700,0,1,41.912088,-87.694599,Census Tract 2407
14716,14716,53129,70031634,10002,1,2,IL,USA,17,31,839100,0,0,41.880986,-87.63307,Census Tract 8391
14717,14717,53132,70031635,10000,-1,1,IL,USA,17,31,830800,0,1,41.965141,-87.676577,Census Tract 8308
14718,14718,53133,70031635,10002,1,2,IL,USA,17,31,839100,0,0,41.880986,-87.63307,Census Tract 8391
14725,14725,53149,70031646,10000,-1,1,IL,USA,17,31,840100,0,1,41.841831,-87.639203,Census Tract 8401
14726,14726,53150,70031646,10003,1,3,IL,USA,17,31,320400,0,0,41.875817,-87.617256,Census Tract 3204
14727,14727,53157,70031647,10000,-1,1,IL,USA,17,31,430900,0,1,41.760641,-87.581185,Census Tract 4309
14728,14728,53158,70031647,10002,1,2,IL,USA,17,31,81201,0,0,41.899154,-87.626212,Census Tract 812.01
14741,14741,53219,70031685,10000,-1,1,IL,USA,17,31,243400,0,1,41.892558,-87.659848,Census Tract 2434
14742,14742,53220,70031685,10002,1,2,IL,USA,17,31,242100,0,0,41.89967,-87.669838,Census Tract 2421
14748,14748,53239,70031695,10000,-1,1,IL,USA,17,31,51300,0,1,41.935996,-87.67584,Census Tract 513
14749,14749,53240,70031695,20002,2,2,IL,USA,17,31,281900,0,0,41.878635,-87.642924,Census Tract 2819
14750,14750,53241,70031695,30003,3,3,IL,USA,17,31,831900,0,0,41.945169,-87.668791,Census Tract 8319
14751,14751,53242,70031695,40003,4,3,IL,USA,17,31,51300,0,0,41.935996,-87.67584,Census Tract 513
14761,14761,53258,70031702,10000,-1,1,IL,USA,17,31,390500,0,1,41.805978,-87.599199,Census Tract 3905
14762,14762,53259,70031702,20003,2,3,IL,USA,17,31,836200,0,0,41.790469,-87.601285,Census Tract 8362
14763,14763,53264,70031706,10000,-1,1,IL,USA,17,31,661000,0,1,41.761818,-87.685047,Census Tract 6610
14764,14764,53265,70031706,10002,1,2,IL,USA,17,31,841000,0,0,41.847544,-87.610198,Census Tract 8410
14765,14765,53268,70031706,20003,2,3,IL,USA,17,31,310900,0,0,41.855772,-87.674674,Census Tract 3109
14776,14776,53305,70031804,10000,-1,1,IL,USA,17,31,611900,0,1,41.798538,-87.659555,Census Tract 6119
14777,14777,53306,70031804,10002,1,2,IL,USA,17,31,842900,0,0,41.863139,-87.672937,Census Tract 8429
14778,14778,53307,70031804,10003,1,3,IL,USA,17,31,620100,0,0,41.798018,-87.718026,Census Tract 6201
14791,14791,53350,70031814,10000,-1,1,IL,USA,17,31,839900,0,1,41.827346,-87.648454,Census Tract 8399
14792,14792,53351,70031814,10002,1,2,IL,USA,17,31,833000,0,0,41.885286,-87.657249,Census Tract 8330
14793,14793,53352,70031814,20002,2,2,IL,USA,17,31,841500,0,0,41.861622,-87.707913,Census Tract 8415
14794,14794,53353,70031814,30003,3,3,IL,USA,17,31,839900,0,0,41.827346,-87.648454,Census Tract 8399
14803,14803,53397,70031827,10000,-1,1,IL,USA,17,31,31400,0,1,41.958448,-87.64241,Census Tract 314
14804,14804,53398,70031827,10002,1,2,IL,USA,17,31,839100,0,0,41.880986,-87.63307,Census Tract 8391
14805,14805,53405,70031828,10000,-1,1,IL,USA,17,31,71500,0,1,41.914242,-87.625092,Census Tract 715
14806,14806,53406,70031828,10002,1,2,IL,USA,17,31,839100,0,0,41.880986,-87.63307,Census Tract 8391
14862,14862,53597,70031896,10000,-1,1,IL,USA,17,31,520500,0,1,41.693116,-87.530872,Census Tract 5205
14863,14863,53598,70031896,10002,1,2,IL,USA,17,31,833100,0,0,41.879078,-87.657046,Census Tract 8331
14864,14864,53599,70031896,20003,2,3,IL,USA,17,31,671900,0,0,41.761326,-87.66128,Census Tract 6719
14865,14865,53600,70031896,30003,3,3,IL,USA,17,31,838000,0,0,41.877367,-87.680652,Census Tract 8380
14872,14872,53619,70031910,10000,-1,1,IL,USA,17,31,20701,0,1,41.986892,-87.70369,Census Tract 207.01
14873,14873,53620,70031910,10002,1,2,IL,USA,17,31,839100,0,0,41.880986,-87.63307,Census Tract 8391
14890,14890,53648,70031937,10000,-1,1,IL,USA,17,31,31700,0,1,41.965447,-87.663195,Census Tract 317
14891,14891,53649,70031937,10002,1,2,IL,USA,17,31,839100,0,0,41.880986,-87.63307,Census Tract 8391
14918,14918,53775,70031979,10000,-1,1,IL,USA,17,31,830600,0,1,42.001698,-87.673574,Census Tract 8306
14919,14919,53776,70031979,10002,1,2,IL,USA,17,31,10400,0,0,42.006411,-87.658816,Census Tract 104
14920,14920,53777,70031979,10003,1,3,IL,USA,17,31,10400,0,0,42.006411,-87.658816,Census Tract 104
14950,14950,53914,70032012,10000,-1,1,IL,USA,17,31,242400,0,1,41.899422,-87.68449,Census Tract 2424
14951,14951,53915,70032012,10002,1,2,IL,USA,17,31,839100,0,0,41.880986,-87.63307,Census Tract 8391
14952,14952,53916,70032012,20002,2,2,IL,USA,17,31,839100,0,0,41.880986,-87.63307,Census Tract 8391
14989,14989,54057,70032054,10000,-1,1,IL,USA,17,31,70102,0,1,41.930583,-87.642202,Census Tract 701.02
14990,14990,54058,70032054,10002,1,2,IL,USA,17,31,240300,0,0,41.912369,-87.675068,Census Tract 2403
15061,15061,54238,70032120,10000,-1,1,IL,USA,17,31,841200,0,1,41.855562,-87.683342,Census Tract 8412
15062,15062,54239,70032120,10002,1,2,IL,USA,17,31,330100,0,0,41.859295,-87.615523,Census Tract 3301
15063,15063,54240,70032120,20002,2,2,IL,USA,17,31,81500,0,0,41.892906,-87.626079,Census Tract 815
15073,15073,54291,70032132,10000,-1,1,IL,USA,17,31,71400,0,1,41.922726,-87.629526,Census Tract 714
15074,15074,54292,70032132,10002,1,2,IL,USA,17,31,842200,0,0,41.904728,-87.64922,Census Tract 8422
15083,15083,54337,70032149,10000,-1,1,IL,USA,17,31,590600,0,1,41.826833,-87.672924,Census Tract 5906
15084,15084,54338,70032149,10002,1,2,IL,USA,17,31,838200,0,0,41.870416,-87.675079,Census Tract 8382
15085,15085,54339,70032150,10000,-1,1,IL,USA,17,31,838300,0,1,41.901566,-87.638404,Census Tract 8383
15086,15086,54340,70032150,10002,1,2,IL,USA,17,31,81401,0,0,41.895035,-87.619717,Census Tract 814.01
15087,15087,54341,70032150,20002,2,2,IL,USA,17,31,838200,0,0,41.870416,-87.675079,Census Tract 8382
15088,15088,54342,70032150,30003,3,3,IL,USA,17,31,80400,0,0,41.907412,-87.640902,Census Tract 804
15089,15089,54345,70032153,10000,-1,1,IL,USA,17,31,290900,0,1,41.86241,-87.732457,Census Tract 2909
15090,15090,54346,70032153,20003,2,3,IL,USA,17,31,290900,0,0,41.86241,-87.732457,Census Tract 2909
15091,15091,54351,70032159,10000,-1,1,IL,USA,17,31,242300,0,1,41.899506,-87.6796,Census Tract 2423
15092,15092,54352,70032159,10002,1,2,IL,USA,17,31,81401,0,0,41.895035,-87.619717,Census Tract 814.01
15109,15109,54398,70032191,10000,-1,1,IL,USA,17,31,10300,0,1,42.015941,-87.666535,Census Tract 103
15110,15110,54399,70032191,10002,1,2,IL,USA,17,31,10503,0,0,42.000321,-87.663126,Census Tract 105.03
15111,15111,54400,70032191,10003,1,3,IL,USA,17,31,420400,0,0,41.78317,-87.603558,Census Tract 4204
15134,15134,54519,70032247,10000,-1,1,IL,USA,17,31,130300,0,1,41.986559,-87.713392,Census Tract 1303
15135,15135,54520,70032247,10002,1,2,IL,USA,17,31,320400,0,0,41.875817,-87.617256,Census Tract 3204
15136,15136,54521,70032247,20002,2,2,IL,USA,17,31,20602,0,0,42.001316,-87.693637,Census Tract 206.02
15149,15149,54549,70032255,10000,-1,1,IL,USA,17,31,140100,0,1,41.971201,-87.705805,Census Tract 1401
15150,15150,54550,70032255,10002,1,2,IL,USA,17,31,320100,0,0,41.886447,-87.619467,Census Tract 3201
15151,15151,54551,70032255,20003,2,3,IL,USA,17,31,140200,0,0,41.970695,-87.713004,Census Tract 1402
15161,15161,54569,70032259,10000,-1,1,IL,USA,17,31,40900,0,1,41.963185,-87.683854,Census Tract 409
15162,15162,54570,70032259,10002,1,2,IL,USA,17,31,839100,0,0,41.880986,-87.63307,Census Tract 8391
15163,15163,54571,70032259,20003,2,3,IL,USA,17,31,843700,0,0,41.94556,-87.690034,Census Tract 8437
15164,15164,54572,70032259,30003,3,3,IL,USA,17,31,843700,0,0,41.94556,-87.690034,Census Tract 8437
15181,15181,54694,70032264,10000,-1,1,IL,USA,17,31,836800,0,1,41.88509,-87.714967,Census Tract 8368
15182,15182,54695,70032264,20002,2,2,IL,USA,17,31,843300,0,0,41.863764,-87.69255,Census Tract 8433
15194,15194,54742,70032285,10000,-1,1,IL,USA,17,31,30300,0,1,41.994388,-87.672535,Census Tract 303
15195,15195,54743,70032285,10002,1,2,IL,USA,17,31,410500,0,0,41.797831,-87.603742,Census Tract 4105
15196,15196,54744,70032285,20002,2,2,IL,USA,17,31,830800,0,0,41.965141,-87.676577,Census Tract 8308
15209,15209,54811,70032304,10000,-1,1,IL,USA,17,31,611800,0,1,41.797648,-87.667114,Census Tract 6118
15210,15210,54812,70032304,10002,1,2,IL,USA,17,31,841900,0,0,41.868458,-87.642965,Census Tract 8419
15211,15211,54813,70032304,30003,3,3,IL,USA,17,31,611900,0,0,41.798538,-87.659555,Census Tract 6119
15212,15212,54817,70032306,10000,-1,1,IL,USA,17,31,240500,0,1,41.911968,-87.683627,Census Tract 2405
15213,15213,54818,70032306,10002,1,2,IL,USA,17,31,221300,0,0,41.921126,-87.699754,Census Tract 2213
15214,15214,54819,70032306,20002,2,2,IL,USA,17,31,63000,0,0,41.93631,-87.651562,Census Tract 630
15250,15250,54936,70032391,10000,-1,1,IL,USA,17,31,440202,0,1,41.74096,-87.609762,Census Tract 4402.02
15251,15251,54937,70032391,10002,1,2,IL,USA,17,31,81401,0,0,41.895035,-87.619717,Census Tract 814.01
15252,15252,54939,70032399,10000,-1,1,IL,USA,17,31,520200,0,1,41.712309,-87.540691,Census Tract 5202
15253,15253,54940,70032399,10002,1,2,IL,USA,17,31,320400,0,0,41.875817,-87.617256,Census Tract 3204
15254,15254,54941,70032399,20003,2,3,IL,USA,17,31,520600,0,0,41.68952,-87.5404,Census Tract 5206
15255,15255,54942,70032399,30003,3,3,IL,USA,17,31,520400,0,0,41.703008,-87.530703,Census Tract 5204
15256,15256,54945,70032400,10000,-1,1,IL,USA,17,31,700502,0,1,41.738852,-87.688768,Census Tract 7005.02
15257,15257,54946,70032400,10003,1,3,IL,USA,17,31,681000,0,0,41.77604,-87.649548,Census Tract 6810
15258,15258,55013,70032429,10000,-1,1,IL,USA,17,31,670400,0,1,41.7903,-87.67177,Census Tract 6704
15259,15259,55014,70032429,10002,1,2,IL,USA,17,31,839100,0,0,41.880986,-87.63307,Census Tract 8391
15283,15283,55094,70032450,10000,-1,1,IL,USA,17,31,440202,0,1,41.74096,-87.609762,Census Tract 4402.02
15284,15284,55095,70032450,10002,1,2,IL,USA,17,31,440202,0,0,41.74096,-87.609762,Census Tract 4402.02
15285,15285,55098,70032450,20002,2,2,IL,USA,17,31,830900,0,0,41.928424,-87.684906,Census Tract 8309
15286,15286,55099,70032450,30003,3,3,IL,USA,17,31,440102,0,0,41.740936,-87.601164,Census Tract 4401.02
15322,15322,55216,70032532,10000,-1,1,IL,USA,17,31,10201,0,1,42.016008,-87.680148,Census Tract 102.01
15323,15323,55217,70032532,10002,1,2,IL,USA,17,31,81800,0,0,41.893324,-87.63919,Census Tract 818
15324,15324,55218,70032532,10003,1,3,IL,USA,17,31,170100,0,0,41.95586,-87.794817,Census Tract 1701
15348,15348,55303,70032595,10000,-1,1,IL,USA,17,31,840700,0,1,41.85293,-87.694267,Census Tract 8407
15349,15349,55304,70032595,20002,2,2,IL,USA,17,31,81000,0,0,41.900266,-87.632109,Census Tract 810
15350,15350,55309,70032597,10000,-1,1,IL,USA,17,31,81700,0,1,41.892218,-87.631832,Census Tract 817
15351,15351,55310,70032597,10002,1,2,IL,USA,17,31,320400,0,0,41.875817,-87.617256,Census Tract 3204
15352,15352,55311,70032597,10003,1,3,IL,USA,17,31,320100,0,0,41.886447,-87.619467,Census Tract 3201
15362,15362,55328,70032610,10000,-1,1,IL,USA,17,31,835000,0,1,41.782849,-87.686049,Census Tract 8350
15363,15363,55329,70032610,10002,1,2,IL,USA,17,31,839100,0,0,41.880986,-87.63307,Census Tract 8391
15364,15364,55330,70032610,10003,1,3,IL,USA,17,31,320400,0,0,41.875817,-87.617256,Census Tract 3204
15370,15370,55343,70032622,10000,-1,1,IL,USA,17,31,836900,0,1,41.881883,-87.706136,Census Tract 8369
15371,15371,55344,70032622,10002,1,2,IL,USA,17,31,320400,0,0,41.875817,-87.617256,Census Tract 3204
15372,15372,55345,70032622,20002,2,2,IL,USA,17,31,833100,0,0,41.879078,-87.657046,Census Tract 8331
15375,15375,55354,70032629,10000,-1,1,IL,USA,17,31,260200,0,1,41.884324,-87.72823,Census Tract 2602
15376,15376,55355,70032629,10002,1,2,IL,USA,17,31,81700,0,0,41.892218,-87.631832,Census Tract 817
15377,15377,55356,70032629,20003,2,3,IL,USA,17,31,243400,0,0,41.892558,-87.659848,Census Tract 2434
15378,15378,55357,70032629,30003,3,3,IL,USA,17,31,243400,0,0,41.892558,-87.659848,Census Tract 2434
15379,15379,55360,70032633,10000,-1,1,IL,USA,17,31,710700,0,1,41.74711,-87.656884,Census Tract 7107
15380,15380,55361,70032633,10002,1,2,IL,USA,17,31,839100,0,0,41.880986,-87.63307,Census Tract 8391
15397,15397,55419,70032670,10000,-1,1,IL,USA,17,31,160100,0,1,41.964628,-87.742795,Census Tract 1601
15398,15398,55420,70032670,10002,1,2,IL,USA,17,31,839100,0,0,41.880986,-87.63307,Census Tract 8391
15437,15437,55538,70032699,10000,-1,1,IL,USA,17,31,460100,0,1,41.747835,-87.536725,Census Tract 4601
15438,15438,55539,70032699,10002,1,2,IL,USA,17,31,320400,0,0,41.875817,-87.617256,Census Tract 3204
15439,15439,55540,70032699,10003,1,3,IL,USA,17,31,320400,0,0,41.875817,-87.617256,Census Tract 3204
15440,15440,55541,70032699,20002,2,2,IL,USA,17,31,282700,0,0,41.871367,-87.688681,Census Tract 2827
15441,15441,55543,70032701,10000,-1,1,IL,USA,17,31,431400,0,1,41.757208,-87.546555,Census Tract 4314
15442,15442,55544,70032701,10002,1,2,IL,USA,17,31,838200,0,0,41.870416,-87.675079,Census Tract 8382
15443,15443,55545,70032701,40003,4,3,IL,USA,17,31,431301,0,0,41.75353,-87.560187,Census Tract 4313.01
15444,15444,55548,70032711,10000,-1,1,IL,USA,17,31,670800,0,1,41.783144,-87.661879,Census Tract 6708
15445,15445,55549,70032711,10002,1,2,IL,USA,17,31,830700,0,0,41.958304,-87.660765,Census Tract 8307
15495,15495,55659,70032752,10000,-1,1,IL,USA,17,31,31700,0,1,41.965447,-87.663195,Census Tract 317
15496,15496,55660,70032752,10002,1,2,IL,USA,17,31,61200,0,0,41.94906,-87.661643,Census Tract 612
15527,15527,55744,70032777,10000,-1,1,IL,USA,17,31,160900,0,1,41.950082,-87.722608,Census Tract 1609
15528,15528,55745,70032777,10002,1,2,IL,USA,17,31,320100,0,0,41.886447,-87.619467,Census Tract 3201
15529,15529,55746,70032778,10000,-1,1,IL,USA,17,31,241100,0,1,41.90664,-87.68958,Census Tract 2411
15530,15530,55747,70032778,10002,1,2,IL,USA,17,31,81800,0,0,41.893324,-87.63919,Census Tract 818
15544,15544,55778,70032801,10000,-1,1,IL,USA,17,31,242200,0,1,41.899589,-87.674719,Census Tract 2422
15545,15545,55779,70032801,10002,1,2,IL,USA,17,31,842200,0,0,41.904728,-87.64922,Census Tract 8422
15546,15546,55780,70032801,20002,2,2,IL,USA,17,31,81700,0,0,41.892218,-87.631832,Census Tract 817
15547,15547,55798,70032806,10000,-1,1,IL,USA,17,31,220702,0,1,41.929369,-87.724231,Census Tract 2207.02
15548,15548,55799,70032806,10002,1,2,IL,USA,17,31,839100,0,0,41.880986,-87.63307,Census Tract 8391
15549,15549,55800,70032806,20002,2,2,IL,USA,17,31,832900,0,0,41.874181,-87.661901,Census Tract 8329
15550,15550,55801,70032806,30003,3,3,IL,USA,17,31,839100,0,0,41.880986,-87.63307,Census Tract 8391
15551,15551,55804,70032817,10000,-1,1,IL,USA,17,31,411200,0,1,41.790562,-87.594017,Census Tract 4112
15552,15552,55805,70032817,10002,1,2,IL,USA,17,31,837800,0,0,41.88475,-87.684127,Census Tract 8378
15553,15553,55806,70032817,20002,2,2,IL,USA,17,31,836200,0,0,41.790469,-87.601285,Census Tract 8362
15554,15554,55807,70032817,20003,2,3,IL,USA,17,31,836200,0,0,41.790469,-87.601285,Census Tract 8362
15571,15571,55856,70032831,10000,-1,1,IL,USA,17,31,838600,0,1,41.867823,-87.700824,Census Tract 8386
15572,15572,55857,70032831,10002,1,2,IL,USA,17,31,841300,0,0,41.843977,-87.684202,Census Tract 8413
15573,15573,55858,70032831,20003,2,3,IL,USA,17,31,837100,0,0,41.885674,-87.69872,Census Tract 8371
15574,15574,55859,70032831,30003,3,3,IL,USA,17,31,837100,0,0,41.885674,-87.69872,Census Tract 8371
15575,15575,55860,70032831,40003,4,3,IL,USA,17,31,282700,0,0,41.871367,-87.688681,Census Tract 2827
15576,15576,55861,70032831,50003,5,3,IL,USA,17,31,843100,0,0,41.862602,-87.699453,Census Tract 8431
15577,15577,55869,70032832,10000,-1,1,IL,USA,17,31,220300,0,1,41.928465,-87.695086,Census Tract 2203
15578,15578,55870,70032832,10003,1,3,IL,USA,17,31,320100,0,0,41.886447,-87.619467,Census Tract 3201
15590,15590,55921,70032864,10000,-1,1,IL,USA,17,31,431301,0,1,41.75353,-87.560187,Census Tract 4313.01
15591,15591,55922,70032864,10002,1,2,IL,USA,17,31,691300,0,0,41.754681,-87.619847,Census Tract 6913
15599,15599,55947,70032876,10000,-1,1,IL,USA,17,31,81800,0,1,41.893324,-87.63919,Census Tract 818
15600,15600,55948,70032876,10002,1,2,IL,USA,17,31,320100,0,0,41.886447,-87.619467,Census Tract 3201
15601,15601,55950,70032881,10000,-1,1,IL,USA,17,31,70101,0,1,41.929522,-87.632325,Census Tract 701.01
15602,15602,55951,70032881,10002,1,2,IL,USA,17,31,81800,0,0,41.893324,-87.63919,Census Tract 818
15603,15603,55964,70032892,10000,-1,1,IL,USA,17,31,40401,0,1,41.972067,-87.686082,Census Tract 404.01
15604,15604,55965,70032892,10002,1,2,IL,USA,17,31,320400,0,0,41.875817,-87.617256,Census Tract 3204
15614,15614,55996,70032901,10000,-1,1,IL,USA,17,31,61902,0,1,41.946698,-87.639064,Census Tract 619.02
15615,15615,55997,70032901,10002,1,2,IL,USA,17,31,842200,0,0,41.904728,-87.64922,Census Tract 8422
15622,15622,56021,70032921,10000,-1,1,IL,USA,17,31,243400,0,1,41.892558,-87.659848,Census Tract 2434
15623,15623,56022,70032921,10002,1,2,IL,USA,17,31,838200,0,0,41.870416,-87.675079,Census Tract 8382
15624,15624,56023,70032921,20002,2,2,IL,USA,17,31,241400,0,0,41.906031,-87.675314,Census Tract 2414
15625,15625,56031,70032923,10000,-1,1,IL,USA,17,31,100200,0,1,41.995658,-87.794314,Census Tract 1002
15626,15626,56032,70032923,20002,2,2,IL,USA,17,31,833100,0,0,41.879078,-87.657046,Census Tract 8331
15627,15627,56033,70032923,40003,4,3,IL,USA,17,31,833300,0,0,41.871694,-87.654124,Census Tract 8333
15628,15628,56034,70032923,50003,5,3,IL,USA,17,31,831800,0,0,41.978233,-87.716453,Census Tract 8318
15629,15629,56051,70032929,10000,-1,1,IL,USA,17,31,63200,0,1,41.938923,-87.634673,Census Tract 632
15630,15630,56052,70032929,10003,1,3,IL,USA,17,31,81401,0,0,41.895035,-87.619717,Census Tract 814.01
15631,15631,56064,70032931,10000,-1,1,IL,USA,17,31,381500,0,1,41.810193,-87.622862,Census Tract 3815
15632,15632,56065,70032931,10002,1,2,IL,USA,17,31,63303,0,0,41.934731,-87.634661,Census Tract 633.03
15633,15633,56072,70032935,10000,-1,1,IL,USA,17,31,251100,0,1,41.898625,-87.752011,Census Tract 2511
15634,15634,56073,70032935,20003,2,3,IL,USA,17,31,251500,0,0,41.891104,-87.760354,Census Tract 2515
15635,15635,56076,70032942,10000,-1,1,IL,USA,17,31,431400,0,1,41.757208,-87.546555,Census Tract 4314
15636,15636,56077,70032942,10002,1,2,IL,USA,17,31,710800,0,0,41.747837,-87.648813,Census Tract 7108
15637,15637,56081,70032951,10000,-1,1,IL,USA,17,31,63400,0,1,41.93466,-87.64673,Census Tract 634
15638,15638,56082,70032951,10002,1,2,IL,USA,17,31,832500,0,0,41.92223,-87.664796,Census Tract 8325
15639,15639,56086,70032961,10000,-1,1,IL,USA,17,31,70101,0,1,41.929522,-87.632325,Census Tract 701.01
15640,15640,56087,70032961,10002,1,2,IL,USA,17,31,833000,0,0,41.885286,-87.657249,Census Tract 8330
15641,15641,56090,70032963,10000,-1,1,IL,USA,17,31,400500,0,1,41.791041,-87.623179,Census Tract 4005
15642,15642,56091,70032963,10002,1,2,IL,USA,17,31,320100,0,0,41.886447,-87.619467,Census Tract 3201
15643,15643,56092,70032964,10000,-1,1,IL,USA,17,31,490901,0,1,41.696058,-87.616268,Census Tract 4909.01
15644,15644,56093,70032964,10002,1,2,IL,USA,17,31,500200,0,0,41.700855,-87.600309,Census Tract 5002
15656,15656,56152,70032988,10000,-1,1,IL,USA,17,31,10400,0,1,42.006411,-87.658816,Census Tract 104
15657,15657,56153,70032988,10003,1,3,IL,USA,17,31,81201,0,0,41.899154,-87.626212,Census Tract 812.01
15665,15665,56172,70032994,10000,-1,1,IL,USA,17,31,381800,0,1,41.803848,-87.621198,Census Tract 3818
15666,15666,56175,70032994,40003,4,3,IL,USA,17,31,841900,0,0,41.868458,-87.642965,Census Tract 8419
15667,15667,56181,70032997,10000,-1,1,IL,USA,17,31,431301,0,1,41.75353,-87.560187,Census Tract 4313.01
15668,15668,56182,70032997,10002,1,2,IL,USA,17,31,842100,0,0,41.895279,-87.73361,Census Tract 8421
15669,15669,56185,70032999,10000,-1,1,IL,USA,17,31,431400,0,1,41.757208,-87.546555,Census Tract 4314
15670,15670,56186,70032999,20003,2,3,IL,USA,17,31,460302,0,0,41.747084,-87.557388,Census Tract 4603.02
15671,15671,56187,70032999,30003,3,3,IL,USA,17,31,460302,0,0,41.747084,-87.557388,Census Tract 4603.02
15672,15672,56188,70032999,40003,4,3,IL,USA,17,31,460302,0,0,41.747084,-87.557388,Census Tract 4603.02
15673,15673,56199,70033008,10000,-1,1,IL,USA,17,31,81700,0,1,41.892218,-87.631832,Census Tract 817
15674,15674,56200,70033008,10002,1,2,IL,USA,17,31,220601,0,0,41.925825,-87.712884,Census Tract 2206.01
15675,15675,56201,70033008,20003,2,3,IL,USA,17,31,220601,0,0,41.925825,-87.712884,Census Tract 2206.01
15681,15681,56214,70033024,10000,-1,1,IL,USA,17,31,680600,0,1,41.783281,-87.652165,Census Tract 6806
15682,15682,56215,70033024,10002,1,2,IL,USA,17,31,351000,0,0,41.835568,-87.606528,Census Tract 3510
15683,15683,56216,70033024,20003,2,3,IL,USA,17,31,834700,0,0,41.79069,-87.645033,Census Tract 8347
15684,15684,56217,70033024,30003,3,3,IL,USA,17,31,834800,0,0,41.783634,-87.645088,Census Tract 8348
15685,15685,56240,70033026,10000,-1,1,IL,USA,17,31,170200,0,1,41.949353,-87.781519,Census Tract 1702
15686,15686,56241,70033026,10002,1,2,IL,USA,17,31,31900,0,0,41.963374,-87.670184,Census Tract 319
15690,15690,56275,70033033,10000,-1,1,IL,USA,17,31,540101,0,1,41.65072,-87.599369,Census Tract 5401.01
15691,15691,56276,70033033,10003,1,3,IL,USA,17,31,500100,0,0,41.714683,-87.595025,Census Tract 5001
15692,15692,56277,70033033,30003,3,3,IL,USA,17,31,491200,0,0,41.688777,-87.637438,Census Tract 4912
15693,15693,56278,70033033,40003,4,3,IL,USA,17,31,540101,0,0,41.65072,-87.599369,Census Tract 5401.01
15694,15694,56279,70033033,50003,5,3,IL,USA,17,31,490500,0,0,41.717927,-87.613206,Census Tract 4905
15695,15695,56286,70033042,10000,-1,1,IL,USA,17,31,839700,0,1,41.833651,-87.651949,Census Tract 8397
15696,15696,56287,70033042,10002,1,2,IL,USA,17,31,281900,0,0,41.878635,-87.642924,Census Tract 2819
15703,15703,56309,70033071,10000,-1,1,IL,USA,17,31,440202,0,1,41.74096,-87.609762,Census Tract 4402.02
15704,15704,56310,70033071,10002,1,2,IL,USA,17,31,842400,0,0,41.742475,-87.63004,Census Tract 8424
15705,15705,56311,70033071,20003,2,3,IL,USA,17,31,440202,0,0,41.74096,-87.609762,Census Tract 4402.02
15706,15706,56327,70033084,10000,-1,1,IL,USA,17,31,30104,0,1,41.997277,-87.655986,Census Tract 301.04
15707,15707,56328,70033084,10002,1,2,IL,USA,17,31,10600,0,0,42.006277,-87.667683,Census Tract 106
15708,15708,56329,70033084,20002,2,2,IL,USA,17,31,241500,0,0,41.908374,-87.67093,Census Tract 2415
15709,15709,56331,70033092,10000,-1,1,IL,USA,17,31,843500,0,1,41.840983,-87.697566,Census Tract 8435
15710,15710,56332,70033092,10002,1,2,IL,USA,17,31,839100,0,0,41.880986,-87.63307,Census Tract 8391
15717,15717,56357,70033102,10000,-1,1,IL,USA,17,31,730400,0,1,41.717841,-87.652648,Census Tract 7304
15718,15718,56358,70033102,10002,1,2,IL,USA,17,31,300900,0,0,41.84818,-87.702699,Census Tract 3009
15730,15730,56379,70033122,10000,-1,1,IL,USA,17,31,61800,0,1,41.94649,-87.647115,Census Tract 618
15731,15731,56380,70033122,10002,1,2,IL,USA,17,31,836200,0,0,41.790469,-87.601285,Census Tract 8362
15732,15732,56383,70033130,10000,-1,1,IL,USA,17,31,710900,0,1,41.742146,-87.639689,Census Tract 7109
15733,15733,56384,70033130,10002,1,2,IL,USA,17,31,720300,0,0,41.71392,-87.677144,Census Tract 7203
15739,15739,56401,70033146,10000,-1,1,IL,USA,17,31,63200,0,1,41.938923,-87.634673,Census Tract 632
15740,15740,56402,70033146,10002,1,2,IL,USA,17,31,420400,0,0,41.78317,-87.603558,Census Tract 4204
15746,15746,56421,70033152,10000,-1,1,IL,USA,17,31,63000,0,1,41.93631,-87.651562,Census Tract 630
15747,15747,56422,70033152,10002,1,2,IL,USA,17,31,833100,0,0,41.879078,-87.657046,Census Tract 8331
15748,15748,56423,70033152,20002,2,2,IL,USA,17,31,70200,0,0,41.929078,-87.646293,Census Tract 702
15752,15752,56479,70033171,10000,-1,1,IL,USA,17,31,81000,0,1,41.900266,-87.632109,Census Tract 810
15753,15753,56480,70033171,10002,1,2,IL,USA,17,31,841100,0,0,41.851644,-87.635661,Census Tract 8411
15754,15754,56481,70033171,10003,1,3,IL,USA,17,31,81000,0,0,41.900266,-87.632109,Census Tract 810
15755,15755,56482,70033176,10000,-1,1,IL,USA,17,31,81800,0,1,41.893324,-87.63919,Census Tract 818
15756,15756,56483,70033176,10002,1,2,IL,USA,17,31,839100,0,0,41.880986,-87.63307,Census Tract 8391
15757,15757,56484,70033176,20002,2,2,IL,USA,17,31,839100,0,0,41.880986,-87.63307,Census Tract 8391
15763,15763,56502,70033183,10000,-1,1,IL,USA,17,31,63302,0,1,41.934765,-87.639854,Census Tract 633.02
15764,15764,56503,70033183,10002,1,2,IL,USA,17,31,320100,0,0,41.886447,-87.619467,Census Tract 3201
15775,15775,56556,70033195,10000,-1,1,IL,USA,17,31,242000,0,1,41.899737,-87.664954,Census Tract 2420
15776,15776,56557,70033195,10002,1,2,IL,USA,17,31,838200,0,0,41.870416,-87.675079,Census Tract 8382
15777,15777,56558,70033195,20002,2,2,IL,USA,17,31,980000,0,0,41.979419,-87.902438,Census Tract 9800
15778,15778,56561,70033196,10000,-1,1,IL,USA,17,31,730500,0,1,41.714265,-87.638138,Census Tract 7305
15779,15779,56562,70033196,10002,1,2,IL,USA,17,31,843300,0,0,41.863764,-87.69255,Census Tract 8433
15787,15787,56572,70033202,10000,-1,1,IL,USA,17,31,301801,0,1,41.84166,-87.735051,Census Tract 3018.01
15788,15788,56573,70033202,20002,2,2,IL,USA,17,31,32100,0,0,41.958154,-87.653018,Census Tract 321
15789,15789,56574,70033202,30003,3,3,IL,USA,17,31,830500,0,0,41.829125,-87.71932,Census Tract 8305
15790,15790,56576,70033203,10000,-1,1,IL,USA,17,31,61902,0,1,41.946698,-87.639064,Census Tract 619.02
15791,15791,56577,70033203,10002,1,2,IL,USA,17,31,81201,0,0,41.899154,-87.626212,Census Tract 812.01
15792,15792,56578,70033203,10003,1,3,IL,USA,17,31,81201,0,0,41.899154,-87.626212,Census Tract 812.01
15801,15801,56619,70033213,10000,-1,1,IL,USA,17,31,840400,0,1,41.833926,-87.667162,Census Tract 8404
15802,15802,56620,70033213,10003,1,3,IL,USA,17,31,838200,0,0,41.870416,-87.675079,Census Tract 8382
15832,15832,56699,70033229,10000,-1,1,IL,USA,17,31,250400,0,1,41.912908,-87.775394,Census Tract 2504
15833,15833,56700,70033229,10002,1,2,IL,USA,17,31,842300,0,0,41.908386,-87.660086,Census Tract 8423
15839,15839,56717,70033237,10000,-1,1,IL,USA,17,31,410900,0,1,41.79671,-87.578094,Census Tract 4109
15840,15840,56718,70033237,10002,1,2,IL,USA,17,31,836200,0,0,41.790469,-87.601285,Census Tract 8362
15841,15841,56734,70033238,10000,-1,1,IL,USA,17,31,835000,0,1,41.782849,-87.686049,Census Tract 8350
15842,15842,56735,70033238,10002,1,2,IL,USA,17,31,830900,0,0,41.928424,-87.684906,Census Tract 8309
15870,15870,56812,70033263,10000,-1,1,IL,USA,17,31,480500,0,1,41.7276,-87.559091,Census Tract 4805
15871,15871,56813,70033263,10002,1,2,IL,USA,17,31,839100,0,0,41.880986,-87.63307,Census Tract 8391
15872,15872,56814,70033263,30003,3,3,IL,USA,17,31,320100,0,0,41.886447,-87.619467,Census Tract 3201
15873,15873,56815,70033264,10000,-1,1,IL,USA,17,31,833100,0,1,41.879078,-87.657046,Census Tract 8331
15874,15874,56816,70033264,10002,1,2,IL,USA,17,31,62100,0,0,41.942691,-87.65177,Census Tract 621
15875,15875,56833,70033294,10000,-1,1,IL,USA,17,31,10502,0,1,42.004517,-87.663327,Census Tract 105.02
15876,15876,56834,70033294,10002,1,2,IL,USA,17,31,839100,0,0,41.880986,-87.63307,Census Tract 8391
15885,15885,56848,70033323,10000,-1,1,IL,USA,17,31,60900,0,1,41.951517,-87.641778,Census Tract 609
15886,15886,56849,70033323,20002,2,2,IL,USA,17,31,280100,0,0,41.885452,-87.643498,Census Tract 2801
15889,15889,56913,70033365,10000,-1,1,IL,USA,17,31,490902,0,1,41.70328,-87.615326,Census Tract 4909.02
15890,15890,56914,70033365,10002,1,2,IL,USA,17,31,841900,0,0,41.868458,-87.642965,Census Tract 8419
15891,15891,56915,70033365,20002,2,2,IL,USA,17,31,480400,0,0,41.72845,-87.575638,Census Tract 4804
15892,15892,56921,70033372,10000,-1,1,IL,USA,17,31,40900,0,1,41.963185,-87.683854,Census Tract 409
15893,15893,56922,70033372,10002,1,2,IL,USA,17,31,81401,0,0,41.895035,-87.619717,Census Tract 814.01
15897,15897,56953,70033441,10000,-1,1,IL,USA,17,31,100200,0,1,41.995658,-87.794314,Census Tract 1002
15898,15898,56954,70033441,20003,2,3,IL,USA,17,31,841900,0,0,41.868458,-87.642965,Census Tract 8419
15902,15902,56968,70033450,10000,-1,1,IL,USA,17,31,20301,0,1,42.006865,-87.705186,Census Tract 203.01
15903,15903,56969,70033450,10002,1,2,IL,USA,17,31,838200,0,0,41.870416,-87.675079,Census Tract 8382
15937,15937,57081,70033486,10000,-1,1,IL,USA,17,31,31400,0,1,41.958448,-87.64241,Census Tract 314
15938,15938,57082,70033486,10002,1,2,IL,USA,17,31,61200,0,0,41.94906,-87.661643,Census Tract 612
15939,15939,57092,70033493,10000,-1,1,IL,USA,17,31,80400,0,1,41.907412,-87.640902,Census Tract 804
15940,15940,57093,70033493,10002,1,2,IL,USA,17,31,833000,0,0,41.885286,-87.657249,Census Tract 8330
15941,15941,57097,70033495,10000,-1,1,IL,USA,17,31,500200,0,1,41.700855,-87.600309,Census Tract 5002
15942,15942,57098,70033495,30003,3,3,IL,USA,17,31,837300,0,0,41.871619,-87.705552,Census Tract 8373
15948,15948,57111,70033504,10000,-1,1,IL,USA,17,31,222200,0,1,41.91591,-87.683826,Census Tract 2222
15949,15949,57112,70033504,10002,1,2,IL,USA,17,31,839100,0,0,41.880986,-87.63307,Census Tract 8391
15960,15960,57164,70033514,10000,-1,1,IL,USA,17,31,690900,0,1,41.762142,-87.610345,Census Tract 6909
15961,15961,57165,70033514,10002,1,2,IL,USA,17,31,839100,0,0,41.880986,-87.63307,Census Tract 8391
15977,15977,57210,70033536,10000,-1,1,IL,USA,17,31,310500,0,1,41.855248,-87.65474,Census Tract 3105
15978,15978,57211,70033536,10003,1,3,IL,USA,17,31,841900,0,0,41.868458,-87.642965,Census Tract 8419
15979,15979,57215,70033538,10000,-1,1,IL,USA,17,31,50100,0,1,41.957845,-87.676373,Census Tract 501
15980,15980,57216,70033538,10002,1,2,IL,USA,17,31,320400,0,0,41.875817,-87.617256,Census Tract 3204
15998,15998,57264,70033574,10000,-1,1,IL,USA,17,31,832900,0,1,41.874181,-87.661901,Census Tract 8329
15999,15999,57265,70033574,10003,1,3,IL,USA,17,31,838200,0,0,41.870416,-87.675079,Census Tract 8382
16002,16002,57287,70033584,10000,-1,1,IL,USA,17,31,430101,0,1,41.769853,-87.573953,Census Tract 4301.01
16003,16003,57288,70033584,10002,1,2,IL,USA,17,31,835500,0,0,41.816353,-87.632542,Census Tract 8355
16022,16022,57354,70033608,10000,-1,1,IL,USA,17,31,242000,0,1,41.899737,-87.664954,Census Tract 2420
16023,16023,57355,70033608,10002,1,2,IL,USA,17,31,838000,0,0,41.877367,-87.680652,Census Tract 8380
16027,16027,57373,70033632,10000,-1,1,IL,USA,17,31,241300,0,1,41.906772,-87.681025,Census Tract 2413
16028,16028,57374,70033632,10002,1,2,IL,USA,17,31,839100,0,0,41.880986,-87.63307,Census Tract 8391
16029,16029,57379,70033638,10000,-1,1,IL,USA,17,31,838700,0,1,41.862578,-87.720185,Census Tract 8387
16030,16030,57380,70033638,10002,1,2,IL,USA,17,31,81500,0,0,41.892906,-87.626079,Census Tract 815
16031,16031,57381,70033638,10003,1,3,IL,USA,17,31,836700,0,0,41.891704,-87.702175,Census Tract 8367
16032,16032,57382,70033638,20002,2,2,IL,USA,17,31,839100,0,0,41.880986,-87.63307,Census Tract 8391
16033,16033,57386,70033641,10000,-1,1,IL,USA,17,31,241400,0,1,41.906031,-87.675314,Census Tract 2414
16034,16034,57387,70033641,10002,1,2,IL,USA,17,31,320100,0,0,41.886447,-87.619467,Census Tract 3201
16048,16048,57440,70033661,10000,-1,1,IL,USA,17,31,32100,0,1,41.958154,-87.653018,Census Tract 321
16049,16049,57441,70033661,20002,2,2,IL,USA,17,31,320100,0,0,41.886447,-87.619467,Census Tract 3201
16054,16054,57450,70033677,10000,-1,1,IL,USA,17,31,241600,0,1,41.90671,-87.665328,Census Tract 2416
16055,16055,57451,70033677,10002,1,2,IL,USA,17,31,839100,0,0,41.880986,-87.63307,Census Tract 8391
16063,16063,57459,70033684,10000,-1,1,IL,USA,17,31,837000,0,1,41.878323,-87.698674,Census Tract 8370
16064,16064,57460,70033684,10002,1,2,IL,USA,17,31,843300,0,0,41.863764,-87.69255,Census Tract 8433
16065,16065,57461,70033684,20003,2,3,IL,USA,17,31,836700,0,0,41.891704,-87.702175,Census Tract 8367
16066,16066,57462,70033687,10000,-1,1,IL,USA,17,31,839000,0,1,41.869903,-87.631213,Census Tract 8390
16067,16067,57463,70033687,10002,1,2,IL,USA,17,31,833000,0,0,41.885286,-87.657249,Census Tract 8330
16068,16068,57464,70033687,20002,2,2,IL,USA,17,31,833000,0,0,41.885286,-87.657249,Census Tract 8330
16069,16069,57465,70033687,30002,3,2,IL,USA,17,31,833000,0,0,41.885286,-87.657249,Census Tract 8330
16076,16076,57487,70033691,10000,-1,1,IL,USA,17,31,30102,0,1,41.993026,-87.655022,Census Tract 301.02
16077,16077,57488,70033691,10002,1,2,IL,USA,17,31,60900,0,0,41.951517,-87.641778,Census Tract 609
16078,16078,57494,70033693,10000,-1,1,IL,USA,17,31,63100,0,1,41.938232,-87.64678,Census Tract 631
16079,16079,57495,70033693,10002,1,2,IL,USA,17,31,839100,0,0,41.880986,-87.63307,Census Tract 8391
16080,16080,57499,70033697,10000,-1,1,IL,USA,17,31,31000,0,1,41.972437,-87.671109,Census Tract 310
16081,16081,57500,70033697,10002,1,2,IL,USA,17,31,320100,0,0,41.886447,-87.619467,Census Tract 3201
16082,16082,57506,70033700,10000,-1,1,IL,USA,17,31,61200,0,1,41.94906,-87.661643,Census Tract 612
16083,16083,57507,70033700,10002,1,2,IL,USA,17,31,842900,0,0,41.863139,-87.672937,Census Tract 8429
16084,16084,57508,70033700,20002,2,2,IL,USA,17,31,832600,0,0,41.914754,-87.654465,Census Tract 8326
16085,16085,57517,70033718,10000,-1,1,IL,USA,17,31,411000,0,1,41.787227,-87.577462,Census Tract 4110
16086,16086,57518,70033718,10002,1,2,IL,USA,17,31,836200,0,0,41.790469,-87.601285,Census Tract 8362
16087,16087,57519,70033724,10000,-1,1,IL,USA,17,31,60500,0,1,41.95272,-87.660501,Census Tract 605
16088,16088,57520,70033724,10002,1,2,IL,USA,17,31,61200,0,0,41.94906,-87.661643,Census Tract 612
16089,16089,57521,70033724,20002,2,2,IL,USA,17,31,71100,0,0,41.921778,-87.651061,Census Tract 711
16100,16100,57544,70033760,10000,-1,1,IL,USA,17,31,63000,0,1,41.93631,-87.651562,Census Tract 630
16101,16101,57545,70033760,10003,1,3,IL,USA,17,31,71000,0,0,41.921701,-87.655911,Census Tract 710
16102,16102,57557,70033762,10000,-1,1,IL,USA,17,31,243000,0,1,41.892275,-87.679398,Census Tract 2430
16103,16103,57558,70033762,20002,2,2,IL,USA,17,31,320100,0,0,41.886447,-87.619467,Census Tract 3201
16104,16104,57567,70033764,10000,-1,1,IL,USA,17,31,63200,0,1,41.938923,-87.634673,Census Tract 632
16105,16105,57568,70033764,10002,1,2,IL,USA,17,31,839100,0,0,41.880986,-87.63307,Census Tract 8391
16122,16122,57629,70033788,10000,-1,1,IL,USA,17,31,240500,0,1,41.911968,-87.683627,Census Tract 2405
16123,16123,57630,70033788,10002,1,2,IL,USA,17,31,242000,0,0,41.899737,-87.664954,Census Tract 2420
16130,16130,57649,70033802,10000,-1,1,IL,USA,17,31,841900,0,1,41.868458,-87.642965,Census Tract 8419
16131,16131,57650,70033802,10002,1,2,IL,USA,17,31,838200,0,0,41.870416,-87.675079,Census Tract 8382
16132,16132,57651,70033802,20002,2,2,IL,USA,17,31,839100,0,0,41.880986,-87.63307,Census Tract 8391
16133,16133,57652,70033802,30003,3,3,IL,USA,17,31,833100,0,0,41.879078,-87.657046,Census Tract 8331
16134,16134,57653,70033802,40003,4,3,IL,USA,17,31,833100,0,0,41.879078,-87.657046,Census Tract 8331
16151,16151,57701,70033837,10000,-1,1,IL,USA,17,31,30300,0,1,41.994388,-87.672535,Census Tract 303
16152,16152,57702,70033837,10002,1,2,IL,USA,17,31,830700,0,0,41.958304,-87.660765,Census Tract 8307
16155,16155,57728,70033843,10000,-1,1,IL,USA,17,31,620200,0,1,41.795522,-87.729234,Census Tract 6202
16156,16156,57729,70033843,10002,1,2,IL,USA,17,31,842900,0,0,41.863139,-87.672937,Census Tract 8429
16157,16157,57730,70033843,20003,2,3,IL,USA,17,31,620300,0,0,41.789502,-87.730444,Census Tract 6203
16161,16161,57754,70033858,10000,-1,1,IL,USA,17,31,220500,0,1,41.928396,-87.704911,Census Tract 2205
16162,16162,57755,70033858,10003,1,3,IL,USA,17,31,320400,0,0,41.875817,-87.617256,Census Tract 3204
16163,16163,57756,70033858,20002,2,2,IL,USA,17,31,81402,0,0,41.891022,-87.612931,Census Tract 814.02
16164,16164,57757,70033858,30002,3,2,IL,USA,17,31,832600,0,0,41.914754,-87.654465,Census Tract 8326
16165,16165,57758,70033858,30003,3,3,IL,USA,17,31,320400,0,0,41.875817,-87.617256,Census Tract 3204
16166,16166,57770,70033859,10000,-1,1,IL,USA,17,31,839700,0,1,41.833651,-87.651949,Census Tract 8397
16167,16167,57771,70033859,20003,2,3,IL,USA,17,31,281900,0,0,41.878635,-87.642924,Census Tract 2819
16168,16168,57777,70033860,10000,-1,1,IL,USA,17,31,841100,0,1,41.851644,-87.635661,Census Tract 8411
16169,16169,57778,70033860,10002,1,2,IL,USA,17,31,81600,0,0,41.892057,-87.628871,Census Tract 816
16170,16170,57779,70033860,20003,2,3,IL,USA,17,31,320100,0,0,41.886447,-87.619467,Census Tract 3201
16171,16171,57787,70033862,10000,-1,1,IL,USA,17,31,600700,0,1,41.840782,-87.660543,Census Tract 6007
16172,16172,57788,70033862,10002,1,2,IL,USA,17,31,839100,0,0,41.880986,-87.63307,Census Tract 8391
16173,16173,57794,70033864,10000,-1,1,IL,USA,17,31,50200,0,1,41.95774,-87.683717,Census Tract 502
16174,16174,57795,70033864,10002,1,2,IL,USA,17,31,71400,0,0,41.922726,-87.629526,Census Tract 714
16186,16186,57845,70033888,10000,-1,1,IL,USA,17,31,61000,0,1,41.949221,-87.65197,Census Tract 610
16187,16187,57846,70033888,10002,1,2,IL,USA,17,31,320400,0,0,41.875817,-87.617256,Census Tract 3204
16198,16198,57891,70033931,10000,-1,1,IL,USA,17,31,63400,0,1,41.93466,-87.64673,Census Tract 634
16199,16199,57892,70033931,10003,1,3,IL,USA,17,31,841900,0,0,41.868458,-87.642965,Census Tract 8419
16200,16200,57916,70033944,10000,-1,1,IL,USA,17,31,222200,0,1,41.91591,-87.683826,Census Tract 2222
16201,16201,57917,70033944,10002,1,2,IL,USA,17,31,81800,0,0,41.893324,-87.63919,Census Tract 818
16210,16210,57951,70033974,10000,-1,1,IL,USA,17,31,62200,0,1,41.942585,-87.656644,Census Tract 622
16211,16211,57952,70033974,10002,1,2,IL,USA,17,31,320100,0,0,41.886447,-87.619467,Census Tract 3201
16212,16212,57953,70033974,10003,1,3,IL,USA,17,31,320600,0,0,41.870554,-87.616596,Census Tract 3206
16213,16213,57958,70033975,10000,-1,1,IL,USA,17,31,61000,0,1,41.949221,-87.65197,Census Tract 610
16214,16214,57959,70033975,10002,1,2,IL,USA,17,31,281900,0,0,41.878635,-87.642924,Census Tract 2819
16215,16215,57960,70033975,20002,2,2,IL,USA,17,31,833100,0,0,41.879078,-87.657046,Census Tract 8331
16218,16218,57967,70033981,10000,-1,1,IL,USA,17,31,100100,0,1,41.989584,-87.783014,Census Tract 1001
16219,16219,57968,70033981,10002,1,2,IL,USA,17,31,243100,0,0,41.892355,-87.674507,Census Tract 2431
16220,16220,57969,70033981,30003,3,3,IL,USA,17,31,100100,0,0,41.989584,-87.783014,Census Tract 1001
16231,16231,57998,70033997,10000,-1,1,IL,USA,17,31,243100,0,1,41.892355,-87.674507,Census Tract 2431
16232,16232,57999,70033997,10002,1,2,IL,USA,17,31,81403,0,0,41.892991,-87.620956,Census Tract 814.03
16233,16233,58000,70033997,20002,2,2,IL,USA,17,31,320400,0,0,41.875817,-87.617256,Census Tract 3204
16234,16234,58021,70034002,10000,-1,1,IL,USA,17,31,440101,0,1,41.748627,-87.601451,Census Tract 4401.01
16235,16235,58022,70034002,10002,1,2,IL,USA,17,31,10300,0,0,42.015941,-87.666535,Census Tract 103
16236,16236,58023,70034002,20003,2,3,IL,USA,17,31,691500,0,0,41.755053,-87.600267,Census Tract 6915
16237,16237,58024,70034002,30003,3,3,IL,USA,17,31,690900,0,0,41.762142,-87.610345,Census Tract 6909
16238,16238,58025,70034002,40003,4,3,IL,USA,17,31,691500,0,0,41.755053,-87.600267,Census Tract 6915
16239,16239,58027,70034003,10000,-1,1,IL,USA,17,31,50100,0,1,41.957845,-87.676373,Census Tract 501
16240,16240,58028,70034003,10002,1,2,IL,USA,17,31,50600,0,0,41.950548,-87.676182,Census Tract 506
16241,16241,58029,70034003,20002,2,2,IL,USA,17,31,839100,0,0,41.880986,-87.63307,Census Tract 8391
16242,16242,58030,70034003,30003,3,3,IL,USA,17,31,833100,0,0,41.879078,-87.657046,Census Tract 8331
16243,16243,58032,70034011,10000,-1,1,IL,USA,17,31,241100,0,1,41.90664,-87.68958,Census Tract 2411
16244,16244,58033,70034011,10002,1,2,IL,USA,17,31,242600,0,0,41.90056,-87.694197,Census Tract 2426
16253,16253,58143,70034030,10000,-1,1,IL,USA,17,31,840400,0,1,41.833926,-87.667162,Census Tract 8404
16254,16254,58144,70034030,10002,1,2,IL,USA,17,31,840100,0,0,41.841831,-87.639203,Census Tract 8401
16255,16255,58145,70034030,30002,3,2,IL,USA,17,31,841900,0,0,41.868458,-87.642965,Census Tract 8419
16256,16256,58146,70034030,40002,4,2,IL,USA,17,31,81000,0,0,41.900266,-87.632109,Census Tract 810
16257,16257,58153,70034036,10000,-1,1,IL,USA,17,31,730202,0,1,41.72643,-87.648542,Census Tract 7302.02
16258,16258,58154,70034036,10002,1,2,IL,USA,17,31,251900,0,0,41.883812,-87.760094,Census Tract 2519
16259,16259,58159,70034044,10000,-1,1,IL,USA,17,31,30400,0,1,41.986952,-87.672079,Census Tract 304
16260,16260,58160,70034044,10002,1,2,IL,USA,17,31,81800,0,0,41.893324,-87.63919,Census Tract 818
16261,16261,58164,70034047,10000,-1,1,IL,USA,17,31,81000,0,1,41.900266,-87.632109,Census Tract 810
16262,16262,58165,70034047,10002,1,2,IL,USA,17,31,842200,0,0,41.904728,-87.64922,Census Tract 8422
16263,16263,58166,70034047,10003,1,3,IL,USA,17,31,833100,0,0,41.879078,-87.657046,Census Tract 8331
16266,16266,58172,70034051,10000,-1,1,IL,USA,17,31,490300,0,1,41.725381,-87.619148,Census Tract 4903
16267,16267,58173,70034051,10003,1,3,IL,USA,17,31,681000,0,0,41.77604,-87.649548,Census Tract 6810
16268,16268,58174,70034051,30002,3,2,IL,USA,17,31,839900,0,0,41.827346,-87.648454,Census Tract 8399
16274,16274,58190,70034072,10000,-1,1,IL,USA,17,31,640300,0,1,41.781532,-87.771635,Census Tract 6403
16275,16275,58191,70034072,20002,2,2,IL,USA,17,31,710200,0,0,41.755113,-87.651425,Census Tract 7102
16276,16276,58192,70034072,30002,3,2,IL,USA,17,31,710200,0,0,41.755113,-87.651425,Census Tract 7102
16277,16277,58193,70034072,30003,3,3,IL,USA,17,31,170100,0,0,41.95586,-87.794817,Census Tract 1701
16278,16278,58194,70034072,40003,4,3,IL,USA,17,31,640400,0,0,41.781178,-87.791247,Census Tract 6404
16279,16279,58195,70034072,50003,5,3,IL,USA,17,31,640300,0,0,41.781532,-87.771635,Census Tract 6403
16280,16280,58196,70034072,60003,6,3,IL,USA,17,31,640300,0,0,41.781532,-87.771635,Census Tract 6403
16281,16281,58199,70034083,10000,-1,1,IL,USA,17,31,830800,0,1,41.965141,-87.676577,Census Tract 8308
16282,16282,58200,70034083,10002,1,2,IL,USA,17,31,838200,0,0,41.870416,-87.675079,Census Tract 8382
16283,16283,58201,70034083,10003,1,3,IL,USA,17,31,831800,0,0,41.978233,-87.716453,Census Tract 8318
16284,16284,58242,70034084,10000,-1,1,IL,USA,17,31,460302,0,1,41.747084,-87.557388,Census Tract 4603.02
16285,16285,58243,70034084,10002,1,2,IL,USA,17,31,843300,0,0,41.863764,-87.69255,Census Tract 8433
16286,16286,58244,70034084,20003,2,3,IL,USA,17,31,841900,0,0,41.868458,-87.642965,Census Tract 8419
16287,16287,58245,70034084,30003,3,3,IL,USA,17,31,460302,0,0,41.747084,-87.557388,Census Tract 4603.02
16294,16294,58269,70034099,10000,-1,1,IL,USA,17,31,252101,0,1,41.873881,-87.769855,Census Tract 2521.01
16295,16295,58270,70034099,10002,1,2,IL,USA,17,31,839100,0,0,41.880986,-87.63307,Census Tract 8391
16296,16296,58274,70034107,10000,-1,1,IL,USA,17,31,690300,0,1,41.768733,-87.629116,Census Tract 6903
16297,16297,58275,70034107,10003,1,3,IL,USA,17,31,320400,0,0,41.875817,-87.617256,Census Tract 3204
16298,16298,58276,70034107,20002,2,2,IL,USA,17,31,81300,0,0,41.898335,-87.620753,Census Tract 813
16299,16299,58277,70034107,30003,3,3,IL,USA,17,31,71400,0,0,41.922726,-87.629526,Census Tract 714
16300,16300,58278,70034107,40003,4,3,IL,USA,17,31,681200,0,0,41.769159,-87.638677,Census Tract 6812
16325,16325,58351,70034151,10000,-1,1,IL,USA,17,31,190601,0,1,41.927415,-87.780461,Census Tract 1906.01
16326,16326,58352,70034151,10002,1,2,IL,USA,17,31,220902,0,0,41.922711,-87.721836,Census Tract 2209.02
16327,16327,58353,70034151,10003,1,3,IL,USA,17,31,320100,0,0,41.886447,-87.619467,Census Tract 3201
16331,16331,58394,70034163,10000,-1,1,IL,USA,17,31,710900,0,1,41.742146,-87.639689,Census Tract 7109
16332,16332,58395,70034163,10002,1,2,IL,USA,17,31,720300,0,0,41.71392,-87.677144,Census Tract 7203
16333,16333,58397,70034167,10000,-1,1,IL,USA,17,31,690900,0,1,41.762142,-87.610345,Census Tract 6909
16334,16334,58398,70034167,10002,1,2,IL,USA,17,31,480400,0,0,41.72845,-87.575638,Census Tract 4804
16335,16335,58399,70034172,10000,-1,1,IL,USA,17,31,710700,0,1,41.74711,-87.656884,Census Tract 7107
16336,16336,58400,70034172,10002,1,2,IL,USA,17,31,700502,0,0,41.738852,-87.688768,Census Tract 7005.02
16343,16343,58412,70034188,10000,-1,1,IL,USA,17,31,830600,0,1,42.001698,-87.673574,Census Tract 8306
16344,16344,58413,70034188,10002,1,2,IL,USA,17,31,839100,0,0,41.880986,-87.63307,Census Tract 8391
16345,16345,58414,70034188,20002,2,2,IL,USA,17,31,81401,0,0,41.895035,-87.619717,Census Tract 814.01
16346,16346,58415,70034188,30003,3,3,IL,USA,17,31,20802,0,0,41.994059,-87.694631,Census Tract 208.02
16376,16376,58496,70034232,10000,-1,1,IL,USA,17,31,160601,0,1,41.959398,-87.703294,Census Tract 1606.01
16377,16377,58497,70034232,20002,2,2,IL,USA,17,31,62100,0,0,41.942691,-87.65177,Census Tract 621
16382,16382,58511,70034246,10000,-1,1,IL,USA,17,31,310600,0,1,41.856333,-87.659564,Census Tract 3106
16383,16383,58512,70034246,10002,1,2,IL,USA,17,31,839100,0,0,41.880986,-87.63307,Census Tract 8391
16384,16384,58513,70034246,10003,1,3,IL,USA,17,31,838100,0,0,41.878667,-87.671689,Census Tract 8381
16385,16385,58514,70034246,20002,2,2,IL,USA,17,31,841900,0,0,41.868458,-87.642965,Census Tract 8419
16388,16388,58545,70034249,10000,-1,1,IL,USA,17,31,240900,0,1,41.904845,-87.698623,Census Tract 2409
16389,16389,58546,70034249,10003,1,3,IL,USA,17,31,320400,0,0,41.875817,-87.617256,Census Tract 3204
16390,16390,58547,70034249,20003,2,3,IL,USA,17,31,320400,0,0,41.875817,-87.617256,Census Tract 3204
16398,16398,58585,70034269,10000,-1,1,IL,USA,17,31,410100,0,1,41.801582,-87.581026,Census Tract 4101
16399,16399,58586,70034269,10002,1,2,IL,USA,17,31,842200,0,0,41.904728,-87.64922,Census Tract 8422
16400,16400,58588,70034273,10000,-1,1,IL,USA,17,31,431400,0,1,41.757208,-87.546555,Census Tract 4314
16401,16401,58589,70034273,10002,1,2,IL,USA,17,31,842200,0,0,41.904728,-87.64922,Census Tract 8422
16417,16417,58652,70034289,10000,-1,1,IL,USA,17,31,120300,0,1,41.991112,-87.740066,Census Tract 1203
16418,16418,58653,70034289,10002,1,2,IL,USA,17,31,843500,0,0,41.840983,-87.697566,Census Tract 8435
16419,16419,58654,70034289,20002,2,2,IL,USA,17,31,843500,0,0,41.840983,-87.697566,Census Tract 8435
16420,16420,58655,70034289,30003,3,3,IL,USA,17,31,120300,0,0,41.991112,-87.740066,Census Tract 1203
16421,16421,58658,70034293,10000,-1,1,IL,USA,17,31,50200,0,1,41.95774,-87.683717,Census Tract 502
16422,16422,58659,70034293,30003,3,3,IL,USA,17,31,31800,0,0,41.967011,-87.670621,Census Tract 318
16423,16423,58660,70034293,40003,4,3,IL,USA,17,31,31800,0,0,41.967011,-87.670621,Census Tract 318
16429,16429,58671,70034298,10000,-1,1,IL,USA,17,31,100300,0,1,41.988702,-87.804403,Census Tract 1003
16430,16430,58672,70034298,10002,1,2,IL,USA,17,31,320100,0,0,41.886447,-87.619467,Census Tract 3201
16431,16431,58675,70034299,10000,-1,1,IL,USA,17,31,490800,0,1,41.710683,-87.615337,Census Tract 4908
16432,16432,58676,70034299,10002,1,2,IL,USA,17,31,700301,0,0,41.745623,-87.731712,Census Tract 7003.01
16433,16433,58677,70034299,20003,2,3,IL,USA,17,31,500100,0,0,41.714683,-87.595025,Census Tract 5001
16434,16434,58679,70034312,10000,-1,1,IL,USA,17,31,150401,0,1,41.964568,-87.772265,Census Tract 1504.01
16435,16435,58680,70034312,10002,1,2,IL,USA,17,31,833000,0,0,41.885286,-87.657249,Census Tract 8330
16436,16436,58681,70034312,20003,2,3,IL,USA,17,31,150502,0,0,41.956778,-87.781841,Census Tract 1505.02
16437,16437,58683,70034320,10000,-1,1,IL,USA,17,31,330100,0,1,41.859295,-87.615523,Census Tract 3301
16438,16438,58684,70034320,10002,1,2,IL,USA,17,31,281900,0,0,41.878635,-87.642924,Census Tract 2819
16439,16439,58685,70034320,20002,2,2,IL,USA,17,31,221400,0,0,41.920801,-87.694532,Census Tract 2214
16445,16445,58713,70034326,10000,-1,1,IL,USA,17,31,252201,0,1,41.876696,-87.752105,Census Tract 2522.01
16446,16446,58714,70034326,10002,1,2,IL,USA,17,31,842200,0,0,41.904728,-87.64922,Census Tract 8422
16449,16449,58724,70034329,10000,-1,1,IL,USA,17,31,831900,0,1,41.945169,-87.668791,Census Tract 8319
16450,16450,58725,70034329,30003,3,3,IL,USA,17,31,831900,0,0,41.945169,-87.668791,Census Tract 8319
16451,16451,58734,70034340,10000,-1,1,IL,USA,17,31,31400,0,1,41.958448,-87.64241,Census Tract 314
16452,16452,58735,70034340,10002,1,2,IL,USA,17,31,281900,0,0,41.878635,-87.642924,Census Tract 2819
16453,16453,58749,70034343,10000,-1,1,IL,USA,17,31,730700,0,1,41.703082,-87.650079,Census Tract 7307
16454,16454,58750,70034343,10002,1,2,IL,USA,17,31,81700,0,0,41.892218,-87.631832,Census Tract 817
16455,16455,58751,70034343,20003,2,3,IL,USA,17,31,490600,0,0,41.717973,-87.62833,Census Tract 4906
16456,16456,58780,70034349,10000,-1,1,IL,USA,17,31,231500,0,1,41.891736,-87.718652,Census Tract 2315
16457,16457,58781,70034349,30002,3,2,IL,USA,17,31,831400,0,0,41.869119,-87.756088,Census Tract 8314
16458,16458,58797,70034350,10000,-1,1,IL,USA,17,31,251600,0,1,41.891406,-87.751804,Census Tract 2516
16459,16459,58798,70034350,10002,1,2,IL,USA,17,31,231500,0,0,41.891736,-87.718652,Census Tract 2315
16460,16460,58799,70034350,30002,3,2,IL,USA,17,31,839100,0,0,41.880986,-87.63307,Census Tract 8391
16461,16461,58800,70034350,50003,5,3,IL,USA,17,31,251900,0,0,41.883812,-87.760094,Census Tract 2519
16462,16462,58801,70034350,60003,6,3,IL,USA,17,31,251300,0,0,41.898425,-87.770385,Census Tract 2513
16463,16463,58805,70034358,10000,-1,1,IL,USA,17,31,440201,0,1,41.74821,-87.610074,Census Tract 4402.01
16464,16464,58806,70034358,20002,2,2,IL,USA,17,31,320100,0,0,41.886447,-87.619467,Census Tract 3201
16465,16465,58807,70034358,30003,3,3,IL,USA,17,31,242200,0,0,41.899589,-87.674719,Census Tract 2422
16469,16469,58865,70034368,10000,-1,1,IL,USA,17,31,10701,0,1,42.009148,-87.67862,Census Tract 107.01
16470,16470,58866,70034368,20002,2,2,IL,USA,17,31,832300,0,0,41.919826,-87.672781,Census Tract 8323
16471,16471,58867,70034368,30003,3,3,IL,USA,17,31,140200,0,0,41.970695,-87.713004,Census Tract 1402
16477,16477,58897,70034389,10000,-1,1,IL,USA,17,31,31100,0,1,41.972668,-87.663866,Census Tract 311
16478,16478,58898,70034389,10002,1,2,IL,USA,17,31,81800,0,0,41.893324,-87.63919,Census Tract 818
16479,16479,58927,70034390,10000,-1,1,IL,USA,17,31,720700,0,1,41.703107,-87.665139,Census Tract 7207
16480,16480,58928,70034390,10002,1,2,IL,USA,17,31,839000,0,0,41.869903,-87.631213,Census Tract 8390
16481,16481,58930,70034392,10000,-1,1,IL,USA,17,31,251900,0,1,41.883812,-87.760094,Census Tract 2519
16482,16482,58931,70034392,10002,1,2,IL,USA,17,31,381500,0,0,41.810193,-87.622862,Census Tract 3815
16483,16483,58932,70034392,20003,2,3,IL,USA,17,31,251700,0,0,41.891384,-87.744479,Census Tract 2517
16484,16484,58933,70034392,30003,3,3,IL,USA,17,31,251700,0,0,41.891384,-87.744479,Census Tract 2517
16492,16492,58952,70034408,10000,-1,1,IL,USA,17,31,530600,0,1,41.670088,-87.619146,Census Tract 5306
16493,16493,58953,70034408,10002,1,2,IL,USA,17,31,540101,0,0,41.65072,-87.599369,Census Tract 5401.01
16494,16494,58954,70034408,20002,2,2,IL,USA,17,31,63000,0,0,41.93631,-87.651562,Census Tract 630
16495,16495,58956,70034410,10000,-1,1,IL,USA,17,31,490902,0,1,41.70328,-87.615326,Census Tract 4909.02
16496,16496,58957,70034410,10002,1,2,IL,USA,17,31,490902,0,0,41.70328,-87.615326,Census Tract 4909.02
16497,16497,58964,70034411,10000,-1,1,IL,USA,17,31,381200,0,1,41.808511,-87.613999,Census Tract 3812
16498,16498,58965,70034411,20002,2,2,IL,USA,17,31,431302,0,0,41.758386,-87.562786,Census Tract 4313.02
16499,16499,58966,70034411,40003,4,3,IL,USA,17,31,650500,0,0,41.762219,-87.732035,Census Tract 6505
16504,16504,58976,70034425,10000,-1,1,IL,USA,17,31,62100,0,1,41.942691,-87.65177,Census Tract 621
16505,16505,58977,70034425,10002,1,2,IL,USA,17,31,320100,0,0,41.886447,-87.619467,Census Tract 3201
16506,16506,58978,70034425,20002,2,2,IL,USA,17,31,843300,0,0,41.863764,-87.69255,Census Tract 8433
16557,16557,59075,70034504,10000,-1,1,IL,USA,17,31,834000,0,1,41.72756,-87.629504,Census Tract 8340
16558,16558,59076,70034504,10002,1,2,IL,USA,17,31,840700,0,0,41.85293,-87.694267,Census Tract 8407
16574,16574,59128,70034525,10000,-1,1,IL,USA,17,31,200100,0,1,41.935055,-87.737623,Census Tract 2001
16575,16575,59129,70034525,10002,1,2,IL,USA,17,31,241500,0,0,41.908374,-87.67093,Census Tract 2415
16576,16576,59130,70034525,20002,2,2,IL,USA,17,31,839100,0,0,41.880986,-87.63307,Census Tract 8391
16586,16586,59148,70034537,10000,-1,1,IL,USA,17,31,230900,0,1,41.906692,-87.71035,Census Tract 2309
16587,16587,59149,70034537,10002,1,2,IL,USA,17,31,320400,0,0,41.875817,-87.617256,Census Tract 3204
16588,16588,59150,70034537,20002,2,2,IL,USA,17,31,40300,0,0,41.976944,-87.701983,Census Tract 403
16592,16592,59188,70034557,10000,-1,1,IL,USA,17,31,271400,0,1,41.877243,-87.713331,Census Tract 2714
16593,16593,59189,70034557,10002,1,2,IL,USA,17,31,842200,0,0,41.904728,-87.64922,Census Tract 8422
16594,16594,59190,70034557,20003,2,3,IL,USA,17,31,270500,0,0,41.87624,-87.717793,Census Tract 2705
16611,16611,59228,70034579,10000,-1,1,IL,USA,17,31,30200,0,1,41.994441,-87.66523,Census Tract 302
16612,16612,59229,70034579,10002,1,2,IL,USA,17,31,320100,0,0,41.886447,-87.619467,Census Tract 3201
16613,16613,59230,70034579,20002,2,2,IL,USA,17,31,70400,0,0,41.928967,-87.656156,Census Tract 704
16614,16614,59231,70034579,20003,2,3,IL,USA,17,31,70400,0,0,41.928967,-87.656156,Census Tract 704
16635,16635,59273,70034596,10000,-1,1,IL,USA,17,31,40402,0,1,41.972545,-87.678818,Census Tract 404.02
16636,16636,59274,70034596,10002,1,2,IL,USA,17,31,320100,0,0,41.886447,-87.619467,Census Tract 3201
16666,16666,59381,70034682,10000,-1,1,IL,USA,17,31,301200,0,1,41.848417,-87.691477,Census Tract 3012
16667,16667,59382,70034682,10002,1,2,IL,USA,17,31,841900,0,0,41.868458,-87.642965,Census Tract 8419
16668,16668,59383,70034682,20002,2,2,IL,USA,17,31,841900,0,0,41.868458,-87.642965,Census Tract 8419
16669,16669,59384,70034682,20003,2,3,IL,USA,17,31,832900,0,0,41.874181,-87.661901,Census Tract 8329
16683,16683,59417,70034690,10000,-1,1,IL,USA,17,31,221600,0,1,41.921246,-87.685098,Census Tract 2216
16684,16684,59418,70034690,10002,1,2,IL,USA,17,31,760801,0,0,41.983487,-87.84485,Census Tract 7608.01
16685,16685,59419,70034690,20002,2,2,IL,USA,17,31,190200,0,0,41.935114,-87.751649,Census Tract 1902
16686,16686,59420,70034690,30003,3,3,IL,USA,17,31,832300,0,0,41.919826,-87.672781,Census Tract 8323
16692,16692,59442,70034696,10000,-1,1,IL,USA,17,31,351000,0,1,41.835568,-87.606528,Census Tract 3510
16693,16693,59443,70034696,10002,1,2,IL,USA,17,31,842000,0,0,41.83496,-87.62517,Census Tract 8420
16699,16699,59459,70034700,10000,-1,1,IL,USA,17,31,60800,0,1,41.953959,-87.642649,Census Tract 608
16700,16700,59460,70034700,20002,2,2,IL,USA,17,31,320400,0,0,41.875817,-87.617256,Census Tract 3204
16701,16701,59462,70034701,10000,-1,1,IL,USA,17,31,81202,0,1,41.904377,-87.624237,Census Tract 812.02
16702,16702,59463,70034701,10002,1,2,IL,USA,17,31,839100,0,0,41.880986,-87.63307,Census Tract 8391
16717,16717,59533,70034722,10000,-1,1,IL,USA,17,31,200402,0,1,41.919635,-87.729679,Census Tract 2004.02
16718,16718,59534,70034722,10002,1,2,IL,USA,17,31,200402,0,0,41.919635,-87.729679,Census Tract 2004.02
16742,16742,59618,70034750,10000,-1,1,IL,USA,17,31,40700,0,1,41.967431,-87.694068,Census Tract 407
16743,16743,59619,70034750,10002,1,2,IL,USA,17,31,839100,0,0,41.880986,-87.63307,Census Tract 8391
16746,16746,59637,70034757,10000,-1,1,IL,USA,17,31,843700,0,1,41.94556,-87.690034,Census Tract 8437
16747,16747,59638,70034757,10002,1,2,IL,USA,17,31,838100,0,0,41.878667,-87.671689,Census Tract 8381
16748,16748,59639,70034757,30003,3,3,IL,USA,17,31,50500,0,0,41.950447,-87.683507,Census Tract 505
16749,16749,59640,70034757,40003,4,3,IL,USA,17,31,50500,0,0,41.950447,-87.683507,Census Tract 505
16753,16753,59649,70034766,10000,-1,1,IL,USA,17,31,838300,0,1,41.901566,-87.638404,Census Tract 8383
16754,16754,59650,70034766,10002,1,2,IL,USA,17,31,320100,0,0,41.886447,-87.619467,Census Tract 3201
16758,16758,59673,70034774,10000,-1,1,IL,USA,17,31,610300,0,1,41.816178,-87.675102,Census Tract 6103
16759,16759,59674,70034774,10003,1,3,IL,USA,17,31,680900,0,0,41.77643,-87.63763,Census Tract 6809
16760,16760,59677,70034774,40003,4,3,IL,USA,17,31,660700,0,0,41.773845,-87.681096,Census Tract 6607
16761,16761,59678,70034774,70003,7,3,IL,USA,17,31,590500,0,0,41.824898,-87.68046,Census Tract 5905
16762,16762,59679,70034774,80003,8,3,IL,USA,17,31,590500,0,0,41.824898,-87.68046,Census Tract 5905
16763,16763,59680,70034774,90003,9,3,IL,USA,17,31,590500,0,0,41.824898,-87.68046,Census Tract 5905
16774,16774,59721,70034783,10000,-1,1,IL,USA,17,31,834000,0,1,41.72756,-87.629504,Census Tract 8340
16775,16775,59722,70034783,10002,1,2,IL,USA,17,31,834000,0,0,41.72756,-87.629504,Census Tract 8340
16800,16800,59779,70034858,10000,-1,1,IL,USA,17,31,31900,0,1,41.963374,-87.670184,Census Tract 319
16801,16801,59780,70034858,20002,2,2,IL,USA,17,31,60200,0,0,41.957904,-87.671517,Census Tract 602
16804,16804,59806,70034863,10000,-1,1,IL,USA,17,31,80400,0,1,41.907412,-87.640902,Census Tract 804
16805,16805,59807,70034863,10002,1,2,IL,USA,17,31,839100,0,0,41.880986,-87.63307,Census Tract 8391
16806,16806,59822,70034867,10000,-1,1,IL,USA,17,31,839000,0,1,41.869903,-87.631213,Census Tract 8390
16807,16807,59823,70034867,20002,2,2,IL,USA,17,31,841900,0,0,41.868458,-87.642965,Census Tract 8419
16808,16808,59824,70034867,30003,3,3,IL,USA,17,31,310600,0,0,41.856333,-87.659564,Census Tract 3106
16809,16809,59831,70034877,10000,-1,1,IL,USA,17,31,140400,0,1,41.971537,-87.738943,Census Tract 1404
16810,16810,59832,70034877,10002,1,2,IL,USA,17,31,81800,0,0,41.893324,-87.63919,Census Tract 818
16813,16813,59847,70034904,10000,-1,1,IL,USA,17,31,830600,0,1,42.001698,-87.673574,Census Tract 8306
16814,16814,59848,70034904,10002,1,2,IL,USA,17,31,251800,0,0,41.884144,-87.747888,Census Tract 2518
16815,16815,59851,70034906,10000,-1,1,IL,USA,17,31,60300,0,1,41.950605,-87.671333,Census Tract 603
16816,16816,59852,70034906,20002,2,2,IL,USA,17,31,838200,0,0,41.870416,-87.675079,Census Tract 8382
16817,16817,59853,70034906,30002,3,2,IL,USA,17,31,81403,0,0,41.892991,-87.620956,Census Tract 814.03
16827,16827,59895,70034924,10000,-1,1,IL,USA,17,31,63200,0,1,41.938923,-87.634673,Census Tract 632
16828,16828,59896,70034924,10002,1,2,IL,USA,17,31,281900,0,0,41.878635,-87.642924,Census Tract 2819
16829,16829,59897,70034924,20002,2,2,IL,USA,17,31,81700,0,0,41.892218,-87.631832,Census Tract 817
16830,16830,59903,70034930,10000,-1,1,IL,USA,17,31,31100,0,1,41.972668,-87.663866,Census Tract 311
16831,16831,59904,70034930,10002,1,2,IL,USA,17,31,320100,0,0,41.886447,-87.619467,Census Tract 3201
16851,16851,59958,70034980,10000,-1,1,IL,USA,17,31,31100,0,1,41.972668,-87.663866,Census Tract 311
16852,16852,59959,70034980,10002,1,2,IL,USA,17,31,81401,0,0,41.895035,-87.619717,Census Tract 814.01
16853,16853,59960,70034980,20002,2,2,IL,USA,17,31,839100,0,0,41.880986,-87.63307,Census Tract 8391
16854,16854,59970,70034990,10000,-1,1,IL,USA,17,31,30300,0,1,41.994388,-87.672535,Census Tract 303
16855,16855,59971,70034990,10002,1,2,IL,USA,17,31,320400,0,0,41.875817,-87.617256,Census Tract 3204
16856,16856,59972,70034990,20002,2,2,IL,USA,17,31,31400,0,0,41.958448,-87.64241,Census Tract 314
16857,16857,60012,70034995,10000,-1,1,IL,USA,17,31,330100,0,1,41.859295,-87.615523,Census Tract 3301
16858,16858,60013,70034995,10002,1,2,IL,USA,17,31,320100,0,0,41.886447,-87.619467,Census Tract 3201
16859,16859,60018,70034997,10000,-1,1,IL,USA,17,31,31400,0,1,41.958448,-87.64241,Census Tract 314
16860,16860,60019,70034997,10002,1,2,IL,USA,17,31,838200,0,0,41.870416,-87.675079,Census Tract 8382
16869,16869,60053,70035027,10000,-1,1,IL,USA,17,31,160700,0,1,41.951218,-87.702135,Census Tract 1607
16870,16870,60054,70035027,10002,1,2,IL,USA,17,31,839100,0,0,41.880986,-87.63307,Census Tract 8391
16871,16871,60074,70035042,10000,-1,1,IL,USA,17,31,161300,0,1,41.942699,-87.731002,Census Tract 1613
16872,16872,60075,70035042,10002,1,2,IL,USA,17,31,839100,0,0,41.880986,-87.63307,Census Tract 8391
16873,16873,60076,70035042,20002,2,2,IL,USA,17,31,830900,0,0,41.928424,-87.684906,Census Tract 8309
16874,16874,60101,70035060,10000,-1,1,IL,USA,17,31,590500,0,1,41.824898,-87.68046,Census Tract 5905
16875,16875,60102,70035060,10002,1,2,IL,USA,17,31,320400,0,0,41.875817,-87.617256,Census Tract 3204
16876,16876,60103,70035060,20002,2,2,IL,USA,17,31,280100,0,0,41.885452,-87.643498,Census Tract 2801
16877,16877,60104,70035060,30003,3,3,IL,USA,17,31,590500,0,0,41.824898,-87.68046,Census Tract 5905
16880,16880,60136,70035071,10000,-1,1,IL,USA,17,31,700501,0,1,41.746213,-87.690342,Census Tract 7005.01
16881,16881,60137,70035071,10002,1,2,IL,USA,17,31,839100,0,0,41.880986,-87.63307,Census Tract 8391
16882,16882,60138,70035071,10003,1,3,IL,USA,17,31,680900,0,0,41.77643,-87.63763,Census Tract 6809
16883,16883,60143,70035078,10000,-1,1,IL,USA,17,31,32100,0,1,41.958154,-87.653018,Census Tract 321
16884,16884,60144,70035078,10002,1,2,IL,USA,17,31,842200,0,0,41.904728,-87.64922,Census Tract 8422
16885,16885,60145,70035078,10003,1,3,IL,USA,17,31,71000,0,0,41.921701,-87.655911,Census Tract 710
16886,16886,60164,70035127,10000,-1,1,IL,USA,17,31,71400,0,1,41.922726,-87.629526,Census Tract 714
16887,16887,60165,70035127,10002,1,2,IL,USA,17,31,839100,0,0,41.880986,-87.63307,Census Tract 8391
16888,16888,60175,70035135,10000,-1,1,IL,USA,17,31,830700,0,1,41.958304,-87.660765,Census Tract 8307
16889,16889,60176,70035135,10002,1,2,IL,USA,17,31,62700,0,0,41.936086,-87.66611,Census Tract 627
16905,16905,60200,70035185,10000,-1,1,IL,USA,17,31,710200,0,1,41.755113,-87.651425,Census Tract 7102
16906,16906,60201,70035185,10002,1,2,IL,USA,17,31,320100,0,0,41.886447,-87.619467,Census Tract 3201
16915,16915,60256,70035199,10000,-1,1,IL,USA,17,31,600400,0,1,41.841718,-87.643932,Census Tract 6004
16916,16916,60257,70035199,10002,1,2,IL,USA,17,31,320400,0,0,41.875817,-87.617256,Census Tract 3204
16917,16917,60258,70035199,10003,1,3,IL,USA,17,31,320100,0,0,41.886447,-87.619467,Census Tract 3201
16918,16918,60260,70035201,10000,-1,1,IL,USA,17,31,81900,0,1,41.89799,-87.641487,Census Tract 819
16919,16919,60261,70035201,10002,1,2,IL,USA,17,31,841100,0,0,41.851644,-87.635661,Census Tract 8411
16920,16920,60262,70035201,20002,2,2,IL,USA,17,31,839100,0,0,41.880986,-87.63307,Census Tract 8391
16921,16921,60267,70035205,10000,-1,1,IL,USA,17,31,71800,0,1,41.914586,-87.645966,Census Tract 718
16922,16922,60268,70035205,10002,1,2,IL,USA,17,31,320100,0,0,41.886447,-87.619467,Census Tract 3201
16930,16930,60288,70035216,10000,-1,1,IL,USA,17,31,60900,0,1,41.951517,-87.641778,Census Tract 609
16931,16931,60289,70035216,10002,1,2,IL,USA,17,31,839100,0,0,41.880986,-87.63307,Census Tract 8391
16932,16932,60290,70035216,10003,1,3,IL,USA,17,31,320400,0,0,41.875817,-87.617256,Census Tract 3204
16948,16948,60341,70035247,10000,-1,1,IL,USA,17,31,241600,0,1,41.90671,-87.665328,Census Tract 2416
16949,16949,60342,70035247,10002,1,2,IL,USA,17,31,839100,0,0,41.880986,-87.63307,Census Tract 8391
16958,16958,60356,70035263,10000,-1,1,IL,USA,17,31,30200,0,1,41.994441,-87.66523,Census Tract 302
16959,16959,60357,70035263,10002,1,2,IL,USA,17,31,832500,0,0,41.92223,-87.664796,Census Tract 8325
16965,16965,60371,70035271,10000,-1,1,IL,USA,17,31,200402,0,1,41.919635,-87.729679,Census Tract 2004.02
16966,16966,60372,70035271,10003,1,3,IL,USA,17,31,200401,0,0,41.919828,-87.737542,Census Tract 2004.01
16974,16974,60384,70035276,10000,-1,1,IL,USA,17,31,460302,0,1,41.747084,-87.557388,Census Tract 4603.02
16975,16975,60385,70035276,10002,1,2,IL,USA,17,31,450300,0,0,41.741944,-87.579089,Census Tract 4503
16976,16976,60386,70035276,20003,2,3,IL,USA,17,31,710500,0,0,41.747532,-87.670787,Census Tract 7105
16977,16977,60398,70035286,10000,-1,1,IL,USA,17,31,831800,0,1,41.978233,-87.716453,Census Tract 8318
16978,16978,60399,70035286,10002,1,2,IL,USA,17,31,760801,0,0,41.983487,-87.84485,Census Tract 7608.01
16987,16987,60447,70035295,10000,-1,1,IL,USA,17,31,31300,0,1,41.973765,-87.64653,Census Tract 313
16988,16988,60448,70035295,10002,1,2,IL,USA,17,31,81800,0,0,41.893324,-87.63919,Census Tract 818
16998,16998,60469,70035322,10000,-1,1,IL,USA,17,31,661000,0,1,41.761818,-87.685047,Census Tract 6610
16999,16999,60470,70035322,10002,1,2,IL,USA,17,31,81300,0,0,41.898335,-87.620753,Census Tract 813
17015,17015,60521,70035347,10000,-1,1,IL,USA,17,31,630400,0,1,41.797254,-87.698781,Census Tract 6304
17016,17016,60522,70035347,10002,1,2,IL,USA,17,31,32100,0,0,41.958154,-87.653018,Census Tract 321
17017,17017,60525,70035347,20002,2,2,IL,USA,17,31,837800,0,0,41.88475,-87.684127,Census Tract 8378
17027,17027,60540,70035364,10000,-1,1,IL,USA,17,31,30603,0,1,41.985476,-87.658398,Census Tract 306.03
17028,17028,60541,70035364,10002,1,2,IL,USA,17,31,839100,0,0,41.880986,-87.63307,Census Tract 8391
17029,17029,60542,70035364,20002,2,2,IL,USA,17,31,839100,0,0,41.880986,-87.63307,Census Tract 8391
17030,17030,60543,70035364,30003,3,3,IL,USA,17,31,839100,0,0,41.880986,-87.63307,Census Tract 8391
17034,17034,60578,70035372,10000,-1,1,IL,USA,17,31,40700,0,1,41.967431,-87.694068,Census Tract 407
17035,17035,60579,70035372,10002,1,2,IL,USA,17,31,839100,0,0,41.880986,-87.63307,Census Tract 8391
17064,17064,60642,70035403,10000,-1,1,IL,USA,17,31,31200,0,1,41.972709,-87.657341,Census Tract 312
17065,17065,60643,70035403,10002,1,2,IL,USA,17,31,839000,0,0,41.869903,-87.631213,Census Tract 8390
17072,17072,60671,70035409,10000,-1,1,IL,USA,17,31,221000,0,1,41.92096,-87.715253,Census Tract 2210
17073,17073,60672,70035409,10003,1,3,IL,USA,17,31,320600,0,0,41.870554,-87.616596,Census Tract 3206
17074,17074,60673,70035409,20003,2,3,IL,USA,17,31,320600,0,0,41.870554,-87.616596,Census Tract 3206
17075,17075,60682,70035411,10000,-1,1,IL,USA,17,31,831800,0,1,41.978233,-87.716453,Census Tract 8318
17076,17076,60683,70035411,10002,1,2,IL,USA,17,31,831000,0,0,41.914798,-87.676997,Census Tract 8310
17077,17077,60684,70035411,10003,1,3,IL,USA,17,31,838100,0,0,41.878667,-87.671689,Census Tract 8381
17078,17078,60685,70035411,20002,2,2,IL,USA,17,31,838100,0,0,41.878667,-87.671689,Census Tract 8381
17084,17084,60711,70035416,10000,-1,1,IL,USA,17,31,841400,0,1,41.853339,-87.714393,Census Tract 8414
17085,17085,60712,70035416,10002,1,2,IL,USA,17,31,320400,0,0,41.875817,-87.617256,Census Tract 3204
17086,17086,60713,70035416,20003,2,3,IL,USA,17,31,300800,0,0,41.848111,-87.707582,Census Tract 3008
17087,17087,60714,70035416,40003,4,3,IL,USA,17,31,838700,0,0,41.862578,-87.720185,Census Tract 8387
17095,17095,60740,70035435,10000,-1,1,IL,USA,17,31,110100,0,1,41.987476,-87.769673,Census Tract 1101
17096,17096,60741,70035435,10002,1,2,IL,USA,17,31,839100,0,0,41.880986,-87.63307,Census Tract 8391
17097,17097,60742,70035435,20002,2,2,IL,USA,17,31,839100,0,0,41.880986,-87.63307,Census Tract 8391
17101,17101,60751,70035448,10000,-1,1,IL,USA,17,31,40900,0,1,41.963185,-87.683854,Census Tract 409
17102,17102,60752,70035448,10002,1,2,IL,USA,17,31,320400,0,0,41.875817,-87.617256,Census Tract 3204
17106,17106,60765,70035450,10000,-1,1,IL,USA,17,31,62000,0,1,41.942577,-87.647079,Census Tract 620
17107,17107,60766,70035450,10003,1,3,IL,USA,17,31,81401,0,0,41.895035,-87.619717,Census Tract 814.01
17108,17108,60767,70035450,20002,2,2,IL,USA,17,31,81401,0,0,41.895035,-87.619717,Census Tract 814.01
17109,17109,60768,70035450,20003,2,3,IL,USA,17,31,81401,0,0,41.895035,-87.619717,Census Tract 814.01
17120,17120,60799,70035486,10000,-1,1,IL,USA,17,31,30500,0,1,41.987226,-87.664936,Census Tract 305
17121,17121,60800,70035486,10002,1,2,IL,USA,17,31,839100,0,0,41.880986,-87.63307,Census Tract 8391
17122,17122,60801,70035486,20002,2,2,IL,USA,17,31,31700,0,0,41.965447,-87.663195,Census Tract 317
17123,17123,60803,70035487,10000,-1,1,IL,USA,17,31,836200,0,1,41.790469,-87.601285,Census Tract 8362
17124,17124,60804,70035487,10002,1,2,IL,USA,17,31,836200,0,0,41.790469,-87.601285,Census Tract 8362
17125,17125,60805,70035487,10003,1,3,IL,USA,17,31,836200,0,0,41.790469,-87.601285,Census Tract 8362
17126,17126,60806,70035487,20003,2,3,IL,USA,17,31,836200,0,0,41.790469,-87.601285,Census Tract 8362
17127,17127,60808,70035490,10000,-1,1,IL,USA,17,31,243400,0,1,41.892558,-87.659848,Census Tract 2434
17128,17128,60809,70035490,10002,1,2,IL,USA,17,31,281900,0,0,41.878635,-87.642924,Census Tract 2819
17143,17143,60902,70035521,10000,-1,1,IL,USA,17,31,50200,0,1,41.95774,-87.683717,Census Tract 502
17144,17144,60903,70035521,10002,1,2,IL,USA,17,31,81700,0,0,41.892218,-87.631832,Census Tract 817
17145,17145,60904,70035521,20002,2,2,IL,USA,17,31,839100,0,0,41.880986,-87.63307,Census Tract 8391
17146,17146,60905,70035521,30003,3,3,IL,USA,17,31,61901,0,0,41.943244,-87.643458,Census Tract 619.01
17147,17147,60922,70035530,10000,-1,1,IL,USA,17,31,620300,0,1,41.789502,-87.730444,Census Tract 6203
17148,17148,60923,70035530,10002,1,2,IL,USA,17,31,840800,0,0,41.840833,-87.707371,Census Tract 8408
17153,17153,60941,70035550,10000,-1,1,IL,USA,17,31,833100,0,1,41.879078,-87.657046,Census Tract 8331
17154,17154,60942,70035550,10003,1,3,IL,USA,17,31,320600,0,0,41.870554,-87.616596,Census Tract 3206
17155,17155,60955,70035559,10000,-1,1,IL,USA,17,31,410500,0,1,41.797831,-87.603742,Census Tract 4105
17156,17156,60956,70035559,10002,1,2,IL,USA,17,31,320400,0,0,41.875817,-87.617256,Census Tract 3204
17157,17157,60957,70035559,20003,2,3,IL,USA,17,31,836200,0,0,41.790469,-87.601285,Census Tract 8362
17171,17171,61006,70035617,10000,-1,1,IL,USA,17,31,410500,0,1,41.797831,-87.603742,Census Tract 4105
17172,17172,61007,70035617,10002,1,2,IL,USA,17,31,836200,0,0,41.790469,-87.601285,Census Tract 8362
17173,17173,61008,70035617,10003,1,3,IL,USA,17,31,836200,0,0,41.790469,-87.601285,Census Tract 8362
17174,17174,61009,70035617,20002,2,2,IL,USA,17,31,836200,0,0,41.790469,-87.601285,Census Tract 8362
17175,17175,61010,70035617,20003,2,3,IL,USA,17,31,836200,0,0,41.790469,-87.601285,Census Tract 8362
17189,17189,61066,70035647,10000,-1,1,IL,USA,17,31,63301,0,1,41.934541,-87.643024,Census Tract 633.01
17190,17190,61067,70035647,10002,1,2,IL,USA,17,31,320100,0,0,41.886447,-87.619467,Census Tract 3201
17191,17191,61068,70035647,20002,2,2,IL,USA,17,31,320400,0,0,41.875817,-87.617256,Census Tract 3204
17195,17195,61077,70035655,10000,-1,1,IL,USA,17,31,140100,0,1,41.971201,-87.705805,Census Tract 1401
17196,17196,61078,70035655,10002,1,2,IL,USA,17,31,81800,0,0,41.893324,-87.63919,Census Tract 818
17202,17202,61093,70035661,10000,-1,1,IL,USA,17,31,31700,0,1,41.965447,-87.663195,Census Tract 317
17203,17203,61094,70035661,10002,1,2,IL,USA,17,31,320400,0,0,41.875817,-87.617256,Census Tract 3204
17204,17204,61100,70035668,10000,-1,1,IL,USA,17,31,31200,0,1,41.972709,-87.657341,Census Tract 312
17205,17205,61101,70035668,10002,1,2,IL,USA,17,31,839100,0,0,41.880986,-87.63307,Census Tract 8391
17211,17211,61115,70035678,10000,-1,1,IL,USA,17,31,61800,0,1,41.94649,-87.647115,Census Tract 618
17212,17212,61116,70035678,10002,1,2,IL,USA,17,31,30104,0,0,41.997277,-87.655986,Census Tract 301.04
17213,17213,61117,70035678,10003,1,3,IL,USA,17,31,30104,0,0,41.997277,-87.655986,Census Tract 301.04
17214,17214,61118,70035678,20002,2,2,IL,USA,17,31,841900,0,0,41.868458,-87.642965,Census Tract 8419
17215,17215,61119,70035678,20003,2,3,IL,USA,17,31,841900,0,0,41.868458,-87.642965,Census Tract 8419
17216,17216,61138,70035681,10000,-1,1,IL,USA,17,31,140200,0,1,41.970695,-87.713004,Census Tract 1402
17217,17217,61139,70035681,10003,1,3,IL,USA,17,31,831800,0,0,41.978233,-87.716453,Census Tract 8318
17218,17218,61142,70035686,10000,-1,1,IL,USA,17,31,251200,0,1,41.898549,-87.760604,Census Tract 2512
17219,17219,61143,70035686,20002,2,2,IL,USA,17,31,251100,0,0,41.898625,-87.752011,Census Tract 2511
17222,17222,61150,70035706,10000,-1,1,IL,USA,17,31,30706,0,1,41.980415,-87.650916,Census Tract 307.06
17223,17223,61151,70035706,10002,1,2,IL,USA,17,31,252201,0,0,41.876696,-87.752105,Census Tract 2522.01
17224,17224,61152,70035706,20002,2,2,IL,USA,17,31,841900,0,0,41.868458,-87.642965,Census Tract 8419
17227,17227,61187,70035728,10000,-1,1,IL,USA,17,31,63000,0,1,41.93631,-87.651562,Census Tract 630
17228,17228,61188,70035728,10002,1,2,IL,USA,17,31,81600,0,0,41.892057,-87.628871,Census Tract 816
17229,17229,61201,70035730,10000,-1,1,IL,USA,17,31,320100,0,1,41.886447,-87.619467,Census Tract 3201
17230,17230,61202,70035730,10003,1,3,IL,USA,17,31,836200,0,0,41.790469,-87.601285,Census Tract 8362
17231,17231,61203,70035738,10000,-1,1,IL,USA,17,31,81100,0,1,41.900221,-87.629105,Census Tract 811
17232,17232,61204,70035738,10002,1,2,IL,USA,17,31,839100,0,0,41.880986,-87.63307,Census Tract 8391
17233,17233,61211,70035744,10000,-1,1,IL,USA,17,31,310500,0,1,41.855248,-87.65474,Census Tract 3105
17234,17234,61212,70035744,10002,1,2,IL,USA,17,31,839100,0,0,41.880986,-87.63307,Census Tract 8391
17235,17235,61213,70035744,20002,2,2,IL,USA,17,31,836200,0,0,41.790469,-87.601285,Census Tract 8362
17236,17236,61214,70035744,20003,2,3,IL,USA,17,31,836200,0,0,41.790469,-87.601285,Census Tract 8362
17237,17237,61215,70035744,30002,3,2,IL,USA,17,31,839100,0,0,41.880986,-87.63307,Census Tract 8391
17240,17240,61222,70035763,10000,-1,1,IL,USA,17,31,70200,0,1,41.929078,-87.646293,Census Tract 702
17241,17241,61223,70035763,10002,1,2,IL,USA,17,31,839100,0,0,41.880986,-87.63307,Census Tract 8391
17242,17242,61224,70035763,20002,2,2,IL,USA,17,31,833000,0,0,41.885286,-87.657249,Census Tract 8330
17243,17243,61234,70035781,10000,-1,1,IL,USA,17,31,411100,0,1,41.790455,-87.589701,Census Tract 4111
17244,17244,61235,70035781,10002,1,2,IL,USA,17,31,420400,0,0,41.78317,-87.603558,Census Tract 4204
17245,17245,61236,70035781,10003,1,3,IL,USA,17,31,836200,0,0,41.790469,-87.601285,Census Tract 8362
17246,17246,61241,70035788,10000,-1,1,IL,USA,17,31,51000,0,1,41.941302,-87.685732,Census Tract 510
17247,17247,61242,70035788,20002,2,2,IL,USA,17,31,839100,0,0,41.880986,-87.63307,Census Tract 8391
17248,17248,61243,70035788,30002,3,2,IL,USA,17,31,843700,0,0,41.94556,-87.690034,Census Tract 8437
17254,17254,61253,70035803,10000,-1,1,IL,USA,17,31,81403,0,1,41.892991,-87.620956,Census Tract 814.03
17255,17255,61254,70035803,10002,1,2,IL,USA,17,31,839100,0,0,41.880986,-87.63307,Census Tract 8391
17256,17256,61258,70035813,10000,-1,1,IL,USA,17,31,834300,0,1,41.745835,-87.591788,Census Tract 8343
17257,17257,61259,70035813,20003,2,3,IL,USA,17,31,440102,0,0,41.740936,-87.601164,Census Tract 4401.02
17258,17258,61263,70035834,10000,-1,1,IL,USA,17,31,390600,0,1,41.806018,-87.59435,Census Tract 3906
17259,17259,61264,70035834,10003,1,3,IL,USA,17,31,836200,0,0,41.790469,-87.601285,Census Tract 8362
17260,17260,61265,70035834,20002,2,2,IL,USA,17,31,81700,0,0,41.892218,-87.631832,Census Tract 817
17264,17264,61275,70035838,10000,-1,1,IL,USA,17,31,61901,0,1,41.943244,-87.643458,Census Tract 619.01
17265,17265,61276,70035838,10002,1,2,IL,USA,17,31,833000,0,0,41.885286,-87.657249,Census Tract 8330
17408,17408,61642,70035965,10000,-1,1,IL,USA,17,31,836700,0,1,41.891704,-87.702175,Census Tract 8367
17409,17409,61643,70035965,10002,1,2,IL,USA,17,31,839100,0,0,41.880986,-87.63307,Census Tract 8391
17410,17410,61644,70035968,10000,-1,1,IL,USA,17,31,832100,0,1,41.952821,-87.653241,Census Tract 8321
17411,17411,61645,70035968,10002,1,2,IL,USA,17,31,281900,0,0,41.878635,-87.642924,Census Tract 2819
17426,17426,61672,70035992,10000,-1,1,IL,USA,17,31,63100,0,1,41.938232,-87.64678,Census Tract 631
17427,17427,61673,70035992,10002,1,2,IL,USA,17,31,839100,0,0,41.880986,-87.63307,Census Tract 8391
17455,17455,61769,70036067,10000,-1,1,IL,USA,17,31,81201,0,1,41.899154,-87.626212,Census Tract 812.01
17456,17456,61770,70036067,10002,1,2,IL,USA,17,31,839100,0,0,41.880986,-87.63307,Census Tract 8391
17460,17460,61798,70036081,10000,-1,1,IL,USA,17,31,71400,0,1,41.922726,-87.629526,Census Tract 714
17461,17461,61799,70036081,10002,1,2,IL,USA,17,31,320400,0,0,41.875817,-87.617256,Census Tract 3204
17462,17462,61800,70036081,30003,3,3,IL,USA,17,31,71500,0,0,41.914242,-87.625092,Census Tract 715
17475,17475,61846,70036098,10000,-1,1,IL,USA,17,31,330100,0,1,41.859295,-87.615523,Census Tract 3301
17476,17476,61847,70036098,10002,1,2,IL,USA,17,31,31400,0,0,41.958448,-87.64241,Census Tract 314
17477,17477,61848,70036098,10003,1,3,IL,USA,17,31,320400,0,0,41.875817,-87.617256,Census Tract 3204
17489,17489,61888,70036134,10000,-1,1,IL,USA,17,31,330100,0,1,41.859295,-87.615523,Census Tract 3301
17490,17490,61889,70036134,10002,1,2,IL,USA,17,31,839100,0,0,41.880986,-87.63307,Census Tract 8391
17491,17491,61890,70036134,20002,2,2,IL,USA,17,31,838200,0,0,41.870416,-87.675079,Census Tract 8382
17495,17495,61904,70036151,10000,-1,1,IL,USA,17,31,51100,0,1,41.941365,-87.680827,Census Tract 511
17496,17496,61905,70036151,10002,1,2,IL,USA,17,31,838200,0,0,41.870416,-87.675079,Census Tract 8382
17500,17500,61924,70036157,10000,-1,1,IL,USA,17,31,51000,0,1,41.941302,-87.685732,Census Tract 510
17501,17501,61925,70036157,10003,1,3,IL,USA,17,31,839100,0,0,41.880986,-87.63307,Census Tract 8391
17504,17504,61935,70036183,10000,-1,1,IL,USA,17,31,320100,0,1,41.886447,-87.619467,Census Tract 3201
17505,17505,61936,70036183,10002,1,2,IL,USA,17,31,839100,0,0,41.880986,-87.63307,Census Tract 8391
17506,17506,61937,70036183,20003,2,3,IL,USA,17,31,81401,0,0,41.895035,-87.619717,Census Tract 814.01
17515,17515,61970,70036245,10000,-1,1,IL,USA,17,31,490700,0,1,41.710734,-87.628362,Census Tract 4907
17516,17516,61971,70036245,10002,1,2,IL,USA,17,31,570300,0,0,41.804145,-87.730791,Census Tract 5703
17517,17517,61972,70036245,20002,2,2,IL,USA,17,31,570300,0,0,41.804145,-87.730791,Census Tract 5703
17584,17584,62161,70036308,10000,-1,1,IL,USA,17,31,290900,0,1,41.86241,-87.732457,Census Tract 2909
17585,17585,62162,70036308,10002,1,2,IL,USA,17,31,838100,0,0,41.878667,-87.671689,Census Tract 8381
17586,17586,62163,70036308,20002,2,2,IL,USA,17,31,292400,0,0,41.85524,-87.722399,Census Tract 2924
17587,17587,62164,70036308,30003,3,3,IL,USA,17,31,241400,0,0,41.906031,-87.675314,Census Tract 2414
17588,17588,62165,70036308,40003,4,3,IL,USA,17,31,241400,0,0,41.906031,-87.675314,Census Tract 2414
17603,17603,62213,70036343,10000,-1,1,IL,USA,17,31,242300,0,1,41.899506,-87.6796,Census Tract 2423
17604,17604,62214,70036343,20002,2,2,IL,USA,17,31,281900,0,0,41.878635,-87.642924,Census Tract 2819
17605,17605,62215,70036343,20003,2,3,IL,USA,17,31,841900,0,0,41.868458,-87.642965,Census Tract 8419
17606,17606,62216,70036343,30002,3,2,IL,USA,17,31,81500,0,0,41.892906,-87.626079,Census Tract 815
17607,17607,62221,70036351,10000,-1,1,IL,USA,17,31,220702,0,1,41.929369,-87.724231,Census Tract 2207.02
17608,17608,62222,70036351,10002,1,2,IL,USA,17,31,839100,0,0,41.880986,-87.63307,Census Tract 8391
17609,17609,62223,70036351,20002,2,2,IL,USA,17,31,839100,0,0,41.880986,-87.63307,Census Tract 8391
17643,17643,62312,70036411,10000,-1,1,IL,USA,17,31,61901,0,1,41.943244,-87.643458,Census Tract 619.01
17644,17644,62313,70036411,10002,1,2,IL,USA,17,31,280100,0,0,41.885452,-87.643498,Census Tract 2801
17645,17645,62315,70036415,10000,-1,1,IL,USA,17,31,600700,0,1,41.840782,-87.660543,Census Tract 6007
17646,17646,62316,70036415,10002,1,2,IL,USA,17,31,839900,0,0,41.827346,-87.648454,Census Tract 8399
17658,17658,62339,70036426,10000,-1,1,IL,USA,17,31,839100,0,1,41.880986,-87.63307,Census Tract 8391
17659,17659,62340,70036426,10002,1,2,IL,USA,17,31,839100,0,0,41.880986,-87.63307,Census Tract 8391
17660,17660,62350,70036443,10000,-1,1,IL,USA,17,31,280100,0,1,41.885452,-87.643498,Census Tract 2801
17661,17661,62351,70036443,10002,1,2,IL,USA,17,31,351400,0,0,41.827402,-87.624091,Census Tract 3514
17662,17662,62364,70036467,10000,-1,1,IL,USA,17,31,440102,0,1,41.740936,-87.601164,Census Tract 4401.02
17663,17663,62365,70036467,20003,2,3,IL,USA,17,31,680900,0,0,41.77643,-87.63763,Census Tract 6809
17686,17686,62432,70036496,10000,-1,1,IL,USA,17,31,71300,0,1,41.921779,-87.641458,Census Tract 713
17687,17687,62433,70036496,10002,1,2,IL,USA,17,31,81800,0,0,41.893324,-87.63919,Census Tract 818
17725,17725,62534,70036547,10000,-1,1,IL,USA,17,31,63302,0,1,41.934765,-87.639854,Census Tract 633.02
17726,17726,62535,70036547,10002,1,2,IL,USA,17,31,81300,0,0,41.898335,-87.620753,Census Tract 813
17748,17748,62600,70036593,10000,-1,1,IL,USA,17,31,320400,0,1,41.875817,-87.617256,Census Tract 3204
17749,17749,62601,70036593,10003,1,3,IL,USA,17,31,842200,0,0,41.904728,-87.64922,Census Tract 8422
17768,17768,62637,70036628,10000,-1,1,IL,USA,17,31,10702,0,1,42.00902,-87.672726,Census Tract 107.02
17769,17769,62638,70036628,10002,1,2,IL,USA,17,31,32100,0,0,41.958154,-87.653018,Census Tract 321
17770,17770,62659,70036630,10000,-1,1,IL,USA,17,31,320600,0,1,41.870554,-87.616596,Census Tract 3206
17771,17771,62660,70036630,10002,1,2,IL,USA,17,31,839100,0,0,41.880986,-87.63307,Census Tract 8391
17772,17772,62683,70036640,10000,-1,1,IL,USA,17,31,390300,0,1,41.813201,-87.604209,Census Tract 3903
17773,17773,62684,70036640,10002,1,2,IL,USA,17,31,81300,0,0,41.898335,-87.620753,Census Tract 813
17783,17783,62697,70036661,10000,-1,1,IL,USA,17,31,300500,0,1,41.847425,-87.721939,Census Tract 3005
17784,17784,62698,70036661,20002,2,2,IL,USA,17,31,830700,0,0,41.958304,-87.660765,Census Tract 8307
17785,17785,62699,70036661,30003,3,3,IL,USA,17,31,841300,0,0,41.843977,-87.684202,Census Tract 8413
17786,17786,62700,70036661,40003,4,3,IL,USA,17,31,301701,0,0,41.84248,-87.719625,Census Tract 3017.01
17787,17787,62701,70036661,50003,5,3,IL,USA,17,31,301701,0,0,41.84248,-87.719625,Census Tract 3017.01
17788,17788,62702,70036671,10000,-1,1,IL,USA,17,31,283800,0,1,41.863417,-87.653755,Census Tract 2838
17789,17789,62703,70036671,10003,1,3,IL,USA,17,31,420400,0,0,41.78317,-87.603558,Census Tract 4204
17790,17790,62704,70036671,20002,2,2,IL,USA,17,31,836200,0,0,41.790469,-87.601285,Census Tract 8362
17793,17793,62716,70036707,10000,-1,1,IL,USA,17,31,561100,0,1,41.78887,-87.77191,Census Tract 5611
17794,17794,62717,70036707,10002,1,2,IL,USA,17,31,320600,0,0,41.870554,-87.616596,Census Tract 3206
17795,17795,62718,70036707,30003,3,3,IL,USA,17,31,490500,0,0,41.717927,-87.613206,Census Tract 4905
17796,17796,62719,70036707,40003,4,3,IL,USA,17,31,381200,0,0,41.808511,-87.613999,Census Tract 3812
17799,17799,62756,70036724,10000,-1,1,IL,USA,17,31,843300,0,1,41.863764,-87.69255,Census Tract 8433
17800,17800,62757,70036724,10002,1,2,IL,USA,17,31,81700,0,0,41.892218,-87.631832,Census Tract 817
17812,17812,62832,70036740,10000,-1,1,IL,USA,17,31,10702,0,1,42.00902,-87.672726,Census Tract 107.02
17813,17813,62833,70036740,10002,1,2,IL,USA,17,31,839100,0,0,41.880986,-87.63307,Census Tract 8391
17814,17814,62834,70036740,20002,2,2,IL,USA,17,31,281900,0,0,41.878635,-87.642924,Census Tract 2819
17860,17860,62957,70036842,10000,-1,1,IL,USA,17,31,10702,0,1,42.00902,-87.672726,Census Tract 107.02
17861,17861,62958,70036842,10002,1,2,IL,USA,17,31,63000,0,0,41.93631,-87.651562,Census Tract 630
17862,17862,62965,70036850,10000,-1,1,IL,USA,17,31,50600,0,1,41.950548,-87.676182,Census Tract 506
17863,17863,62966,70036850,10002,1,2,IL,USA,17,31,280100,0,0,41.885452,-87.643498,Census Tract 2801
17864,17864,62967,70036850,20002,2,2,IL,USA,17,31,320100,0,0,41.886447,-87.619467,Census Tract 3201
17865,17865,62983,70036869,10000,-1,1,IL,USA,17,31,440202,0,1,41.74096,-87.609762,Census Tract 4402.02
17866,17866,62984,70036869,10002,1,2,IL,USA,17,31,330100,0,0,41.859295,-87.615523,Census Tract 3301
17870,17870,63011,70036883,10000,-1,1,IL,USA,17,31,40900,0,1,41.963185,-87.683854,Census Tract 409
17871,17871,63012,70036883,10002,1,2,IL,USA,17,31,420100,0,0,41.782569,-87.579504,Census Tract 4201
17872,17872,63013,70036883,20002,2,2,IL,USA,17,31,320100,0,0,41.886447,-87.619467,Census Tract 3201
17877,17877,63022,70036893,10000,-1,1,IL,USA,17,31,70200,0,1,41.929078,-87.646293,Census Tract 702
17878,17878,63023,70036893,10003,1,3,IL,USA,17,31,320400,0,0,41.875817,-87.617256,Census Tract 3204
17884,17884,63036,70036899,10000,-1,1,IL,USA,17,31,30500,0,1,41.987226,-87.664936,Census Tract 305
17885,17885,63037,70036899,10002,1,2,IL,USA,17,31,839100,0,0,41.880986,-87.63307,Census Tract 8391
17886,17886,63045,70036922,10000,-1,1,IL,USA,17,31,31000,0,1,41.972437,-87.671109,Census Tract 310
17887,17887,63046,70036922,10002,1,2,IL,USA,17,31,839100,0,0,41.880986,-87.63307,Census Tract 8391
17890,17890,63050,70036931,10000,-1,1,IL,USA,17,31,150700,0,1,41.949591,-87.761958,Census Tract 1507
17891,17891,63051,70036931,10002,1,2,IL,USA,17,31,590700,0,0,41.826054,-87.662789,Census Tract 5907
17895,17895,63058,70036933,10000,-1,1,IL,USA,17,31,50800,0,1,41.945009,-87.680928,Census Tract 508
17896,17896,63059,70036933,10002,1,2,IL,USA,17,31,60300,0,0,41.950605,-87.671333,Census Tract 603
17897,17897,63060,70036933,20002,2,2,IL,USA,17,31,81403,0,0,41.892991,-87.620956,Census Tract 814.03
17898,17898,63063,70036934,10000,-1,1,IL,USA,17,31,241600,0,1,41.90671,-87.665328,Census Tract 2416
17899,17899,63064,70036934,10002,1,2,IL,USA,17,31,839100,0,0,41.880986,-87.63307,Census Tract 8391
17903,17903,63103,70036945,10000,-1,1,IL,USA,17,31,240600,0,1,41.912134,-87.689711,Census Tract 2406
17904,17904,63104,70036945,10002,1,2,IL,USA,17,31,839100,0,0,41.880986,-87.63307,Census Tract 8391
17918,17918,63145,70036952,10000,-1,1,IL,USA,17,31,61902,0,1,41.946698,-87.639064,Census Tract 619.02
17919,17919,63146,70036952,10002,1,2,IL,USA,17,31,838100,0,0,41.878667,-87.671689,Census Tract 8381
17926,17926,63163,70036959,10000,-1,1,IL,USA,17,31,330100,0,1,41.859295,-87.615523,Census Tract 3301
17927,17927,63164,70036959,10002,1,2,IL,USA,17,31,320100,0,0,41.886447,-87.619467,Census Tract 3201
17928,17928,63168,70036960,10000,-1,1,IL,USA,17,31,31400,0,1,41.958448,-87.64241,Census Tract 314
17929,17929,63169,70036960,10002,1,2,IL,USA,17,31,839100,0,0,41.880986,-87.63307,Census Tract 8391
17930,17930,63170,70036960,10003,1,3,IL,USA,17,31,81800,0,0,41.893324,-87.63919,Census Tract 818
17931,17931,63171,70036960,20002,2,2,IL,USA,17,31,81300,0,0,41.898335,-87.620753,Census Tract 813
17932,17932,63177,70036961,10000,-1,1,IL,USA,17,31,110400,0,1,41.972954,-87.772611,Census Tract 1104
17933,17933,63178,70036961,10002,1,2,IL,USA,17,31,839100,0,0,41.880986,-87.63307,Census Tract 8391
17934,17934,63179,70036961,20002,2,2,IL,USA,17,31,281900,0,0,41.878635,-87.642924,Census Tract 2819
17942,17942,63213,70036976,10000,-1,1,IL,USA,17,31,841300,0,1,41.843977,-87.684202,Census Tract 8413
17943,17943,63214,70036976,10002,1,2,IL,USA,17,31,841900,0,0,41.868458,-87.642965,Census Tract 8419
17946,17946,63232,70036988,10000,-1,1,IL,USA,17,31,160800,0,1,41.950213,-87.712815,Census Tract 1608
17947,17947,63233,70036988,10002,1,2,IL,USA,17,31,839100,0,0,41.880986,-87.63307,Census Tract 8391
17948,17948,63234,70036988,20002,2,2,IL,USA,17,31,71100,0,0,41.921778,-87.651061,Census Tract 711
17955,17955,63279,70037012,10000,-1,1,IL,USA,17,31,661000,0,1,41.761818,-87.685047,Census Tract 6610
17956,17956,63280,70037012,10002,1,2,IL,USA,17,31,190602,0,0,41.92756,-87.770737,Census Tract 1906.02
17957,17957,63281,70037012,20002,2,2,IL,USA,17,31,831800,0,0,41.978233,-87.716453,Census Tract 8318
17958,17958,63282,70037012,30003,3,3,IL,USA,17,31,191200,0,0,41.920143,-87.760827,Census Tract 1912
17959,17959,63283,70037012,40003,4,3,IL,USA,17,31,151200,0,0,41.942169,-87.771495,Census Tract 1512
17960,17960,63284,70037012,50003,5,3,IL,USA,17,31,151200,0,0,41.942169,-87.771495,Census Tract 1512
17961,17961,63299,70037016,10000,-1,1,IL,USA,17,31,830900,0,1,41.928424,-87.684906,Census Tract 8309
17962,17962,63300,70037016,10002,1,2,IL,USA,17,31,841300,0,0,41.843977,-87.684202,Census Tract 8413
17963,17963,63301,70037016,20002,2,2,IL,USA,17,31,832600,0,0,41.914754,-87.654465,Census Tract 8326
17973,17973,63319,70037030,10000,-1,1,IL,USA,17,31,63200,0,1,41.938923,-87.634673,Census Tract 632
17974,17974,63320,70037030,10002,1,2,IL,USA,17,31,280100,0,0,41.885452,-87.643498,Census Tract 2801
17980,17980,63333,70037038,10000,-1,1,IL,USA,17,31,832000,0,1,41.946294,-87.654298,Census Tract 8320
17981,17981,63334,70037038,10002,1,2,IL,USA,17,31,320600,0,0,41.870554,-87.616596,Census Tract 3206
17993,17993,63374,70037048,10000,-1,1,IL,USA,17,31,81700,0,1,41.892218,-87.631832,Census Tract 817
17994,17994,63375,70037048,10002,1,2,IL,USA,17,31,839100,0,0,41.880986,-87.63307,Census Tract 8391
17995,17995,63379,70037049,10000,-1,1,IL,USA,17,31,292200,0,1,41.856667,-87.715731,Census Tract 2922
17996,17996,63380,70037049,10002,1,2,IL,USA,17,31,320100,0,0,41.886447,-87.619467,Census Tract 3201
17997,17997,63381,70037049,20002,2,2,IL,USA,17,31,843000,0,0,41.867936,-87.722749,Census Tract 8430
17998,17998,63382,70037049,30002,3,2,IL,USA,17,31,292400,0,0,41.85524,-87.722399,Census Tract 2924
17999,17999,63383,70037049,40002,4,2,IL,USA,17,31,843000,0,0,41.867936,-87.722749,Census Tract 8430
18008,18008,63437,70037052,10000,-1,1,IL,USA,17,31,60400,0,1,41.950673,-87.666536,Census Tract 604
18009,18009,63438,70037052,30002,3,2,IL,USA,17,31,839100,0,0,41.880986,-87.63307,Census Tract 8391
18010,18010,63446,70037057,10000,-1,1,IL,USA,17,31,62600,0,1,41.935975,-87.670984,Census Tract 626
18011,18011,63447,70037057,10002,1,2,IL,USA,17,31,320100,0,0,41.886447,-87.619467,Census Tract 3201
18012,18012,63448,70037057,20002,2,2,IL,USA,17,31,839100,0,0,41.880986,-87.63307,Census Tract 8391
18013,18013,63451,70037058,10000,-1,1,IL,USA,17,31,839100,0,1,41.880986,-87.63307,Census Tract 8391
18014,18014,63452,70037058,10002,1,2,IL,USA,17,31,320400,0,0,41.875817,-87.617256,Census Tract 3204
18018,18018,63459,70037070,10000,-1,1,IL,USA,17,31,330100,0,1,41.859295,-87.615523,Census Tract 3301
18019,18019,63460,70037070,20002,2,2,IL,USA,17,31,81403,0,0,41.892991,-87.620956,Census Tract 814.03
18020,18020,63466,70037086,10000,-1,1,IL,USA,17,31,241400,0,1,41.906031,-87.675314,Census Tract 2414
18021,18021,63467,70037086,10002,1,2,IL,USA,17,31,760801,0,0,41.983487,-87.84485,Census Tract 7608.01
18022,18022,63468,70037086,20002,2,2,IL,USA,17,31,838200,0,0,41.870416,-87.675079,Census Tract 8382
18023,18023,63471,70037087,10000,-1,1,IL,USA,17,31,30703,0,1,41.978875,-87.657871,Census Tract 307.03
18024,18024,63472,70037087,10002,1,2,IL,USA,17,31,281900,0,0,41.878635,-87.642924,Census Tract 2819
18025,18025,63473,70037087,20002,2,2,IL,USA,17,31,280100,0,0,41.885452,-87.643498,Census Tract 2801
18029,18029,63480,70037093,10000,-1,1,IL,USA,17,31,221500,0,1,41.921647,-87.689951,Census Tract 2215
18030,18030,63481,70037093,10002,1,2,IL,USA,17,31,841900,0,0,41.868458,-87.642965,Census Tract 8419
18039,18039,63510,70037119,10000,-1,1,IL,USA,17,31,60300,0,1,41.950605,-87.671333,Census Tract 603
18040,18040,63511,70037119,10002,1,2,IL,USA,17,31,839100,0,0,41.880986,-87.63307,Census Tract 8391
18041,18041,63537,70037120,10000,-1,1,IL,USA,17,31,81000,0,1,41.900266,-87.632109,Census Tract 810
18042,18042,63538,70037120,10002,1,2,IL,USA,17,31,839100,0,0,41.880986,-87.63307,Census Tract 8391
18046,18046,63554,70037130,10000,-1,1,IL,USA,17,31,221400,0,1,41.920801,-87.694532,Census Tract 2214
18047,18047,63555,70037130,10002,1,2,IL,USA,17,31,320400,0,0,41.875817,-87.617256,Census Tract 3204
18056,18056,63607,70037143,10000,-1,1,IL,USA,17,31,832100,0,1,41.952821,-87.653241,Census Tract 8321
18057,18057,63608,70037143,10002,1,2,IL,USA,17,31,838300,0,0,41.901566,-87.638404,Census Tract 8383
18060,18060,63623,70037150,10000,-1,1,IL,USA,17,31,834300,0,1,41.745835,-87.591788,Census Tract 8343
18061,18061,63624,70037150,10002,1,2,IL,USA,17,31,190100,0,0,41.935218,-87.744389,Census Tract 1901
18062,18062,63627,70037171,10000,-1,1,IL,USA,17,31,671200,0,1,41.776699,-87.666582,Census Tract 6712
18063,18063,63628,70037171,20003,2,3,IL,USA,17,31,420500,0,0,41.7831,-87.608426,Census Tract 4205
18073,18073,63668,70037198,10000,-1,1,IL,USA,17,31,10701,0,1,42.009148,-87.67862,Census Tract 107.01
18074,18074,63669,70037198,10002,1,2,IL,USA,17,31,20301,0,0,42.006865,-87.705186,Census Tract 203.01
18075,18075,63670,70037198,20002,2,2,IL,USA,17,31,839100,0,0,41.880986,-87.63307,Census Tract 8391
18076,18076,63677,70037200,10000,-1,1,IL,USA,17,31,836300,0,1,41.801532,-87.601758,Census Tract 8363
18077,18077,63678,70037200,10002,1,2,IL,USA,17,31,411000,0,0,41.787227,-87.577462,Census Tract 4110
18085,18085,63736,70037215,10000,-1,1,IL,USA,17,31,31200,0,1,41.972709,-87.657341,Census Tract 312
18086,18086,63737,70037215,10002,1,2,IL,USA,17,31,320400,0,0,41.875817,-87.617256,Census Tract 3204
18092,18092,63766,70037233,10000,-1,1,IL,USA,17,31,832600,0,1,41.914754,-87.654465,Census Tract 8326
18093,18093,63767,70037233,10002,1,2,IL,USA,17,31,839100,0,0,41.880986,-87.63307,Census Tract 8391
18094,18094,63768,70037233,20002,2,2,IL,USA,17,31,839100,0,0,41.880986,-87.63307,Census Tract 8391
18106,18106,63792,70037253,10000,-1,1,IL,USA,17,31,480100,0,1,41.735241,-87.575729,Census Tract 4801
18107,18107,63793,70037253,10002,1,2,IL,USA,17,31,842100,0,0,41.895279,-87.73361,Census Tract 8421
18108,18108,63794,70037253,20002,2,2,IL,USA,17,31,836200,0,0,41.790469,-87.601285,Census Tract 8362
18109,18109,63800,70037254,10000,-1,1,IL,USA,17,31,140200,0,1,41.970695,-87.713004,Census Tract 1402
18110,18110,63801,70037254,10002,1,2,IL,USA,17,31,839100,0,0,41.880986,-87.63307,Census Tract 8391
18111,18111,63802,70037254,20002,2,2,IL,USA,17,31,81500,0,0,41.892906,-87.626079,Census Tract 815
18112,18112,63815,70037258,10000,-1,1,IL,USA,17,31,150300,0,1,41.960518,-87.762286,Census Tract 1503
18113,18113,63816,70037258,10002,1,2,IL,USA,17,31,839100,0,0,41.880986,-87.63307,Census Tract 8391
18114,18114,63817,70037258,20002,2,2,IL,USA,17,31,81403,0,0,41.892991,-87.620956,Census Tract 814.03
18123,18123,63856,70037292,10000,-1,1,IL,USA,17,31,390700,0,1,41.804016,-87.580489,Census Tract 3907
18124,18124,63857,70037292,10002,1,2,IL,USA,17,31,841900,0,0,41.868458,-87.642965,Census Tract 8419
18125,18125,63859,70037297,10000,-1,1,IL,USA,17,31,60200,0,1,41.957904,-87.671517,Census Tract 602
18126,18126,63860,70037297,10002,1,2,IL,USA,17,31,320100,0,0,41.886447,-87.619467,Census Tract 3201
18127,18127,63861,70037297,20002,2,2,IL,USA,17,31,839100,0,0,41.880986,-87.63307,Census Tract 8391
18128,18128,63862,70037300,10000,-1,1,IL,USA,17,31,292400,0,1,41.85524,-87.722399,Census Tract 2924
18129,18129,63863,70037300,10002,1,2,IL,USA,17,31,351400,0,0,41.827402,-87.624091,Census Tract 3514
18130,18130,63864,70037300,30003,3,3,IL,USA,17,31,837800,0,0,41.88475,-87.684127,Census Tract 8378
18131,18131,63865,70037300,40003,4,3,IL,USA,17,31,292400,0,0,41.85524,-87.722399,Census Tract 2924
18132,18132,63872,70037304,10000,-1,1,IL,USA,17,31,251500,0,1,41.891104,-87.760354,Census Tract 2515
18133,18133,63873,70037304,20003,2,3,IL,USA,17,31,190300,0,0,41.934986,-87.761464,Census Tract 1903
18134,18134,63877,70037316,10000,-1,1,IL,USA,17,31,60400,0,1,41.950673,-87.666536,Census Tract 604
18135,18135,63878,70037316,20003,2,3,IL,USA,17,31,140702,0,0,41.963548,-87.713575,Census Tract 1407.02
18136,18136,63879,70037316,30002,3,2,IL,USA,17,31,140702,0,0,41.963548,-87.713575,Census Tract 1407.02
18140,18140,63903,70037333,10000,-1,1,IL,USA,17,31,330100,0,1,41.859295,-87.615523,Census Tract 3301
18141,18141,63904,70037333,10002,1,2,IL,USA,17,31,836200,0,0,41.790469,-87.601285,Census Tract 8362
18142,18142,63905,70037333,20002,2,2,IL,USA,17,31,841900,0,0,41.868458,-87.642965,Census Tract 8419
18162,18162,64008,70037350,10000,-1,1,IL,USA,17,31,63301,0,1,41.934541,-87.643024,Census Tract 633.01
18163,18163,64009,70037350,10002,1,2,IL,USA,17,31,839100,0,0,41.880986,-87.63307,Census Tract 8391
18164,18164,64010,70037350,20002,2,2,IL,USA,17,31,81700,0,0,41.892218,-87.631832,Census Tract 817
18167,18167,64031,70037356,10000,-1,1,IL,USA,17,31,60300,0,1,41.950605,-87.671333,Census Tract 603
18168,18168,64032,70037356,10002,1,2,IL,USA,17,31,320100,0,0,41.886447,-87.619467,Census Tract 3201
18169,18169,64033,70037356,30003,3,3,IL,USA,17,31,60400,0,0,41.950673,-87.666536,Census Tract 604
18170,18170,64034,70037356,40003,4,3,IL,USA,17,31,60400,0,0,41.950673,-87.666536,Census Tract 604
18171,18171,64040,70037357,10000,-1,1,IL,USA,17,31,10100,0,1,42.021256,-87.669832,Census Tract 101
18172,18172,64041,70037357,10002,1,2,IL,USA,17,31,280100,0,0,41.885452,-87.643498,Census Tract 2801
18173,18173,64042,70037357,10003,1,3,IL,USA,17,31,831800,0,0,41.978233,-87.716453,Census Tract 8318
18177,18177,64051,70037366,10000,-1,1,IL,USA,17,31,222600,0,1,41.915639,-87.70448,Census Tract 2226
18178,18178,64052,70037366,10002,1,2,IL,USA,17,31,841900,0,0,41.868458,-87.642965,Census Tract 8419
18179,18179,64053,70037367,10000,-1,1,IL,USA,17,31,221600,0,1,41.921246,-87.685098,Census Tract 2216
18180,18180,64054,70037367,10002,1,2,IL,USA,17,31,839100,0,0,41.880986,-87.63307,Census Tract 8391
18181,18181,64055,70037367,30003,3,3,IL,USA,17,31,833100,0,0,41.879078,-87.657046,Census Tract 8331
18182,18182,64056,70037367,40003,4,3,IL,USA,17,31,221600,0,0,41.921246,-87.685098,Census Tract 2216
18183,18183,64071,70037368,10000,-1,1,IL,USA,17,31,62200,0,1,41.942585,-87.656644,Census Tract 622
18184,18184,64072,70037368,10002,1,2,IL,USA,17,31,320100,0,0,41.886447,-87.619467,Census Tract 3201
18191,18191,64124,70037388,10000,-1,1,IL,USA,17,31,161000,0,1,41.949977,-87.730683,Census Tract 1610
18192,18192,64125,70037388,10002,1,2,IL,USA,17,31,839100,0,0,41.880986,-87.63307,Census Tract 8391
18193,18193,64126,70037388,20002,2,2,IL,USA,17,31,650500,0,0,41.762219,-87.732035,Census Tract 6505
18201,18201,64195,70037402,10000,-1,1,IL,USA,17,31,420600,0,1,41.783014,-87.613278,Census Tract 4206
18202,18202,64196,70037402,10002,1,2,IL,USA,17,31,81201,0,0,41.899154,-87.626212,Census Tract 812.01
18208,18208,64209,70037410,10000,-1,1,IL,USA,17,31,838100,0,1,41.878667,-87.671689,Census Tract 8381
18209,18209,64210,70037410,10003,1,3,IL,USA,17,31,837800,0,0,41.88475,-87.684127,Census Tract 8378
18223,18223,64237,70037423,10000,-1,1,IL,USA,17,31,620300,0,1,41.789502,-87.730444,Census Tract 6203
18224,18224,64238,70037423,10002,1,2,IL,USA,17,31,836600,0,0,41.898697,-87.708806,Census Tract 8366
18225,18225,64239,70037423,20003,2,3,IL,USA,17,31,620300,0,0,41.789502,-87.730444,Census Tract 6203
18228,18228,64265,70037435,10000,-1,1,IL,USA,17,31,381500,0,1,41.810193,-87.622862,Census Tract 3815
18229,18229,64266,70037435,10002,1,2,IL,USA,17,31,51400,0,0,41.935442,-87.680959,Census Tract 514
18230,18230,64267,70037438,10000,-1,1,IL,USA,17,31,70102,0,1,41.930583,-87.642202,Census Tract 701.02
18231,18231,64268,70037438,10003,1,3,IL,USA,17,31,320400,0,0,41.875817,-87.617256,Census Tract 3204
18234,18234,64272,70037443,10000,-1,1,IL,USA,17,31,31800,0,1,41.967011,-87.670621,Census Tract 318
18235,18235,64273,70037443,10002,1,2,IL,USA,17,31,61000,0,0,41.949221,-87.65197,Census Tract 610
18236,18236,64274,70037443,20002,2,2,IL,USA,17,31,830700,0,0,41.958304,-87.660765,Census Tract 8307
18246,18246,64316,70037488,10000,-1,1,IL,USA,17,31,222600,0,1,41.915639,-87.70448,Census Tract 2226
18247,18247,64317,70037488,10003,1,3,IL,USA,17,31,841900,0,0,41.868458,-87.642965,Census Tract 8419
18248,18248,64318,70037488,20002,2,2,IL,USA,17,31,160700,0,0,41.951218,-87.702135,Census Tract 1607
18258,18258,64350,70037512,10000,-1,1,IL,USA,17,31,81401,0,1,41.895035,-87.619717,Census Tract 814.01
18259,18259,64351,70037512,10002,1,2,IL,USA,17,31,280100,0,0,41.885452,-87.643498,Census Tract 2801
18260,18260,64358,70037518,10000,-1,1,IL,USA,17,31,40201,0,1,41.97258,-87.694,Census Tract 402.01
18261,18261,64359,70037518,10002,1,2,IL,USA,17,31,40201,0,0,41.97258,-87.694,Census Tract 402.01
18262,18262,64360,70037518,30002,3,2,IL,USA,17,31,60400,0,0,41.950673,-87.666536,Census Tract 604
18270,18270,64383,70037544,10000,-1,1,IL,USA,17,31,839200,0,1,41.842011,-87.622036,Census Tract 8392
18271,18271,64384,70037544,10002,1,2,IL,USA,17,31,980000,0,0,41.979419,-87.902438,Census Tract 9800
18272,18272,64385,70037544,10003,1,3,IL,USA,17,31,831800,0,0,41.978233,-87.716453,Census Tract 8318
18279,18279,64419,70037555,10000,-1,1,IL,USA,17,31,62100,0,1,41.942691,-87.65177,Census Tract 621
18280,18280,64420,70037555,10002,1,2,IL,USA,17,31,63000,0,0,41.93631,-87.651562,Census Tract 630
18283,18283,64429,70037570,10000,-1,1,IL,USA,17,31,10600,0,1,42.006277,-87.667683,Census Tract 106
18284,18284,64430,70037570,10002,1,2,IL,USA,17,31,839100,0,0,41.880986,-87.63307,Census Tract 8391
18291,18291,64461,70037591,10000,-1,1,IL,USA,17,31,280100,0,1,41.885452,-87.643498,Census Tract 2801
18292,18292,64462,70037591,10002,1,2,IL,USA,17,31,81201,0,0,41.899154,-87.626212,Census Tract 812.01
18293,18293,64463,70037591,20003,2,3,IL,USA,17,31,838200,0,0,41.870416,-87.675079,Census Tract 8382
18298,18298,64505,70037601,10000,-1,1,IL,USA,17,31,381400,0,1,41.80762,-87.62143,Census Tract 3814
18299,18299,64506,70037601,10002,1,2,IL,USA,17,31,841900,0,0,41.868458,-87.642965,Census Tract 8419
18300,18300,64507,70037601,10003,1,3,IL,USA,17,31,833100,0,0,41.879078,-87.657046,Census Tract 8331
18305,18305,64519,70037604,10000,-1,1,IL,USA,17,31,243100,0,1,41.892355,-87.674507,Census Tract 2431
18306,18306,64520,70037604,10002,1,2,IL,USA,17,31,839100,0,0,41.880986,-87.63307,Census Tract 8391
18307,18307,64521,70037604,20002,2,2,IL,USA,17,31,241500,0,0,41.908374,-87.67093,Census Tract 2415
18312,18312,64537,70037606,10000,-1,1,IL,USA,17,31,81403,0,1,41.892991,-87.620956,Census Tract 814.03
18313,18313,64538,70037606,10002,1,2,IL,USA,17,31,320100,0,0,41.886447,-87.619467,Census Tract 3201
18314,18314,64539,70037606,20002,2,2,IL,USA,17,31,760801,0,0,41.983487,-87.84485,Census Tract 7608.01
18979,18979,66114,70038990,10000,-1,1,IL,USA,17,31,62300,0,1,41.941628,-87.661443,Census Tract 623
18980,18980,66115,70038990,10002,1,2,IL,USA,17,31,839100,0,0,41.880986,-87.63307,Census Tract 8391
18981,18981,66116,70038990,20002,2,2,IL,USA,17,31,81800,0,0,41.893324,-87.63919,Census Tract 818
18982,18982,66117,70038990,30002,3,2,IL,USA,17,31,839100,0,0,41.880986,-87.63307,Census Tract 8391
18991,18991,66151,70038996,10000,-1,1,IL,USA,17,31,242100,0,1,41.89967,-87.669838,Census Tract 2421
18992,18992,66152,70038996,10002,1,2,IL,USA,17,31,243500,0,0,41.892654,-87.652517,Census Tract 2435
18993,18993,66153,70038996,20002,2,2,IL,USA,17,31,81500,0,0,41.892906,-87.626079,Census Tract 815
19141,19141,66471,70039163,10000,-1,1,IL,USA,17,31,221600,0,1,41.921246,-87.685098,Census Tract 2216
19142,19142,66472,70039163,10002,1,2,IL,USA,17,31,320400,0,0,41.875817,-87.617256,Census Tract 3204
19143,19143,66473,70039163,20002,2,2,IL,USA,17,31,222600,0,0,41.915639,-87.70448,Census Tract 2226
19277,19277,66769,70039264,10000,-1,1,IL,USA,17,31,301802,0,1,41.845185,-87.727759,Census Tract 3018.02
19278,19278,66770,70039264,10002,1,2,IL,USA,17,31,81500,0,0,41.892906,-87.626079,Census Tract 815
19279,19279,66771,70039264,30003,3,3,IL,USA,17,31,832300,0,0,41.919826,-87.672781,Census Tract 8323
19517,19517,67308,70039532,10000,-1,1,IL,USA,17,31,832100,0,1,41.952821,-87.653241,Census Tract 8321
19518,19518,67309,70039532,10002,1,2,IL,USA,17,31,832600,0,0,41.914754,-87.654465,Census Tract 8326
19519,19519,67310,70039532,10003,1,3,IL,USA,17,31,320400,0,0,41.875817,-87.617256,Census Tract 3204
19869,19869,68295,70039852,10000,-1,1,IL,USA,17,31,440101,0,1,41.748627,-87.601451,Census Tract 4401.01
19870,19870,68296,70039852,10003,1,3,IL,USA,17,31,320100,0,0,41.886447,-87.619467,Census Tract 3201
19899,19899,68390,70039882,10000,-1,1,IL,USA,17,31,831800,0,1,41.978233,-87.716453,Census Tract 8318
19900,19900,68391,70039882,10002,1,2,IL,USA,17,31,839100,0,0,41.880986,-87.63307,Census Tract 8391
19901,19901,68392,70039882,20002,2,2,IL,USA,17,31,320600,0,0,41.870554,-87.616596,Census Tract 3206
20129,20129,68962,70040093,10000,-1,1,IL,USA,17,31,243300,0,1,41.892478,-87.664739,Census Tract 2433
20130,20130,68963,70040093,10002,1,2,IL,USA,17,31,839100,0,0,41.880986,-87.63307,Census Tract 8391
20131,20131,68964,70040093,20002,2,2,IL,USA,17,31,839100,0,0,41.880986,-87.63307,Census Tract 8391
20142,20142,68982,70040100,10000,-1,1,IL,USA,17,31,71500,0,1,41.914242,-87.625092,Census Tract 715
20143,20143,68983,70040100,10002,1,2,IL,USA,17,31,839100,0,0,41.880986,-87.63307,Census Tract 8391
20144,20144,68984,70040100,20003,2,3,IL,USA,17,31,411200,0,0,41.790562,-87.594017,Census Tract 4112
20148,20148,68989,70040102,10000,-1,1,IL,USA,17,31,70103,0,1,41.926811,-87.642605,Census Tract 701.03
20149,20149,68990,70040102,10002,1,2,IL,USA,17,31,70200,0,0,41.929078,-87.646293,Census Tract 702
20150,20150,68994,70040103,10000,-1,1,IL,USA,17,31,210602,0,1,41.934163,-87.712572,Census Tract 2106.02
20151,20151,68995,70040103,10003,1,3,IL,USA,17,31,420200,0,0,41.783468,-87.593521,Census Tract 4202
20152,20152,68996,70040103,20002,2,2,IL,USA,17,31,839100,0,0,41.880986,-87.63307,Census Tract 8391
20164,20164,69053,70040114,10000,-1,1,IL,USA,17,31,390500,0,1,41.805978,-87.599199,Census Tract 3905
20165,20165,69054,70040114,10003,1,3,IL,USA,17,31,420200,0,0,41.783468,-87.593521,Census Tract 4202
20166,20166,69055,70040114,20002,2,2,IL,USA,17,31,320100,0,0,41.886447,-87.619467,Census Tract 3201
20167,20167,69056,70040114,20003,2,3,IL,USA,17,31,81401,0,0,41.895035,-87.619717,Census Tract 814.01
20183,20183,69117,70040140,10000,-1,1,IL,USA,17,31,71000,0,1,41.921701,-87.655911,Census Tract 710
20184,20184,69118,70040140,10002,1,2,IL,USA,17,31,320400,0,0,41.875817,-87.617256,Census Tract 3204
20185,20185,69126,70040148,10000,-1,1,IL,USA,17,31,250500,0,1,41.914618,-87.796796,Census Tract 2505
20186,20186,69127,70040148,10002,1,2,IL,USA,17,31,81500,0,0,41.892906,-87.626079,Census Tract 815
20206,20206,69162,70040160,10000,-1,1,IL,USA,17,31,411100,0,1,41.790455,-87.589701,Census Tract 4111
20207,20207,69163,70040160,10002,1,2,IL,USA,17,31,839100,0,0,41.880986,-87.63307,Census Tract 8391
20208,20208,69164,70040160,20002,2,2,IL,USA,17,31,836200,0,0,41.790469,-87.601285,Census Tract 8362
20209,20209,69165,70040160,30003,3,3,IL,USA,17,31,411000,0,0,41.787227,-87.577462,Census Tract 4110
20229,20229,69204,70040177,10000,-1,1,IL,USA,17,31,81300,0,1,41.898335,-87.620753,Census Tract 813
20230,20230,69205,70040177,10002,1,2,IL,USA,17,31,280100,0,0,41.885452,-87.643498,Census Tract 2801
20272,20272,69303,70040247,10000,-1,1,IL,USA,17,31,630500,0,1,41.797428,-87.689017,Census Tract 6305
20273,20273,69304,70040247,10002,1,2,IL,USA,17,31,81403,0,0,41.892991,-87.620956,Census Tract 814.03
20304,20304,69399,70040271,10000,-1,1,IL,USA,17,31,320600,0,1,41.870554,-87.616596,Census Tract 3206
20305,20305,69400,70040271,10002,1,2,IL,USA,17,31,839100,0,0,41.880986,-87.63307,Census Tract 8391
20309,20309,69405,70040285,10000,-1,1,IL,USA,17,31,30703,0,1,41.978875,-87.657871,Census Tract 307.03
20310,20310,69406,70040285,10002,1,2,IL,USA,17,31,842900,0,0,41.863139,-87.672937,Census Tract 8429
20333,20333,69451,70040302,10000,-1,1,IL,USA,17,31,839200,0,1,41.842011,-87.622036,Census Tract 8392
20334,20334,69452,70040302,10002,1,2,IL,USA,17,31,839100,0,0,41.880986,-87.63307,Census Tract 8391
20367,20367,69540,70040354,10000,-1,1,IL,USA,17,31,221400,0,1,41.920801,-87.694532,Census Tract 2214
20368,20368,69541,70040354,10002,1,2,IL,USA,17,31,240700,0,0,41.912088,-87.694599,Census Tract 2407
20369,20369,69545,70040355,10000,-1,1,IL,USA,17,31,221600,0,1,41.921246,-87.685098,Census Tract 2216
20370,20370,69546,70040355,10002,1,2,IL,USA,17,31,833000,0,0,41.885286,-87.657249,Census Tract 8330
20371,20371,69548,70040358,10000,-1,1,IL,USA,17,31,20801,0,1,41.986808,-87.694415,Census Tract 208.01
20372,20372,69549,70040358,10002,1,2,IL,USA,17,31,980000,0,0,41.979419,-87.902438,Census Tract 9800
20373,20373,69557,70040364,10000,-1,1,IL,USA,17,31,40700,0,1,41.967431,-87.694068,Census Tract 407
20374,20374,69558,70040364,10002,1,2,IL,USA,17,31,839100,0,0,41.880986,-87.63307,Census Tract 8391
20375,20375,69560,70040368,10000,-1,1,IL,USA,17,31,30500,0,1,41.987226,-87.664936,Census Tract 305
20376,20376,69561,70040368,10002,1,2,IL,USA,17,31,839100,0,0,41.880986,-87.63307,Census Tract 8391
20423,20423,69704,70040451,10000,-1,1,IL,USA,17,31,50200,0,1,41.95774,-87.683717,Census Tract 502
20424,20424,69705,70040451,20002,2,2,IL,USA,17,31,280100,0,0,41.885452,-87.643498,Census Tract 2801
20425,20425,69706,70040451,30003,3,3,IL,USA,17,31,50200,0,0,41.95774,-87.683717,Census Tract 502
20426,20426,69707,70040451,40003,4,3,IL,USA,17,31,50200,0,0,41.95774,-87.683717,Census Tract 502
20541,20541,70000,70040644,10000,-1,1,IL,USA,17,31,410700,0,1,41.798049,-87.5942,Census Tract 4107
20542,20542,70001,70040644,10003,1,3,IL,USA,17,31,836200,0,0,41.790469,-87.601285,Census Tract 8362
20557,20557,70025,70040658,10000,-1,1,IL,USA,17,31,40600,0,1,41.966834,-87.684018,Census Tract 406
20558,20558,70026,70040658,10002,1,2,IL,USA,17,31,81600,0,0,41.892057,-87.628871,Census Tract 816
20577,20577,70068,70040701,10000,-1,1,IL,USA,17,31,420700,0,1,41.776691,-87.610693,Census Tract 4207
20578,20578,70069,70040701,10002,1,2,IL,USA,17,31,839100,0,0,41.880986,-87.63307,Census Tract 8391
20579,20579,70070,70040701,20002,2,2,IL,USA,17,31,839100,0,0,41.880986,-87.63307,Census Tract 8391
20580,20580,70071,70040701,20003,2,3,IL,USA,17,31,834400,0,0,41.77695,-87.596303,Census Tract 8344
20587,20587,70093,70040741,10000,-1,1,IL,USA,17,31,320600,0,1,41.870554,-87.616596,Census Tract 3206
20588,20588,70094,70040741,10002,1,2,IL,USA,17,31,839100,0,0,41.880986,-87.63307,Census Tract 8391
20636,20636,70218,70040804,10000,-1,1,IL,USA,17,31,50100,0,1,41.957845,-87.676373,Census Tract 501
20637,20637,70219,70040804,20002,2,2,IL,USA,17,31,140200,0,0,41.970695,-87.713004,Census Tract 1402
20638,20638,70220,70040804,30002,3,2,IL,USA,17,31,50500,0,0,41.950447,-87.683507,Census Tract 505
20694,20694,70409,70040884,10000,-1,1,IL,USA,17,31,837300,0,1,41.871619,-87.705552,Census Tract 8373
20695,20695,70410,70040884,10003,1,3,IL,USA,17,31,271800,0,0,41.871496,-87.69849,Census Tract 2718
20696,20696,70411,70040884,20002,2,2,IL,USA,17,31,838100,0,0,41.878667,-87.671689,Census Tract 8381
20701,20701,70423,70040892,10000,-1,1,IL,USA,17,31,40402,0,1,41.972545,-87.678818,Census Tract 404.02
20702,20702,70424,70040892,10002,1,2,IL,USA,17,31,81201,0,0,41.899154,-87.626212,Census Tract 812.01
20703,20703,70425,70040892,20002,2,2,IL,USA,17,31,831800,0,0,41.978233,-87.716453,Census Tract 8318
20704,20704,70426,70040892,20003,2,3,IL,USA,17,31,831800,0,0,41.978233,-87.716453,Census Tract 8318
20710,20710,70449,70040894,10000,-1,1,IL,USA,17,31,130100,0,1,41.991104,-87.720809,Census Tract 1301
20711,20711,70450,70040894,20002,2,2,IL,USA,17,31,831100,0,0,41.942856,-87.717496,Census Tract 8311
20712,20712,70451,70040894,30003,3,3,IL,USA,17,31,10400,0,0,42.006411,-87.658816,Census Tract 104
20713,20713,70455,70040899,10000,-1,1,IL,USA,17,31,140701,0,1,41.967038,-87.712652,Census Tract 1407.01
20714,20714,70456,70040899,10002,1,2,IL,USA,17,31,281900,0,0,41.878635,-87.642924,Census Tract 2819
20736,20736,70543,70040950,10000,-1,1,IL,USA,17,31,243300,0,1,41.892478,-87.664739,Census Tract 2433
20737,20737,70544,70040950,10002,1,2,IL,USA,17,31,838200,0,0,41.870416,-87.675079,Census Tract 8382
20740,20740,70551,70040981,10000,-1,1,IL,USA,17,31,282700,0,1,41.871367,-87.688681,Census Tract 2827
20741,20741,70552,70040981,20002,2,2,IL,USA,17,31,81500,0,0,41.892906,-87.626079,Census Tract 815
20742,20742,70553,70040981,30002,3,2,IL,USA,17,31,70600,0,0,41.928763,-87.665677,Census Tract 706
20743,20743,70554,70040981,30003,3,3,IL,USA,17,31,832900,0,0,41.874181,-87.661901,Census Tract 8329
20820,20820,70718,70041089,10000,-1,1,IL,USA,17,31,350400,0,1,41.841929,-87.62837,Census Tract 3504
20821,20821,70719,70041089,10003,1,3,IL,USA,17,31,350400,0,0,41.841929,-87.62837,Census Tract 3504
20822,20822,70720,70041089,20003,2,3,IL,USA,17,31,350400,0,0,41.841929,-87.62837,Census Tract 3504
20823,20823,70721,70041089,30003,3,3,IL,USA,17,31,350400,0,0,41.841929,-87.62837,Census Tract 3504
20860,20860,70801,70041123,10000,-1,1,IL,USA,17,31,832000,0,1,41.946294,-87.654298,Census Tract 8320
20861,20861,70802,70041123,10002,1,2,IL,USA,17,31,320400,0,0,41.875817,-87.617256,Census Tract 3204
20862,20862,70803,70041123,10003,1,3,IL,USA,17,31,320400,0,0,41.875817,-87.617256,Census Tract 3204
20914,20914,70944,70041180,10000,-1,1,IL,USA,17,31,440800,0,1,41.731711,-87.603328,Census Tract 4408
20915,20915,70945,70041180,20003,2,3,IL,USA,17,31,470100,0,0,41.728221,-87.596489,Census Tract 4701
20984,20984,71140,70041267,10000,-1,1,IL,USA,17,31,81700,0,1,41.892218,-87.631832,Census Tract 817
20985,20985,71141,70041267,10002,1,2,IL,USA,17,31,320400,0,0,41.875817,-87.617256,Census Tract 3204
21007,21007,71192,70041287,10000,-1,1,IL,USA,17,31,30601,0,1,41.988972,-87.654609,Census Tract 306.01
21008,21008,71193,70041287,10002,1,2,IL,USA,17,31,320100,0,0,41.886447,-87.619467,Census Tract 3201
21023,21023,71279,70041302,10000,-1,1,IL,USA,17,31,460500,0,1,41.746882,-87.572604,Census Tract 4605
21024,21024,71280,70041302,20003,2,3,IL,USA,17,31,460500,0,0,41.746882,-87.572604,Census Tract 4605
21067,21067,71392,70041339,10000,-1,1,IL,USA,17,31,390500,0,1,41.805978,-87.599199,Census Tract 3905
21068,21068,71393,70041339,10002,1,2,IL,USA,17,31,320400,0,0,41.875817,-87.617256,Census Tract 3204
21069,21069,71394,70041342,10000,-1,1,IL,USA,17,31,222500,0,1,41.915708,-87.699597,Census Tract 2225
21070,21070,71395,70041342,10002,1,2,IL,USA,17,31,221400,0,0,41.920801,-87.694532,Census Tract 2214
21071,21071,71396,70041342,30002,3,2,IL,USA,17,31,320100,0,0,41.886447,-87.619467,Census Tract 3201
21072,21072,71412,70041348,10000,-1,1,IL,USA,17,31,31000,0,1,41.972437,-87.671109,Census Tract 310
21073,21073,71413,70041348,10002,1,2,IL,USA,17,31,30103,0,0,41.995524,-87.655153,Census Tract 301.03
21084,21084,71481,70041365,10000,-1,1,IL,USA,17,31,70103,0,1,41.926811,-87.642605,Census Tract 701.03
21085,21085,71482,70041365,10002,1,2,IL,USA,17,31,839100,0,0,41.880986,-87.63307,Census Tract 8391
21099,21099,71512,70041377,10000,-1,1,IL,USA,17,31,63200,0,1,41.938923,-87.634673,Census Tract 632
21100,21100,71513,70041377,10002,1,2,IL,USA,17,31,81403,0,0,41.892991,-87.620956,Census Tract 814.03
21109,21109,71525,70041387,10000,-1,1,IL,USA,17,31,81600,0,1,41.892057,-87.628871,Census Tract 816
21110,21110,71526,70041387,10002,1,2,IL,USA,17,31,81800,0,0,41.893324,-87.63919,Census Tract 818
21117,21117,71544,70041397,10000,-1,1,IL,USA,17,31,160200,0,1,41.958794,-87.7384,Census Tract 1602
21118,21118,71545,70041397,10002,1,2,IL,USA,17,31,839100,0,0,41.880986,-87.63307,Census Tract 8391
21119,21119,71546,70041397,20002,2,2,IL,USA,17,31,281900,0,0,41.878635,-87.642924,Census Tract 2819
21120,21120,71563,70041399,10000,-1,1,IL,USA,17,31,70500,0,1,41.928945,-87.660892,Census Tract 705
21121,21121,71564,70041399,10002,1,2,IL,USA,17,31,81500,0,0,41.892906,-87.626079,Census Tract 815
21122,21122,71565,70041409,10000,-1,1,IL,USA,17,31,51400,0,1,41.935442,-87.680959,Census Tract 514
21123,21123,71566,70041409,10002,1,2,IL,USA,17,31,70102,0,0,41.930583,-87.642202,Census Tract 701.02
21167,21167,71664,70041465,10000,-1,1,IL,USA,17,31,70103,0,1,41.926811,-87.642605,Census Tract 701.03
21168,21168,71665,70041465,10002,1,2,IL,USA,17,31,81800,0,0,41.893324,-87.63919,Census Tract 818
21178,21178,71698,70041477,10000,-1,1,IL,USA,17,31,740300,0,1,41.695069,-87.710723,Census Tract 7403
21179,21179,71699,70041477,10002,1,2,IL,USA,17,31,839100,0,0,41.880986,-87.63307,Census Tract 8391
21180,21180,71702,70041477,20002,2,2,IL,USA,17,31,81402,0,0,41.891022,-87.612931,Census Tract 814.02
21194,21194,71745,70041495,10000,-1,1,IL,USA,17,31,221600,0,1,41.921246,-87.685098,Census Tract 2216
21195,21195,71746,70041495,20002,2,2,IL,USA,17,31,839100,0,0,41.880986,-87.63307,Census Tract 8391
21207,21207,71783,70041511,10000,-1,1,IL,USA,17,31,510300,0,1,41.715738,-87.574974,Census Tract 5103
21208,21208,71784,70041511,10002,1,2,IL,USA,17,31,839100,0,0,41.880986,-87.63307,Census Tract 8391
21209,21209,71787,70041511,20003,2,3,IL,USA,17,31,834700,0,0,41.79069,-87.645033,Census Tract 8347
21210,21210,71794,70041513,10000,-1,1,IL,USA,17,31,80100,0,1,41.907549,-87.62679,Census Tract 801
21211,21211,71795,70041513,10002,1,2,IL,USA,17,31,320100,0,0,41.886447,-87.619467,Census Tract 3201
21216,21216,71824,70041523,10000,-1,1,IL,USA,17,31,30604,0,1,41.985871,-87.652455,Census Tract 306.04
21217,21217,71825,70041523,10002,1,2,IL,USA,17,31,839100,0,0,41.880986,-87.63307,Census Tract 8391
21218,21218,71826,70041523,20002,2,2,IL,USA,17,31,320100,0,0,41.886447,-87.619467,Census Tract 3201
21224,21224,71844,70041528,10000,-1,1,IL,USA,17,31,140701,0,1,41.967038,-87.712652,Census Tract 1407.01
21225,21225,71845,70041528,10002,1,2,IL,USA,17,31,81500,0,0,41.892906,-87.626079,Census Tract 815
21226,21226,71846,70041528,20002,2,2,IL,USA,17,31,320600,0,0,41.870554,-87.616596,Census Tract 3206
21260,21260,71959,70041606,10000,-1,1,IL,USA,17,31,20801,0,1,41.986808,-87.694415,Census Tract 208.01
21261,21261,71960,70041606,10002,1,2,IL,USA,17,31,241300,0,0,41.906772,-87.681025,Census Tract 2413
21262,21262,71961,70041606,10003,1,3,IL,USA,17,31,320100,0,0,41.886447,-87.619467,Census Tract 3201
21263,21263,71963,70041619,10000,-1,1,IL,USA,17,31,835000,0,1,41.782849,-87.686049,Census Tract 8350
21264,21264,71964,70041619,10002,1,2,IL,USA,17,31,320400,0,0,41.875817,-87.617256,Census Tract 3204
21265,21265,71965,70041619,10003,1,3,IL,USA,17,31,838100,0,0,41.878667,-87.671689,Census Tract 8381
21266,21266,71966,70041619,40003,4,3,IL,USA,17,31,835100,0,0,41.790158,-87.686248,Census Tract 8351
21267,21267,71974,70041639,10000,-1,1,IL,USA,17,31,31100,0,1,41.972668,-87.663866,Census Tract 311
21268,21268,71975,70041639,10003,1,3,IL,USA,17,31,830700,0,0,41.958304,-87.660765,Census Tract 8307
21269,21269,71978,70041642,10000,-1,1,IL,USA,17,31,110100,0,1,41.987476,-87.769673,Census Tract 1101
21270,21270,71979,70041642,10002,1,2,IL,USA,17,31,320100,0,0,41.886447,-87.619467,Census Tract 3201
21271,21271,71980,70041642,10003,1,3,IL,USA,17,31,320400,0,0,41.875817,-87.617256,Census Tract 3204
21272,21272,71981,70041655,10000,-1,1,IL,USA,17,31,690400,0,1,41.769259,-87.620208,Census Tract 6904
21273,21273,71982,70041655,10002,1,2,IL,USA,17,31,461000,0,0,41.727392,-87.546542,Census Tract 4610
21274,21274,71983,70041655,10003,1,3,IL,USA,17,31,320100,0,0,41.886447,-87.619467,Census Tract 3201
21275,21275,71984,70041655,30002,3,2,IL,USA,17,31,410800,0,0,41.797961,-87.589625,Census Tract 4108
21276,21276,71985,70041655,40003,4,3,IL,USA,17,31,691300,0,0,41.754681,-87.619847,Census Tract 6913
21294,21294,72030,70041699,10000,-1,1,IL,USA,17,31,830800,0,1,41.965141,-87.676577,Census Tract 8308
21295,21295,72031,70041699,10003,1,3,IL,USA,17,31,320100,0,0,41.886447,-87.619467,Census Tract 3201
21296,21296,72032,70041702,10000,-1,1,IL,USA,17,31,841300,0,1,41.843977,-87.684202,Census Tract 8413
21297,21297,72033,70041702,10003,1,3,IL,USA,17,31,320100,0,0,41.886447,-87.619467,Census Tract 3201
21298,21298,72034,70041702,20002,2,2,IL,USA,17,31,170100,0,0,41.95586,-87.794817,Census Tract 1701
21307,21307,72054,70042971,10000,-1,1,IL,USA,17,31,840000,0,1,41.831171,-87.638298,Census Tract 8400
21308,21308,72055,70042971,10002,1,2,IL,USA,17,31,340600,0,0,41.827428,-87.632522,Census Tract 3406
21309,21309,72056,70042971,10003,1,3,IL,USA,17,31,320100,0,0,41.886447,-87.619467,Census Tract 3201
21310,21310,72057,70042971,20002,2,2,IL,USA,17,31,81403,0,0,41.892991,-87.620956,Census Tract 814.03
21311,21311,72058,70042971,30002,3,2,IL,USA,17,31,81300,0,0,41.898335,-87.620753,Census Tract 813
21312,21312,72059,70042971,50003,5,3,IL,USA,17,31,840100,0,0,41.841831,-87.639203,Census Tract 8401
21313,21313,72060,70042984,10000,-1,1,IL,USA,17,31,242600,0,1,41.90056,-87.694197,Census Tract 2426
21314,21314,72061,70042984,10003,1,3,IL,USA,17,31,838100,0,0,41.878667,-87.671689,Census Tract 8381
21315,21315,72079,70042997,10000,-1,1,IL,USA,17,31,171000,0,1,41.941807,-87.796524,Census Tract 1710
21316,21316,72080,70042997,10003,1,3,IL,USA,17,31,170100,0,0,41.95586,-87.794817,Census Tract 1701
21317,21317,72081,70043007,10000,-1,1,IL,USA,17,31,660302,0,1,41.783596,-87.698393,Census Tract 6603.02
21318,21318,72082,70043007,10003,1,3,IL,USA,17,31,650500,0,0,41.762219,-87.732035,Census Tract 6505
21319,21319,72083,70043007,50003,5,3,IL,USA,17,31,630300,0,0,41.798862,-87.708638,Census Tract 6303
21320,21320,72084,70043007,60003,6,3,IL,USA,17,31,630300,0,0,41.798862,-87.708638,Census Tract 6303
21321,21321,72085,70043007,70003,7,3,IL,USA,17,31,630300,0,0,41.798862,-87.708638,Census Tract 6303
21322,21322,72108,70043008,10000,-1,1,IL,USA,17,31,830700,0,1,41.958304,-87.660765,Census Tract 8307
21323,21323,72109,70043008,10002,1,2,IL,USA,17,31,20702,0,0,41.994126,-87.704894,Census Tract 207.02
21324,21324,72110,70043008,10003,1,3,IL,USA,17,31,31700,0,0,41.965447,-87.663195,Census Tract 317
21325,21325,72111,70043008,20002,2,2,IL,USA,17,31,31300,0,0,41.973765,-87.64653,Census Tract 313
21326,21326,72112,70043008,20003,2,3,IL,USA,17,31,31700,0,0,41.965447,-87.663195,Census Tract 317
21327,21327,72113,70043008,30002,3,2,IL,USA,17,31,40201,0,0,41.97258,-87.694,Census Tract 402.01
21328,21328,72114,70043008,30003,3,3,IL,USA,17,31,31700,0,0,41.965447,-87.663195,Census Tract 317
21329,21329,72115,70043008,40002,4,2,IL,USA,17,31,40100,0,0,41.985622,-87.682886,Census Tract 401
21330,21330,72116,70043008,50003,5,3,IL,USA,17,31,32100,0,0,41.958154,-87.653018,Census Tract 321
21331,21331,72122,70043009,10000,-1,1,IL,USA,17,31,210400,0,1,41.935745,-87.730306,Census Tract 2104
21332,21332,72123,70043009,10003,1,3,IL,USA,17,31,170100,0,0,41.95586,-87.794817,Census Tract 1701
21333,21333,72127,70043011,10000,-1,1,IL,USA,17,31,710200,0,1,41.755113,-87.651425,Census Tract 7102
21334,21334,72128,70043011,10002,1,2,IL,USA,17,31,320100,0,0,41.886447,-87.619467,Census Tract 3201
21335,21335,72129,70043011,10003,1,3,IL,USA,17,31,320100,0,0,41.886447,-87.619467,Census Tract 3201
21336,21336,72130,70043016,10000,-1,1,IL,USA,17,31,410100,0,1,41.801582,-87.581026,Census Tract 4101
21337,21337,72131,70043016,10002,1,2,IL,USA,17,31,833100,0,0,41.879078,-87.657046,Census Tract 8331
21338,21338,72132,70043016,10003,1,3,IL,USA,17,31,680900,0,0,41.77643,-87.63763,Census Tract 6809
21339,21339,72137,70043017,10000,-1,1,IL,USA,17,31,250200,0,1,41.912351,-87.751073,Census Tract 2502
21340,21340,72138,70043017,10002,1,2,IL,USA,17,31,831000,0,0,41.914798,-87.676997,Census Tract 8310
21341,21341,72139,70043017,10003,1,3,IL,USA,17,31,320100,0,0,41.886447,-87.619467,Census Tract 3201
21342,21342,72142,70043017,20003,2,3,IL,USA,17,31,243300,0,0,41.892478,-87.664739,Census Tract 2433
21343,21343,72143,70043017,30003,3,3,IL,USA,17,31,240200,0,0,41.912442,-87.670182,Census Tract 2402
21344,21344,72144,70043017,40003,4,3,IL,USA,17,31,240200,0,0,41.912442,-87.670182,Census Tract 2402
21345,21345,72145,70043017,50002,5,2,IL,USA,17,31,191100,0,0,41.919629,-87.750976,Census Tract 1911
21350,21350,72154,70043030,10000,-1,1,IL,USA,17,31,460500,0,1,41.746882,-87.572604,Census Tract 4605
21351,21351,72155,70043030,10002,1,2,IL,USA,17,31,843000,0,0,41.867936,-87.722749,Census Tract 8430
21352,21352,72156,70043030,10003,1,3,IL,USA,17,31,500100,0,0,41.714683,-87.595025,Census Tract 5001
21353,21353,72157,70043030,30003,3,3,IL,USA,17,31,270500,0,0,41.87624,-87.717793,Census Tract 2705
21354,21354,72158,70043030,40003,4,3,IL,USA,17,31,271400,0,0,41.877243,-87.713331,Census Tract 2714
21355,21355,72170,70043041,10000,-1,1,IL,USA,17,31,20802,0,1,41.994059,-87.694631,Census Tract 208.02
21356,21356,72171,70043041,10003,1,3,IL,USA,17,31,838100,0,0,41.878667,-87.671689,Census Tract 8381
21357,21357,72172,70043041,20003,2,3,IL,USA,17,31,170100,0,0,41.95586,-87.794817,Census Tract 1701
21358,21358,72175,70043047,10000,-1,1,IL,USA,17,31,170300,0,1,41.949125,-87.796828,Census Tract 1703
21359,21359,72176,70043047,10003,1,3,IL,USA,17,31,170100,0,0,41.95586,-87.794817,Census Tract 1701
21360,21360,72177,70043047,20002,2,2,IL,USA,17,31,841900,0,0,41.868458,-87.642965,Census Tract 8419
21361,21361,72178,70043047,50003,5,3,IL,USA,17,31,843700,0,0,41.94556,-87.690034,Census Tract 8437
21368,21368,72188,70043058,10000,-1,1,IL,USA,17,31,61500,0,1,41.945282,-87.661545,Census Tract 615
21369,21369,72189,70043058,10002,1,2,IL,USA,17,31,831900,0,0,41.945169,-87.668791,Census Tract 8319
21370,21370,72190,70043058,10003,1,3,IL,USA,17,31,838100,0,0,41.878667,-87.671689,Census Tract 8381
21371,21371,72191,70043058,20002,2,2,IL,USA,17,31,61100,0,0,41.94914,-87.656804,Census Tract 611
21372,21372,72217,70043065,10000,-1,1,IL,USA,17,31,843000,0,1,41.867936,-87.722749,Census Tract 8430
21373,21373,72218,70043065,10003,1,3,IL,USA,17,31,838100,0,0,41.878667,-87.671689,Census Tract 8381
21374,21374,72219,70043065,30003,3,3,IL,USA,17,31,838100,0,0,41.878667,-87.671689,Census Tract 8381
21375,21375,72220,70043072,10000,-1,1,IL,USA,17,31,460700,0,1,41.73558,-87.549281,Census Tract 4607
21376,21376,72221,70043072,10002,1,2,IL,USA,17,31,81500,0,0,41.892906,-87.626079,Census Tract 815
21377,21377,72222,70043072,20002,2,2,IL,USA,17,31,838100,0,0,41.878667,-87.671689,Census Tract 8381
21378,21378,72227,70043074,10000,-1,1,IL,USA,17,31,841300,0,1,41.843977,-87.684202,Census Tract 8413
21379,21379,72228,70043074,20002,2,2,IL,USA,17,31,831000,0,0,41.914798,-87.676997,Census Tract 8310
21380,21380,72247,70043075,10000,-1,1,IL,USA,17,31,730201,0,1,41.726863,-87.657902,Census Tract 7302.01
21381,21381,72248,70043075,10003,1,3,IL,USA,17,31,680900,0,0,41.77643,-87.63763,Census Tract 6809
21384,21384,72282,70043078,10000,-1,1,IL,USA,17,31,400800,0,1,41.782863,-87.620558,Census Tract 4008
21385,21385,72283,70043078,10002,1,2,IL,USA,17,31,243300,0,0,41.892478,-87.664739,Census Tract 2433
21386,21386,72284,70043078,10003,1,3,IL,USA,17,31,830700,0,0,41.958304,-87.660765,Census Tract 8307
21394,21394,72317,70043086,10000,-1,1,IL,USA,17,31,491400,0,1,41.689123,-87.616822,Census Tract 4914
21395,21395,72318,70043086,10003,1,3,IL,USA,17,31,500100,0,0,41.714683,-87.595025,Census Tract 5001
21396,21396,72321,70043089,10000,-1,1,IL,USA,17,31,835800,0,1,41.813046,-87.618719,Census Tract 8358
21397,21397,72322,70043089,10002,1,2,IL,USA,17,31,842200,0,0,41.904728,-87.64922,Census Tract 8422
21398,21398,72323,70043089,10003,1,3,IL,USA,17,31,839100,0,0,41.880986,-87.63307,Census Tract 8391
21399,21399,72324,70043089,20003,2,3,IL,USA,17,31,281900,0,0,41.878635,-87.642924,Census Tract 2819
21400,21400,72332,70043091,10000,-1,1,IL,USA,17,31,100300,0,1,41.988702,-87.804403,Census Tract 1003
21401,21401,72333,70043091,10002,1,2,IL,USA,17,31,170100,0,0,41.95586,-87.794817,Census Tract 1701
21402,21402,72337,70043092,10000,-1,1,IL,USA,17,31,710400,0,1,41.753918,-87.670933,Census Tract 7104
21403,21403,72338,70043092,10002,1,2,IL,USA,17,31,480400,0,0,41.72845,-87.575638,Census Tract 4804
21404,21404,72339,70043092,10003,1,3,IL,USA,17,31,500100,0,0,41.714683,-87.595025,Census Tract 5001
21405,21405,72345,70043094,10000,-1,1,IL,USA,17,31,550100,0,1,41.663181,-87.535978,Census Tract 5501
21406,21406,72346,70043094,10003,1,3,IL,USA,17,31,500100,0,0,41.714683,-87.595025,Census Tract 5001
21407,21407,72347,70043094,50003,5,3,IL,USA,17,31,520600,0,0,41.68952,-87.5404,Census Tract 5206
21408,21408,72348,70043094,60003,6,3,IL,USA,17,31,520600,0,0,41.68952,-87.5404,Census Tract 5206
21409,21409,72349,70043094,70003,7,3,IL,USA,17,31,520600,0,0,41.68952,-87.5404,Census Tract 5206
21410,21410,72354,70043098,10000,-1,1,IL,USA,17,31,20801,0,1,41.986808,-87.694415,Census Tract 208.01
21411,21411,72355,70043098,10003,1,3,IL,USA,17,31,838100,0,0,41.878667,-87.671689,Census Tract 8381
21412,21412,72356,70043098,30003,3,3,IL,USA,17,31,20701,0,0,41.986892,-87.70369,Census Tract 207.01
21413,21413,72357,70043098,40003,4,3,IL,USA,17,31,20701,0,0,41.986892,-87.70369,Census Tract 207.01
21414,21414,72362,70043103,10000,-1,1,IL,USA,17,31,431301,0,1,41.75353,-87.560187,Census Tract 4313.01
21415,21415,72363,70043103,10002,1,2,IL,USA,17,31,81800,0,0,41.893324,-87.63919,Census Tract 818
21416,21416,72364,70043103,10003,1,3,IL,USA,17,31,320100,0,0,41.886447,-87.619467,Census Tract 3201
21417,21417,72365,70043103,20003,2,3,IL,USA,17,31,671100,0,0,41.776777,-87.661716,Census Tract 6711
21418,21418,72366,70043106,10000,-1,1,IL,USA,17,31,836500,0,1,41.825946,-87.599456,Census Tract 8365
21419,21419,72367,70043106,10002,1,2,IL,USA,17,31,351100,0,0,41.827754,-87.614189,Census Tract 3511
21420,21420,72369,70043107,10000,-1,1,IL,USA,17,31,20601,0,1,42.000875,-87.701802,Census Tract 206.01
21421,21421,72370,70043107,10003,1,3,IL,USA,17,31,31700,0,0,41.965447,-87.663195,Census Tract 317
21422,21422,72371,70043107,30002,3,2,IL,USA,17,31,20602,0,0,42.001316,-87.693637,Census Tract 206.02
21423,21423,72379,70043108,10000,-1,1,IL,USA,17,31,750600,0,1,41.688631,-87.652049,Census Tract 7506
21424,21424,72380,70043108,30002,3,2,IL,USA,17,31,320100,0,0,41.886447,-87.619467,Census Tract 3201
21425,21425,72381,70043108,40003,4,3,IL,USA,17,31,711400,0,0,41.733661,-87.652117,Census Tract 7114
21426,21426,72383,70043109,10000,-1,1,IL,USA,17,31,222500,0,1,41.915708,-87.699597,Census Tract 2225
21427,21427,72384,70043109,10002,1,2,IL,USA,17,31,241000,0,0,41.907969,-87.694534,Census Tract 2410
21428,21428,72385,70043109,10003,1,3,IL,USA,17,31,320100,0,0,41.886447,-87.619467,Census Tract 3201
21432,21432,72389,70043114,10000,-1,1,IL,USA,17,31,834300,0,1,41.745835,-87.591788,Census Tract 8343
21433,21433,72390,70043114,10003,1,3,IL,USA,17,31,281900,0,0,41.878635,-87.642924,Census Tract 2819
21434,21434,72391,70043114,20002,2,2,IL,USA,17,31,430700,0,0,41.765272,-87.56089,Census Tract 4307
21435,21435,72403,70043130,10000,-1,1,IL,USA,17,31,221000,0,1,41.92096,-87.715253,Census Tract 2210
21436,21436,72404,70043130,10002,1,2,IL,USA,17,31,81401,0,0,41.895035,-87.619717,Census Tract 814.01
21437,21437,72405,70043130,20003,2,3,IL,USA,17,31,220702,0,0,41.929369,-87.724231,Census Tract 2207.02
21438,21438,72406,70043131,10000,-1,1,IL,USA,17,31,691300,0,1,41.754681,-87.619847,Census Tract 6913
21439,21439,72407,70043131,10002,1,2,IL,USA,17,31,280100,0,0,41.885452,-87.643498,Census Tract 2801
21440,21440,72408,70043131,10003,1,3,IL,USA,17,31,170100,0,0,41.95586,-87.794817,Census Tract 1701
21441,21441,72436,70043132,10000,-1,1,IL,USA,17,31,730201,0,1,41.726863,-87.657902,Census Tract 7302.01
21442,21442,72437,70043132,10002,1,2,IL,USA,17,31,839100,0,0,41.880986,-87.63307,Census Tract 8391
21443,21443,72438,70043132,10003,1,3,IL,USA,17,31,320100,0,0,41.886447,-87.619467,Census Tract 3201
21444,21444,72441,70043141,10000,-1,1,IL,USA,17,31,430700,0,1,41.765272,-87.56089,Census Tract 4307
21445,21445,72442,70043141,10002,1,2,IL,USA,17,31,839100,0,0,41.880986,-87.63307,Census Tract 8391
21446,21446,72443,70043141,10003,1,3,IL,USA,17,31,320100,0,0,41.886447,-87.619467,Census Tract 3201
21447,21447,72444,70043141,30002,3,2,IL,USA,17,31,630300,0,0,41.798862,-87.708638,Census Tract 6303
21452,21452,72471,70043146,10000,-1,1,IL,USA,17,31,420600,0,1,41.783014,-87.613278,Census Tract 4206
21453,21453,72472,70043146,10003,1,3,IL,USA,17,31,680900,0,0,41.77643,-87.63763,Census Tract 6809
21454,21454,72473,70043146,20003,2,3,IL,USA,17,31,400800,0,0,41.782863,-87.620558,Census Tract 4008
21455,21455,72474,70043146,30003,3,3,IL,USA,17,31,400800,0,0,41.782863,-87.620558,Census Tract 4008
21456,21456,72479,70043155,10000,-1,1,IL,USA,17,31,100600,0,1,41.979205,-87.797401,Census Tract 1006
21457,21457,72480,70043155,10002,1,2,IL,USA,17,31,31900,0,0,41.963374,-87.670184,Census Tract 319
21458,21458,72481,70043155,10003,1,3,IL,USA,17,31,170100,0,0,41.95586,-87.794817,Census Tract 1701
21459,21459,72482,70043155,20002,2,2,IL,USA,17,31,171100,0,0,41.942053,-87.781286,Census Tract 1711
21460,21460,72483,70043155,30002,3,2,IL,USA,17,31,980000,0,0,41.979419,-87.902438,Census Tract 9800
21461,21461,72486,70043168,10000,-1,1,IL,USA,17,31,830800,0,1,41.965141,-87.676577,Census Tract 8308
21462,21462,72487,70043168,10002,1,2,IL,USA,17,31,831900,0,0,41.945169,-87.668791,Census Tract 8319
21463,21463,72488,70043168,10003,1,3,IL,USA,17,31,830700,0,0,41.958304,-87.660765,Census Tract 8307
21464,21464,72489,70043168,20002,2,2,IL,USA,17,31,320100,0,0,41.886447,-87.619467,Census Tract 3201
21465,21465,72491,70043171,10000,-1,1,IL,USA,17,31,832100,0,1,41.952821,-87.653241,Census Tract 8321
21466,21466,72492,70043171,10002,1,2,IL,USA,17,31,830700,0,0,41.958304,-87.660765,Census Tract 8307
21467,21467,72493,70043171,10003,1,3,IL,USA,17,31,830700,0,0,41.958304,-87.660765,Census Tract 8307
21468,21468,72494,70043171,20002,2,2,IL,USA,17,31,320600,0,0,41.870554,-87.616596,Census Tract 3206
21469,21469,72496,70043178,10000,-1,1,IL,USA,17,31,31501,0,1,41.967289,-87.652434,Census Tract 315.01
21470,21470,72497,70043178,10003,1,3,IL,USA,17,31,680900,0,0,41.77643,-87.63763,Census Tract 6809
21471,21471,72500,70043180,10000,-1,1,IL,USA,17,31,834300,0,1,41.745835,-87.591788,Census Tract 8343
21472,21472,72501,70043180,10002,1,2,IL,USA,17,31,836000,0,0,41.814004,-87.611684,Census Tract 8360
21473,21473,72502,70043180,10003,1,3,IL,USA,17,31,500100,0,0,41.714683,-87.595025,Census Tract 5001
21474,21474,72503,70043181,10000,-1,1,IL,USA,17,31,841500,0,1,41.861622,-87.707913,Census Tract 8415
21475,21475,72504,70043181,10003,1,3,IL,USA,17,31,320100,0,0,41.886447,-87.619467,Census Tract 3201
21476,21476,72532,70043185,10000,-1,1,IL,USA,17,31,590600,0,1,41.826833,-87.672924,Census Tract 5906
21477,21477,72533,70043185,10003,1,3,IL,USA,17,31,838100,0,0,41.878667,-87.671689,Census Tract 8381
21478,21478,72535,70043186,10000,-1,1,IL,USA,17,31,839000,0,1,41.869903,-87.631213,Census Tract 8390
21479,21479,72536,70043186,10002,1,2,IL,USA,17,31,170100,0,0,41.95586,-87.794817,Census Tract 1701
21480,21480,72537,70043186,10003,1,3,IL,USA,17,31,170100,0,0,41.95586,-87.794817,Census Tract 1701
21484,21484,72547,70043190,10000,-1,1,IL,USA,17,31,40402,0,1,41.972545,-87.678818,Census Tract 404.02
21485,21485,72548,70043190,10002,1,2,IL,USA,17,31,81300,0,0,41.898335,-87.620753,Census Tract 813
21486,21486,72549,70043190,10003,1,3,IL,USA,17,31,830700,0,0,41.958304,-87.660765,Census Tract 8307
21487,21487,72550,70043190,20002,2,2,IL,USA,17,31,836200,0,0,41.790469,-87.601285,Census Tract 8362
21492,21492,72562,70043192,10000,-1,1,IL,USA,17,31,220901,0,1,41.919182,-87.721248,Census Tract 2209.01
21493,21493,72563,70043192,10002,1,2,IL,USA,17,31,830900,0,0,41.928424,-87.684906,Census Tract 8309
21494,21494,72564,70043192,10003,1,3,IL,USA,17,31,838100,0,0,41.878667,-87.671689,Census Tract 8381
21495,21495,72565,70043192,40003,4,3,IL,USA,17,31,151001,0,0,41.942383,-87.754353,Census Tract 1510.01
21496,21496,72566,70043192,50003,5,3,IL,USA,17,31,831200,0,0,41.915321,-87.73226,Census Tract 8312
21500,21500,72588,70043198,10000,-1,1,IL,USA,17,31,841200,0,1,41.855562,-87.683342,Census Tract 8412
21501,21501,72589,70043198,10003,1,3,IL,USA,17,31,838100,0,0,41.878667,-87.671689,Census Tract 8381
21502,21502,72590,70043198,20002,2,2,IL,USA,17,31,310200,0,0,41.85631,-87.644209,Census Tract 3102
21503,21503,72597,70043199,10000,-1,1,IL,USA,17,31,301702,0,1,41.838806,-87.719524,Census Tract 3017.02
21504,21504,72598,70043199,10003,1,3,IL,USA,17,31,838100,0,0,41.878667,-87.671689,Census Tract 8381
21505,21505,72599,70043199,20002,2,2,IL,USA,17,31,832400,0,0,41.915741,-87.692256,Census Tract 8324
21506,21506,72600,70043199,30003,3,3,IL,USA,17,31,830500,0,0,41.829125,-87.71932,Census Tract 8305
21507,21507,72604,70043200,10000,-1,1,IL,USA,17,31,221100,0,1,41.92102,-87.710361,Census Tract 2211
21508,21508,72605,70043200,10002,1,2,IL,USA,17,31,81401,0,0,41.895035,-87.619717,Census Tract 814.01
21509,21509,72606,70043200,10003,1,3,IL,USA,17,31,838100,0,0,41.878667,-87.671689,Census Tract 8381
21510,21510,72607,70043202,10000,-1,1,IL,USA,17,31,10300,0,1,42.015941,-87.666535,Census Tract 103
21511,21511,72608,70043202,10002,1,2,IL,USA,17,31,62500,0,0,41.941488,-87.671107,Census Tract 625
21512,21512,72609,70043202,10003,1,3,IL,USA,17,31,830700,0,0,41.958304,-87.660765,Census Tract 8307
21513,21513,72610,70043202,20003,2,3,IL,USA,17,31,10202,0,0,42.016051,-87.673322,Census Tract 102.02
21514,21514,72621,70043206,10000,-1,1,IL,USA,17,31,430700,0,1,41.765272,-87.56089,Census Tract 4307
21515,21515,72622,70043206,10002,1,2,IL,USA,17,31,140302,0,0,41.972548,-87.723789,Census Tract 1403.02
21516,21516,72623,70043206,10003,1,3,IL,USA,17,31,838100,0,0,41.878667,-87.671689,Census Tract 8381
21517,21517,72624,70043206,20002,2,2,IL,USA,17,31,320100,0,0,41.886447,-87.619467,Census Tract 3201
21518,21518,72625,70043206,20003,2,3,IL,USA,17,31,320100,0,0,41.886447,-87.619467,Census Tract 3201
21519,21519,72660,70043209,10000,-1,1,IL,USA,17,31,31700,0,1,41.965447,-87.663195,Census Tract 317
21520,21520,72661,70043209,10003,1,3,IL,USA,17,31,31700,0,0,41.965447,-87.663195,Census Tract 317
21521,21521,72662,70043209,20002,2,2,IL,USA,17,31,839100,0,0,41.880986,-87.63307,Census Tract 8391
21522,21522,72692,70043210,10000,-1,1,IL,USA,17,31,221200,0,1,41.921083,-87.70465,Census Tract 2212
21523,21523,72693,70043210,10002,1,2,IL,USA,17,31,71200,0,0,41.921855,-87.646211,Census Tract 712
21524,21524,72694,70043210,10003,1,3,IL,USA,17,31,838100,0,0,41.878667,-87.671689,Census Tract 8381
21528,21528,72698,70043233,10000,-1,1,IL,USA,17,31,10600,0,1,42.006277,-87.667683,Census Tract 106
21529,21529,72699,70043233,20002,2,2,IL,USA,17,31,62500,0,0,41.941488,-87.671107,Census Tract 625
21530,21530,72700,70043233,20003,2,3,IL,USA,17,31,31700,0,0,41.965447,-87.663195,Census Tract 317
21531,21531,72703,70043243,10000,-1,1,IL,USA,17,31,160300,0,1,41.957268,-87.730896,Census Tract 1603
21532,21532,72704,70043243,10003,1,3,IL,USA,17,31,838100,0,0,41.878667,-87.671689,Census Tract 8381
21533,21533,72705,70043243,20002,2,2,IL,USA,17,31,320400,0,0,41.875817,-87.617256,Census Tract 3204
21534,21534,72706,70043244,10000,-1,1,IL,USA,17,31,301801,0,1,41.84166,-87.735051,Census Tract 3018.01
21535,21535,72707,70043244,10002,1,2,IL,USA,17,31,63303,0,0,41.934731,-87.634661,Census Tract 633.03
21539,21539,72724,70043252,10000,-1,1,IL,USA,17,31,30601,0,1,41.988972,-87.654609,Census Tract 306.01
21540,21540,72725,70043252,10003,1,3,IL,USA,17,31,31700,0,0,41.965447,-87.663195,Census Tract 317
21543,21543,72731,70043258,10000,-1,1,IL,USA,17,31,840300,0,1,41.832097,-87.681881,Census Tract 8403
21544,21544,72732,70043258,10002,1,2,IL,USA,17,31,81201,0,0,41.899154,-87.626212,Census Tract 812.01
21545,21545,72733,70043258,20003,2,3,IL,USA,17,31,840300,0,0,41.832097,-87.681881,Census Tract 8403
21546,21546,72759,70043278,10000,-1,1,IL,USA,17,31,842100,0,1,41.895279,-87.73361,Census Tract 8421
21547,21547,72760,70043278,10003,1,3,IL,USA,17,31,838100,0,0,41.878667,-87.671689,Census Tract 8381
21548,21548,72761,70043278,20002,2,2,IL,USA,17,31,71500,0,0,41.914242,-87.625092,Census Tract 715
21549,21549,72762,70043278,20003,2,3,IL,USA,17,31,833100,0,0,41.879078,-87.657046,Census Tract 8331
21550,21550,72763,70043278,30003,3,3,IL,USA,17,31,842100,0,0,41.895279,-87.73361,Census Tract 8421
21551,21551,72764,70043278,40003,4,3,IL,USA,17,31,842100,0,0,41.895279,-87.73361,Census Tract 8421
21552,21552,72765,70043281,10000,-1,1,IL,USA,17,31,691100,0,1,41.761714,-87.629872,Census Tract 6911
21553,21553,72766,70043281,10003,1,3,IL,USA,17,31,500100,0,0,41.714683,-87.595025,Census Tract 5001
21554,21554,72767,70043281,20003,2,3,IL,USA,17,31,691200,0,0,41.752621,-87.630411,Census Tract 6912
21555,21555,72768,70043281,30002,3,2,IL,USA,17,31,330100,0,0,41.859295,-87.615523,Census Tract 3301
21556,21556,72774,70043282,10000,-1,1,IL,USA,17,31,834400,0,1,41.77695,-87.596303,Census Tract 8344
21557,21557,72775,70043282,10003,1,3,IL,USA,17,31,500100,0,0,41.714683,-87.595025,Census Tract 5001
21558,21558,72776,70043282,20003,2,3,IL,USA,17,31,420800,0,0,41.77691,-87.603257,Census Tract 4208
21559,21559,72777,70043282,30003,3,3,IL,USA,17,31,835900,0,0,41.820166,-87.621499,Census Tract 8359
21567,21567,72818,70043295,10000,-1,1,IL,USA,17,31,10100,0,1,42.021256,-87.669832,Census Tract 101
21568,21568,72819,70043295,10002,1,2,IL,USA,17,31,320100,0,0,41.886447,-87.619467,Census Tract 3201
21569,21569,72820,70043295,10003,1,3,IL,USA,17,31,320100,0,0,41.886447,-87.619467,Census Tract 3201
21570,21570,72821,70043295,20003,2,3,IL,USA,17,31,71200,0,0,41.921855,-87.646211,Census Tract 712
21575,21575,72838,70043298,10000,-1,1,IL,USA,17,31,431400,0,1,41.757208,-87.546555,Census Tract 4314
21576,21576,72839,70043298,10003,1,3,IL,USA,17,31,838100,0,0,41.878667,-87.671689,Census Tract 8381
21577,21577,72847,70043303,10000,-1,1,IL,USA,17,31,681400,0,1,41.761522,-87.649171,Census Tract 6814
21578,21578,72848,70043303,10003,1,3,IL,USA,17,31,320100,0,0,41.886447,-87.619467,Census Tract 3201
21579,21579,72849,70043303,20002,2,2,IL,USA,17,31,280100,0,0,41.885452,-87.643498,Census Tract 2801
21580,21580,72850,70043303,30002,3,2,IL,USA,17,31,700401,0,0,41.745537,-87.712036,Census Tract 7004.01
21581,21581,72851,70043304,10000,-1,1,IL,USA,17,31,10201,0,1,42.016008,-87.680148,Census Tract 102.01
21582,21582,72852,70043304,10003,1,3,IL,USA,17,31,320100,0,0,41.886447,-87.619467,Census Tract 3201
21583,21583,72853,70043304,20002,2,2,IL,USA,17,31,31800,0,0,41.967011,-87.670621,Census Tract 318
21584,21584,72854,70043305,10000,-1,1,IL,USA,17,31,40202,0,1,41.979855,-87.694096,Census Tract 402.02
21585,21585,72855,70043305,10003,1,3,IL,USA,17,31,31700,0,0,41.965447,-87.663195,Census Tract 317
21586,21586,72856,70043305,20002,2,2,IL,USA,17,31,320100,0,0,41.886447,-87.619467,Census Tract 3201
21587,21587,72857,70043305,40002,4,2,IL,USA,17,31,832500,0,0,41.92223,-87.664796,Census Tract 8325
21588,21588,72858,70043305,50002,5,2,IL,USA,17,31,40700,0,0,41.967431,-87.694068,Census Tract 407
21589,21589,72860,70043307,10000,-1,1,IL,USA,17,31,520100,0,1,41.721118,-87.529432,Census Tract 5201
21590,21590,72861,70043307,10002,1,2,IL,USA,17,31,550100,0,0,41.663181,-87.535978,Census Tract 5501
21591,21591,72862,70043307,10003,1,3,IL,USA,17,31,320100,0,0,41.886447,-87.619467,Census Tract 3201
21592,21592,72863,70043307,30002,3,2,IL,USA,17,31,510200,0,0,41.714265,-87.56005,Census Tract 5102
21603,21603,72882,70043312,10000,-1,1,IL,USA,17,31,460500,0,1,41.746882,-87.572604,Census Tract 4605
21604,21604,72883,70043312,10002,1,2,IL,USA,17,31,838800,0,0,41.683404,-87.574061,Census Tract 8388
21605,21605,72884,70043312,10003,1,3,IL,USA,17,31,500100,0,0,41.714683,-87.595025,Census Tract 5001
21606,21606,72885,70043312,20003,2,3,IL,USA,17,31,480400,0,0,41.72845,-87.575638,Census Tract 4804
21607,21607,72886,70043312,30003,3,3,IL,USA,17,31,431200,0,0,41.755301,-87.571184,Census Tract 4312
21608,21608,72887,70043312,40003,4,3,IL,USA,17,31,480400,0,0,41.72845,-87.575638,Census Tract 4804
21615,21615,72909,70043317,10000,-1,1,IL,USA,17,31,191100,0,1,41.919629,-87.750976,Census Tract 1911
21616,21616,72910,70043317,10003,1,3,IL,USA,17,31,170100,0,0,41.95586,-87.794817,Census Tract 1701
21621,21621,72925,70043323,10000,-1,1,IL,USA,17,31,430600,0,1,41.764413,-87.571373,Census Tract 4306
21622,21622,72926,70043323,10003,1,3,IL,USA,17,31,500100,0,0,41.714683,-87.595025,Census Tract 5001
21623,21623,72936,70043338,10000,-1,1,IL,USA,17,31,430700,0,1,41.765272,-87.56089,Census Tract 4307
21624,21624,72937,70043338,20002,2,2,IL,USA,17,31,839100,0,0,41.880986,-87.63307,Census Tract 8391
21625,21625,72940,70043343,10000,-1,1,IL,USA,17,31,241600,0,1,41.90671,-87.665328,Census Tract 2416
21626,21626,72941,70043343,10002,1,2,IL,USA,17,31,320100,0,0,41.886447,-87.619467,Census Tract 3201
21627,21627,72949,70043350,10000,-1,1,IL,USA,17,31,839700,0,1,41.833651,-87.651949,Census Tract 8397
21628,21628,72950,70043350,10003,1,3,IL,USA,17,31,320100,0,0,41.886447,-87.619467,Census Tract 3201
21629,21629,72951,70043350,20002,2,2,IL,USA,17,31,842600,0,0,41.816219,-87.651695,Census Tract 8426
21630,21630,72967,70043364,10000,-1,1,IL,USA,17,31,140200,0,1,41.970695,-87.713004,Census Tract 1402
21631,21631,72968,70043364,10002,1,2,IL,USA,17,31,40700,0,0,41.967431,-87.694068,Census Tract 407
21632,21632,72969,70043364,10003,1,3,IL,USA,17,31,31700,0,0,41.965447,-87.663195,Census Tract 317
21633,21633,72970,70043364,20002,2,2,IL,USA,17,31,80202,0,0,41.905859,-87.630901,Census Tract 802.02
21634,21634,72985,70043366,10000,-1,1,IL,USA,17,31,63302,0,1,41.934765,-87.639854,Census Tract 633.02
21635,21635,72986,70043366,10002,1,2,IL,USA,17,31,61901,0,0,41.943244,-87.643458,Census Tract 619.01
21636,21636,72989,70043368,10000,-1,1,IL,USA,17,31,671500,0,1,41.768172,-87.669632,Census Tract 6715
21637,21637,72990,70043368,10003,1,3,IL,USA,17,31,680900,0,0,41.77643,-87.63763,Census Tract 6809
21638,21638,72991,70043368,30003,3,3,IL,USA,17,31,680900,0,0,41.77643,-87.63763,Census Tract 6809
21639,21639,72992,70043368,70002,7,2,IL,USA,17,31,834700,0,0,41.79069,-87.645033,Census Tract 8347
21640,21640,72993,70043370,10000,-1,1,IL,USA,17,31,30101,0,1,41.991054,-87.654879,Census Tract 301.01
21641,21641,72994,70043370,10003,1,3,IL,USA,17,31,830700,0,0,41.958304,-87.660765,Census Tract 8307
21642,21642,73005,70043377,10000,-1,1,IL,USA,17,31,660800,0,1,41.773641,-87.693266,Census Tract 6608
21643,21643,73006,70043377,10003,1,3,IL,USA,17,31,680900,0,0,41.77643,-87.63763,Census Tract 6809
21649,21649,73023,70043389,10000,-1,1,IL,USA,17,31,250800,0,1,41.906186,-87.751474,Census Tract 2508
21650,21650,73024,70043389,10003,1,3,IL,USA,17,31,170100,0,0,41.95586,-87.794817,Census Tract 1701
21651,21651,73025,70043389,20002,2,2,IL,USA,17,31,839100,0,0,41.880986,-87.63307,Census Tract 8391
21656,21656,73056,70043399,10000,-1,1,IL,USA,17,31,510100,0,1,41.712621,-87.550075,Census Tract 5101
21657,21657,73057,70043399,10002,1,2,IL,USA,17,31,839100,0,0,41.880986,-87.63307,Census Tract 8391
21658,21658,73058,70043399,10003,1,3,IL,USA,17,31,838100,0,0,41.878667,-87.671689,Census Tract 8381
21659,21659,73059,70043399,20003,2,3,IL,USA,17,31,510100,0,0,41.712621,-87.550075,Census Tract 5101
21666,21666,73079,70043411,10000,-1,1,IL,USA,17,31,110400,0,1,41.972954,-87.772611,Census Tract 1104
21667,21667,73080,70043411,10002,1,2,IL,USA,17,31,170100,0,0,41.95586,-87.794817,Census Tract 1701
21672,21672,73092,70043420,10000,-1,1,IL,USA,17,31,834400,0,1,41.77695,-87.596303,Census Tract 8344
21673,21673,73093,70043420,10003,1,3,IL,USA,17,31,680900,0,0,41.77643,-87.63763,Census Tract 6809
21678,21678,73113,70043428,10000,-1,1,IL,USA,17,31,420600,0,1,41.783014,-87.613278,Census Tract 4206
21679,21679,73114,70043428,10002,1,2,IL,USA,17,31,691300,0,0,41.754681,-87.619847,Census Tract 6913
21680,21680,73115,70043428,10003,1,3,IL,USA,17,31,680900,0,0,41.77643,-87.63763,Census Tract 6809
21681,21681,73116,70043428,20002,2,2,IL,USA,17,31,630200,0,0,41.802745,-87.694045,Census Tract 6302
21682,21682,73117,70043428,30002,3,2,IL,USA,17,31,301801,0,0,41.84166,-87.735051,Census Tract 3018.01
21683,21683,73118,70043432,10000,-1,1,IL,USA,17,31,590600,0,1,41.826833,-87.672924,Census Tract 5906
21684,21684,73119,70043432,10002,1,2,IL,USA,17,31,81700,0,0,41.892218,-87.631832,Census Tract 817
21685,21685,73120,70043432,10003,1,3,IL,USA,17,31,320100,0,0,41.886447,-87.619467,Census Tract 3201
21686,21686,73128,70043442,10000,-1,1,IL,USA,17,31,283800,0,1,41.863417,-87.653755,Census Tract 2838
21687,21687,73129,70043442,10003,1,3,IL,USA,17,31,320100,0,0,41.886447,-87.619467,Census Tract 3201
21688,21688,73130,70043442,20002,2,2,IL,USA,17,31,10600,0,0,42.006277,-87.667683,Census Tract 106
21700,21700,73149,70043463,10000,-1,1,IL,USA,17,31,140800,0,1,41.964514,-87.702847,Census Tract 1408
21701,21701,73150,70043463,10002,1,2,IL,USA,17,31,170100,0,0,41.95586,-87.794817,Census Tract 1701
21702,21702,73151,70043463,10003,1,3,IL,USA,17,31,170100,0,0,41.95586,-87.794817,Census Tract 1701
21709,21709,73169,70043468,10000,-1,1,IL,USA,17,31,834300,0,1,41.745835,-87.591788,Census Tract 8343
21710,21710,73170,70043468,10003,1,3,IL,USA,17,31,680900,0,0,41.77643,-87.63763,Census Tract 6809
21711,21711,73177,70043469,10000,-1,1,IL,USA,17,31,650400,0,1,41.765325,-87.71718,Census Tract 6504
21712,21712,73178,70043469,10003,1,3,IL,USA,17,31,650500,0,0,41.762219,-87.732035,Census Tract 6505
21713,21713,73179,70043469,20002,2,2,IL,USA,17,31,660600,0,0,41.777287,-87.693341,Census Tract 6606
21714,21714,73182,70043470,10000,-1,1,IL,USA,17,31,670300,0,1,41.790358,-87.666917,Census Tract 6703
21715,21715,73183,70043470,10003,1,3,IL,USA,17,31,680900,0,0,41.77643,-87.63763,Census Tract 6809
21716,21716,73184,70043470,20003,2,3,IL,USA,17,31,839600,0,0,41.827443,-87.619249,Census Tract 8396
21717,21717,73185,70043470,30003,3,3,IL,USA,17,31,350400,0,0,41.841929,-87.62837,Census Tract 3504
21718,21718,73189,70043474,10000,-1,1,IL,USA,17,31,30101,0,1,41.991054,-87.654879,Census Tract 301.01
21719,21719,73190,70043474,10002,1,2,IL,USA,17,31,320400,0,0,41.875817,-87.617256,Census Tract 3204
21720,21720,73191,70043474,10003,1,3,IL,USA,17,31,680900,0,0,41.77643,-87.63763,Census Tract 6809
21721,21721,73192,70043474,20002,2,2,IL,USA,17,31,842300,0,0,41.908386,-87.660086,Census Tract 8423
21722,21722,73193,70043474,20003,2,3,IL,USA,17,31,830700,0,0,41.958304,-87.660765,Census Tract 8307
21723,21723,73194,70043474,30003,3,3,IL,USA,17,31,30601,0,0,41.988972,-87.654609,Census Tract 306.01
21724,21724,73210,70043478,10000,-1,1,IL,USA,17,31,140200,0,1,41.970695,-87.713004,Census Tract 1402
21725,21725,73211,70043478,10003,1,3,IL,USA,17,31,31700,0,0,41.965447,-87.663195,Census Tract 317
21726,21726,73212,70043478,20002,2,2,IL,USA,17,31,20301,0,0,42.006865,-87.705186,Census Tract 203.01
21727,21727,73213,70043485,10000,-1,1,IL,USA,17,31,160800,0,1,41.950213,-87.712815,Census Tract 1608
21728,21728,73214,70043485,10003,1,3,IL,USA,17,31,830700,0,0,41.958304,-87.660765,Census Tract 8307
21729,21729,73215,70043485,20002,2,2,IL,USA,17,31,81000,0,0,41.900266,-87.632109,Census Tract 810
21730,21730,73216,70043485,30002,3,2,IL,USA,17,31,242300,0,0,41.899506,-87.6796,Census Tract 2423
21731,21731,73217,70043485,40002,4,2,IL,USA,17,31,80202,0,0,41.905859,-87.630901,Census Tract 802.02
21732,21732,73218,70043485,50003,5,3,IL,USA,17,31,160601,0,0,41.959398,-87.703294,Census Tract 1606.01
21733,21733,73219,70043485,60003,6,3,IL,USA,17,31,283200,0,0,41.869579,-87.659202,Census Tract 2832
21738,21738,73229,70043493,10000,-1,1,IL,USA,17,31,350400,0,1,41.841929,-87.62837,Census Tract 3504
21739,21739,73230,70043493,10002,1,2,IL,USA,17,31,320400,0,0,41.875817,-87.617256,Census Tract 3204
21740,21740,73231,70043493,10003,1,3,IL,USA,17,31,680900,0,0,41.77643,-87.63763,Census Tract 6809
21741,21741,73232,70043493,30002,3,2,IL,USA,17,31,839100,0,0,41.880986,-87.63307,Census Tract 8391
21742,21742,73234,70043500,10000,-1,1,IL,USA,17,31,140602,0,1,41.964652,-87.721017,Census Tract 1406.02
21743,21743,73235,70043500,10002,1,2,IL,USA,17,31,832600,0,0,41.914754,-87.654465,Census Tract 8326
21744,21744,73236,70043500,10003,1,3,IL,USA,17,31,320100,0,0,41.886447,-87.619467,Census Tract 3201
21745,21745,73242,70043506,10000,-1,1,IL,USA,17,31,220602,0,1,41.929327,-87.711981,Census Tract 2206.02
21746,21746,73243,70043506,10003,1,3,IL,USA,17,31,320100,0,0,41.886447,-87.619467,Census Tract 3201
21747,21747,73247,70043510,10000,-1,1,IL,USA,17,31,161300,0,1,41.942699,-87.731002,Census Tract 1613
21748,21748,73248,70043510,10003,1,3,IL,USA,17,31,170100,0,0,41.95586,-87.794817,Census Tract 1701
21749,21749,73249,70043512,10000,-1,1,IL,USA,17,31,62500,0,1,41.941488,-87.671107,Census Tract 625
21750,21750,73250,70043512,10003,1,3,IL,USA,17,31,835900,0,0,41.820166,-87.621499,Census Tract 8359
21751,21751,73252,70043516,10000,-1,1,IL,USA,17,31,430800,0,1,41.76075,-87.571298,Census Tract 4308
21752,21752,73253,70043516,10002,1,2,IL,USA,17,31,838100,0,0,41.878667,-87.671689,Census Tract 8381
21753,21753,73254,70043516,10003,1,3,IL,USA,17,31,838100,0,0,41.878667,-87.671689,Census Tract 8381
21754,21754,73255,70043518,10000,-1,1,IL,USA,17,31,842100,0,1,41.895279,-87.73361,Census Tract 8421
21755,21755,73256,70043518,10003,1,3,IL,USA,17,31,320100,0,0,41.886447,-87.619467,Census Tract 3201
21756,21756,73257,70043518,20002,2,2,IL,USA,17,31,161200,0,0,41.942549,-87.73857,Census Tract 1612
21761,21761,73270,70043529,10000,-1,1,IL,USA,17,31,580700,0,1,41.817493,-87.686846,Census Tract 5807
21762,21762,73271,70043529,10002,1,2,IL,USA,17,31,839900,0,0,41.827346,-87.648454,Census Tract 8399
21763,21763,73272,70043529,20002,2,2,IL,USA,17,31,590700,0,0,41.826054,-87.662789,Census Tract 5907
21764,21764,73273,70043529,20003,2,3,IL,USA,17,31,320100,0,0,41.886447,-87.619467,Census Tract 3201
21768,21768,73277,70043540,10000,-1,1,IL,USA,17,31,242000,0,1,41.899737,-87.664954,Census Tract 2420
21769,21769,73278,70043540,10002,1,2,IL,USA,17,31,281900,0,0,41.878635,-87.642924,Census Tract 2819
21770,21770,73279,70043540,10003,1,3,IL,USA,17,31,320100,0,0,41.886447,-87.619467,Census Tract 3201
21771,21771,73285,70043542,10000,-1,1,IL,USA,17,31,730600,0,1,41.7106,-87.650486,Census Tract 7306
21772,21772,73286,70043542,10003,1,3,IL,USA,17,31,320100,0,0,41.886447,-87.619467,Census Tract 3201
21773,21773,73287,70043561,10000,-1,1,IL,USA,17,31,660600,0,1,41.777287,-87.693341,Census Tract 6606
21774,21774,73288,70043561,10003,1,3,IL,USA,17,31,680900,0,0,41.77643,-87.63763,Census Tract 6809
21775,21775,73289,70043561,20002,2,2,IL,USA,17,31,835000,0,0,41.782849,-87.686049,Census Tract 8350
21786,21786,73308,70043578,10000,-1,1,IL,USA,17,31,834400,0,1,41.77695,-87.596303,Census Tract 8344
21787,21787,73309,70043578,10002,1,2,IL,USA,17,31,836200,0,0,41.790469,-87.601285,Census Tract 8362
21801,21801,73353,70043597,10000,-1,1,IL,USA,17,31,691000,0,1,41.761965,-87.620015,Census Tract 6910
21802,21802,73354,70043597,10002,1,2,IL,USA,17,31,480200,0,0,41.735124,-87.589883,Census Tract 4802
21803,21803,73355,70043597,10003,1,3,IL,USA,17,31,31700,0,0,41.965447,-87.663195,Census Tract 317
21808,21808,73369,70043604,10000,-1,1,IL,USA,17,31,510300,0,1,41.715738,-87.574974,Census Tract 5103
21809,21809,73370,70043604,10003,1,3,IL,USA,17,31,650500,0,0,41.762219,-87.732035,Census Tract 6505
21817,21817,73385,70043621,10000,-1,1,IL,USA,17,31,834800,0,1,41.783634,-87.645088,Census Tract 8348
21818,21818,73386,70043621,10003,1,3,IL,USA,17,31,681000,0,0,41.77604,-87.649548,Census Tract 6810
21819,21819,73390,70043623,10000,-1,1,IL,USA,17,31,410100,0,1,41.801582,-87.581026,Census Tract 4101
21820,21820,73391,70043623,10002,1,2,IL,USA,17,31,320100,0,0,41.886447,-87.619467,Census Tract 3201
21821,21821,73392,70043623,20002,2,2,IL,USA,17,31,842900,0,0,41.863139,-87.672937,Census Tract 8429
21825,21825,73403,70043630,10000,-1,1,IL,USA,17,31,170300,0,1,41.949125,-87.796828,Census Tract 1703
21826,21826,73404,70043630,30003,3,3,IL,USA,17,31,170300,0,0,41.949125,-87.796828,Census Tract 1703
21827,21827,73405,70043631,10000,-1,1,IL,USA,17,31,730600,0,1,41.7106,-87.650486,Census Tract 7306
21828,21828,73406,70043631,10003,1,3,IL,USA,17,31,320100,0,0,41.886447,-87.619467,Census Tract 3201
21829,21829,73407,70043631,20002,2,2,IL,USA,17,31,320100,0,0,41.886447,-87.619467,Census Tract 3201
21830,21830,73409,70043633,10000,-1,1,IL,USA,17,31,40402,0,1,41.972545,-87.678818,Census Tract 404.02
21831,21831,73410,70043633,10002,1,2,IL,USA,17,31,32100,0,0,41.958154,-87.653018,Census Tract 321
21832,21832,73411,70043633,10003,1,3,IL,USA,17,31,31700,0,0,41.965447,-87.663195,Census Tract 317
21833,21833,73412,70043633,20002,2,2,IL,USA,17,31,81300,0,0,41.898335,-87.620753,Census Tract 813
21834,21834,73413,70043633,30002,3,2,IL,USA,17,31,839100,0,0,41.880986,-87.63307,Census Tract 8391
21835,21835,73426,70043640,10000,-1,1,IL,USA,17,31,671600,0,1,41.7695,-87.661511,Census Tract 6716
21836,21836,73427,70043640,10002,1,2,IL,USA,17,31,680900,0,0,41.77643,-87.63763,Census Tract 6809
21837,21837,73428,70043640,10003,1,3,IL,USA,17,31,680900,0,0,41.77643,-87.63763,Census Tract 6809
21838,21838,73453,70043644,10000,-1,1,IL,USA,17,31,670500,0,1,41.786578,-87.676404,Census Tract 6705
21839,21839,73454,70043644,10002,1,2,IL,USA,17,31,839100,0,0,41.880986,-87.63307,Census Tract 8391
21840,21840,73455,70043644,10003,1,3,IL,USA,17,31,681000,0,0,41.77604,-87.649548,Census Tract 6810
21841,21841,73456,70043644,40002,4,2,IL,USA,17,31,500200,0,0,41.700855,-87.600309,Census Tract 5002
21847,21847,73470,70043647,10000,-1,1,IL,USA,17,31,160501,0,1,41.95921,-87.712973,Census Tract 1605.01
21848,21848,73471,70043647,10002,1,2,IL,USA,17,31,100400,0,0,41.988969,-87.818041,Census Tract 1004
21849,21849,73472,70043647,10003,1,3,IL,USA,17,31,838100,0,0,41.878667,-87.671689,Census Tract 8381
21850,21850,73473,70043647,20002,2,2,IL,USA,17,31,831700,0,0,41.952651,-87.745255,Census Tract 8317
21851,21851,73475,70043649,10000,-1,1,IL,USA,17,31,140602,0,1,41.964652,-87.721017,Census Tract 1406.02
21852,21852,73476,70043649,10003,1,3,IL,USA,17,31,320100,0,0,41.886447,-87.619467,Census Tract 3201
21853,21853,73477,70043649,30003,3,3,IL,USA,17,31,51400,0,0,41.935442,-87.680959,Census Tract 514
21854,21854,73478,70043649,40003,4,3,IL,USA,17,31,51400,0,0,41.935442,-87.680959,Census Tract 514
21855,21855,73481,70043650,10000,-1,1,IL,USA,17,31,831800,0,1,41.978233,-87.716453,Census Tract 8318
21856,21856,73482,70043650,10002,1,2,IL,USA,17,31,830700,0,0,41.958304,-87.660765,Census Tract 8307
21857,21857,73483,70043650,20003,2,3,IL,USA,17,31,20200,0,0,42.01569,-87.699519,Census Tract 202
21858,21858,73484,70043651,10000,-1,1,IL,USA,17,31,63000,0,1,41.93631,-87.651562,Census Tract 630
21859,21859,73485,70043651,10002,1,2,IL,USA,17,31,833100,0,0,41.879078,-87.657046,Census Tract 8331
21860,21860,73486,70043651,10003,1,3,IL,USA,17,31,320100,0,0,41.886447,-87.619467,Census Tract 3201
21861,21861,73488,70043654,10000,-1,1,IL,USA,17,31,841200,0,1,41.855562,-87.683342,Census Tract 8412
21862,21862,73489,70043654,10002,1,2,IL,USA,17,31,320100,0,0,41.886447,-87.619467,Census Tract 3201
21863,21863,73490,70043654,10003,1,3,IL,USA,17,31,320100,0,0,41.886447,-87.619467,Census Tract 3201
21864,21864,73496,70043658,10000,-1,1,IL,USA,17,31,580700,0,1,41.817493,-87.686846,Census Tract 5807
21865,21865,73497,70043658,10002,1,2,IL,USA,17,31,680900,0,0,41.77643,-87.63763,Census Tract 6809
21866,21866,73498,70043658,20003,2,3,IL,USA,17,31,680900,0,0,41.77643,-87.63763,Census Tract 6809
21867,21867,73499,70043658,30003,3,3,IL,USA,17,31,690300,0,0,41.768733,-87.629116,Census Tract 6903
21871,21871,73508,70043668,10000,-1,1,IL,USA,17,31,831400,0,1,41.869119,-87.756088,Census Tract 8314
21872,21872,73509,70043668,10002,1,2,IL,USA,17,31,835700,0,0,41.812844,-87.627598,Census Tract 8357
21873,21873,73510,70043668,10003,1,3,IL,USA,17,31,320400,0,0,41.875817,-87.617256,Census Tract 3204
21890,21890,73578,70043695,10000,-1,1,IL,USA,17,31,430400,0,1,41.762198,-87.590312,Census Tract 4304
21891,21891,73579,70043695,10003,1,3,IL,USA,17,31,838100,0,0,41.878667,-87.671689,Census Tract 8381
21892,21892,73580,70043695,20002,2,2,IL,USA,17,31,839100,0,0,41.880986,-87.63307,Census Tract 8391
21893,21893,73581,70043695,30003,3,3,IL,USA,17,31,841900,0,0,41.868458,-87.642965,Census Tract 8419
21894,21894,73582,70043695,40003,4,3,IL,USA,17,31,841900,0,0,41.868458,-87.642965,Census Tract 8419
21895,21895,73583,70043695,50002,5,2,IL,USA,17,31,81700,0,0,41.892218,-87.631832,Census Tract 817
21896,21896,73584,70043695,60002,6,2,IL,USA,17,31,81700,0,0,41.892218,-87.631832,Census Tract 817
21897,21897,73585,70043695,70003,7,3,IL,USA,17,31,390600,0,0,41.806018,-87.59435,Census Tract 3906
21898,21898,73587,70043705,10000,-1,1,IL,USA,17,31,70102,0,1,41.930583,-87.642202,Census Tract 701.02
21899,21899,73588,70043705,10002,1,2,IL,USA,17,31,71300,0,0,41.921779,-87.641458,Census Tract 713
21924,21924,73643,70043722,10000,-1,1,IL,USA,17,31,700302,0,1,41.738365,-87.731306,Census Tract 7003.02
21925,21925,73644,70043722,10002,1,2,IL,USA,17,31,835900,0,0,41.820166,-87.621499,Census Tract 8359
21929,21929,73662,70043731,10000,-1,1,IL,USA,17,31,700301,0,1,41.745623,-87.731712,Census Tract 7003.01
21930,21930,73663,70043731,10002,1,2,IL,USA,17,31,650500,0,0,41.762219,-87.732035,Census Tract 6505
21931,21931,73667,70043734,10000,-1,1,IL,USA,17,31,220300,0,1,41.928465,-87.695086,Census Tract 2203
21932,21932,73668,70043734,30002,3,2,IL,USA,17,31,81800,0,0,41.893324,-87.63919,Census Tract 818
21933,21933,73675,70043741,10000,-1,1,IL,USA,17,31,841200,0,1,41.855562,-87.683342,Census Tract 8412
21934,21934,73676,70043741,10003,1,3,IL,USA,17,31,320100,0,0,41.886447,-87.619467,Census Tract 3201
21943,21943,73708,70043744,10000,-1,1,IL,USA,17,31,720200,0,1,41.713042,-87.666054,Census Tract 7202
21944,21944,73709,70043744,10002,1,2,IL,USA,17,31,838200,0,0,41.870416,-87.675079,Census Tract 8382
21945,21945,73715,70043745,10000,-1,1,IL,USA,17,31,62100,0,1,41.942691,-87.65177,Census Tract 621
21946,21946,73716,70043745,10002,1,2,IL,USA,17,31,839100,0,0,41.880986,-87.63307,Census Tract 8391
21947,21947,73717,70043745,10003,1,3,IL,USA,17,31,320100,0,0,41.886447,-87.619467,Census Tract 3201
21948,21948,73718,70043745,20002,2,2,IL,USA,17,31,243500,0,0,41.892654,-87.652517,Census Tract 2435
21961,21961,73742,70043766,10000,-1,1,IL,USA,17,31,710200,0,1,41.755113,-87.651425,Census Tract 7102
21962,21962,73743,70043766,10003,1,3,IL,USA,17,31,680900,0,0,41.77643,-87.63763,Census Tract 6809
21963,21963,73744,70043766,20003,2,3,IL,USA,17,31,730201,0,0,41.726863,-87.657902,Census Tract 7302.01
21964,21964,73751,70043769,10000,-1,1,IL,USA,17,31,221600,0,1,41.921246,-87.685098,Census Tract 2216
21965,21965,73752,70043769,10002,1,2,IL,USA,17,31,760801,0,0,41.983487,-87.84485,Census Tract 7608.01
21966,21966,73753,70043773,10000,-1,1,IL,USA,17,31,840700,0,1,41.85293,-87.694267,Census Tract 8407
21967,21967,73754,70043773,10002,1,2,IL,USA,17,31,833000,0,0,41.885286,-87.657249,Census Tract 8330
21968,21968,73755,70043773,10003,1,3,IL,USA,17,31,320100,0,0,41.886447,-87.619467,Census Tract 3201
21976,21976,73765,70043783,10000,-1,1,IL,USA,17,31,630400,0,1,41.797254,-87.698781,Census Tract 6304
21977,21977,73766,70043783,10002,1,2,IL,USA,17,31,630400,0,0,41.797254,-87.698781,Census Tract 6304
21978,21978,73767,70043783,10003,1,3,IL,USA,17,31,320100,0,0,41.886447,-87.619467,Census Tract 3201
21979,21979,73768,70043783,30003,3,3,IL,USA,17,31,570400,0,0,41.804992,-87.71913,Census Tract 5704
21980,21980,73769,70043783,40003,4,3,IL,USA,17,31,570400,0,0,41.804992,-87.71913,Census Tract 5704
21981,21981,73770,70043783,50003,5,3,IL,USA,17,31,570400,0,0,41.804992,-87.71913,Census Tract 5704
21982,21982,73771,70043787,10000,-1,1,IL,USA,17,31,490500,0,1,41.717927,-87.613206,Census Tract 4905
21983,21983,73772,70043787,10003,1,3,IL,USA,17,31,500100,0,0,41.714683,-87.595025,Census Tract 5001
22000,22000,73823,70043816,10000,-1,1,IL,USA,17,31,839600,0,1,41.827443,-87.619249,Census Tract 8396
22001,22001,73824,70043816,10002,1,2,IL,USA,17,31,81600,0,0,41.892057,-87.628871,Census Tract 816
22002,22002,73825,70043816,10003,1,3,IL,USA,17,31,838100,0,0,41.878667,-87.671689,Census Tract 8381
22003,22003,73829,70043819,10000,-1,1,IL,USA,17,31,720600,0,1,41.702776,-87.677207,Census Tract 7206
22004,22004,73830,70043819,10002,1,2,IL,USA,17,31,81403,0,0,41.892991,-87.620956,Census Tract 814.03
22005,22005,73837,70043828,10000,-1,1,IL,USA,17,31,30500,0,1,41.987226,-87.664936,Census Tract 305
22006,22006,73838,70043828,10002,1,2,IL,USA,17,31,839100,0,0,41.880986,-87.63307,Census Tract 8391
22012,22012,73862,70043834,10000,-1,1,IL,USA,17,31,242900,0,1,41.892196,-87.68429,Census Tract 2429
22013,22013,73863,70043834,10003,1,3,IL,USA,17,31,320100,0,0,41.886447,-87.619467,Census Tract 3201
22014,22014,73864,70043834,20003,2,3,IL,USA,17,31,71200,0,0,41.921855,-87.646211,Census Tract 712
22029,22029,73900,70043851,10000,-1,1,IL,USA,17,31,40300,0,1,41.976944,-87.701983,Census Tract 403
22030,22030,73901,70043851,10003,1,3,IL,USA,17,31,839100,0,0,41.880986,-87.63307,Census Tract 8391
22031,22031,73902,70043851,30002,3,2,IL,USA,17,31,20200,0,0,42.01569,-87.699519,Census Tract 202
22036,22036,73910,70043855,10000,-1,1,IL,USA,17,31,40201,0,1,41.97258,-87.694,Census Tract 402.01
22037,22037,73911,70043855,10002,1,2,IL,USA,17,31,40100,0,0,41.985622,-87.682886,Census Tract 401
22038,22038,73914,70043861,10000,-1,1,IL,USA,17,31,600600,0,1,41.842469,-87.655751,Census Tract 6006
22039,22039,73915,70043861,10002,1,2,IL,USA,17,31,843500,0,0,41.840983,-87.697566,Census Tract 8435
22040,22040,73916,70043861,10003,1,3,IL,USA,17,31,320100,0,0,41.886447,-87.619467,Census Tract 3201
22041,22041,73917,70043861,20002,2,2,IL,USA,17,31,320400,0,0,41.875817,-87.617256,Census Tract 3204
22042,22042,73918,70043861,20003,2,3,IL,USA,17,31,320100,0,0,41.886447,-87.619467,Census Tract 3201
22043,22043,73919,70043861,30003,3,3,IL,USA,17,31,842900,0,0,41.863139,-87.672937,Census Tract 8429
22049,22049,73939,70043864,10000,-1,1,IL,USA,17,31,80100,0,1,41.907549,-87.62679,Census Tract 801
22050,22050,73940,70043864,20002,2,2,IL,USA,17,31,839100,0,0,41.880986,-87.63307,Census Tract 8391
22051,22051,73946,70043865,10000,-1,1,IL,USA,17,31,140500,0,1,41.965362,-87.731832,Census Tract 1405
22052,22052,73947,70043865,10003,1,3,IL,USA,17,31,830700,0,0,41.958304,-87.660765,Census Tract 8307
22053,22053,73948,70043866,10000,-1,1,IL,USA,17,31,835100,0,1,41.790158,-87.686248,Census Tract 8351
22054,22054,73949,70043866,10003,1,3,IL,USA,17,31,620300,0,0,41.789502,-87.730444,Census Tract 6203
22055,22055,73950,70043866,20002,2,2,IL,USA,17,31,839100,0,0,41.880986,-87.63307,Census Tract 8391
22056,22056,73951,70043868,10000,-1,1,IL,USA,17,31,640800,0,1,41.774824,-87.739742,Census Tract 6408
22057,22057,73952,70043868,10003,1,3,IL,USA,17,31,838100,0,0,41.878667,-87.671689,Census Tract 8381
22058,22058,73964,70043873,10000,-1,1,IL,USA,17,31,10100,0,1,42.021256,-87.669832,Census Tract 101
22059,22059,73965,70043873,10003,1,3,IL,USA,17,31,830700,0,0,41.958304,-87.660765,Census Tract 8307
22060,22060,73972,70043883,10000,-1,1,IL,USA,17,31,440300,0,1,41.743721,-87.619542,Census Tract 4403
22061,22061,73973,70043883,10002,1,2,IL,USA,17,31,420500,0,0,41.7831,-87.608426,Census Tract 4205
22062,22062,73974,70043883,10003,1,3,IL,USA,17,31,320100,0,0,41.886447,-87.619467,Census Tract 3201
22063,22063,73975,70043883,20002,2,2,IL,USA,17,31,411200,0,0,41.790562,-87.594017,Census Tract 4112
22064,22064,73976,70043894,10000,-1,1,IL,USA,17,31,220300,0,1,41.928465,-87.695086,Census Tract 2203
22065,22065,73977,70043894,10002,1,2,IL,USA,17,31,60400,0,0,41.950673,-87.666536,Census Tract 604
22066,22066,73978,70043894,10003,1,3,IL,USA,17,31,830700,0,0,41.958304,-87.660765,Census Tract 8307
22067,22067,73979,70043894,20002,2,2,IL,USA,17,31,830900,0,0,41.928424,-87.684906,Census Tract 8309
22068,22068,73980,70043894,30003,3,3,IL,USA,17,31,221400,0,0,41.920801,-87.694532,Census Tract 2214
22073,22073,74013,70043910,10000,-1,1,IL,USA,17,31,30400,0,1,41.986952,-87.672079,Census Tract 304
22074,22074,74014,70043910,10002,1,2,IL,USA,17,31,170100,0,0,41.95586,-87.794817,Census Tract 1701
22075,22075,74015,70043910,20002,2,2,IL,USA,17,31,40600,0,0,41.966834,-87.684018,Census Tract 406
22076,22076,74016,70043910,30003,3,3,IL,USA,17,31,30800,0,0,41.979912,-87.664188,Census Tract 308
22077,22077,74018,70043911,10000,-1,1,IL,USA,17,31,310200,0,1,41.85631,-87.644209,Census Tract 3102
22078,22078,74019,70043911,10003,1,3,IL,USA,17,31,838100,0,0,41.878667,-87.671689,Census Tract 8381
22079,22079,74020,70043911,30003,3,3,IL,USA,17,31,310300,0,0,41.856144,-87.648978,Census Tract 3103
22094,22094,74066,70043935,10000,-1,1,IL,USA,17,31,842300,0,1,41.908386,-87.660086,Census Tract 8423
22095,22095,74067,70043935,10002,1,2,IL,USA,17,31,320100,0,0,41.886447,-87.619467,Census Tract 3201
22096,22096,74068,70043935,20002,2,2,IL,USA,17,31,839100,0,0,41.880986,-87.63307,Census Tract 8391
22101,22101,74078,70043937,10000,-1,1,IL,USA,17,31,320100,0,1,41.886447,-87.619467,Census Tract 3201
22102,22102,74079,70043937,10002,1,2,IL,USA,17,31,839100,0,0,41.880986,-87.63307,Census Tract 8391
22103,22103,74080,70043937,20002,2,2,IL,USA,17,31,832300,0,0,41.919826,-87.672781,Census Tract 8323
22104,22104,74081,70043938,10000,-1,1,IL,USA,17,31,832200,0,1,41.920482,-87.679976,Census Tract 8322
22105,22105,74082,70043938,10002,1,2,IL,USA,17,31,839100,0,0,41.880986,-87.63307,Census Tract 8391
22106,22106,74083,70043938,20002,2,2,IL,USA,17,31,839100,0,0,41.880986,-87.63307,Census Tract 8391
22107,22107,74084,70043939,10000,-1,1,IL,USA,17,31,20601,0,1,42.000875,-87.701802,Census Tract 206.01
22108,22108,74085,70043939,30003,3,3,IL,USA,17,31,841900,0,0,41.868458,-87.642965,Census Tract 8419
22109,22109,74086,70043939,40003,4,3,IL,USA,17,31,20901,0,0,41.994392,-87.685474,Census Tract 209.01
22114,22114,74101,70043943,10000,-1,1,IL,USA,17,31,62100,0,1,41.942691,-87.65177,Census Tract 621
22115,22115,74102,70043943,10002,1,2,IL,USA,17,31,839100,0,0,41.880986,-87.63307,Census Tract 8391
22116,22116,74103,70043943,10003,1,3,IL,USA,17,31,320100,0,0,41.886447,-87.619467,Census Tract 3201
22117,22117,74104,70043943,20002,2,2,IL,USA,17,31,839100,0,0,41.880986,-87.63307,Census Tract 8391
22118,22118,74107,70043945,10000,-1,1,IL,USA,17,31,490901,0,1,41.696058,-87.616268,Census Tract 4909.01
22119,22119,74108,70043945,10002,1,2,IL,USA,17,31,251900,0,0,41.883812,-87.760094,Census Tract 2519
22142,22142,74184,70043965,10000,-1,1,IL,USA,17,31,50100,0,1,41.957845,-87.676373,Census Tract 501
22143,22143,74185,70043965,20002,2,2,IL,USA,17,31,241400,0,0,41.906031,-87.675314,Census Tract 2414
22144,22144,74186,70043965,30003,3,3,IL,USA,17,31,50100,0,0,41.957845,-87.676373,Census Tract 501
22145,22145,74187,70043965,40003,4,3,IL,USA,17,31,50100,0,0,41.957845,-87.676373,Census Tract 501
22151,22151,74212,70043970,10000,-1,1,IL,USA,17,31,410500,0,1,41.797831,-87.603742,Census Tract 4105
22152,22152,74213,70043970,10002,1,2,IL,USA,17,31,836200,0,0,41.790469,-87.601285,Census Tract 8362
22167,22167,74289,70043990,10000,-1,1,IL,USA,17,31,50500,0,1,41.950447,-87.683507,Census Tract 505
22168,22168,74290,70043990,10002,1,2,IL,USA,17,31,81401,0,0,41.895035,-87.619717,Census Tract 814.01
22169,22169,74304,70043993,10000,-1,1,IL,USA,17,31,60300,0,1,41.950605,-87.671333,Census Tract 603
22170,22170,74305,70043993,10002,1,2,IL,USA,17,31,50100,0,0,41.957845,-87.676373,Census Tract 501
22171,22171,74306,70043993,20002,2,2,IL,USA,17,31,839100,0,0,41.880986,-87.63307,Census Tract 8391
22172,22172,74307,70043993,30003,3,3,IL,USA,17,31,831800,0,0,41.978233,-87.716453,Census Tract 8318
22173,22173,74308,70043993,40003,4,3,IL,USA,17,31,60400,0,0,41.950673,-87.666536,Census Tract 604
22179,22179,74327,70043999,10000,-1,1,IL,USA,17,31,160501,0,1,41.95921,-87.712973,Census Tract 1605.01
22180,22180,74328,70043999,10002,1,2,IL,USA,17,31,40202,0,0,41.979855,-87.694096,Census Tract 402.02
22183,22183,74335,70044008,10000,-1,1,IL,USA,17,31,30603,0,1,41.985476,-87.658398,Census Tract 306.03
22184,22184,74336,70044008,10002,1,2,IL,USA,17,31,130300,0,0,41.986559,-87.713392,Census Tract 1303
22185,22185,74337,70044008,10003,1,3,IL,USA,17,31,31700,0,0,41.965447,-87.663195,Census Tract 317
22186,22186,74338,70044008,20002,2,2,IL,USA,17,31,40600,0,0,41.966834,-87.684018,Census Tract 406
22187,22187,74339,70044008,30002,3,2,IL,USA,17,31,30800,0,0,41.979912,-87.664188,Census Tract 308
22188,22188,74340,70044008,30003,3,3,IL,USA,17,31,31700,0,0,41.965447,-87.663195,Census Tract 317
22207,22207,74379,70044029,10000,-1,1,IL,USA,17,31,191301,0,1,41.920152,-87.780266,Census Tract 1913.01
22208,22208,74380,70044029,10002,1,2,IL,USA,17,31,222600,0,0,41.915639,-87.70448,Census Tract 2226
22209,22209,74381,70044029,10003,1,3,IL,USA,17,31,320100,0,0,41.886447,-87.619467,Census Tract 3201
22213,22213,74391,70044033,10000,-1,1,IL,USA,17,31,40700,0,1,41.967431,-87.694068,Census Tract 407
22214,22214,74392,70044033,10002,1,2,IL,USA,17,31,30104,0,0,41.997277,-87.655986,Census Tract 301.04
22215,22215,74393,70044033,10003,1,3,IL,USA,17,31,81201,0,0,41.899154,-87.626212,Census Tract 812.01
22216,22216,74395,70044035,10000,-1,1,IL,USA,17,31,32100,0,1,41.958154,-87.653018,Census Tract 321
22217,22217,74396,70044035,10003,1,3,IL,USA,17,31,31700,0,0,41.965447,-87.663195,Census Tract 317
22226,22226,74422,70044050,10000,-1,1,IL,USA,17,31,280100,0,1,41.885452,-87.643498,Census Tract 2801
22227,22227,74423,70044050,10002,1,2,IL,USA,17,31,839100,0,0,41.880986,-87.63307,Census Tract 8391
22235,22235,74435,70044076,10000,-1,1,IL,USA,17,31,10701,0,1,42.009148,-87.67862,Census Tract 107.01
22236,22236,74436,70044076,10002,1,2,IL,USA,17,31,31900,0,0,41.963374,-87.670184,Census Tract 319
22237,22237,74437,70044076,20002,2,2,IL,USA,17,31,839100,0,0,41.880986,-87.63307,Census Tract 8391
22238,22238,74438,70044076,30003,3,3,IL,USA,17,31,71000,0,0,41.921701,-87.655911,Census Tract 710
22239,22239,74439,70044076,40003,4,3,IL,USA,17,31,71000,0,0,41.921701,-87.655911,Census Tract 710
22240,22240,74443,70044084,10000,-1,1,IL,USA,17,31,20302,0,1,42.008541,-87.694963,Census Tract 203.02
22241,22241,74444,70044084,10002,1,2,IL,USA,17,31,320100,0,0,41.886447,-87.619467,Census Tract 3201
22242,22242,74445,70044084,10003,1,3,IL,USA,17,31,841900,0,0,41.868458,-87.642965,Census Tract 8419
22260,22260,74517,70044097,10000,-1,1,IL,USA,17,31,301100,0,1,41.847029,-87.697973,Census Tract 3011
22261,22261,74518,70044097,10002,1,2,IL,USA,17,31,610300,0,0,41.816178,-87.675102,Census Tract 6103
22262,22262,74519,70044097,10003,1,3,IL,USA,17,31,320100,0,0,41.886447,-87.619467,Census Tract 3201
22263,22263,74520,70044097,20003,2,3,IL,USA,17,31,840700,0,0,41.85293,-87.694267,Census Tract 8407
22272,22272,74558,70044113,10000,-1,1,IL,USA,17,31,62000,0,1,41.942577,-87.647079,Census Tract 620
22273,22273,74559,70044113,10002,1,2,IL,USA,17,31,81600,0,0,41.892057,-87.628871,Census Tract 816
22274,22274,74561,70044117,10000,-1,1,IL,USA,17,31,210602,0,1,41.934163,-87.712572,Census Tract 2106.02
22275,22275,74562,70044117,10002,1,2,IL,USA,17,31,839100,0,0,41.880986,-87.63307,Census Tract 8391
22276,22276,74563,70044118,10000,-1,1,IL,USA,17,31,10701,0,1,42.009148,-87.67862,Census Tract 107.01
22277,22277,74564,70044118,10003,1,3,IL,USA,17,31,838100,0,0,41.878667,-87.671689,Census Tract 8381
22278,22278,74565,70044118,20002,2,2,IL,USA,17,31,839100,0,0,41.880986,-87.63307,Census Tract 8391
22279,22279,74566,70044118,30002,3,2,IL,USA,17,31,30800,0,0,41.979912,-87.664188,Census Tract 308
22280,22280,74567,70044118,30003,3,3,IL,USA,17,31,830700,0,0,41.958304,-87.660765,Census Tract 8307
22284,22284,74581,70044120,10000,-1,1,IL,USA,17,31,835800,0,1,41.813046,-87.618719,Census Tract 8358
22285,22285,74582,70044120,10003,1,3,IL,USA,17,31,320100,0,0,41.886447,-87.619467,Census Tract 3201
22286,22286,74583,70044120,20002,2,2,IL,USA,17,31,320400,0,0,41.875817,-87.617256,Census Tract 3204
22287,22287,74584,70044120,30003,3,3,IL,USA,17,31,420500,0,0,41.7831,-87.608426,Census Tract 4205
22288,22288,74588,70044126,10000,-1,1,IL,USA,17,31,832400,0,1,41.915741,-87.692256,Census Tract 8324
22289,22289,74589,70044126,10002,1,2,IL,USA,17,31,839100,0,0,41.880986,-87.63307,Census Tract 8391
22327,22327,74695,70044172,10000,-1,1,IL,USA,17,31,430800,0,1,41.76075,-87.571298,Census Tract 4308
22328,22328,74696,70044172,10003,1,3,IL,USA,17,31,838100,0,0,41.878667,-87.671689,Census Tract 8381
22336,22336,74722,70044181,10000,-1,1,IL,USA,17,31,243000,0,1,41.892275,-87.679398,Census Tract 2430
22337,22337,74723,70044181,10002,1,2,IL,USA,17,31,843200,0,0,41.848715,-87.664217,Census Tract 8432
22338,22338,74724,70044181,20002,2,2,IL,USA,17,31,839100,0,0,41.880986,-87.63307,Census Tract 8391
22370,22370,74814,70044209,10000,-1,1,IL,USA,17,31,710200,0,1,41.755113,-87.651425,Census Tract 7102
22371,22371,74815,70044209,10003,1,3,IL,USA,17,31,680900,0,0,41.77643,-87.63763,Census Tract 6809
22372,22372,74816,70044209,20002,2,2,IL,USA,17,31,700501,0,0,41.746213,-87.690342,Census Tract 7005.01
22373,22373,74833,70044219,10000,-1,1,IL,USA,17,31,832100,0,1,41.952821,-87.653241,Census Tract 8321
22374,22374,74834,70044219,10002,1,2,IL,USA,17,31,839100,0,0,41.880986,-87.63307,Census Tract 8391
22375,22375,74835,70044219,20002,2,2,IL,USA,17,31,839100,0,0,41.880986,-87.63307,Census Tract 8391
22380,22380,74860,70044229,10000,-1,1,IL,USA,17,31,600900,0,1,41.836513,-87.653143,Census Tract 6009
22381,22381,74861,70044229,10002,1,2,IL,USA,17,31,838200,0,0,41.870416,-87.675079,Census Tract 8382
22382,22382,74862,70044229,10003,1,3,IL,USA,17,31,838100,0,0,41.878667,-87.671689,Census Tract 8381
22402,22402,74903,70044259,10000,-1,1,IL,USA,17,31,400500,0,1,41.791041,-87.623179,Census Tract 4005
22403,22403,74904,70044259,10002,1,2,IL,USA,17,31,320100,0,0,41.886447,-87.619467,Census Tract 3201
22404,22404,74905,70044259,10003,1,3,IL,USA,17,31,838100,0,0,41.878667,-87.671689,Census Tract 8381
22405,22405,74906,70044259,20003,2,3,IL,USA,17,31,351400,0,0,41.827402,-87.624091,Census Tract 3514
22406,22406,74907,70044259,30003,3,3,IL,USA,17,31,251800,0,0,41.884144,-87.747888,Census Tract 2518
22407,22407,74908,70044259,40003,4,3,IL,USA,17,31,841800,0,0,41.766306,-87.599421,Census Tract 8418
22413,22413,74926,70044263,10000,-1,1,IL,USA,17,31,81000,0,1,41.900266,-87.632109,Census Tract 810
22414,22414,74927,70044263,10002,1,2,IL,USA,17,31,81800,0,0,41.893324,-87.63919,Census Tract 818
22415,22415,74930,70044268,10000,-1,1,IL,USA,17,31,640500,0,1,41.775682,-87.790988,Census Tract 6405
22416,22416,74931,70044268,10003,1,3,IL,USA,17,31,320100,0,0,41.886447,-87.619467,Census Tract 3201
22417,22417,74934,70044272,10000,-1,1,IL,USA,17,31,440102,0,1,41.740936,-87.601164,Census Tract 4401.02
22418,22418,74935,70044272,20003,2,3,IL,USA,17,31,470100,0,0,41.728221,-87.596489,Census Tract 4701
22419,22419,74936,70044272,40003,4,3,IL,USA,17,31,470100,0,0,41.728221,-87.596489,Census Tract 4701
22422,22422,74957,70044276,10000,-1,1,IL,USA,17,31,836000,0,1,41.814004,-87.611684,Census Tract 8360
22423,22423,74958,70044276,10002,1,2,IL,USA,17,31,839100,0,0,41.880986,-87.63307,Census Tract 8391
22424,22424,74959,70044276,20003,2,3,IL,USA,17,31,839500,0,0,41.834098,-87.619292,Census Tract 8395
22425,22425,74960,70044276,30003,3,3,IL,USA,17,31,420400,0,0,41.78317,-87.603558,Census Tract 4204
22426,22426,74961,70044276,40003,4,3,IL,USA,17,31,835900,0,0,41.820166,-87.621499,Census Tract 8359
22427,22427,74963,70044281,10000,-1,1,IL,USA,17,31,80300,0,1,41.90749,-87.635799,Census Tract 803
22428,22428,74964,70044281,10002,1,2,IL,USA,17,31,81800,0,0,41.893324,-87.63919,Census Tract 818
22431,22431,74982,70044290,10000,-1,1,IL,USA,17,31,241500,0,1,41.908374,-87.67093,Census Tract 2415
22432,22432,74983,70044290,20002,2,2,IL,USA,17,31,81401,0,0,41.895035,-87.619717,Census Tract 814.01
22433,22433,74984,70044290,30003,3,3,IL,USA,17,31,81401,0,0,41.895035,-87.619717,Census Tract 814.01
22441,22441,75001,70044305,10000,-1,1,IL,USA,17,31,330100,0,1,41.859295,-87.615523,Census Tract 3301
22442,22442,75002,70044305,10002,1,2,IL,USA,17,31,839100,0,0,41.880986,-87.63307,Census Tract 8391
22451,22451,75020,70044309,10000,-1,1,IL,USA,17,31,231500,0,1,41.891736,-87.718652,Census Tract 2315
22452,22452,75021,70044309,40003,4,3,IL,USA,17,31,243500,0,0,41.892654,-87.652517,Census Tract 2435
22462,22462,75044,70044321,10000,-1,1,IL,USA,17,31,100500,0,1,41.97806,-87.819734,Census Tract 1005
22463,22463,75045,70044321,10002,1,2,IL,USA,17,31,839100,0,0,41.880986,-87.63307,Census Tract 8391
22464,22464,75046,70044321,20002,2,2,IL,USA,17,31,242400,0,0,41.899422,-87.68449,Census Tract 2424
22470,22470,75067,70044326,10000,-1,1,IL,USA,17,31,140800,0,1,41.964514,-87.702847,Census Tract 1408
22471,22471,75068,70044326,10002,1,2,IL,USA,17,31,63000,0,0,41.93631,-87.651562,Census Tract 630
22478,22478,75106,70044338,10000,-1,1,IL,USA,17,31,60200,0,1,41.957904,-87.671517,Census Tract 602
22479,22479,75107,70044338,10002,1,2,IL,USA,17,31,760801,0,0,41.983487,-87.84485,Census Tract 7608.01
22512,22512,75242,70044368,10000,-1,1,IL,USA,17,31,520500,0,1,41.693116,-87.530872,Census Tract 5205
22513,22513,75243,70044368,10003,1,3,IL,USA,17,31,500100,0,0,41.714683,-87.595025,Census Tract 5001
22514,22514,75244,70044368,20002,2,2,IL,USA,17,31,480400,0,0,41.72845,-87.575638,Census Tract 4804
22535,22535,75297,70044382,10000,-1,1,IL,USA,17,31,843900,0,1,41.778993,-87.57613,Census Tract 8439
22536,22536,75298,70044382,10002,1,2,IL,USA,17,31,320400,0,0,41.875817,-87.617256,Census Tract 3204
22537,22537,75301,70044390,10000,-1,1,IL,USA,17,31,490600,0,1,41.717973,-87.62833,Census Tract 4906
22538,22538,75302,70044390,10002,1,2,IL,USA,17,31,280100,0,0,41.885452,-87.643498,Census Tract 2801
22549,22549,75345,70044404,10000,-1,1,IL,USA,17,31,839200,0,1,41.842011,-87.622036,Census Tract 8392
22550,22550,75346,70044404,20003,2,3,IL,USA,17,31,710500,0,0,41.747532,-87.670787,Census Tract 7105
22551,22551,75347,70044404,30003,3,3,IL,USA,17,31,710500,0,0,41.747532,-87.670787,Census Tract 7105
22552,22552,75368,70044406,10000,-1,1,IL,USA,17,31,480500,0,1,41.7276,-87.559091,Census Tract 4805
22553,22553,75369,70044406,10002,1,2,IL,USA,17,31,842200,0,0,41.904728,-87.64922,Census Tract 8422
22558,22558,75397,70044417,10000,-1,1,IL,USA,17,31,241100,0,1,41.90664,-87.68958,Census Tract 2411
22559,22559,75398,70044417,10003,1,3,IL,USA,17,31,841900,0,0,41.868458,-87.642965,Census Tract 8419
22560,22560,75399,70044417,20002,2,2,IL,USA,17,31,160200,0,0,41.958794,-87.7384,Census Tract 1602
22564,22564,75415,70044419,10000,-1,1,IL,USA,17,31,681400,0,1,41.761522,-87.649171,Census Tract 6814
22565,22565,75416,70044419,10002,1,2,IL,USA,17,31,831800,0,0,41.978233,-87.716453,Census Tract 8318
22566,22566,75419,70044419,20002,2,2,IL,USA,17,31,10702,0,0,42.00902,-87.672726,Census Tract 107.02
22584,22584,75474,70044457,10000,-1,1,IL,USA,17,31,280100,0,1,41.885452,-87.643498,Census Tract 2801
22585,22585,75475,70044457,10002,1,2,IL,USA,17,31,839100,0,0,41.880986,-87.63307,Census Tract 8391
22586,22586,75476,70044457,20002,2,2,IL,USA,17,31,280100,0,0,41.885452,-87.643498,Census Tract 2801
22599,22599,75533,70044468,10000,-1,1,IL,USA,17,31,10600,0,1,42.006277,-87.667683,Census Tract 106
22600,22600,75534,70044468,10002,1,2,IL,USA,17,31,320400,0,0,41.875817,-87.617256,Census Tract 3204
22601,22601,75535,70044474,10000,-1,1,IL,USA,17,31,160300,0,1,41.957268,-87.730896,Census Tract 1603
22602,22602,75536,70044474,10002,1,2,IL,USA,17,31,830700,0,0,41.958304,-87.660765,Census Tract 8307
22603,22603,75540,70044479,10000,-1,1,IL,USA,17,31,30703,0,1,41.978875,-87.657871,Census Tract 307.03
22604,22604,75541,70044479,10002,1,2,IL,USA,17,31,838100,0,0,41.878667,-87.671689,Census Tract 8381
22605,22605,75546,70044480,10000,-1,1,IL,USA,17,31,420700,0,1,41.776691,-87.610693,Census Tract 4207
22606,22606,75547,70044480,10002,1,2,IL,USA,17,31,320100,0,0,41.886447,-87.619467,Census Tract 3201
22607,22607,75548,70044480,30003,3,3,IL,USA,17,31,836100,0,0,41.799805,-87.618683,Census Tract 8361
22608,22608,75560,70044490,10000,-1,1,IL,USA,17,31,700200,0,1,41.752989,-87.723784,Census Tract 7002
22609,22609,75561,70044490,10002,1,2,IL,USA,17,31,838100,0,0,41.878667,-87.671689,Census Tract 8381
22610,22610,75562,70044490,20002,2,2,IL,USA,17,31,838100,0,0,41.878667,-87.671689,Census Tract 8381
22611,22611,75564,70044492,10000,-1,1,IL,USA,17,31,750300,0,1,41.695391,-87.686173,Census Tract 7503
22612,22612,75565,70044492,10002,1,2,IL,USA,17,31,838100,0,0,41.878667,-87.671689,Census Tract 8381
22613,22613,75566,70044492,20002,2,2,IL,USA,17,31,838200,0,0,41.870416,-87.675079,Census Tract 8382
22614,22614,75567,70044493,10000,-1,1,IL,USA,17,31,30604,0,1,41.985871,-87.652455,Census Tract 306.04
22615,22615,75568,70044493,10002,1,2,IL,USA,17,31,839100,0,0,41.880986,-87.63307,Census Tract 8391
22616,22616,75569,70044493,10003,1,3,IL,USA,17,31,842000,0,0,41.83496,-87.62517,Census Tract 8420
22621,22621,75587,70044496,10000,-1,1,IL,USA,17,31,671400,0,1,41.773792,-87.676229,Census Tract 6714
22622,22622,75588,70044496,10002,1,2,IL,USA,17,31,650500,0,0,41.762219,-87.732035,Census Tract 6505
22623,22623,75589,70044496,20003,2,3,IL,USA,17,31,611700,0,0,41.797599,-87.671976,Census Tract 6117
22624,22624,75591,70044497,10000,-1,1,IL,USA,17,31,830600,0,1,42.001698,-87.673574,Census Tract 8306
22625,22625,75592,70044497,10002,1,2,IL,USA,17,31,31700,0,0,41.965447,-87.663195,Census Tract 317
22626,22626,75593,70044497,20002,2,2,IL,USA,17,31,71000,0,0,41.921701,-87.655911,Census Tract 710
22629,22629,75602,70044502,10000,-1,1,IL,USA,17,31,10202,0,1,42.016051,-87.673322,Census Tract 102.02
22630,22630,75603,70044502,10002,1,2,IL,USA,17,31,320100,0,0,41.886447,-87.619467,Census Tract 3201
22631,22631,75604,70044502,20002,2,2,IL,USA,17,31,320400,0,0,41.875817,-87.617256,Census Tract 3204
22632,22632,75605,70044502,30003,3,3,IL,USA,17,31,50100,0,0,41.957845,-87.676373,Census Tract 501
22633,22633,75606,70044502,40003,4,3,IL,USA,17,31,50100,0,0,41.957845,-87.676373,Census Tract 501
22637,22637,75615,70044505,10000,-1,1,IL,USA,17,31,720100,0,1,41.727616,-87.674736,Census Tract 7201
22638,22638,75616,70044505,10002,1,2,IL,USA,17,31,81402,0,0,41.891022,-87.612931,Census Tract 814.02
22650,22650,75648,70044519,10000,-1,1,IL,USA,17,31,411000,0,1,41.787227,-87.577462,Census Tract 4110
22651,22651,75649,70044519,10002,1,2,IL,USA,17,31,170100,0,0,41.95586,-87.794817,Census Tract 1701
22652,22652,75650,70044519,20002,2,2,IL,USA,17,31,836200,0,0,41.790469,-87.601285,Census Tract 8362
22653,22653,75651,70044525,10000,-1,1,IL,USA,17,31,150501,0,1,41.964476,-87.781964,Census Tract 1505.01
22654,22654,75652,70044525,10002,1,2,IL,USA,17,31,838100,0,0,41.878667,-87.671689,Census Tract 8381
22655,22655,75666,70044535,10000,-1,1,IL,USA,17,31,390700,0,1,41.804016,-87.580489,Census Tract 3907
22656,22656,75667,70044535,10002,1,2,IL,USA,17,31,750500,0,0,41.684615,-87.671233,Census Tract 7505
22657,22657,75668,70044535,20003,2,3,IL,USA,17,31,330200,0,0,41.865578,-87.630568,Census Tract 3302
22658,22658,75670,70044544,10000,-1,1,IL,USA,17,31,440102,0,1,41.740936,-87.601164,Census Tract 4401.02
22659,22659,75671,70044544,10002,1,2,IL,USA,17,31,838100,0,0,41.878667,-87.671689,Census Tract 8381
22660,22660,75677,70044550,10000,-1,1,IL,USA,17,31,80100,0,1,41.907549,-87.62679,Census Tract 801
22661,22661,75678,70044550,10002,1,2,IL,USA,17,31,500100,0,0,41.714683,-87.595025,Census Tract 5001
22662,22662,75679,70044550,20002,2,2,IL,USA,17,31,320100,0,0,41.886447,-87.619467,Census Tract 3201
22663,22663,75683,70044551,10000,-1,1,IL,USA,17,31,700301,0,1,41.745623,-87.731712,Census Tract 7003.01
22664,22664,75684,70044551,10002,1,2,IL,USA,17,31,650500,0,0,41.762219,-87.732035,Census Tract 6505
22665,22665,75697,70044552,10000,-1,1,IL,USA,17,31,330100,0,1,41.859295,-87.615523,Census Tract 3301
22666,22666,75698,70044552,10002,1,2,IL,USA,17,31,31700,0,0,41.965447,-87.663195,Census Tract 317
22672,22672,75731,70044574,10000,-1,1,IL,USA,17,31,50100,0,1,41.957845,-87.676373,Census Tract 501
22673,22673,75732,70044574,10002,1,2,IL,USA,17,31,839100,0,0,41.880986,-87.63307,Census Tract 8391
22674,22674,75743,70044575,10000,-1,1,IL,USA,17,31,221400,0,1,41.920801,-87.694532,Census Tract 2214
22675,22675,75744,70044575,10002,1,2,IL,USA,17,31,760801,0,0,41.983487,-87.84485,Census Tract 7608.01
22676,22676,75747,70044576,10000,-1,1,IL,USA,17,31,242100,0,1,41.89967,-87.669838,Census Tract 2421
22677,22677,75748,70044576,10002,1,2,IL,USA,17,31,81401,0,0,41.895035,-87.619717,Census Tract 814.01
22678,22678,75749,70044576,20002,2,2,IL,USA,17,31,320100,0,0,41.886447,-87.619467,Census Tract 3201
22679,22679,75752,70044580,10000,-1,1,IL,USA,17,31,330100,0,1,41.859295,-87.615523,Census Tract 3301
22680,22680,75753,70044580,10002,1,2,IL,USA,17,31,320400,0,0,41.875817,-87.617256,Census Tract 3204
22681,22681,75754,70044580,20003,2,3,IL,USA,17,31,836200,0,0,41.790469,-87.601285,Census Tract 8362
22682,22682,75758,70044581,10000,-1,1,IL,USA,17,31,10202,0,1,42.016051,-87.673322,Census Tract 102.02
22683,22683,75759,70044581,10002,1,2,IL,USA,17,31,210601,0,0,41.937636,-87.712214,Census Tract 2106.01
22684,22684,75760,70044582,10000,-1,1,IL,USA,17,31,710200,0,1,41.755113,-87.651425,Census Tract 7102
22685,22685,75761,70044582,10003,1,3,IL,USA,17,31,680900,0,0,41.77643,-87.63763,Census Tract 6809
22686,22686,75762,70044582,20003,2,3,IL,USA,17,31,680900,0,0,41.77643,-87.63763,Census Tract 6809
22687,22687,75767,70044583,10000,-1,1,IL,USA,17,31,81000,0,1,41.900266,-87.632109,Census Tract 810
22688,22688,75768,70044583,10002,1,2,IL,USA,17,31,839100,0,0,41.880986,-87.63307,Census Tract 8391
22695,22695,75790,70044591,10000,-1,1,IL,USA,17,31,31700,0,1,41.965447,-87.663195,Census Tract 317
22696,22696,75791,70044591,10002,1,2,IL,USA,17,31,320100,0,0,41.886447,-87.619467,Census Tract 3201
22704,22704,75835,70044600,10000,-1,1,IL,USA,17,31,190601,0,1,41.927415,-87.780461,Census Tract 1906.01
22705,22705,75836,70044600,10002,1,2,IL,USA,17,31,170100,0,0,41.95586,-87.794817,Census Tract 1701
22706,22706,75848,70044606,10000,-1,1,IL,USA,17,31,231500,0,1,41.891736,-87.718652,Census Tract 2315
22707,22707,75849,70044606,10002,1,2,IL,USA,17,31,242900,0,0,41.892196,-87.68429,Census Tract 2429
22708,22708,75850,70044606,10003,1,3,IL,USA,17,31,838000,0,0,41.877367,-87.680652,Census Tract 8380
22721,22721,75907,70044622,10000,-1,1,IL,USA,17,31,71300,0,1,41.921779,-87.641458,Census Tract 713
22722,22722,75908,70044622,10002,1,2,IL,USA,17,31,839100,0,0,41.880986,-87.63307,Census Tract 8391
22731,22731,75994,70044658,10000,-1,1,IL,USA,17,31,60300,0,1,41.950605,-87.671333,Census Tract 603
22732,22732,75995,70044658,10002,1,2,IL,USA,17,31,839100,0,0,41.880986,-87.63307,Census Tract 8391
22733,22733,75996,70044658,30003,3,3,IL,USA,17,31,842300,0,0,41.908386,-87.660086,Census Tract 8423
22738,22738,76004,70044664,10000,-1,1,IL,USA,17,31,660400,0,1,41.782532,-87.708044,Census Tract 6604
22739,22739,76005,70044664,10002,1,2,IL,USA,17,31,680900,0,0,41.77643,-87.63763,Census Tract 6809
22740,22740,76006,70044664,10003,1,3,IL,USA,17,31,680900,0,0,41.77643,-87.63763,Census Tract 6809
22741,22741,76011,70044667,10000,-1,1,IL,USA,17,31,833900,0,1,41.731032,-87.547423,Census Tract 8339
22742,22742,76012,70044667,10002,1,2,IL,USA,17,31,351400,0,0,41.827402,-87.624091,Census Tract 3514
22743,22743,76025,70044689,10000,-1,1,IL,USA,17,31,832600,0,1,41.914754,-87.654465,Census Tract 8326
22744,22744,76026,70044689,10002,1,2,IL,USA,17,31,838100,0,0,41.878667,-87.671689,Census Tract 8381
22745,22745,76027,70044689,10003,1,3,IL,USA,17,31,838100,0,0,41.878667,-87.671689,Census Tract 8381
22746,22746,76036,70044696,10000,-1,1,IL,USA,17,31,711000,0,1,41.739644,-87.648581,Census Tract 7110
22747,22747,76037,70044696,10002,1,2,IL,USA,17,31,81201,0,0,41.899154,-87.626212,Census Tract 812.01
22748,22748,76038,70044696,10003,1,3,IL,USA,17,31,490500,0,0,41.717927,-87.613206,Census Tract 4905
22754,22754,76072,70044699,10000,-1,1,IL,USA,17,31,340500,0,1,41.834518,-87.632917,Census Tract 3405
22755,22755,76073,70044699,10003,1,3,IL,USA,17,31,833300,0,0,41.871694,-87.654124,Census Tract 8333
22756,22756,76074,70044699,20003,2,3,IL,USA,17,31,340300,0,0,41.842806,-87.635788,Census Tract 3403
22757,22757,76075,70044699,30002,3,2,IL,USA,17,31,980000,0,0,41.979419,-87.902438,Census Tract 9800
22758,22758,76090,70044703,10000,-1,1,IL,USA,17,31,650100,0,1,41.782377,-87.717855,Census Tract 6501
22759,22759,76091,70044703,10003,1,3,IL,USA,17,31,650500,0,0,41.762219,-87.732035,Census Tract 6505
22760,22760,76092,70044703,40003,4,3,IL,USA,17,31,650100,0,0,41.782377,-87.717855,Census Tract 6501
22761,22761,76093,70044703,50003,5,3,IL,USA,17,31,650100,0,0,41.782377,-87.717855,Census Tract 6501
22775,22775,76152,70044727,10000,-1,1,IL,USA,17,31,63302,0,1,41.934765,-87.639854,Census Tract 633.02
22776,22776,76153,70044727,10002,1,2,IL,USA,17,31,320100,0,0,41.886447,-87.619467,Census Tract 3201
22777,22777,76159,70044735,10000,-1,1,IL,USA,17,31,63301,0,1,41.934541,-87.643024,Census Tract 633.01
22778,22778,76160,70044735,10002,1,2,IL,USA,17,31,832500,0,0,41.92223,-87.664796,Census Tract 8325
22779,22779,76161,70044735,10003,1,3,IL,USA,17,31,71000,0,0,41.921701,-87.655911,Census Tract 710
22784,22784,76186,70044745,10000,-1,1,IL,USA,17,31,839100,0,1,41.880986,-87.63307,Census Tract 8391
22785,22785,76187,70044745,20002,2,2,IL,USA,17,31,420100,0,0,41.782569,-87.579504,Census Tract 4201
22786,22786,76189,70044750,10000,-1,1,IL,USA,17,31,550100,0,1,41.663181,-87.535978,Census Tract 5501
22787,22787,76190,70044750,10002,1,2,IL,USA,17,31,320100,0,0,41.886447,-87.619467,Census Tract 3201
22788,22788,76191,70044750,20003,2,3,IL,USA,17,31,320100,0,0,41.886447,-87.619467,Census Tract 3201
22789,22789,76192,70044750,30003,3,3,IL,USA,17,31,550100,0,0,41.663181,-87.535978,Census Tract 5501
22790,22790,76193,70044750,40003,4,3,IL,USA,17,31,550100,0,0,41.663181,-87.535978,Census Tract 5501
22791,22791,76194,70044750,50003,5,3,IL,USA,17,31,550100,0,0,41.663181,-87.535978,Census Tract 5501
22792,22792,76198,70044753,10000,-1,1,IL,USA,17,31,839000,0,1,41.869903,-87.631213,Census Tract 8390
22793,22793,76199,70044753,10002,1,2,IL,USA,17,31,680900,0,0,41.77643,-87.63763,Census Tract 6809
22794,22794,76200,70044755,10000,-1,1,IL,USA,17,31,20602,0,1,42.001316,-87.693637,Census Tract 206.02
22795,22795,76201,70044755,10002,1,2,IL,USA,17,31,320100,0,0,41.886447,-87.619467,Census Tract 3201
22796,22796,76202,70044755,30003,3,3,IL,USA,17,31,110502,0,0,41.970286,-87.759852,Census Tract 1105.02
22797,22797,76203,70044755,40003,4,3,IL,USA,17,31,831800,0,0,41.978233,-87.716453,Census Tract 8318
22798,22798,76209,70044756,10000,-1,1,IL,USA,17,31,841900,0,1,41.868458,-87.642965,Census Tract 8419
22799,22799,76210,70044756,10002,1,2,IL,USA,17,31,320100,0,0,41.886447,-87.619467,Census Tract 3201
22800,22800,76211,70044756,10003,1,3,IL,USA,17,31,31700,0,0,41.965447,-87.663195,Census Tract 317
22801,22801,76212,70044756,20002,2,2,IL,USA,17,31,750200,0,0,41.695665,-87.671425,Census Tract 7502
22802,22802,76213,70044756,30003,3,3,IL,USA,17,31,330200,0,0,41.865578,-87.630568,Census Tract 3302
22806,22806,76252,70044758,10000,-1,1,IL,USA,17,31,440600,0,1,41.732672,-87.619137,Census Tract 4406
22807,22807,76253,70044758,10002,1,2,IL,USA,17,31,251800,0,0,41.884144,-87.747888,Census Tract 2518
22808,22808,76254,70044758,20002,2,2,IL,USA,17,31,440101,0,0,41.748627,-87.601451,Census Tract 4401.01
22815,22815,76276,70044763,10000,-1,1,IL,USA,17,31,220601,0,1,41.925825,-87.712884,Census Tract 2206.01
22816,22816,76277,70044763,10002,1,2,IL,USA,17,31,839100,0,0,41.880986,-87.63307,Census Tract 8391
22817,22817,76278,70044763,20002,2,2,IL,USA,17,31,760801,0,0,41.983487,-87.84485,Census Tract 7608.01
22840,22840,76329,70044776,10000,-1,1,IL,USA,17,31,81403,0,1,41.892991,-87.620956,Census Tract 814.03
22841,22841,76330,70044776,10002,1,2,IL,USA,17,31,63303,0,0,41.934731,-87.634661,Census Tract 633.03
22842,22842,76331,70044776,20003,2,3,IL,USA,17,31,836200,0,0,41.790469,-87.601285,Census Tract 8362
22845,22845,76342,70044789,10000,-1,1,IL,USA,17,31,834200,0,1,41.755568,-87.583607,Census Tract 8342
22846,22846,76343,70044789,10002,1,2,IL,USA,17,31,320100,0,0,41.886447,-87.619467,Census Tract 3201
22847,22847,76345,70044790,10000,-1,1,IL,USA,17,31,520400,0,1,41.703008,-87.530703,Census Tract 5204
22848,22848,76346,70044790,10002,1,2,IL,USA,17,31,500100,0,0,41.714683,-87.595025,Census Tract 5001
22861,22861,76374,70044803,10000,-1,1,IL,USA,17,31,490902,0,1,41.70328,-87.615326,Census Tract 4909.02
22862,22862,76375,70044803,10002,1,2,IL,USA,17,31,500100,0,0,41.714683,-87.595025,Census Tract 5001
22887,22887,76456,70044835,10000,-1,1,IL,USA,17,31,842000,0,1,41.83496,-87.62517,Census Tract 8420
22888,22888,76457,70044835,10003,1,3,IL,USA,17,31,842000,0,0,41.83496,-87.62517,Census Tract 8420
22889,22889,76458,70044835,20003,2,3,IL,USA,17,31,842000,0,0,41.83496,-87.62517,Census Tract 8420
22890,22890,76459,70044835,30003,3,3,IL,USA,17,31,842000,0,0,41.83496,-87.62517,Census Tract 8420
22891,22891,76460,70044835,40003,4,3,IL,USA,17,31,842000,0,0,41.83496,-87.62517,Census Tract 8420
22892,22892,76463,70044836,10000,-1,1,IL,USA,17,31,833300,0,1,41.871694,-87.654124,Census Tract 8333
22893,22893,76464,70044836,10002,1,2,IL,USA,17,31,839100,0,0,41.880986,-87.63307,Census Tract 8391
22894,22894,76465,70044836,10003,1,3,IL,USA,17,31,841900,0,0,41.868458,-87.642965,Census Tract 8419
22895,22895,76473,70044837,10000,-1,1,IL,USA,17,31,30104,0,1,41.997277,-87.655986,Census Tract 301.04
22896,22896,76474,70044837,10003,1,3,IL,USA,17,31,10400,0,0,42.006411,-87.658816,Census Tract 104
22897,22897,76475,70044837,20003,2,3,IL,USA,17,31,10400,0,0,42.006411,-87.658816,Census Tract 104
22898,22898,76476,70044837,30003,3,3,IL,USA,17,31,10400,0,0,42.006411,-87.658816,Census Tract 104
22904,22904,76492,70044851,10000,-1,1,IL,USA,17,31,410700,0,1,41.798049,-87.5942,Census Tract 4107
22905,22905,76493,70044851,10002,1,2,IL,USA,17,31,680900,0,0,41.77643,-87.63763,Census Tract 6809
22906,22906,76494,70044851,20002,2,2,IL,USA,17,31,301701,0,0,41.84248,-87.719625,Census Tract 3017.01
22907,22907,76495,70044851,20003,2,3,IL,USA,17,31,831800,0,0,41.978233,-87.716453,Census Tract 8318
22908,22908,76496,70044851,30002,3,2,IL,USA,17,31,836200,0,0,41.790469,-87.601285,Census Tract 8362
22909,22909,76497,70044851,30003,3,3,IL,USA,17,31,836200,0,0,41.790469,-87.601285,Census Tract 8362
22938,22938,76572,70044876,10000,-1,1,IL,USA,17,31,540102,0,1,41.66733,-87.605449,Census Tract 5401.02
22939,22939,76573,70044876,10003,1,3,IL,USA,17,31,500100,0,0,41.714683,-87.595025,Census Tract 5001
22940,22940,76574,70044876,30003,3,3,IL,USA,17,31,530300,0,0,41.681314,-87.651752,Census Tract 5303
22941,22941,76575,70044876,40003,4,3,IL,USA,17,31,530503,0,0,41.664204,-87.637536,Census Tract 5305.03
22981,22981,76719,70044926,10000,-1,1,IL,USA,17,31,220500,0,1,41.928396,-87.704911,Census Tract 2205
22982,22982,76720,70044926,10002,1,2,IL,USA,17,31,838200,0,0,41.870416,-87.675079,Census Tract 8382
22983,22983,76724,70044927,10000,-1,1,IL,USA,17,31,81500,0,1,41.892906,-87.626079,Census Tract 815
22984,22984,76725,70044927,10002,1,2,IL,USA,17,31,280100,0,0,41.885452,-87.643498,Census Tract 2801
22998,22998,76766,70044952,10000,-1,1,IL,USA,17,31,40401,0,1,41.972067,-87.686082,Census Tract 404.01
22999,22999,76767,70044952,20002,2,2,IL,USA,17,31,81500,0,0,41.892906,-87.626079,Census Tract 815
23000,23000,76768,70044952,30003,3,3,IL,USA,17,31,833300,0,0,41.871694,-87.654124,Census Tract 8333
23001,23001,76769,70044952,40003,4,3,IL,USA,17,31,60300,0,0,41.950605,-87.671333,Census Tract 603
23002,23002,76770,70044952,50003,5,3,IL,USA,17,31,60300,0,0,41.950605,-87.671333,Census Tract 603
23006,23006,76782,70044967,10000,-1,1,IL,USA,17,31,210700,0,1,41.935703,-87.70384,Census Tract 2107
23007,23007,76783,70044967,10002,1,2,IL,USA,17,31,839100,0,0,41.880986,-87.63307,Census Tract 8391
23008,23008,76784,70044967,20002,2,2,IL,USA,17,31,81402,0,0,41.891022,-87.612931,Census Tract 814.02
23011,23011,76796,70044974,10000,-1,1,IL,USA,17,31,282800,0,1,41.870268,-87.684914,Census Tract 2828
23012,23012,76797,70044974,10003,1,3,IL,USA,17,31,838200,0,0,41.870416,-87.675079,Census Tract 8382
23013,23013,76814,70044985,10000,-1,1,IL,USA,17,31,420800,0,1,41.77691,-87.603257,Census Tract 4208
23014,23014,76815,70044985,10002,1,2,IL,USA,17,31,650500,0,0,41.762219,-87.732035,Census Tract 6505
23015,23015,76816,70044985,20002,2,2,IL,USA,17,31,400300,0,0,41.789754,-87.611273,Census Tract 4003
23016,23016,76817,70044985,40003,4,3,IL,USA,17,31,839600,0,0,41.827443,-87.619249,Census Tract 8396
23025,23025,76835,70044991,10000,-1,1,IL,USA,17,31,60800,0,1,41.953959,-87.642649,Census Tract 608
23026,23026,76836,70044991,10002,1,2,IL,USA,17,31,81500,0,0,41.892906,-87.626079,Census Tract 815
23043,23043,76885,70045002,10000,-1,1,IL,USA,17,31,31900,0,1,41.963374,-87.670184,Census Tract 319
23044,23044,76886,70045002,10002,1,2,IL,USA,17,31,81300,0,0,41.898335,-87.620753,Census Tract 813
23067,23067,76997,70045019,10000,-1,1,IL,USA,17,31,32100,0,1,41.958154,-87.653018,Census Tract 321
23068,23068,76998,70045019,10002,1,2,IL,USA,17,31,81600,0,0,41.892057,-87.628871,Census Tract 816
23072,23072,77010,70045026,10000,-1,1,IL,USA,17,31,834000,0,1,41.72756,-87.629504,Census Tract 8340
23073,23073,77011,70045026,10003,1,3,IL,USA,17,31,320400,0,0,41.875817,-87.617256,Census Tract 3204
23074,23074,77012,70045026,20002,2,2,IL,USA,17,31,530300,0,0,41.681314,-87.651752,Census Tract 5303
23077,23077,77022,70045034,10000,-1,1,IL,USA,17,31,220602,0,1,41.929327,-87.711981,Census Tract 2206.02
23078,23078,77023,70045034,10002,1,2,IL,USA,17,31,70700,0,0,41.930652,-87.674104,Census Tract 707
23079,23079,77024,70045034,20002,2,2,IL,USA,17,31,70700,0,0,41.930652,-87.674104,Census Tract 707
23080,23080,77025,70045034,20003,2,3,IL,USA,17,31,831800,0,0,41.978233,-87.716453,Census Tract 8318
23084,23084,77037,70045044,10000,-1,1,IL,USA,17,31,834300,0,1,41.745835,-87.591788,Census Tract 8343
23085,23085,77038,70045044,10002,1,2,IL,USA,17,31,770602,0,0,42.011911,-87.907497,Census Tract 7706.02
23086,23086,77039,70045044,20003,2,3,IL,USA,17,31,841800,0,0,41.766306,-87.599421,Census Tract 8418
23092,23092,77065,70045058,10000,-1,1,IL,USA,17,31,283200,0,1,41.869579,-87.659202,Census Tract 2832
23093,23093,77066,70045058,10003,1,3,IL,USA,17,31,838200,0,0,41.870416,-87.675079,Census Tract 8382
23094,23094,77067,70045058,20003,2,3,IL,USA,17,31,838200,0,0,41.870416,-87.675079,Census Tract 8382
23095,23095,77068,70045058,30003,3,3,IL,USA,17,31,838200,0,0,41.870416,-87.675079,Census Tract 8382
23096,23096,77069,70045058,40003,4,3,IL,USA,17,31,838200,0,0,41.870416,-87.675079,Census Tract 8382
23097,23097,77070,70045058,50003,5,3,IL,USA,17,31,838200,0,0,41.870416,-87.675079,Census Tract 8382
23098,23098,77071,70045058,60003,6,3,IL,USA,17,31,838200,0,0,41.870416,-87.675079,Census Tract 8382
23108,23108,77132,70045070,10000,-1,1,IL,USA,17,31,62700,0,1,41.936086,-87.66611,Census Tract 627
23109,23109,77133,70045070,10002,1,2,IL,USA,17,31,320100,0,0,41.886447,-87.619467,Census Tract 3201
23110,23110,77134,70045070,10003,1,3,IL,USA,17,31,320400,0,0,41.875817,-87.617256,Census Tract 3204
23111,23111,77138,70045072,10000,-1,1,IL,USA,17,31,560800,0,1,41.796206,-87.772166,Census Tract 5608
23112,23112,77139,70045072,10003,1,3,IL,USA,17,31,838200,0,0,41.870416,-87.675079,Census Tract 8382
23115,23115,77156,70045076,10000,-1,1,IL,USA,17,31,221200,0,1,41.921083,-87.70465,Census Tract 2212
23116,23116,77157,70045076,10002,1,2,IL,USA,17,31,832900,0,0,41.874181,-87.661901,Census Tract 8329
23117,23117,77158,70045076,20002,2,2,IL,USA,17,31,841900,0,0,41.868458,-87.642965,Census Tract 8419
23118,23118,77159,70045076,20003,2,3,IL,USA,17,31,841900,0,0,41.868458,-87.642965,Census Tract 8419
23152,23152,77276,70045144,10000,-1,1,IL,USA,17,31,80202,0,1,41.905859,-87.630901,Census Tract 802.02
23153,23153,77277,70045144,10002,1,2,IL,USA,17,31,241600,0,0,41.90671,-87.665328,Census Tract 2416
23177,23177,77340,70045178,10000,-1,1,IL,USA,17,31,210602,0,1,41.934163,-87.712572,Census Tract 2106.02
23178,23178,77341,70045178,10002,1,2,IL,USA,17,31,839100,0,0,41.880986,-87.63307,Census Tract 8391
23179,23179,77342,70045178,20002,2,2,IL,USA,17,31,810400,0,0,41.987574,-87.829439,Census Tract 8104
23208,23208,77467,70045207,10000,-1,1,IL,USA,17,31,580400,0,1,41.815275,-87.709185,Census Tract 5804
23209,23209,77468,70045207,10002,1,2,IL,USA,17,31,320400,0,0,41.875817,-87.617256,Census Tract 3204
23210,23210,77469,70045207,20002,2,2,IL,USA,17,31,841100,0,0,41.851644,-87.635661,Census Tract 8411
23211,23211,77470,70045207,30003,3,3,IL,USA,17,31,340300,0,0,41.842806,-87.635788,Census Tract 3403
23212,23212,77471,70045207,40003,4,3,IL,USA,17,31,340300,0,0,41.842806,-87.635788,Census Tract 3403
23221,23221,77514,70045236,10000,-1,1,IL,USA,17,31,340400,0,1,41.841886,-87.632036,Census Tract 3404
23222,23222,77515,70045236,10002,1,2,IL,USA,17,31,841900,0,0,41.868458,-87.642965,Census Tract 8419
23232,23232,77557,70045246,10000,-1,1,IL,USA,17,31,40700,0,1,41.967431,-87.694068,Census Tract 407
23233,23233,77558,70045246,10002,1,2,IL,USA,17,31,40700,0,0,41.967431,-87.694068,Census Tract 407
23234,23234,77559,70045246,30003,3,3,IL,USA,17,31,40800,0,0,41.963974,-87.691821,Census Tract 408
23235,23235,77567,70045247,10000,-1,1,IL,USA,17,31,32100,0,1,41.958154,-87.653018,Census Tract 321
23236,23236,77568,70045247,10002,1,2,IL,USA,17,31,839100,0,0,41.880986,-87.63307,Census Tract 8391
23246,23246,77594,70045257,10000,-1,1,IL,USA,17,31,580502,0,1,41.814562,-87.69931,Census Tract 5805.02
23247,23247,77595,70045257,10003,1,3,IL,USA,17,31,320100,0,0,41.886447,-87.619467,Census Tract 3201
23248,23248,77596,70045257,20002,2,2,IL,USA,17,31,841300,0,0,41.843977,-87.684202,Census Tract 8413
23282,23282,77702,70045282,10000,-1,1,IL,USA,17,31,81300,0,1,41.898335,-87.620753,Census Tract 813
23283,23283,77703,70045282,10002,1,2,IL,USA,17,31,320100,0,0,41.886447,-87.619467,Census Tract 3201
23284,23284,77704,70045282,10003,1,3,IL,USA,17,31,81800,0,0,41.893324,-87.63919,Census Tract 818
23294,23294,77736,70045306,10000,-1,1,IL,USA,17,31,833300,0,1,41.871694,-87.654124,Census Tract 8333
23295,23295,77737,70045306,10002,1,2,IL,USA,17,31,310500,0,0,41.855248,-87.65474,Census Tract 3105
23296,23296,77738,70045307,10000,-1,1,IL,USA,17,31,510300,0,1,41.715738,-87.574974,Census Tract 5103
23297,23297,77739,70045307,10002,1,2,IL,USA,17,31,842200,0,0,41.904728,-87.64922,Census Tract 8422
23298,23298,77740,70045307,10003,1,3,IL,USA,17,31,500100,0,0,41.714683,-87.595025,Census Tract 5001
23299,23299,77741,70045307,20003,2,3,IL,USA,17,31,841800,0,0,41.766306,-87.599421,Census Tract 8418
23320,23320,77779,70045336,10000,-1,1,IL,USA,17,31,30603,0,1,41.985476,-87.658398,Census Tract 306.03
23321,23321,77780,70045336,10002,1,2,IL,USA,17,31,330100,0,0,41.859295,-87.615523,Census Tract 3301
23322,23322,77783,70045338,10000,-1,1,IL,USA,17,31,31900,0,1,41.963374,-87.670184,Census Tract 319
23323,23323,77784,70045338,10002,1,2,IL,USA,17,31,320600,0,0,41.870554,-87.616596,Census Tract 3206
23324,23324,77785,70045338,10003,1,3,IL,USA,17,31,320600,0,0,41.870554,-87.616596,Census Tract 3206
23325,23325,77786,70045338,20002,2,2,IL,USA,17,31,71100,0,0,41.921778,-87.651061,Census Tract 711
23326,23326,77787,70045338,20003,2,3,IL,USA,17,31,71000,0,0,41.921701,-87.655911,Census Tract 710
23339,23339,77849,70045347,10000,-1,1,IL,USA,17,31,160601,0,1,41.959398,-87.703294,Census Tract 1606.01
23340,23340,77850,70045347,10002,1,2,IL,USA,17,31,150402,0,0,41.956798,-87.772044,Census Tract 1504.02
23345,23345,77870,70045370,10000,-1,1,IL,USA,17,31,150800,0,1,41.949709,-87.752118,Census Tract 1508
23346,23346,77871,70045370,10002,1,2,IL,USA,17,31,170100,0,0,41.95586,-87.794817,Census Tract 1701
23347,23347,77872,70045370,20002,2,2,IL,USA,17,31,838200,0,0,41.870416,-87.675079,Census Tract 8382
23348,23348,77875,70045373,10000,-1,1,IL,USA,17,31,834500,0,1,41.786032,-87.625362,Census Tract 8345
23349,23349,77876,70045373,10002,1,2,IL,USA,17,31,839100,0,0,41.880986,-87.63307,Census Tract 8391
23350,23350,77877,70045373,20002,2,2,IL,USA,17,31,839100,0,0,41.880986,-87.63307,Census Tract 8391
23362,23362,77924,70045393,10000,-1,1,IL,USA,17,31,251900,0,1,41.883812,-87.760094,Census Tract 2519
23363,23363,77925,70045393,10002,1,2,IL,USA,17,31,271800,0,0,41.871496,-87.69849,Census Tract 2718
23378,23378,77947,70045402,10000,-1,1,IL,USA,17,31,660900,0,1,41.767819,-87.699063,Census Tract 6609
23379,23379,77948,70045402,10003,1,3,IL,USA,17,31,841900,0,0,41.868458,-87.642965,Census Tract 8419
23385,23385,77982,70045414,10000,-1,1,IL,USA,17,31,282700,0,1,41.871367,-87.688681,Census Tract 2827
23386,23386,77983,70045414,10002,1,2,IL,USA,17,31,839100,0,0,41.880986,-87.63307,Census Tract 8391
23392,23392,78016,70045434,10000,-1,1,IL,USA,17,31,10701,0,1,42.009148,-87.67862,Census Tract 107.01
23393,23393,78017,70045434,10002,1,2,IL,USA,17,31,63303,0,0,41.934731,-87.634661,Census Tract 633.03
23394,23394,78018,70045434,20002,2,2,IL,USA,17,31,81401,0,0,41.895035,-87.619717,Census Tract 814.01
23395,23395,78019,70045434,30003,3,3,IL,USA,17,31,62900,0,0,41.936237,-87.656411,Census Tract 629
23396,23396,78027,70045435,10000,-1,1,IL,USA,17,31,720400,0,1,41.709992,-87.686669,Census Tract 7204
23397,23397,78028,70045435,10002,1,2,IL,USA,17,31,843500,0,0,41.840983,-87.697566,Census Tract 8435
23398,23398,78029,70045435,20002,2,2,IL,USA,17,31,841900,0,0,41.868458,-87.642965,Census Tract 8419
23399,23399,78030,70045435,40003,4,3,IL,USA,17,31,310300,0,0,41.856144,-87.648978,Census Tract 3103
23419,23419,78132,70045465,10000,-1,1,IL,USA,17,31,282700,0,1,41.871367,-87.688681,Census Tract 2827
23420,23420,78133,70045465,10002,1,2,IL,USA,17,31,832900,0,0,41.874181,-87.661901,Census Tract 8329
23421,23421,78134,70045465,30002,3,2,IL,USA,17,31,282700,0,0,41.871367,-87.688681,Census Tract 2827
23434,23434,78190,70045475,10000,-1,1,IL,USA,17,31,140800,0,1,41.964514,-87.702847,Census Tract 1408
23435,23435,78191,70045475,20003,2,3,IL,USA,17,31,831800,0,0,41.978233,-87.716453,Census Tract 8318
23436,23436,78192,70045475,30003,3,3,IL,USA,17,31,40402,0,0,41.972545,-87.678818,Census Tract 404.02
23440,23440,78209,70045479,10000,-1,1,IL,USA,17,31,81403,0,1,41.892991,-87.620956,Census Tract 814.03
23441,23441,78210,70045479,10003,1,3,IL,USA,17,31,71500,0,0,41.914242,-87.625092,Census Tract 715
23446,23446,78222,70045487,10000,-1,1,IL,USA,17,31,300500,0,1,41.847425,-87.721939,Census Tract 3005
23447,23447,78223,70045487,10002,1,2,IL,USA,17,31,839100,0,0,41.880986,-87.63307,Census Tract 8391
23448,23448,78224,70045487,10003,1,3,IL,USA,17,31,838100,0,0,41.878667,-87.671689,Census Tract 8381
23449,23449,78225,70045487,30003,3,3,IL,USA,17,31,301701,0,0,41.84248,-87.719625,Census Tract 3017.01
23471,23471,78324,70045510,10000,-1,1,IL,USA,17,31,832100,0,1,41.952821,-87.653241,Census Tract 8321
23472,23472,78325,70045510,10002,1,2,IL,USA,17,31,841900,0,0,41.868458,-87.642965,Census Tract 8419
23473,23473,78326,70045510,20002,2,2,IL,USA,17,31,410100,0,0,41.801582,-87.581026,Census Tract 4101
23474,23474,78327,70045510,30002,3,2,IL,USA,17,31,320400,0,0,41.875817,-87.617256,Census Tract 3204
23493,23493,78375,70045529,10000,-1,1,IL,USA,17,31,282800,0,1,41.870268,-87.684914,Census Tract 2828
23494,23494,78376,70045529,10003,1,3,IL,USA,17,31,838200,0,0,41.870416,-87.675079,Census Tract 8382
23495,23495,78377,70045529,20003,2,3,IL,USA,17,31,100400,0,0,41.988969,-87.818041,Census Tract 1004
23496,23496,78378,70045529,30003,3,3,IL,USA,17,31,838200,0,0,41.870416,-87.675079,Census Tract 8382
23645,23645,78818,70045868,10000,-1,1,IL,USA,17,31,241400,0,1,41.906031,-87.675314,Census Tract 2414
23646,23646,78819,70045868,10002,1,2,IL,USA,17,31,320100,0,0,41.886447,-87.619467,Census Tract 3201
23725,23725,79046,70046034,10000,-1,1,IL,USA,17,31,31100,0,1,41.972668,-87.663866,Census Tract 311
23726,23726,79047,70046034,10002,1,2,IL,USA,17,31,30900,0,0,41.979795,-87.671445,Census Tract 309
23740,23740,79099,70046071,10000,-1,1,IL,USA,17,31,831100,0,1,41.942856,-87.717496,Census Tract 8311
23741,23741,79100,70046071,10003,1,3,IL,USA,17,31,170100,0,0,41.95586,-87.794817,Census Tract 1701
23768,23768,79201,70046100,10000,-1,1,IL,USA,17,31,20702,0,1,41.994126,-87.704894,Census Tract 207.02
23769,23769,79202,70046100,10003,1,3,IL,USA,17,31,841900,0,0,41.868458,-87.642965,Census Tract 8419
23770,23770,79203,70046100,20002,2,2,IL,USA,17,31,10400,0,0,42.006411,-87.658816,Census Tract 104
23771,23771,79204,70046100,40003,4,3,IL,USA,17,31,20701,0,0,41.986892,-87.70369,Census Tract 207.01
23772,23772,79205,70046100,50003,5,3,IL,USA,17,31,20701,0,0,41.986892,-87.70369,Census Tract 207.01
23776,23776,79216,70046107,10000,-1,1,IL,USA,17,31,530400,0,1,41.67404,-87.651527,Census Tract 5304
23777,23777,79217,70046107,10003,1,3,IL,USA,17,31,320100,0,0,41.886447,-87.619467,Census Tract 3201
23787,23787,79251,70046122,10000,-1,1,IL,USA,17,31,720700,0,1,41.703107,-87.665139,Census Tract 7207
23788,23788,79252,70046122,10002,1,2,IL,USA,17,31,838200,0,0,41.870416,-87.675079,Census Tract 8382
23789,23789,79253,70046122,20002,2,2,IL,USA,17,31,160200,0,0,41.958794,-87.7384,Census Tract 1602
23790,23790,79254,70046122,30003,3,3,IL,USA,17,31,720300,0,0,41.71392,-87.677144,Census Tract 7203
23802,23802,79327,70046147,10000,-1,1,IL,USA,17,31,241200,0,1,41.906707,-87.684686,Census Tract 2412
23803,23803,79328,70046147,10002,1,2,IL,USA,17,31,839100,0,0,41.880986,-87.63307,Census Tract 8391
23985,23985,80155,70046373,10000,-1,1,IL,USA,17,31,90100,0,1,42.015255,-87.813585,Census Tract 901
23986,23986,80156,70046373,10002,1,2,IL,USA,17,31,839100,0,0,41.880986,-87.63307,Census Tract 8391
24081,24081,80444,70046458,10000,-1,1,IL,USA,17,31,210602,0,1,41.934163,-87.712572,Census Tract 2106.02
24082,24082,80445,70046458,10002,1,2,IL,USA,17,31,842600,0,0,41.816219,-87.651695,Census Tract 8426
24083,24083,80446,70046458,20002,2,2,IL,USA,17,31,220601,0,0,41.925825,-87.712884,Census Tract 2206.01
24152,24152,80646,70046510,10000,-1,1,IL,USA,17,31,840700,0,1,41.85293,-87.694267,Census Tract 8407
24153,24153,80647,70046510,10002,1,2,IL,USA,17,31,320100,0,0,41.886447,-87.619467,Census Tract 3201
24154,24154,80648,70046510,20002,2,2,IL,USA,17,31,832500,0,0,41.92223,-87.664796,Census Tract 8325
24225,24225,80892,70046574,10000,-1,1,IL,USA,17,31,840700,0,1,41.85293,-87.694267,Census Tract 8407
24226,24226,80893,70046574,10002,1,2,IL,USA,17,31,832500,0,0,41.92223,-87.664796,Census Tract 8325
24227,24227,80894,70046574,20002,2,2,IL,USA,17,31,320100,0,0,41.886447,-87.619467,Census Tract 3201
24228,24228,80895,70046574,30003,3,3,IL,USA,17,31,301200,0,0,41.848417,-87.691477,Census Tract 3012
24302,24302,81195,70046645,10000,-1,1,IL,USA,17,31,100600,0,1,41.979205,-87.797401,Census Tract 1006
24303,24303,81196,70046645,10002,1,2,IL,USA,17,31,63000,0,0,41.93631,-87.651562,Census Tract 630
24350,24350,81357,70046686,10000,-1,1,IL,USA,17,31,241300,0,1,41.906772,-87.681025,Census Tract 2413
24351,24351,81358,70046686,10002,1,2,IL,USA,17,31,280100,0,0,41.885452,-87.643498,Census Tract 2801
24352,24352,81359,70046686,20002,2,2,IL,USA,17,31,839100,0,0,41.880986,-87.63307,Census Tract 8391
24536,24536,81919,70046866,10000,-1,1,IL,USA,17,31,150700,0,1,41.949591,-87.761958,Census Tract 1507
24537,24537,81920,70046866,10002,1,2,IL,USA,17,31,150401,0,0,41.964568,-87.772265,Census Tract 1504.01
24538,24538,81921,70046866,20002,2,2,IL,USA,17,31,110100,0,0,41.987476,-87.769673,Census Tract 1101
24747,24747,82692,70047073,10000,-1,1,IL,USA,17,31,650400,0,1,41.765325,-87.71718,Census Tract 6504
24748,24748,82693,70047073,10002,1,2,IL,USA,17,31,130200,0,0,41.981838,-87.737573,Census Tract 1302
24749,24749,82694,70047073,20002,2,2,IL,USA,17,31,81402,0,0,41.891022,-87.612931,Census Tract 814.02
24750,24750,82695,70047073,40003,4,3,IL,USA,17,31,831800,0,0,41.978233,-87.716453,Census Tract 8318
24751,24751,82696,70047073,50003,5,3,IL,USA,17,31,831800,0,0,41.978233,-87.716453,Census Tract 8318
24814,24814,82879,70047173,10000,-1,1,IL,USA,17,31,191100,0,1,41.919629,-87.750976,Census Tract 1911
24815,24815,82880,70047173,10002,1,2,IL,USA,17,31,130100,0,0,41.991104,-87.720809,Census Tract 1301
25102,25102,83772,70047413,10000,-1,1,IL,USA,17,31,220602,0,1,41.929327,-87.711981,Census Tract 2206.02
25103,25103,83773,70047413,10002,1,2,IL,USA,17,31,833000,0,0,41.885286,-87.657249,Census Tract 8330
25104,25104,83774,70047413,20002,2,2,IL,USA,17,31,81800,0,0,41.893324,-87.63919,Census Tract 818
25352,25352,84613,70047665,10000,-1,1,IL,USA,17,31,210501,0,1,41.937401,-87.72233,Census Tract 2105.01
25353,25353,84614,70047665,10002,1,2,IL,USA,17,31,839100,0,0,41.880986,-87.63307,Census Tract 8391
25520,25520,85139,70047825,10000,-1,1,IL,USA,17,31,81700,0,1,41.892218,-87.631832,Census Tract 817
25521,25521,85140,70047825,10003,1,3,IL,USA,17,31,10400,0,0,42.006411,-87.658816,Census Tract 104
25751,25751,85860,70048036,10000,-1,1,IL,USA,17,31,81000,0,1,41.900266,-87.632109,Census Tract 810
25752,25752,85861,70048036,10002,1,2,IL,USA,17,31,839100,0,0,41.880986,-87.63307,Census Tract 8391
25930,25930,86382,70048203,10000,-1,1,IL,USA,17,31,170800,0,1,41.941576,-87.812371,Census Tract 1708
25931,25931,86383,70048203,10002,1,2,IL,USA,17,31,831800,0,0,41.978233,-87.716453,Census Tract 8318
25932,25932,86384,70048203,20002,2,2,IL,USA,17,31,260200,0,0,41.884324,-87.72823,Census Tract 2602
25933,25933,86406,70048204,10000,-1,1,IL,USA,17,31,832400,0,1,41.915741,-87.692256,Census Tract 8324
25934,25934,86407,70048204,20002,2,2,IL,USA,17,31,839100,0,0,41.880986,-87.63307,Census Tract 8391
25935,25935,86408,70048204,30002,3,2,IL,USA,17,31,81700,0,0,41.892218,-87.631832,Census Tract 817
25960,25960,86510,70048229,10000,-1,1,IL,USA,17,31,71000,0,1,41.921701,-87.655911,Census Tract 710
25961,25961,86511,70048229,10003,1,3,IL,USA,17,31,320400,0,0,41.875817,-87.617256,Census Tract 3204
26133,26133,87011,70048371,10000,-1,1,IL,USA,17,31,161000,0,1,41.949977,-87.730683,Census Tract 1610
26134,26134,87012,70048371,10002,1,2,IL,USA,17,31,190402,0,0,41.93486,-87.771232,Census Tract 1904.02
26135,26135,87013,70048371,30003,3,3,IL,USA,17,31,160200,0,0,41.958794,-87.7384,Census Tract 1602
26509,26509,88154,70048739,10000,-1,1,IL,USA,17,31,831100,0,1,41.942856,-87.717496,Census Tract 8311
26510,26510,88155,70048739,10002,1,2,IL,USA,17,31,839100,0,0,41.880986,-87.63307,Census Tract 8391
26683,26683,88711,70048907,10000,-1,1,IL,USA,17,31,680600,0,1,41.783281,-87.652165,Census Tract 6806
26684,26684,88712,70048907,30003,3,3,IL,USA,17,31,310700,0,0,41.85599,-87.664906,Census Tract 3107
26685,26685,88713,70048907,40003,4,3,IL,USA,17,31,841300,0,0,41.843977,-87.684202,Census Tract 8413
26686,26686,88714,70048907,50003,5,3,IL,USA,17,31,611400,0,0,41.804893,-87.672166,Census Tract 6114
26687,26687,88715,70048907,60003,6,3,IL,USA,17,31,611400,0,0,41.804893,-87.672166,Census Tract 6114
26879,26879,89295,70049117,10000,-1,1,IL,USA,17,31,51400,0,1,41.935442,-87.680959,Census Tract 514
26880,26880,89296,70049117,10002,1,2,IL,USA,17,31,839100,0,0,41.880986,-87.63307,Census Tract 8391
26930,26930,89427,70049166,10000,-1,1,IL,USA,17,31,600700,0,1,41.840782,-87.660543,Census Tract 6007
26931,26931,89428,70049166,10002,1,2,IL,USA,17,31,491200,0,0,41.688777,-87.637438,Census Tract 4912
26932,26932,89429,70049166,20002,2,2,IL,USA,17,31,171100,0,0,41.942053,-87.781286,Census Tract 1711
27061,27061,89979,70049271,10000,-1,1,IL,USA,17,31,63000,0,1,41.93631,-87.651562,Census Tract 630
27062,27062,89980,70049271,10003,1,3,IL,USA,17,31,81401,0,0,41.895035,-87.619717,Census Tract 814.01
27063,27063,89981,70049271,20003,2,3,IL,USA,17,31,81401,0,0,41.895035,-87.619717,Census Tract 814.01
27293,27293,90637,70049506,10000,-1,1,IL,USA,17,31,30200,0,1,41.994441,-87.66523,Census Tract 302
27294,27294,90638,70049506,20002,2,2,IL,USA,17,31,280100,0,0,41.885452,-87.643498,Census Tract 2801
27295,27295,90639,70049506,30003,3,3,IL,USA,17,31,50100,0,0,41.957845,-87.676373,Census Tract 501
27296,27296,90640,70049506,40003,4,3,IL,USA,17,31,50100,0,0,41.957845,-87.676373,Census Tract 501
27704,27704,92203,70049918,10000,-1,1,IL,USA,17,31,330100,0,1,41.859295,-87.615523,Census Tract 3301
27705,27705,92204,70049918,10002,1,2,IL,USA,17,31,838200,0,0,41.870416,-87.675079,Census Tract 8382
27744,27744,92343,70049965,10000,-1,1,IL,USA,17,31,31700,0,1,41.965447,-87.663195,Census Tract 317
27745,27745,92344,70049965,10002,1,2,IL,USA,17,31,30706,0,0,41.980415,-87.650916,Census Tract 307.06
27819,27819,92582,70050031,10000,-1,1,IL,USA,17,31,50100,0,1,41.957845,-87.676373,Census Tract 501
27820,27820,92583,70050031,10002,1,2,IL,USA,17,31,838100,0,0,41.878667,-87.671689,Census Tract 8381
28141,28141,93685,70050378,10000,-1,1,IL,USA,17,31,80300,0,1,41.90749,-87.635799,Census Tract 803
28142,28142,93686,70050378,20002,2,2,IL,USA,17,31,81401,0,0,41.895035,-87.619717,Census Tract 814.01
28216,28216,93982,70050462,10000,-1,1,IL,USA,17,31,61000,0,1,41.949221,-87.65197,Census Tract 610
28217,28217,93983,70050462,10002,1,2,IL,USA,17,31,100500,0,0,41.97806,-87.819734,Census Tract 1005
28418,28418,94669,70050661,10000,-1,1,IL,USA,17,31,60900,0,1,41.951517,-87.641778,Census Tract 609
28419,28419,94670,70050661,10002,1,2,IL,USA,17,31,839100,0,0,41.880986,-87.63307,Census Tract 8391
28501,28501,94928,70050715,10000,-1,1,IL,USA,17,31,570200,0,1,41.81438,-87.730718,Census Tract 5702
28502,28502,94929,70050715,10002,1,2,IL,USA,17,31,271400,0,0,41.877243,-87.713331,Census Tract 2714
28503,28503,94930,70050715,10003,1,3,IL,USA,17,31,838100,0,0,41.878667,-87.671689,Census Tract 8381
28514,28514,94969,70050729,10000,-1,1,IL,USA,17,31,460301,0,1,41.740026,-87.556367,Census Tract 4603.01
28515,28515,94970,70050729,10002,1,2,IL,USA,17,31,842400,0,0,41.742475,-87.63004,Census Tract 8424
28516,28516,94971,70050729,10003,1,3,IL,USA,17,31,842400,0,0,41.742475,-87.63004,Census Tract 8424
28522,28522,94994,70050740,10000,-1,1,IL,USA,17,31,31800,0,1,41.967011,-87.670621,Census Tract 318
28523,28523,94995,70050740,10002,1,2,IL,USA,17,31,71200,0,0,41.921855,-87.646211,Census Tract 712
28524,28524,94996,70050740,20002,2,2,IL,USA,17,31,62100,0,0,41.942691,-87.65177,Census Tract 621
28539,28539,95045,70050752,10000,-1,1,IL,USA,17,31,20100,0,1,42.015721,-87.687117,Census Tract 201
28540,28540,95046,70050752,10002,1,2,IL,USA,17,31,81201,0,0,41.899154,-87.626212,Census Tract 812.01
28541,28541,95047,70050752,20002,2,2,IL,USA,17,31,30200,0,0,41.994441,-87.66523,Census Tract 302
28542,28542,95048,70050752,30002,3,2,IL,USA,17,31,20100,0,0,42.015721,-87.687117,Census Tract 201
28583,28583,95144,70050777,10000,-1,1,IL,USA,17,31,20400,0,1,42.008488,-87.685912,Census Tract 204
28584,28584,95145,70050777,20002,2,2,IL,USA,17,31,31501,0,0,41.967289,-87.652434,Census Tract 315.01
28585,28585,95146,70050777,30002,3,2,IL,USA,17,31,30706,0,0,41.980415,-87.650916,Census Tract 307.06
28586,28586,95147,70050777,30003,3,3,IL,USA,17,31,831800,0,0,41.978233,-87.716453,Census Tract 8318
28587,28587,95148,70050777,40003,4,3,IL,USA,17,31,831800,0,0,41.978233,-87.716453,Census Tract 8318
28764,28764,95753,70050972,10000,-1,1,IL,USA,17,31,839700,0,1,41.833651,-87.651949,Census Tract 8397
28765,28765,95754,70050972,10002,1,2,IL,USA,17,31,630300,0,0,41.798862,-87.708638,Census Tract 6303
28894,28894,96180,70051082,10000,-1,1,IL,USA,17,31,150700,0,1,41.949591,-87.761958,Census Tract 1507
28895,28895,96181,70051082,10002,1,2,IL,USA,17,31,330100,0,0,41.859295,-87.615523,Census Tract 3301
28896,28896,96182,70051082,20002,2,2,IL,USA,17,31,842300,0,0,41.908386,-87.660086,Census Tract 8423
29055,29055,96783,70051242,10000,-1,1,IL,USA,17,31,836300,0,1,41.801532,-87.601758,Census Tract 8363
29056,29056,96784,70051242,10002,1,2,IL,USA,17,31,839600,0,0,41.827443,-87.619249,Census Tract 8396
29057,29057,96785,70051242,20002,2,2,IL,USA,17,31,81800,0,0,41.893324,-87.63919,Census Tract 818
29058,29058,96786,70051242,30003,3,3,IL,USA,17,31,832900,0,0,41.874181,-87.661901,Census Tract 8329
29059,29059,96787,70051242,40003,4,3,IL,USA,17,31,832900,0,0,41.874181,-87.661901,Census Tract 8329
29060,29060,96788,70051242,50003,5,3,IL,USA,17,31,330200,0,0,41.865578,-87.630568,Census Tract 3302
29143,29143,96979,70051325,10000,-1,1,IL,USA,17,31,839100,0,1,41.880986,-87.63307,Census Tract 8391
29144,29144,96980,70051325,10002,1,2,IL,USA,17,31,839100,0,0,41.880986,-87.63307,Census Tract 8391
29145,29145,96986,70051326,10000,-1,1,IL,USA,17,31,81000,0,1,41.900266,-87.632109,Census Tract 810
29146,29146,96987,70051326,10002,1,2,IL,USA,17,31,161100,0,0,41.94988,-87.738155,Census Tract 1611
29147,29147,96988,70051326,20002,2,2,IL,USA,17,31,81700,0,0,41.892218,-87.631832,Census Tract 817
29148,29148,96989,70051326,20003,2,3,IL,USA,17,31,81700,0,0,41.892218,-87.631832,Census Tract 817
29227,29227,97207,70051391,10000,-1,1,IL,USA,17,31,71800,0,1,41.914586,-87.645966,Census Tract 718
29228,29228,97208,70051391,20002,2,2,IL,USA,17,31,81403,0,0,41.892991,-87.620956,Census Tract 814.03
29261,29261,97336,70051439,10000,-1,1,IL,USA,17,31,330100,0,1,41.859295,-87.615523,Census Tract 3301
29262,29262,97337,70051439,10002,1,2,IL,USA,17,31,190100,0,0,41.935218,-87.744389,Census Tract 1901
29308,29308,97491,70051494,10000,-1,1,IL,USA,17,31,140400,0,1,41.971537,-87.738943,Census Tract 1404
29309,29309,97494,70051494,20002,2,2,IL,USA,17,31,81700,0,0,41.892218,-87.631832,Census Tract 817
29321,29321,97530,70051508,10000,-1,1,IL,USA,17,31,440102,0,1,41.740936,-87.601164,Census Tract 4401.02
29322,29322,97531,70051508,10002,1,2,IL,USA,17,31,843100,0,0,41.862602,-87.699453,Census Tract 8431
29332,29332,97569,70051511,10000,-1,1,IL,USA,17,31,20802,0,1,41.994059,-87.694631,Census Tract 208.02
29333,29333,97570,70051511,10002,1,2,IL,USA,17,31,10600,0,0,42.006277,-87.667683,Census Tract 106
29334,29334,97571,70051511,20002,2,2,IL,USA,17,31,210900,0,0,41.934837,-87.693118,Census Tract 2109
29335,29335,97574,70051512,10000,-1,1,IL,USA,17,31,841100,0,1,41.851644,-87.635661,Census Tract 8411
29336,29336,97575,70051512,10002,1,2,IL,USA,17,31,841100,0,0,41.851644,-87.635661,Census Tract 8411
29337,29337,97576,70051512,30003,3,3,IL,USA,17,31,833100,0,0,41.879078,-87.657046,Census Tract 8331
29400,29400,97744,70051579,10000,-1,1,IL,USA,17,31,242600,0,1,41.90056,-87.694197,Census Tract 2426
29401,29401,97745,70051579,10002,1,2,IL,USA,17,31,243100,0,0,41.892355,-87.674507,Census Tract 2431
29402,29402,97746,70051579,20002,2,2,IL,USA,17,31,62100,0,0,41.942691,-87.65177,Census Tract 621
29442,29442,97890,70051644,10000,-1,1,IL,USA,17,31,160602,0,1,41.956681,-87.700464,Census Tract 1606.02
29443,29443,97891,70051644,10002,1,2,IL,USA,17,31,281900,0,0,41.878635,-87.642924,Census Tract 2819
29444,29444,97892,70051644,20002,2,2,IL,USA,17,31,30103,0,0,41.995524,-87.655153,Census Tract 301.03
29459,29459,97976,70051660,10000,-1,1,IL,USA,17,31,832000,0,1,41.946294,-87.654298,Census Tract 8320
29460,29460,97977,70051660,10002,1,2,IL,USA,17,31,839100,0,0,41.880986,-87.63307,Census Tract 8391
29494,29494,98137,70051723,10000,-1,1,IL,USA,17,31,30800,0,1,41.979912,-87.664188,Census Tract 308
29495,29495,98138,70051723,10002,1,2,IL,USA,17,31,832600,0,0,41.914754,-87.654465,Census Tract 8326
29496,29496,98139,70051723,20002,2,2,IL,USA,17,31,833100,0,0,41.879078,-87.657046,Census Tract 8331
29564,29564,98374,70051768,10000,-1,1,IL,USA,17,31,260800,0,1,41.877085,-87.723096,Census Tract 2608
29565,29565,98375,70051768,10002,1,2,IL,USA,17,31,260700,0,0,41.877056,-87.727996,Census Tract 2607
29566,29566,98377,70051772,10000,-1,1,IL,USA,17,31,241000,0,1,41.907969,-87.694534,Census Tract 2410
29567,29567,98378,70051772,10002,1,2,IL,USA,17,31,260300,0,0,41.884277,-87.733136,Census Tract 2603
29652,29652,98680,70051890,10000,-1,1,IL,USA,17,31,190800,0,1,41.927819,-87.751362,Census Tract 1908
29653,29653,98681,70051890,10002,1,2,IL,USA,17,31,320100,0,0,41.886447,-87.619467,Census Tract 3201
29667,29667,98720,70051914,10000,-1,1,IL,USA,17,31,420700,0,1,41.776691,-87.610693,Census Tract 4207
29668,29668,98721,70051914,10002,1,2,IL,USA,17,31,680900,0,0,41.77643,-87.63763,Census Tract 6809
29681,29681,98765,70051938,10000,-1,1,IL,USA,17,31,842800,0,1,41.807534,-87.698304,Census Tract 8428
29682,29682,98766,70051938,10002,1,2,IL,USA,17,31,580400,0,0,41.815275,-87.709185,Census Tract 5804
29683,29683,98767,70051938,20002,2,2,IL,USA,17,31,840700,0,0,41.85293,-87.694267,Census Tract 8407
29684,29684,98768,70051938,30003,3,3,IL,USA,17,31,842800,0,0,41.807534,-87.698304,Census Tract 8428
29685,29685,98769,70051938,40003,4,3,IL,USA,17,31,580502,0,0,41.814562,-87.69931,Census Tract 5805.02
29695,29695,98807,70051948,10000,-1,1,IL,USA,17,31,62000,0,1,41.942577,-87.647079,Census Tract 620
29696,29696,98808,70051948,10002,1,2,IL,USA,17,31,242900,0,0,41.892196,-87.68429,Census Tract 2429
29697,29697,98809,70051948,30003,3,3,IL,USA,17,31,62000,0,0,41.942577,-87.647079,Census Tract 620
29701,29701,98828,70051962,10000,-1,1,IL,USA,17,31,50800,0,1,41.945009,-87.680928,Census Tract 508
29702,29702,98829,70051962,10002,1,2,IL,USA,17,31,839100,0,0,41.880986,-87.63307,Census Tract 8391
29711,29711,98849,70051991,10000,-1,1,IL,USA,17,31,61902,0,1,41.946698,-87.639064,Census Tract 619.02
29712,29712,98850,70051991,10002,1,2,IL,USA,17,31,836200,0,0,41.790469,-87.601285,Census Tract 8362
29726,29726,98893,70052015,10000,-1,1,IL,USA,17,31,80300,0,1,41.90749,-87.635799,Census Tract 803
29727,29727,98894,70052015,10002,1,2,IL,USA,17,31,320100,0,0,41.886447,-87.619467,Census Tract 3201
29728,29728,98895,70052015,20002,2,2,IL,USA,17,31,839100,0,0,41.880986,-87.63307,Census Tract 8391
29729,29729,98896,70052015,30003,3,3,IL,USA,17,31,81000,0,0,41.900266,-87.632109,Census Tract 810
29751,29751,98940,70052039,10000,-1,1,IL,USA,17,31,63000,0,1,41.93631,-87.651562,Census Tract 630
29752,29752,98941,70052039,10003,1,3,IL,USA,17,31,842000,0,0,41.83496,-87.62517,Census Tract 8420
29753,29753,98942,70052039,20002,2,2,IL,USA,17,31,81700,0,0,41.892218,-87.631832,Census Tract 817
29754,29754,98943,70052039,30003,3,3,IL,USA,17,31,70700,0,0,41.930652,-87.674104,Census Tract 707
29755,29755,98953,70052044,10000,-1,1,IL,USA,17,31,62400,0,1,41.941556,-87.666288,Census Tract 624
29756,29756,98954,70052044,20002,2,2,IL,USA,17,31,10400,0,0,42.006411,-87.658816,Census Tract 104
29765,29765,98980,70052052,10000,-1,1,IL,USA,17,31,62700,0,1,41.936086,-87.66611,Census Tract 627
29766,29766,98981,70052052,10002,1,2,IL,USA,17,31,839100,0,0,41.880986,-87.63307,Census Tract 8391
29767,29767,98982,70052052,20002,2,2,IL,USA,17,31,280100,0,0,41.885452,-87.643498,Census Tract 2801
29768,29768,98983,70052052,30003,3,3,IL,USA,17,31,62600,0,0,41.935975,-87.670984,Census Tract 626
29769,29769,98984,70052052,40003,4,3,IL,USA,17,31,62200,0,0,41.942585,-87.656644,Census Tract 622
29774,29774,99009,70052054,10000,-1,1,IL,USA,17,31,63301,0,1,41.934541,-87.643024,Census Tract 633.01
29775,29775,99010,70052054,10002,1,2,IL,USA,17,31,320100,0,0,41.886447,-87.619467,Census Tract 3201
29776,29776,99015,70052060,10000,-1,1,IL,USA,17,31,60400,0,1,41.950673,-87.666536,Census Tract 604
29777,29777,99016,70052060,10002,1,2,IL,USA,17,31,320100,0,0,41.886447,-87.619467,Census Tract 3201
29778,29778,99045,70052061,10000,-1,1,IL,USA,17,31,51200,0,1,41.941421,-87.675952,Census Tract 512
29779,29779,99046,70052061,10002,1,2,IL,USA,17,31,320100,0,0,41.886447,-87.619467,Census Tract 3201
29780,29780,99047,70052061,30003,3,3,IL,USA,17,31,50200,0,0,41.95774,-87.683717,Census Tract 502
29781,29781,99048,70052061,40003,4,3,IL,USA,17,31,50200,0,0,41.95774,-87.683717,Census Tract 502
29782,29782,99059,70052072,10000,-1,1,IL,USA,17,31,62100,0,1,41.942691,-87.65177,Census Tract 621
29783,29783,99060,70052072,10002,1,2,IL,USA,17,31,241600,0,0,41.90671,-87.665328,Census Tract 2416
29784,29784,99061,70052072,20002,2,2,IL,USA,17,31,832300,0,0,41.919826,-87.672781,Census Tract 8323
29785,29785,99062,70052072,30002,3,2,IL,USA,17,31,62300,0,0,41.941628,-87.661443,Census Tract 623
29792,29792,99114,70052099,10000,-1,1,IL,USA,17,31,62000,0,1,41.942577,-87.647079,Census Tract 620
29793,29793,99115,70052099,10002,1,2,IL,USA,17,31,330100,0,0,41.859295,-87.615523,Census Tract 3301
29804,29804,99146,70052115,10000,-1,1,IL,USA,17,31,40402,0,1,41.972545,-87.678818,Census Tract 404.02
29805,29805,99147,70052115,10002,1,2,IL,USA,17,31,320100,0,0,41.886447,-87.619467,Census Tract 3201
29806,29806,99150,70052118,10000,-1,1,IL,USA,17,31,242000,0,1,41.899737,-87.664954,Census Tract 2420
29807,29807,99151,70052118,10002,1,2,IL,USA,17,31,320100,0,0,41.886447,-87.619467,Census Tract 3201
29817,29817,99194,70052135,10000,-1,1,IL,USA,17,31,80300,0,1,41.90749,-87.635799,Census Tract 803
29818,29818,99195,70052135,10002,1,2,IL,USA,17,31,839100,0,0,41.880986,-87.63307,Census Tract 8391
29827,29827,99212,70052140,10000,-1,1,IL,USA,17,31,10702,0,1,42.00902,-87.672726,Census Tract 107.02
29828,29828,99213,70052140,10002,1,2,IL,USA,17,31,838200,0,0,41.870416,-87.675079,Census Tract 8382
29833,29833,99225,70052147,10000,-1,1,IL,USA,17,31,60500,0,1,41.95272,-87.660501,Census Tract 605
29834,29834,99226,70052147,20002,2,2,IL,USA,17,31,330100,0,0,41.859295,-87.615523,Census Tract 3301
29866,29866,99302,70052200,10000,-1,1,IL,USA,17,31,71400,0,1,41.922726,-87.629526,Census Tract 714
29867,29867,99303,70052200,30003,3,3,IL,USA,17,31,70300,0,0,41.929046,-87.65131,Census Tract 703
29871,29871,99313,70052203,10000,-1,1,IL,USA,17,31,70400,0,1,41.928967,-87.656156,Census Tract 704
29872,29872,99314,70052203,10002,1,2,IL,USA,17,31,830700,0,0,41.958304,-87.660765,Census Tract 8307
29873,29873,99315,70052203,20002,2,2,IL,USA,17,31,81401,0,0,41.895035,-87.619717,Census Tract 814.01
29874,29874,99330,70052209,10000,-1,1,IL,USA,17,31,30604,0,1,41.985871,-87.652455,Census Tract 306.04
29875,29875,99331,70052209,10002,1,2,IL,USA,17,31,832500,0,0,41.92223,-87.664796,Census Tract 8325
29876,29876,99332,70052209,10003,1,3,IL,USA,17,31,81403,0,0,41.892991,-87.620956,Census Tract 814.03
29877,29877,99349,70052210,10000,-1,1,IL,USA,17,31,61200,0,1,41.94906,-87.661643,Census Tract 612
29878,29878,99350,70052210,10002,1,2,IL,USA,17,31,839100,0,0,41.880986,-87.63307,Census Tract 8391
29879,29879,99351,70052210,20002,2,2,IL,USA,17,31,839100,0,0,41.880986,-87.63307,Census Tract 8391
29880,29880,99352,70052210,30003,3,3,IL,USA,17,31,60400,0,0,41.950673,-87.666536,Census Tract 604
29881,29881,99353,70052210,40003,4,3,IL,USA,17,31,60400,0,0,41.950673,-87.666536,Census Tract 604
29882,29882,99358,70052213,10000,-1,1,IL,USA,17,31,70300,0,1,41.929046,-87.65131,Census Tract 703
29883,29883,99359,70052213,10002,1,2,IL,USA,17,31,832600,0,0,41.914754,-87.654465,Census Tract 8326
29884,29884,99360,70052213,30003,3,3,IL,USA,17,31,70200,0,0,41.929078,-87.646293,Census Tract 702
29885,29885,99361,70052213,40003,4,3,IL,USA,17,31,70200,0,0,41.929078,-87.646293,Census Tract 702
29894,29894,99384,70052230,10000,-1,1,IL,USA,17,31,222200,0,1,41.91591,-87.683826,Census Tract 2222
29895,29895,99385,70052230,10002,1,2,IL,USA,17,31,320100,0,0,41.886447,-87.619467,Census Tract 3201
29914,29914,99412,70052247,10000,-1,1,IL,USA,17,31,61902,0,1,41.946698,-87.639064,Census Tract 619.02
29915,29915,99413,70052247,10002,1,2,IL,USA,17,31,281900,0,0,41.878635,-87.642924,Census Tract 2819
29919,29919,99425,70052254,10000,-1,1,IL,USA,17,31,841900,0,1,41.868458,-87.642965,Census Tract 8419
29920,29920,99426,70052254,10002,1,2,IL,USA,17,31,841100,0,0,41.851644,-87.635661,Census Tract 8411
29921,29921,99427,70052254,20002,2,2,IL,USA,17,31,839100,0,0,41.880986,-87.63307,Census Tract 8391
29922,29922,99428,70052254,30003,3,3,IL,USA,17,31,841100,0,0,41.851644,-87.635661,Census Tract 8411
29923,29923,99429,70052254,40003,4,3,IL,USA,17,31,842400,0,0,41.742475,-87.63004,Census Tract 8424
29924,29924,99436,70052260,10000,-1,1,IL,USA,17,31,71000,0,1,41.921701,-87.655911,Census Tract 710
29925,29925,99437,70052260,10002,1,2,IL,USA,17,31,281900,0,0,41.878635,-87.642924,Census Tract 2819
29926,29926,99438,70052260,20002,2,2,IL,USA,17,31,839100,0,0,41.880986,-87.63307,Census Tract 8391
29932,29932,99462,70052271,10000,-1,1,IL,USA,17,31,62300,0,1,41.941628,-87.661443,Census Tract 623
29933,29933,99463,70052271,10002,1,2,IL,USA,17,31,70300,0,0,41.929046,-87.65131,Census Tract 703
29934,29934,99465,70052272,10000,-1,1,IL,USA,17,31,70300,0,1,41.929046,-87.65131,Census Tract 703
29935,29935,99466,70052272,10003,1,3,IL,USA,17,31,31900,0,0,41.963374,-87.670184,Census Tract 319
29946,29946,99506,70052279,10000,-1,1,IL,USA,17,31,70103,0,1,41.926811,-87.642605,Census Tract 701.03
29947,29947,99507,70052279,10002,1,2,IL,USA,17,31,280100,0,0,41.885452,-87.643498,Census Tract 2801
29953,29953,99520,70052284,10000,-1,1,IL,USA,17,31,71400,0,1,41.922726,-87.629526,Census Tract 714
29954,29954,99521,70052284,10002,1,2,IL,USA,17,31,320100,0,0,41.886447,-87.619467,Census Tract 3201
29955,29955,99522,70052284,20002,2,2,IL,USA,17,31,320100,0,0,41.886447,-87.619467,Census Tract 3201
29956,29956,99523,70052284,30003,3,3,IL,USA,17,31,71200,0,0,41.921855,-87.646211,Census Tract 712
29957,29957,99524,70052284,40003,4,3,IL,USA,17,31,71200,0,0,41.921855,-87.646211,Census Tract 712
29965,29965,99624,70052294,10000,-1,1,IL,USA,17,31,51200,0,1,41.941421,-87.675952,Census Tract 512
29966,29966,99625,70052294,10002,1,2,IL,USA,17,31,70300,0,0,41.929046,-87.65131,Census Tract 703
29973,29973,99655,70052305,10000,-1,1,IL,USA,17,31,71200,0,1,41.921855,-87.646211,Census Tract 712
29974,29974,99656,70052305,10002,1,2,IL,USA,17,31,839100,0,0,41.880986,-87.63307,Census Tract 8391
29978,29978,99679,70052309,10000,-1,1,IL,USA,17,31,832500,0,1,41.92223,-87.664796,Census Tract 8325
29979,29979,99680,70052309,10002,1,2,IL,USA,17,31,81500,0,0,41.892906,-87.626079,Census Tract 815
29980,29980,99681,70052309,20002,2,2,IL,USA,17,31,81401,0,0,41.895035,-87.619717,Census Tract 814.01
29981,29981,99682,70052309,30003,3,3,IL,USA,17,31,832500,0,0,41.92223,-87.664796,Census Tract 8325
29982,29982,99683,70052311,10000,-1,1,IL,USA,17,31,60400,0,1,41.950673,-87.666536,Census Tract 604
29983,29983,99684,70052311,10002,1,2,IL,USA,17,31,830700,0,0,41.958304,-87.660765,Census Tract 8307
29984,29984,99686,70052313,10000,-1,1,IL,USA,17,31,10600,0,1,42.006277,-87.667683,Census Tract 106
29985,29985,99687,70052313,10002,1,2,IL,USA,17,31,830700,0,0,41.958304,-87.660765,Census Tract 8307
29989,29989,99695,70052327,10000,-1,1,IL,USA,17,31,60100,0,1,41.957531,-87.666611,Census Tract 601
29990,29990,99696,70052327,10002,1,2,IL,USA,17,31,280100,0,0,41.885452,-87.643498,Census Tract 2801
29995,29995,99704,70052333,10000,-1,1,IL,USA,17,31,530600,0,1,41.670088,-87.619146,Census Tract 5306
29996,29996,99705,70052333,10002,1,2,IL,USA,17,31,500200,0,0,41.700855,-87.600309,Census Tract 5002
30006,30006,99765,70052348,10000,-1,1,IL,USA,17,31,71300,0,1,41.921779,-87.641458,Census Tract 713
30007,30007,99766,70052348,10002,1,2,IL,USA,17,31,50300,0,0,41.957885,-87.690444,Census Tract 503
30008,30008,99767,70052348,20002,2,2,IL,USA,17,31,833300,0,0,41.871694,-87.654124,Census Tract 8333
30009,30009,99768,70052348,30003,3,3,IL,USA,17,31,221600,0,0,41.921246,-87.685098,Census Tract 2216
30010,30010,99769,70052348,40003,4,3,IL,USA,17,31,221600,0,0,41.921246,-87.685098,Census Tract 2216
30015,30015,99797,70052357,10000,-1,1,IL,USA,17,31,71300,0,1,41.921779,-87.641458,Census Tract 713
30016,30016,99798,70052357,10002,1,2,IL,USA,17,31,839100,0,0,41.880986,-87.63307,Census Tract 8391
30017,30017,99799,70052357,20002,2,2,IL,USA,17,31,842000,0,0,41.83496,-87.62517,Census Tract 8420
30018,30018,99800,70052357,30003,3,3,IL,USA,17,31,71200,0,0,41.921855,-87.646211,Census Tract 712
30019,30019,99801,70052357,40003,4,3,IL,USA,17,31,71400,0,0,41.922726,-87.629526,Census Tract 714
30060,30060,99874,70052396,10000,-1,1,IL,USA,17,31,31700,0,1,41.965447,-87.663195,Census Tract 317
30061,30061,99875,70052396,10002,1,2,IL,USA,17,31,839100,0,0,41.880986,-87.63307,Census Tract 8391
30075,30075,99901,70052427,10000,-1,1,IL,USA,17,31,70101,0,1,41.929522,-87.632325,Census Tract 701.01
30076,30076,99902,70052427,10002,1,2,IL,USA,17,31,839100,0,0,41.880986,-87.63307,Census Tract 8391
30077,30077,99904,70052437,10000,-1,1,IL,USA,17,31,32100,0,1,41.958154,-87.653018,Census Tract 321
30078,30078,99905,70052437,10002,1,2,IL,USA,17,31,839100,0,0,41.880986,-87.63307,Census Tract 8391
30083,30083,99922,70052447,10000,-1,1,IL,USA,17,31,831800,0,1,41.978233,-87.716453,Census Tract 8318
30084,30084,99923,70052447,20002,2,2,IL,USA,17,31,760801,0,0,41.983487,-87.84485,Census Tract 7608.01
30134,30134,100036,70052487,10000,-1,1,IL,USA,17,31,71400,0,1,41.922726,-87.629526,Census Tract 714
30135,30135,100037,70052487,10002,1,2,IL,USA,17,31,839100,0,0,41.880986,-87.63307,Census Tract 8391
30151,30151,100065,70052500,10000,-1,1,IL,USA,17,31,243500,0,1,41.892654,-87.652517,Census Tract 2435
30152,30152,100066,70052500,10002,1,2,IL,USA,17,31,81700,0,0,41.892218,-87.631832,Census Tract 817
30227,30227,100317,70052643,10000,-1,1,IL,USA,17,31,221200,0,1,41.921083,-87.70465,Census Tract 2212
30228,30228,100318,70052643,10002,1,2,IL,USA,17,31,330100,0,0,41.859295,-87.615523,Census Tract 3301
30262,30262,100393,70052666,10000,-1,1,IL,USA,17,31,71200,0,1,41.921855,-87.646211,Census Tract 712
30263,30263,100394,70052666,10002,1,2,IL,USA,17,31,839100,0,0,41.880986,-87.63307,Census Tract 8391
30264,30264,100395,70052666,20002,2,2,IL,USA,17,31,839100,0,0,41.880986,-87.63307,Census Tract 8391
30265,30265,100396,70052666,30003,3,3,IL,USA,17,31,70200,0,0,41.929078,-87.646293,Census Tract 702
30266,30266,100397,70052666,40003,4,3,IL,USA,17,31,70200,0,0,41.929078,-87.646293,Census Tract 702
30267,30267,100403,70052670,10000,-1,1,IL,USA,17,31,63000,0,1,41.93631,-87.651562,Census Tract 630
30268,30268,100404,70052670,10002,1,2,IL,USA,17,31,63000,0,0,41.93631,-87.651562,Census Tract 630
30316,30316,100532,70052719,10000,-1,1,IL,USA,17,31,30604,0,1,41.985871,-87.652455,Census Tract 306.04
30317,30317,100533,70052719,10002,1,2,IL,USA,17,31,70200,0,0,41.929078,-87.646293,Census Tract 702
30329,30329,100570,70052727,10000,-1,1,IL,USA,17,31,830800,0,1,41.965141,-87.676577,Census Tract 8308
30330,30330,100571,70052727,10002,1,2,IL,USA,17,31,842200,0,0,41.904728,-87.64922,Census Tract 8422
30355,30355,100636,70052790,10000,-1,1,IL,USA,17,31,31300,0,1,41.973765,-87.64653,Census Tract 313
30356,30356,100637,70052790,10002,1,2,IL,USA,17,31,832600,0,0,41.914754,-87.654465,Census Tract 8326
30357,30357,100641,70052794,10000,-1,1,IL,USA,17,31,80400,0,1,41.907412,-87.640902,Census Tract 804
30358,30358,100642,70052794,10002,1,2,IL,USA,17,31,842200,0,0,41.904728,-87.64922,Census Tract 8422
30373,30373,100683,70052808,10000,-1,1,IL,USA,17,31,71200,0,1,41.921855,-87.646211,Census Tract 712
30374,30374,100684,70052808,10002,1,2,IL,USA,17,31,839100,0,0,41.880986,-87.63307,Census Tract 8391
30389,30389,100775,70052826,10000,-1,1,IL,USA,17,31,10400,0,1,42.006411,-87.658816,Census Tract 104
30390,30390,100776,70052826,10002,1,2,IL,USA,17,31,10600,0,0,42.006277,-87.667683,Census Tract 106
30391,30391,100777,70052826,10003,1,3,IL,USA,17,31,30104,0,0,41.997277,-87.655986,Census Tract 301.04
30507,30507,101173,70052941,10000,-1,1,IL,USA,17,31,520300,0,1,41.701114,-87.539563,Census Tract 5203
30508,30508,101174,70052941,10002,1,2,IL,USA,17,31,81600,0,0,41.892057,-87.628871,Census Tract 816
30509,30509,101177,70052941,20002,2,2,IL,USA,17,31,520400,0,0,41.703008,-87.530703,Census Tract 5204
30524,30524,101228,70052974,10000,-1,1,IL,USA,17,31,301600,0,1,41.840757,-87.712252,Census Tract 3016
30525,30525,101229,70052974,10002,1,2,IL,USA,17,31,839100,0,0,41.880986,-87.63307,Census Tract 8391
30526,30526,101230,70052974,40003,4,3,IL,USA,17,31,301702,0,0,41.838806,-87.719524,Census Tract 3017.02
30527,30527,101231,70052974,50003,5,3,IL,USA,17,31,301702,0,0,41.838806,-87.719524,Census Tract 3017.02
30543,30543,101302,70052992,10000,-1,1,IL,USA,17,31,832100,0,1,41.952821,-87.653241,Census Tract 8321
30544,30544,101303,70052992,10003,1,3,IL,USA,17,31,31400,0,0,41.958448,-87.64241,Census Tract 314
30547,30547,101328,70053000,10000,-1,1,IL,USA,17,31,71800,0,1,41.914586,-87.645966,Census Tract 718
30548,30548,101329,70053000,10002,1,2,IL,USA,17,31,320400,0,0,41.875817,-87.617256,Census Tract 3204
30549,30549,101342,70053003,10000,-1,1,IL,USA,17,31,140100,0,1,41.971201,-87.705805,Census Tract 1401
30550,30550,101343,70053003,10003,1,3,IL,USA,17,31,830700,0,0,41.958304,-87.660765,Census Tract 8307
30551,30551,101344,70053003,20003,2,3,IL,USA,17,31,830700,0,0,41.958304,-87.660765,Census Tract 8307
30560,30560,101380,70053046,10000,-1,1,IL,USA,17,31,611400,0,1,41.804893,-87.672166,Census Tract 6114
30561,30561,101381,70053046,20002,2,2,IL,USA,17,31,839100,0,0,41.880986,-87.63307,Census Tract 8391
30562,30562,101382,70053046,20003,2,3,IL,USA,17,31,320400,0,0,41.875817,-87.617256,Census Tract 3204
30563,30563,101383,70053049,10000,-1,1,IL,USA,17,31,160700,0,1,41.951218,-87.702135,Census Tract 1607
30564,30564,101384,70053049,10003,1,3,IL,USA,17,31,31900,0,0,41.963374,-87.670184,Census Tract 319
30565,30565,101385,70053049,20003,2,3,IL,USA,17,31,140800,0,0,41.964514,-87.702847,Census Tract 1408
30566,30566,101387,70053052,10000,-1,1,IL,USA,17,31,310900,0,1,41.855772,-87.674674,Census Tract 3109
30567,30567,101388,70053052,10002,1,2,IL,USA,17,31,610300,0,0,41.816178,-87.675102,Census Tract 6103
30568,30568,101389,70053052,10003,1,3,IL,USA,17,31,610300,0,0,41.816178,-87.675102,Census Tract 6103
30569,30569,101399,70053056,10000,-1,1,IL,USA,17,31,210501,0,1,41.937401,-87.72233,Census Tract 2105.01
30570,30570,101400,70053056,10003,1,3,IL,USA,17,31,830700,0,0,41.958304,-87.660765,Census Tract 8307
30597,30597,101478,70053080,10000,-1,1,IL,USA,17,31,292500,0,1,41.855161,-87.732243,Census Tract 2925
30598,30598,101479,70053080,10003,1,3,IL,USA,17,31,320100,0,0,41.886447,-87.619467,Census Tract 3201
30599,30599,101480,70053080,20002,2,2,IL,USA,17,31,231100,0,0,41.899254,-87.715068,Census Tract 2311
30600,30600,101481,70053083,10000,-1,1,IL,USA,17,31,10300,0,1,42.015941,-87.666535,Census Tract 103
30601,30601,101482,70053083,10003,1,3,IL,USA,17,31,31700,0,0,41.965447,-87.663195,Census Tract 317
30609,30609,101511,70053095,10000,-1,1,IL,USA,17,31,831100,0,1,41.942856,-87.717496,Census Tract 8311
30610,30610,101512,70053095,10002,1,2,IL,USA,17,31,31700,0,0,41.965447,-87.663195,Census Tract 317
30611,30611,101513,70053095,10003,1,3,IL,USA,17,31,31700,0,0,41.965447,-87.663195,Census Tract 317
30621,30621,101545,70053106,10000,-1,1,IL,USA,17,31,81800,0,1,41.893324,-87.63919,Census Tract 818
30622,30622,101546,70053106,10002,1,2,IL,USA,17,31,320100,0,0,41.886447,-87.619467,Census Tract 3201
30623,30623,101547,70053106,10003,1,3,IL,USA,17,31,830700,0,0,41.958304,-87.660765,Census Tract 8307
30630,30630,101602,70053142,10000,-1,1,IL,USA,17,31,351100,0,1,41.827754,-87.614189,Census Tract 3511
30631,30631,101603,70053142,10002,1,2,IL,USA,17,31,281900,0,0,41.878635,-87.642924,Census Tract 2819
30632,30632,101604,70053142,30003,3,3,IL,USA,17,31,80300,0,0,41.90749,-87.635799,Census Tract 803
30633,30633,101605,70053142,40003,4,3,IL,USA,17,31,410900,0,0,41.79671,-87.578094,Census Tract 4109
30634,30634,101615,70053144,10000,-1,1,IL,USA,17,31,31300,0,1,41.973765,-87.64653,Census Tract 313
30635,30635,101616,70053144,10002,1,2,IL,USA,17,31,842200,0,0,41.904728,-87.64922,Census Tract 8422
30636,30636,101622,70053149,10000,-1,1,IL,USA,17,31,590700,0,1,41.826054,-87.662789,Census Tract 5907
30637,30637,101623,70053149,10002,1,2,IL,USA,17,31,31200,0,0,41.972709,-87.657341,Census Tract 312
30638,30638,101624,70053149,40003,4,3,IL,USA,17,31,600600,0,0,41.842469,-87.655751,Census Tract 6006
30639,30639,101625,70053149,50003,5,3,IL,USA,17,31,600600,0,0,41.842469,-87.655751,Census Tract 6006
30686,30686,101746,70053206,10000,-1,1,IL,USA,17,31,20802,0,1,41.994059,-87.694631,Census Tract 208.02
30687,30687,101747,70053206,10002,1,2,IL,USA,17,31,31700,0,0,41.965447,-87.663195,Census Tract 317
30725,30725,101860,70053243,10000,-1,1,IL,USA,17,31,730500,0,1,41.714265,-87.638138,Census Tract 7305
30726,30726,101861,70053243,10002,1,2,IL,USA,17,31,490600,0,0,41.717973,-87.62833,Census Tract 4906
30731,30731,101874,70053247,10000,-1,1,IL,USA,17,31,252000,0,1,41.883676,-87.76988,Census Tract 2520
30732,30732,101875,70053247,10002,1,2,IL,USA,17,31,31700,0,0,41.965447,-87.663195,Census Tract 317
30733,30733,101876,70053247,10003,1,3,IL,USA,17,31,830700,0,0,41.958304,-87.660765,Census Tract 8307
30734,30734,101877,70053247,20003,2,3,IL,USA,17,31,830700,0,0,41.958304,-87.660765,Census Tract 8307
30757,30757,101921,70053276,10000,-1,1,IL,USA,17,31,580502,0,1,41.814562,-87.69931,Census Tract 5805.02
30758,30758,101922,70053276,10002,1,2,IL,USA,17,31,841100,0,0,41.851644,-87.635661,Census Tract 8411
30759,30759,101923,70053276,10003,1,3,IL,USA,17,31,31700,0,0,41.965447,-87.663195,Census Tract 317
30760,30760,101951,70053277,10000,-1,1,IL,USA,17,31,835500,0,1,41.816353,-87.632542,Census Tract 8355
30761,30761,101952,70053277,20002,2,2,IL,USA,17,31,833100,0,0,41.879078,-87.657046,Census Tract 8331
30773,30773,102032,70053287,10000,-1,1,IL,USA,17,31,71500,0,1,41.914242,-87.625092,Census Tract 715
30774,30774,102033,70053287,10002,1,2,IL,USA,17,31,71500,0,0,41.914242,-87.625092,Census Tract 715
30777,30777,102056,70053296,10000,-1,1,IL,USA,17,31,490800,0,1,41.710683,-87.615337,Census Tract 4908
30778,30778,102057,70053296,10002,1,2,IL,USA,17,31,540102,0,0,41.66733,-87.605449,Census Tract 5401.02
30779,30779,102058,70053296,20002,2,2,IL,USA,17,31,661100,0,0,41.760788,-87.70269,Census Tract 6611
30792,30792,102078,70053300,10000,-1,1,IL,USA,17,31,839600,0,1,41.827443,-87.619249,Census Tract 8396
30793,30793,102079,70053300,10002,1,2,IL,USA,17,31,839100,0,0,41.880986,-87.63307,Census Tract 8391
30799,30799,102097,70053308,10000,-1,1,IL,USA,17,31,835500,0,1,41.816353,-87.632542,Census Tract 8355
30800,30800,102098,70053308,10002,1,2,IL,USA,17,31,660900,0,0,41.767819,-87.699063,Census Tract 6609
30801,30801,102099,70053308,40003,4,3,IL,USA,17,31,835500,0,0,41.816353,-87.632542,Census Tract 8355
30802,30802,102109,70053309,10000,-1,1,IL,USA,17,31,590500,0,1,41.824898,-87.68046,Census Tract 5905
30803,30803,102110,70053309,10002,1,2,IL,USA,17,31,320400,0,0,41.875817,-87.617256,Census Tract 3204
30804,30804,102111,70053309,20002,2,2,IL,USA,17,31,60200,0,0,41.957904,-87.671517,Census Tract 602
30805,30805,102112,70053309,30003,3,3,IL,USA,17,31,590500,0,0,41.824898,-87.68046,Census Tract 5905
30806,30806,102113,70053309,40003,4,3,IL,USA,17,31,590500,0,0,41.824898,-87.68046,Census Tract 5905
30807,30807,102115,70053312,10000,-1,1,IL,USA,17,31,440800,0,1,41.731711,-87.603328,Census Tract 4408
30808,30808,102116,70053312,20003,2,3,IL,USA,17,31,440800,0,0,41.731711,-87.603328,Census Tract 4408
30809,30809,102117,70053312,30003,3,3,IL,USA,17,31,470100,0,0,41.728221,-87.596489,Census Tract 4701
30817,30817,102162,70053321,10000,-1,1,IL,USA,17,31,839600,0,1,41.827443,-87.619249,Census Tract 8396
30818,30818,102163,70053321,20002,2,2,IL,USA,17,31,590500,0,0,41.824898,-87.68046,Census Tract 5905
30819,30819,102164,70053321,40002,4,2,IL,USA,17,31,411000,0,0,41.787227,-87.577462,Census Tract 4110
30829,30829,102203,70053346,10000,-1,1,IL,USA,17,31,670500,0,1,41.786578,-87.676404,Census Tract 6705
30830,30830,102204,70053346,10002,1,2,IL,USA,17,31,831800,0,0,41.978233,-87.716453,Census Tract 8318
30831,30831,102205,70053346,10003,1,3,IL,USA,17,31,831800,0,0,41.978233,-87.716453,Census Tract 8318
30832,30832,102210,70053348,10000,-1,1,IL,USA,17,31,440101,0,1,41.748627,-87.601451,Census Tract 4401.01
30833,30833,102211,70053348,10002,1,2,IL,USA,17,31,836700,0,0,41.891704,-87.702175,Census Tract 8367
30834,30834,102213,70053351,10000,-1,1,IL,USA,17,31,630800,0,1,41.789965,-87.698572,Census Tract 6308
30835,30835,102214,70053351,10002,1,2,IL,USA,17,31,81800,0,0,41.893324,-87.63919,Census Tract 818
30841,30841,102220,70053357,10000,-1,1,IL,USA,17,31,710900,0,1,41.742146,-87.639689,Census Tract 7109
30842,30842,102221,70053357,10002,1,2,IL,USA,17,31,839600,0,0,41.827443,-87.619249,Census Tract 8396
30843,30843,102222,70053357,20003,2,3,IL,USA,17,31,460600,0,0,41.735633,-87.559514,Census Tract 4606
30847,30847,102252,70053395,10000,-1,1,IL,USA,17,31,30500,0,1,41.987226,-87.664936,Census Tract 305
30848,30848,102253,70053395,10002,1,2,IL,USA,17,31,839100,0,0,41.880986,-87.63307,Census Tract 8391
30849,30849,102254,70053395,20002,2,2,IL,USA,17,31,31800,0,0,41.967011,-87.670621,Census Tract 318
30850,30850,102255,70053395,30003,3,3,IL,USA,17,31,160700,0,0,41.951218,-87.702135,Census Tract 1607
30860,30860,102291,70053409,10000,-1,1,IL,USA,17,31,720700,0,1,41.703107,-87.665139,Census Tract 7207
30861,30861,102292,70053409,10002,1,2,IL,USA,17,31,839100,0,0,41.880986,-87.63307,Census Tract 8391
30875,30875,102368,70053429,10000,-1,1,IL,USA,17,31,81401,0,1,41.895035,-87.619717,Census Tract 814.01
30876,30876,102369,70053429,10003,1,3,IL,USA,17,31,31700,0,0,41.965447,-87.663195,Census Tract 317
30881,30881,102415,70053438,10000,-1,1,IL,USA,17,31,835500,0,1,41.816353,-87.632542,Census Tract 8355
30882,30882,102416,70053438,20002,2,2,IL,USA,17,31,839100,0,0,41.880986,-87.63307,Census Tract 8391
30898,30898,102451,70053452,10000,-1,1,IL,USA,17,31,220701,0,1,41.926155,-87.721565,Census Tract 2207.01
30899,30899,102452,70053452,10002,1,2,IL,USA,17,31,280100,0,0,41.885452,-87.643498,Census Tract 2801
30900,30900,102453,70053452,10003,1,3,IL,USA,17,31,830700,0,0,41.958304,-87.660765,Census Tract 8307
30901,30901,102454,70053452,20002,2,2,IL,USA,17,31,280800,0,0,41.878597,-87.688901,Census Tract 2808
30910,30910,102513,70053461,10000,-1,1,IL,USA,17,31,490600,0,1,41.717973,-87.62833,Census Tract 4906
30911,30911,102514,70053461,10002,1,2,IL,USA,17,31,81401,0,0,41.895035,-87.619717,Census Tract 814.01
30912,30912,102515,70053461,30003,3,3,IL,USA,17,31,320400,0,0,41.875817,-87.617256,Census Tract 3204
30922,30922,102603,70053474,10000,-1,1,IL,USA,17,31,450300,0,1,41.741944,-87.579089,Census Tract 4503
30923,30923,102604,70053474,20003,2,3,IL,USA,17,31,390600,0,0,41.806018,-87.59435,Census Tract 3906
30933,30933,102631,70053502,10000,-1,1,IL,USA,17,31,841100,0,1,41.851644,-87.635661,Census Tract 8411
30934,30934,102632,70053502,10002,1,2,IL,USA,17,31,320100,0,0,41.886447,-87.619467,Census Tract 3201
30935,30935,102633,70053502,20002,2,2,IL,USA,17,31,839100,0,0,41.880986,-87.63307,Census Tract 8391
30936,30936,102637,70053506,10000,-1,1,IL,USA,17,31,150600,0,1,41.949473,-87.771758,Census Tract 1506
30937,30937,102638,70053506,10003,1,3,IL,USA,17,31,31700,0,0,41.965447,-87.663195,Census Tract 317
30946,30946,102664,70053519,10000,-1,1,IL,USA,17,31,10201,0,1,42.016008,-87.680148,Census Tract 102.01
30947,30947,102665,70053519,10002,1,2,IL,USA,17,31,81202,0,0,41.904377,-87.624237,Census Tract 812.02
30959,30959,102690,70053531,10000,-1,1,IL,USA,17,31,839500,0,1,41.834098,-87.619292,Census Tract 8395
30960,30960,102691,70053531,10002,1,2,IL,USA,17,31,320100,0,0,41.886447,-87.619467,Census Tract 3201
30961,30961,102692,70053531,20002,2,2,IL,USA,17,31,842100,0,0,41.895279,-87.73361,Census Tract 8421
30962,30962,102694,70053534,10000,-1,1,IL,USA,17,31,62200,0,1,41.942585,-87.656644,Census Tract 622
30963,30963,102695,70053534,10002,1,2,IL,USA,17,31,839100,0,0,41.880986,-87.63307,Census Tract 8391
30969,30969,102717,70053544,10000,-1,1,IL,USA,17,31,160400,0,1,41.957366,-87.722824,Census Tract 1604
30970,30970,102718,70053544,10003,1,3,IL,USA,17,31,31700,0,0,41.965447,-87.663195,Census Tract 317
30971,30971,102719,70053544,20002,2,2,IL,USA,17,31,62700,0,0,41.936086,-87.66611,Census Tract 627
30978,30978,102729,70053552,10000,-1,1,IL,USA,17,31,840400,0,1,41.833926,-87.667162,Census Tract 8404
30979,30979,102730,70053552,10002,1,2,IL,USA,17,31,280100,0,0,41.885452,-87.643498,Census Tract 2801
30985,30985,102754,70053559,10000,-1,1,IL,USA,17,31,380200,0,1,41.820574,-87.614986,Census Tract 3802
30986,30986,102755,70053559,10002,1,2,IL,USA,17,31,839100,0,0,41.880986,-87.63307,Census Tract 8391
31012,31012,102829,70053603,10000,-1,1,IL,USA,17,31,839500,0,1,41.834098,-87.619292,Census Tract 8395
31013,31013,102830,70053603,10002,1,2,IL,USA,17,31,839100,0,0,41.880986,-87.63307,Census Tract 8391
31014,31014,102831,70053603,30003,3,3,IL,USA,17,31,842000,0,0,41.83496,-87.62517,Census Tract 8420
31033,31033,102907,70053648,10000,-1,1,IL,USA,17,31,190602,0,1,41.92756,-87.770737,Census Tract 1906.02
31034,31034,102908,70053648,10003,1,3,IL,USA,17,31,831800,0,0,41.978233,-87.716453,Census Tract 8318
31042,31042,102922,70053659,10000,-1,1,IL,USA,17,31,51300,0,1,41.935996,-87.67584,Census Tract 513
31043,31043,102923,70053659,20002,2,2,IL,USA,17,31,839100,0,0,41.880986,-87.63307,Census Tract 8391
31044,31044,102926,70053663,10000,-1,1,IL,USA,17,31,63302,0,1,41.934765,-87.639854,Census Tract 633.02
31045,31045,102927,70053663,10003,1,3,IL,USA,17,31,31700,0,0,41.965447,-87.663195,Census Tract 317
31050,31050,102938,70053679,10000,-1,1,IL,USA,17,31,242600,0,1,41.90056,-87.694197,Census Tract 2426
31051,31051,102939,70053679,10002,1,2,IL,USA,17,31,81700,0,0,41.892218,-87.631832,Census Tract 817
31052,31052,102940,70053679,20002,2,2,IL,USA,17,31,81700,0,0,41.892218,-87.631832,Census Tract 817
31053,31053,102941,70053683,10000,-1,1,IL,USA,17,31,62200,0,1,41.942585,-87.656644,Census Tract 622
31054,31054,102942,70053683,20002,2,2,IL,USA,17,31,281900,0,0,41.878635,-87.642924,Census Tract 2819
31055,31055,102943,70053683,30003,3,3,IL,USA,17,31,62000,0,0,41.942577,-87.647079,Census Tract 620
31056,31056,102954,70053684,10000,-1,1,IL,USA,17,31,70400,0,1,41.928967,-87.656156,Census Tract 704
31057,31057,102955,70053684,10002,1,2,IL,USA,17,31,842300,0,0,41.908386,-87.660086,Census Tract 8423
31058,31058,102956,70053684,10003,1,3,IL,USA,17,31,81800,0,0,41.893324,-87.63919,Census Tract 818
31059,31059,102970,70053689,10000,-1,1,IL,USA,17,31,80202,0,1,41.905859,-87.630901,Census Tract 802.02
31060,31060,102971,70053689,10002,1,2,IL,USA,17,31,81800,0,0,41.893324,-87.63919,Census Tract 818
31061,31061,102972,70053689,20002,2,2,IL,USA,17,31,81800,0,0,41.893324,-87.63919,Census Tract 818
31064,31064,102977,70053707,10000,-1,1,IL,USA,17,31,50500,0,1,41.950447,-87.683507,Census Tract 505
31065,31065,102978,70053707,10002,1,2,IL,USA,17,31,839100,0,0,41.880986,-87.63307,Census Tract 8391
31073,31073,103025,70053713,10000,-1,1,IL,USA,17,31,500100,0,1,41.714683,-87.595025,Census Tract 5001
31074,31074,103026,70053713,10002,1,2,IL,USA,17,31,500300,0,0,41.689315,-87.60537,Census Tract 5003
31075,31075,103027,70053713,20002,2,2,IL,USA,17,31,660700,0,0,41.773845,-87.681096,Census Tract 6607
31076,31076,103028,70053713,30003,3,3,IL,USA,17,31,440600,0,0,41.732672,-87.619137,Census Tract 4406
31085,31085,103079,70053739,10000,-1,1,IL,USA,17,31,50500,0,1,41.950447,-87.683507,Census Tract 505
31086,31086,103080,70053739,10002,1,2,IL,USA,17,31,390100,0,0,41.813554,-87.590545,Census Tract 3901
31087,31087,103081,70053739,10003,1,3,IL,USA,17,31,830700,0,0,41.958304,-87.660765,Census Tract 8307
31088,31088,103082,70053739,20002,2,2,IL,USA,17,31,60400,0,0,41.950673,-87.666536,Census Tract 604
31092,31092,103089,70053742,10000,-1,1,IL,USA,17,31,63200,0,1,41.938923,-87.634673,Census Tract 632
31093,31093,103090,70053742,10002,1,2,IL,USA,17,31,833000,0,0,41.885286,-87.657249,Census Tract 8330
31097,31097,103098,70053747,10000,-1,1,IL,USA,17,31,62700,0,1,41.936086,-87.66611,Census Tract 627
31098,31098,103099,70053747,20002,2,2,IL,USA,17,31,839100,0,0,41.880986,-87.63307,Census Tract 8391
31099,31099,103100,70053747,30003,3,3,IL,USA,17,31,71100,0,0,41.921778,-87.651061,Census Tract 711
31100,31100,103104,70053748,10000,-1,1,IL,USA,17,31,62200,0,1,41.942585,-87.656644,Census Tract 622
31101,31101,103105,70053748,10002,1,2,IL,USA,17,31,839100,0,0,41.880986,-87.63307,Census Tract 8391
31102,31102,103112,70053753,10000,-1,1,IL,USA,17,31,839500,0,1,41.834098,-87.619292,Census Tract 8395
31103,31103,103113,70053753,10002,1,2,IL,USA,17,31,833000,0,0,41.885286,-87.657249,Census Tract 8330
31104,31104,103127,70053756,10000,-1,1,IL,USA,17,31,380100,0,1,41.820202,-87.610097,Census Tract 3801
31105,31105,103128,70053756,10002,1,2,IL,USA,17,31,243200,0,0,41.892433,-87.669624,Census Tract 2432
31108,31108,103159,70053759,10000,-1,1,IL,USA,17,31,839600,0,1,41.827443,-87.619249,Census Tract 8396
31109,31109,103160,70053759,10002,1,2,IL,USA,17,31,81800,0,0,41.893324,-87.63919,Census Tract 818
31110,31110,103163,70053759,20002,2,2,IL,USA,17,31,81600,0,0,41.892057,-87.628871,Census Tract 816
31111,31111,103164,70053759,50003,5,3,IL,USA,17,31,490500,0,0,41.717927,-87.613206,Census Tract 4905
31127,31127,103237,70053807,10000,-1,1,IL,USA,17,31,839600,0,1,41.827443,-87.619249,Census Tract 8396
31128,31128,103238,70053807,10002,1,2,IL,USA,17,31,836200,0,0,41.790469,-87.601285,Census Tract 8362
31129,31129,103239,70053807,30003,3,3,IL,USA,17,31,100400,0,0,41.988969,-87.818041,Census Tract 1004
31130,31130,103246,70053809,10000,-1,1,IL,USA,17,31,62200,0,1,41.942585,-87.656644,Census Tract 622
31131,31131,103247,70053809,10002,1,2,IL,USA,17,31,30101,0,0,41.991054,-87.654879,Census Tract 301.01
31132,31132,103248,70053809,10003,1,3,IL,USA,17,31,830700,0,0,41.958304,-87.660765,Census Tract 8307
31133,31133,103249,70053809,20003,2,3,IL,USA,17,31,10400,0,0,42.006411,-87.658816,Census Tract 104
31184,31184,103375,70053874,10000,-1,1,IL,USA,17,31,835500,0,1,41.816353,-87.632542,Census Tract 8355
31185,31185,103376,70053874,10002,1,2,IL,USA,17,31,835500,0,0,41.816353,-87.632542,Census Tract 8355
31237,31237,103553,70053918,10000,-1,1,IL,USA,17,31,140701,0,1,41.967038,-87.712652,Census Tract 1407.01
31238,31238,103554,70053918,10002,1,2,IL,USA,17,31,61500,0,0,41.945282,-87.661545,Census Tract 615
31305,31305,103743,70054002,10000,-1,1,IL,USA,17,31,839500,0,1,41.834098,-87.619292,Census Tract 8395
31306,31306,103744,70054002,10002,1,2,IL,USA,17,31,838000,0,0,41.877367,-87.680652,Census Tract 8380
31307,31307,103745,70054002,20002,2,2,IL,USA,17,31,330200,0,0,41.865578,-87.630568,Census Tract 3302
31308,31308,103746,70054002,30003,3,3,IL,USA,17,31,842000,0,0,41.83496,-87.62517,Census Tract 8420
31309,31309,103747,70054002,40003,4,3,IL,USA,17,31,330200,0,0,41.865578,-87.630568,Census Tract 3302
31310,31310,103748,70054002,50003,5,3,IL,USA,17,31,330200,0,0,41.865578,-87.630568,Census Tract 3302
31311,31311,103749,70054002,60003,6,3,IL,USA,17,31,330200,0,0,41.865578,-87.630568,Census Tract 3302
31317,31317,103763,70054007,10000,-1,1,IL,USA,17,31,50500,0,1,41.950447,-87.683507,Census Tract 505
31318,31318,103764,70054007,10002,1,2,IL,USA,17,31,50500,0,0,41.950447,-87.683507,Census Tract 505
31319,31319,103765,70054007,30003,3,3,IL,USA,17,31,50500,0,0,41.950447,-87.683507,Census Tract 505
31320,31320,103766,70054007,40003,4,3,IL,USA,17,31,50500,0,0,41.950447,-87.683507,Census Tract 505
31332,31332,103787,70054024,10000,-1,1,IL,USA,17,31,839000,0,1,41.869903,-87.631213,Census Tract 8390
31333,31333,103788,70054024,20002,2,2,IL,USA,17,31,330100,0,0,41.859295,-87.615523,Census Tract 3301
31334,31334,103789,70054024,20003,2,3,IL,USA,17,31,838100,0,0,41.878667,-87.671689,Census Tract 8381
31350,31350,103940,70054064,10000,-1,1,IL,USA,17,31,380200,0,1,41.820574,-87.614986,Census Tract 3802
31351,31351,103941,70054064,30003,3,3,IL,USA,17,31,390300,0,0,41.813201,-87.604209,Census Tract 3903
31352,31352,103947,70054067,10000,-1,1,IL,USA,17,31,480300,0,1,41.729194,-87.587973,Census Tract 4803
31353,31353,103948,70054067,10002,1,2,IL,USA,17,31,320100,0,0,41.886447,-87.619467,Census Tract 3201
31366,31366,103978,70054077,10000,-1,1,IL,USA,17,31,470100,0,1,41.728221,-87.596489,Census Tract 4701
31367,31367,103979,70054077,10002,1,2,IL,USA,17,31,320400,0,0,41.875817,-87.617256,Census Tract 3204
31368,31368,103980,70054077,30003,3,3,IL,USA,17,31,390200,0,0,41.813041,-87.599476,Census Tract 3902
31402,31402,104129,70054107,10000,-1,1,IL,USA,17,31,834600,0,1,41.787246,-87.634306,Census Tract 8346
31403,31403,104130,70054107,10002,1,2,IL,USA,17,31,711100,0,0,41.739502,-87.6583,Census Tract 7111
31419,31419,104161,70054122,10000,-1,1,IL,USA,17,31,491400,0,1,41.689123,-87.616822,Census Tract 4914
31420,31420,104162,70054122,10002,1,2,IL,USA,17,31,320100,0,0,41.886447,-87.619467,Census Tract 3201
31421,31421,104167,70054124,10000,-1,1,IL,USA,17,31,842000,0,1,41.83496,-87.62517,Census Tract 8420
31422,31422,104168,70054124,10002,1,2,IL,USA,17,31,839600,0,0,41.827443,-87.619249,Census Tract 8396
31433,31433,104194,70054133,10000,-1,1,IL,USA,17,31,711200,0,1,41.740556,-87.669825,Census Tract 7112
31434,31434,104195,70054133,30002,3,2,IL,USA,17,31,710200,0,0,41.755113,-87.651425,Census Tract 7102
31460,31460,104300,70054169,10000,-1,1,IL,USA,17,31,62900,0,1,41.936237,-87.656411,Census Tract 629
31461,31461,104301,70054169,10003,1,3,IL,USA,17,31,81401,0,0,41.895035,-87.619717,Census Tract 814.01
31462,31462,104302,70054169,20002,2,2,IL,USA,17,31,839100,0,0,41.880986,-87.63307,Census Tract 8391
31486,31486,104366,70054209,10000,-1,1,IL,USA,17,31,221200,0,1,41.921083,-87.70465,Census Tract 2212
31487,31487,104367,70054209,10002,1,2,IL,USA,17,31,81800,0,0,41.893324,-87.63919,Census Tract 818
31488,31488,104368,70054209,20002,2,2,IL,USA,17,31,40900,0,0,41.963185,-87.683854,Census Tract 409
31505,31505,104495,70054247,10000,-1,1,IL,USA,17,31,470100,0,1,41.728221,-87.596489,Census Tract 4701
31506,31506,104496,70054247,30002,3,2,IL,USA,17,31,710500,0,0,41.747532,-87.670787,Census Tract 7105
31512,31512,104512,70054253,10000,-1,1,IL,USA,17,31,140800,0,1,41.964514,-87.702847,Census Tract 1408
31513,31513,104513,70054253,10002,1,2,IL,USA,17,31,830700,0,0,41.958304,-87.660765,Census Tract 8307
31514,31514,104514,70054253,10003,1,3,IL,USA,17,31,831800,0,0,41.978233,-87.716453,Census Tract 8318
31515,31515,104515,70054253,20002,2,2,IL,USA,17,31,280400,0,0,41.886009,-87.671885,Census Tract 2804
31519,31519,104525,70054258,10000,-1,1,IL,USA,17,31,31900,0,1,41.963374,-87.670184,Census Tract 319
31520,31520,104526,70054258,10002,1,2,IL,USA,17,31,839100,0,0,41.880986,-87.63307,Census Tract 8391
31540,31540,104590,70054291,10000,-1,1,IL,USA,17,31,70101,0,1,41.929522,-87.632325,Census Tract 701.01
31541,31541,104591,70054291,10002,1,2,IL,USA,17,31,320100,0,0,41.886447,-87.619467,Census Tract 3201
31546,31546,104598,70054293,10000,-1,1,IL,USA,17,31,31200,0,1,41.972709,-87.657341,Census Tract 312
31547,31547,104599,70054293,10002,1,2,IL,USA,17,31,839100,0,0,41.880986,-87.63307,Census Tract 8391
31548,31548,104600,70054293,20002,2,2,IL,USA,17,31,81500,0,0,41.892906,-87.626079,Census Tract 815
31561,31561,104618,70054299,10000,-1,1,IL,USA,17,31,81600,0,1,41.892057,-87.628871,Census Tract 816
31562,31562,104619,70054299,10002,1,2,IL,USA,17,31,320100,0,0,41.886447,-87.619467,Census Tract 3201
31563,31563,104620,70054299,20002,2,2,IL,USA,17,31,839100,0,0,41.880986,-87.63307,Census Tract 8391
31564,31564,104621,70054300,10000,-1,1,IL,USA,17,31,81201,0,1,41.899154,-87.626212,Census Tract 812.01
31565,31565,104622,70054300,10002,1,2,IL,USA,17,31,320100,0,0,41.886447,-87.619467,Census Tract 3201
31566,31566,104623,70054305,10000,-1,1,IL,USA,17,31,63100,0,1,41.938232,-87.64678,Census Tract 631
31567,31567,104624,70054305,10002,1,2,IL,USA,17,31,320100,0,0,41.886447,-87.619467,Census Tract 3201
31568,31568,104625,70054305,20002,2,2,IL,USA,17,31,839100,0,0,41.880986,-87.63307,Census Tract 8391
31575,31575,104692,70054328,10000,-1,1,IL,USA,17,31,10503,0,1,42.000321,-87.663126,Census Tract 105.03
31576,31576,104693,70054328,10002,1,2,IL,USA,17,31,10400,0,0,42.006411,-87.658816,Census Tract 104
31591,31591,104723,70054376,10000,-1,1,IL,USA,17,31,836500,0,1,41.825946,-87.599456,Census Tract 8365
31592,31592,104724,70054376,20003,2,3,IL,USA,17,31,351100,0,0,41.827754,-87.614189,Census Tract 3511
31673,31673,105023,70054590,10000,-1,1,IL,USA,17,31,480500,0,1,41.7276,-87.559091,Census Tract 4805
31674,31674,105024,70054590,10002,1,2,IL,USA,17,31,520300,0,0,41.701114,-87.539563,Census Tract 5203
31675,31675,105025,70054590,20003,2,3,IL,USA,17,31,672000,0,0,41.761198,-87.671128,Census Tract 6720
31676,31676,105029,70054592,10000,-1,1,IL,USA,17,31,835900,0,1,41.820166,-87.621499,Census Tract 8359
31677,31677,105030,70054592,10002,1,2,IL,USA,17,31,410800,0,0,41.797961,-87.589625,Census Tract 4108
31678,31678,105031,70054592,10003,1,3,IL,USA,17,31,320100,0,0,41.886447,-87.619467,Census Tract 3201
31704,31704,105108,70054675,10000,-1,1,IL,USA,17,31,839000,0,1,41.869903,-87.631213,Census Tract 8390
31705,31705,105109,70054675,10002,1,2,IL,USA,17,31,320400,0,0,41.875817,-87.617256,Census Tract 3204
31717,31717,105164,70054734,10000,-1,1,IL,USA,17,31,31000,0,1,41.972437,-87.671109,Census Tract 310
31718,31718,105165,70054734,10002,1,2,IL,USA,17,31,842300,0,0,41.908386,-87.660086,Census Tract 8423
31719,31719,105166,70054734,10003,1,3,IL,USA,17,31,151200,0,0,41.942169,-87.771495,Census Tract 1512
31720,31720,105167,70054734,20003,2,3,IL,USA,17,31,151200,0,0,41.942169,-87.771495,Census Tract 1512
31735,31735,105288,70054770,10000,-1,1,IL,USA,17,31,681200,0,1,41.769159,-87.638677,Census Tract 6812
31736,31736,105289,70054770,20003,2,3,IL,USA,17,31,681200,0,0,41.769159,-87.638677,Census Tract 6812
31737,31737,105290,70054770,30003,3,3,IL,USA,17,31,681200,0,0,41.769159,-87.638677,Census Tract 6812
31740,31740,105302,70054790,10000,-1,1,IL,USA,17,31,842900,0,1,41.863139,-87.672937,Census Tract 8429
31741,31741,105303,70054790,10002,1,2,IL,USA,17,31,491400,0,0,41.689123,-87.616822,Census Tract 4914
31748,31748,105370,70054860,10000,-1,1,IL,USA,17,31,240700,0,1,41.912088,-87.694599,Census Tract 2407
31749,31749,105371,70054860,20002,2,2,IL,USA,17,31,80201,0,0,41.909498,-87.631005,Census Tract 802.01
31794,31794,105645,70054955,10000,-1,1,IL,USA,17,31,30300,0,1,41.994388,-87.672535,Census Tract 303
31795,31795,105646,70054955,10002,1,2,IL,USA,17,31,30300,0,0,41.994388,-87.672535,Census Tract 303
31796,31796,105647,70054955,10003,1,3,IL,USA,17,31,320100,0,0,41.886447,-87.619467,Census Tract 3201
31797,31797,105648,70054955,20003,2,3,IL,USA,17,31,30900,0,0,41.979795,-87.671445,Census Tract 309
31798,31798,105650,70054964,10000,-1,1,IL,USA,17,31,490902,0,1,41.70328,-87.615326,Census Tract 4909.02
31799,31799,105651,70054964,10002,1,2,IL,USA,17,31,841900,0,0,41.868458,-87.642965,Census Tract 8419
31809,31809,105675,70054999,10000,-1,1,IL,USA,17,31,251900,0,1,41.883812,-87.760094,Census Tract 2519
31810,31810,105676,70054999,10002,1,2,IL,USA,17,31,251900,0,0,41.883812,-87.760094,Census Tract 2519
31826,31826,105765,70055053,10000,-1,1,IL,USA,17,31,150800,0,1,41.949709,-87.752118,Census Tract 1508
31827,31827,105766,70055053,30002,3,2,IL,USA,17,31,240500,0,0,41.911968,-87.683627,Census Tract 2405
31857,31857,105890,70055146,10000,-1,1,IL,USA,17,31,420300,0,1,41.783224,-87.598697,Census Tract 4203
31858,31858,105891,70055146,10002,1,2,IL,USA,17,31,411200,0,0,41.790562,-87.594017,Census Tract 4112
31868,31868,105919,70055177,10000,-1,1,IL,USA,17,31,220400,0,1,41.928431,-87.699968,Census Tract 2204
31869,31869,105920,70055177,20002,2,2,IL,USA,17,31,839100,0,0,41.880986,-87.63307,Census Tract 8391
31870,31870,105921,70055177,30003,3,3,IL,USA,17,31,831900,0,0,41.945169,-87.668791,Census Tract 8319
31871,31871,105922,70055177,40003,4,3,IL,USA,17,31,831900,0,0,41.945169,-87.668791,Census Tract 8319
31872,31872,105952,70055197,10000,-1,1,IL,USA,17,31,834800,0,1,41.783634,-87.645088,Census Tract 8348
31873,31873,105953,70055197,10002,1,2,IL,USA,17,31,834800,0,0,41.783634,-87.645088,Census Tract 8348
31874,31874,105954,70055197,20003,2,3,IL,USA,17,31,843900,0,0,41.778993,-87.57613,Census Tract 8439
31904,31904,106171,70055302,10000,-1,1,IL,USA,17,31,40201,0,1,41.97258,-87.694,Census Tract 402.01
31905,31905,106172,70055302,10002,1,2,IL,USA,17,31,841900,0,0,41.868458,-87.642965,Census Tract 8419
31954,31954,106403,70055551,10000,-1,1,IL,USA,17,31,835500,0,1,41.816353,-87.632542,Census Tract 8355
31955,31955,106404,70055551,10002,1,2,IL,USA,17,31,410800,0,0,41.797961,-87.589625,Census Tract 4108
31965,31965,106450,70055560,10000,-1,1,IL,USA,17,31,430800,0,1,41.76075,-87.571298,Census Tract 4308
31966,31966,106451,70055560,10003,1,3,IL,USA,17,31,831800,0,0,41.978233,-87.716453,Census Tract 8318
31967,31967,106452,70055560,20003,2,3,IL,USA,17,31,430800,0,1,41.76075,-87.571298,Census Tract 4308
31974,31974,106477,70055573,10000,-1,1,IL,USA,17,31,100500,0,1,41.97806,-87.819734,Census Tract 1005
31975,31975,106478,70055573,10002,1,2,IL,USA,17,31,280100,0,0,41.885452,-87.643498,Census Tract 2801
31976,31976,106479,70055573,20002,2,2,IL,USA,17,31,839100,0,0,41.880986,-87.63307,Census Tract 8391
31977,31977,106480,70055573,30003,3,3,IL,USA,17,31,100500,0,0,41.97806,-87.819734,Census Tract 1005
32013,32013,106570,70055649,10000,-1,1,IL,USA,17,31,600600,0,1,41.842469,-87.655751,Census Tract 6006
32014,32014,106571,70055649,10002,1,2,IL,USA,17,31,841100,0,0,41.851644,-87.635661,Census Tract 8411
32015,32015,106576,70055650,10000,-1,1,IL,USA,17,31,838100,0,1,41.878667,-87.671689,Census Tract 8381
32016,32016,106577,70055650,10002,1,2,IL,USA,17,31,838100,0,0,41.878667,-87.671689,Census Tract 8381
32017,32017,106578,70055650,20002,2,2,IL,USA,17,31,80300,0,0,41.90749,-87.635799,Census Tract 803
32018,32018,106597,70055656,10000,-1,1,IL,USA,17,31,81000,0,1,41.900266,-87.632109,Census Tract 810
32019,32019,106598,70055656,10003,1,3,IL,USA,17,31,81000,0,0,41.900266,-87.632109,Census Tract 810
32022,32022,106609,70055660,10000,-1,1,IL,USA,17,31,380200,0,1,41.820574,-87.614986,Census Tract 3802
32023,32023,106610,70055660,20002,2,2,IL,USA,17,31,251300,0,0,41.898425,-87.770385,Census Tract 2513
32028,32028,106642,70055674,10000,-1,1,IL,USA,17,31,390600,0,1,41.806018,-87.59435,Census Tract 3906
32029,32029,106643,70055674,10002,1,2,IL,USA,17,31,430600,0,0,41.764413,-87.571373,Census Tract 4306
32030,32030,106644,70055679,10000,-1,1,IL,USA,17,31,351100,0,1,41.827754,-87.614189,Census Tract 3511
32031,32031,106645,70055679,10002,1,2,IL,USA,17,31,841100,0,0,41.851644,-87.635661,Census Tract 8411
32057,32057,106727,70055744,10000,-1,1,IL,USA,17,31,480500,0,1,41.7276,-87.559091,Census Tract 4805
32058,32058,106728,70055744,10002,1,2,IL,USA,17,31,839100,0,0,41.880986,-87.63307,Census Tract 8391
32059,32059,106729,70055756,10000,-1,1,IL,USA,17,31,835500,0,1,41.816353,-87.632542,Census Tract 8355
32060,32060,106730,70055756,10002,1,2,IL,USA,17,31,730100,0,0,41.725195,-87.638426,Census Tract 7301
32061,32061,106739,70055768,10000,-1,1,IL,USA,17,31,301801,0,1,41.84166,-87.735051,Census Tract 3018.01
32062,32062,106740,70055768,10002,1,2,IL,USA,17,31,292500,0,0,41.855161,-87.732243,Census Tract 2925
32083,32083,106857,70055828,10000,-1,1,IL,USA,17,31,480300,0,1,41.729194,-87.587973,Census Tract 4803
32084,32084,106858,70055828,10002,1,2,IL,USA,17,31,650500,0,0,41.762219,-87.732035,Census Tract 6505
32085,32085,106859,70055828,20003,2,3,IL,USA,17,31,390700,0,0,41.804016,-87.580489,Census Tract 3907
32086,32086,106860,70055828,30002,3,2,IL,USA,17,31,280100,0,0,41.885452,-87.643498,Census Tract 2801
32092,32092,106876,70055833,10000,-1,1,IL,USA,17,31,431200,0,1,41.755301,-87.571184,Census Tract 4312
32093,32093,106877,70055833,10003,1,3,IL,USA,17,31,31700,0,0,41.965447,-87.663195,Census Tract 317
32094,32094,106878,70055833,20003,2,3,IL,USA,17,31,841900,0,0,41.868458,-87.642965,Census Tract 8419
32095,32095,106880,70055834,10000,-1,1,IL,USA,17,31,10503,0,1,42.000321,-87.663126,Census Tract 105.03
32096,32096,106881,70055834,10002,1,2,IL,USA,17,31,81000,0,0,41.900266,-87.632109,Census Tract 810
32097,32097,106889,70055837,10000,-1,1,IL,USA,17,31,470100,0,1,41.728221,-87.596489,Census Tract 4701
32098,32098,106890,70055837,10002,1,2,IL,USA,17,31,310200,0,0,41.85631,-87.644209,Census Tract 3102
32099,32099,106895,70055845,10000,-1,1,IL,USA,17,31,10400,0,1,42.006411,-87.658816,Census Tract 104
32100,32100,106896,70055845,10002,1,2,IL,USA,17,31,10400,0,0,42.006411,-87.658816,Census Tract 104
32101,32101,106897,70055845,10003,1,3,IL,USA,17,31,10400,0,0,42.006411,-87.658816,Census Tract 104
32102,32102,106898,70055845,20002,2,2,IL,USA,17,31,30104,0,0,41.997277,-87.655986,Census Tract 301.04
32103,32103,106899,70055845,20003,2,3,IL,USA,17,31,10400,0,0,42.006411,-87.658816,Census Tract 104
32115,32115,106936,70055874,10000,-1,1,IL,USA,17,31,610800,0,1,41.812708,-87.638408,Census Tract 6108
32116,32116,106937,70055874,10002,1,2,IL,USA,17,31,843500,0,0,41.840983,-87.697566,Census Tract 8435
32117,32117,106938,70055874,30003,3,3,IL,USA,17,31,840100,0,0,41.841831,-87.639203,Census Tract 8401
32118,32118,106939,70055874,40003,4,3,IL,USA,17,31,840100,0,0,41.841831,-87.639203,Census Tract 8401
32119,32119,106940,70055874,50003,5,3,IL,USA,17,31,330100,0,0,41.859295,-87.615523,Census Tract 3301
32120,32120,106943,70055880,10000,-1,1,IL,USA,17,31,10400,0,1,42.006411,-87.658816,Census Tract 104
32121,32121,106944,70055880,10002,1,2,IL,USA,17,31,81500,0,0,41.892906,-87.626079,Census Tract 815
32122,32122,106945,70055880,20003,2,3,IL,USA,17,31,839100,0,0,41.880986,-87.63307,Census Tract 8391
32123,32123,106952,70055885,10000,-1,1,IL,USA,17,31,380200,0,1,41.820574,-87.614986,Census Tract 3802
32124,32124,106953,70055885,10002,1,2,IL,USA,17,31,320100,0,0,41.886447,-87.619467,Census Tract 3201
32125,32125,106957,70055886,10000,-1,1,IL,USA,17,31,480400,0,1,41.72845,-87.575638,Census Tract 4804
32126,32126,106958,70055886,10002,1,2,IL,USA,17,31,720300,0,0,41.71392,-87.677144,Census Tract 7203
32132,32132,107004,70055932,10000,-1,1,IL,USA,17,31,440800,0,1,41.731711,-87.603328,Census Tract 4408
32133,32133,107005,70055932,10003,1,3,IL,USA,17,31,320100,0,0,41.886447,-87.619467,Census Tract 3201
32134,32134,107006,70055932,20003,2,3,IL,USA,17,31,420700,0,0,41.776691,-87.610693,Census Tract 4207
32135,32135,107017,70055934,10000,-1,1,IL,USA,17,31,380200,0,1,41.820574,-87.614986,Census Tract 3802
32136,32136,107018,70055934,10003,1,3,IL,USA,17,31,380200,0,0,41.820574,-87.614986,Census Tract 3802
32170,32170,107128,70055967,10000,-1,1,IL,USA,17,31,10400,0,1,42.006411,-87.658816,Census Tract 104
32171,32171,107129,70055967,10002,1,2,IL,USA,17,31,281900,0,0,41.878635,-87.642924,Census Tract 2819
32172,32172,107130,70055967,20002,2,2,IL,USA,17,31,81201,0,0,41.899154,-87.626212,Census Tract 812.01
32184,32184,107157,70055991,10000,-1,1,IL,USA,17,31,730500,0,1,41.714265,-87.638138,Census Tract 7305
32185,32185,107158,70055991,10002,1,2,IL,USA,17,31,838200,0,0,41.870416,-87.675079,Census Tract 8382
32186,32186,107159,70055991,20003,2,3,IL,USA,17,31,10400,0,0,42.006411,-87.658816,Census Tract 104
32190,32190,107178,70055998,10000,-1,1,IL,USA,17,31,839600,0,1,41.827443,-87.619249,Census Tract 8396
32191,32191,107179,70055998,20002,2,2,IL,USA,17,31,839600,0,0,41.827443,-87.619249,Census Tract 8396
32210,32210,107233,70056023,10000,-1,1,IL,USA,17,31,842600,0,1,41.816219,-87.651695,Census Tract 8426
32211,32211,107234,70056023,20002,2,2,IL,USA,17,31,839000,0,0,41.869903,-87.631213,Census Tract 8390
32212,32212,107235,70056023,30003,3,3,IL,USA,17,31,842600,0,0,41.816219,-87.651695,Census Tract 8426
32213,32213,107239,70056024,10000,-1,1,IL,USA,17,31,10503,0,1,42.000321,-87.663126,Census Tract 105.03
32214,32214,107240,70056024,10003,1,3,IL,USA,17,31,10400,0,0,42.006411,-87.658816,Census Tract 104
32219,32219,107280,70056028,10000,-1,1,IL,USA,17,31,470100,0,1,41.728221,-87.596489,Census Tract 4701
32220,32220,107281,70056028,10002,1,2,IL,USA,17,31,480400,0,0,41.72845,-87.575638,Census Tract 4804
32221,32221,107282,70056028,30003,3,3,IL,USA,17,31,480400,0,0,41.72845,-87.575638,Census Tract 4804
32222,32222,107285,70056030,10000,-1,1,IL,USA,17,31,834000,0,1,41.72756,-87.629504,Census Tract 8340
32223,32223,107286,70056030,20003,2,3,IL,USA,17,31,834000,0,0,41.72756,-87.629504,Census Tract 8340
32243,32243,107346,70056052,10000,-1,1,IL,USA,17,31,10400,0,1,42.006411,-87.658816,Census Tract 104
32244,32244,107347,70056052,20002,2,2,IL,USA,17,31,81401,0,0,41.895035,-87.619717,Census Tract 814.01
32258,32258,107405,70056089,10000,-1,1,IL,USA,17,31,470100,0,1,41.728221,-87.596489,Census Tract 4701
32259,32259,107406,70056089,10002,1,2,IL,USA,17,31,470100,0,0,41.728221,-87.596489,Census Tract 4701
32260,32260,107407,70056089,10003,1,3,IL,USA,17,31,470100,0,0,41.728221,-87.596489,Census Tract 4701
32273,32273,107479,70056116,10000,-1,1,IL,USA,17,31,680900,0,1,41.77643,-87.63763,Census Tract 6809
32274,32274,107480,70056116,10002,1,2,IL,USA,17,31,839500,0,0,41.834098,-87.619292,Census Tract 8395
32279,32279,107489,70056126,10000,-1,1,IL,USA,17,31,460200,0,1,41.741387,-87.54701,Census Tract 4602
32280,32280,107490,70056126,10002,1,2,IL,USA,17,31,470100,0,0,41.728221,-87.596489,Census Tract 4701
32281,32281,107499,70056131,10000,-1,1,IL,USA,17,31,691500,0,1,41.755053,-87.600267,Census Tract 6915
32282,32282,107500,70056131,50003,5,3,IL,USA,17,31,836100,0,0,41.799805,-87.618683,Census Tract 8361
32283,32283,107501,70056131,60003,6,3,IL,USA,17,31,690900,0,0,41.762142,-87.610345,Census Tract 6909
32284,32284,107502,70056131,70003,7,3,IL,USA,17,31,690900,0,0,41.762142,-87.610345,Census Tract 6909
32302,32302,107568,70056150,10000,-1,1,IL,USA,17,31,440202,0,1,41.74096,-87.609762,Census Tract 4402.02
32303,32303,107569,70056150,10002,1,2,IL,USA,17,31,351100,0,0,41.827754,-87.614189,Census Tract 3511
32304,32304,107571,70056151,10000,-1,1,IL,USA,17,31,10503,0,1,42.000321,-87.663126,Census Tract 105.03
32305,32305,107572,70056151,10002,1,2,IL,USA,17,31,130100,0,0,41.991104,-87.720809,Census Tract 1301
32306,32306,107573,70056151,10003,1,3,IL,USA,17,31,10400,0,0,42.006411,-87.658816,Census Tract 104
32314,32314,107626,70056175,10000,-1,1,IL,USA,17,31,380200,0,1,41.820574,-87.614986,Census Tract 3802
32315,32315,107627,70056175,10002,1,2,IL,USA,17,31,380200,0,0,41.820574,-87.614986,Census Tract 3802
32316,32316,107628,70056176,10000,-1,1,IL,USA,17,31,10502,0,1,42.004517,-87.663327,Census Tract 105.02
32317,32317,107629,70056176,10003,1,3,IL,USA,17,31,320100,0,0,41.886447,-87.619467,Census Tract 3201
32318,32318,107630,70056176,20002,2,2,IL,USA,17,31,10503,0,0,42.000321,-87.663126,Census Tract 105.03
32319,32319,107631,70056176,20003,2,3,IL,USA,17,31,320600,0,0,41.870554,-87.616596,Census Tract 3206
32326,32326,107653,70056197,10000,-1,1,IL,USA,17,31,420300,0,1,41.783224,-87.598697,Census Tract 4203
32327,32327,107654,70056197,10003,1,3,IL,USA,17,31,836200,0,0,41.790469,-87.601285,Census Tract 8362
32349,32349,107757,70056243,10000,-1,1,IL,USA,17,31,10503,0,1,42.000321,-87.663126,Census Tract 105.03
32350,32350,107758,70056243,10003,1,3,IL,USA,17,31,10400,0,0,42.006411,-87.658816,Census Tract 104
32351,32351,107759,70056243,20002,2,2,IL,USA,17,31,10400,0,0,42.006411,-87.658816,Census Tract 104
32352,32352,107760,70056243,20003,2,3,IL,USA,17,31,10400,0,0,42.006411,-87.658816,Census Tract 104
32353,32353,107761,70056243,30003,3,3,IL,USA,17,31,10400,0,0,42.006411,-87.658816,Census Tract 104
32354,32354,107762,70056243,40002,4,2,IL,USA,17,31,10400,0,0,42.006411,-87.658816,Census Tract 104
32355,32355,107763,70056243,40003,4,3,IL,USA,17,31,10400,0,0,42.006411,-87.658816,Census Tract 104
32356,32356,107764,70056243,50003,5,3,IL,USA,17,31,10400,0,0,42.006411,-87.658816,Census Tract 104
32357,32357,107765,70056243,60003,6,3,IL,USA,17,31,10400,0,0,42.006411,-87.658816,Census Tract 104
32367,32367,107795,70056250,10000,-1,1,IL,USA,17,31,400300,0,1,41.789754,-87.611273,Census Tract 4003
32368,32368,107796,70056250,10002,1,2,IL,USA,17,31,340400,0,0,41.841886,-87.632036,Census Tract 3404
32405,32405,107904,70056308,10000,-1,1,IL,USA,17,31,320600,0,1,41.870554,-87.616596,Census Tract 3206
32406,32406,107905,70056308,10003,1,3,IL,USA,17,31,81401,0,0,41.895035,-87.619717,Census Tract 814.01
32429,32429,107987,70056335,10000,-1,1,IL,USA,17,31,10100,0,1,42.021256,-87.669832,Census Tract 101
32430,32430,107988,70056335,10002,1,2,IL,USA,17,31,30103,0,0,41.995524,-87.655153,Census Tract 301.03
32431,32431,107989,70056335,20003,2,3,IL,USA,17,31,838100,0,0,41.878667,-87.671689,Census Tract 8381
32432,32432,107990,70056335,30003,3,3,IL,USA,17,31,10100,0,0,42.021256,-87.669832,Census Tract 101
32433,32433,107991,70056335,40003,4,3,IL,USA,17,31,10100,0,0,42.021256,-87.669832,Census Tract 101
32434,32434,108004,70056336,10000,-1,1,IL,USA,17,31,100200,0,1,41.995658,-87.794314,Census Tract 1002
32435,32435,108005,70056336,10002,1,2,IL,USA,17,31,30103,0,0,41.995524,-87.655153,Census Tract 301.03
32442,32442,108028,70056357,10000,-1,1,IL,USA,17,31,835500,0,1,41.816353,-87.632542,Census Tract 8355
32443,32443,108029,70056357,20003,2,3,IL,USA,17,31,280800,0,0,41.878597,-87.688901,Census Tract 2808
32450,32450,108056,70056377,10000,-1,1,IL,USA,17,31,410500,0,1,41.797831,-87.603742,Census Tract 4105
32451,32451,108057,70056377,10002,1,2,IL,USA,17,31,250500,0,0,41.914618,-87.796796,Census Tract 2505
32452,32452,108058,70056379,10000,-1,1,IL,USA,17,31,691500,0,1,41.755053,-87.600267,Census Tract 6915
32453,32453,108059,70056379,10002,1,2,IL,USA,17,31,351500,0,0,41.82724,-87.627731,Census Tract 3515
32454,32454,108060,70056379,20002,2,2,IL,USA,17,31,340600,0,0,41.827428,-87.632522,Census Tract 3406
32457,32457,108110,70056390,10000,-1,1,IL,USA,17,31,835500,0,1,41.816353,-87.632542,Census Tract 8355
32458,32458,108111,70056390,10002,1,2,IL,USA,17,31,670100,0,0,41.790494,-87.657208,Census Tract 6701
32468,32468,108160,70056416,10000,-1,1,IL,USA,17,31,490300,0,1,41.725381,-87.619148,Census Tract 4903
32469,32469,108161,70056416,10002,1,2,IL,USA,17,31,470100,0,0,41.728221,-87.596489,Census Tract 4701
32470,32470,108162,70056416,20003,2,3,IL,USA,17,31,490500,0,0,41.717927,-87.613206,Census Tract 4905
32471,32471,108163,70056416,30003,3,3,IL,USA,17,31,490500,0,0,41.717927,-87.613206,Census Tract 4905
32472,32472,108164,70056416,40003,4,3,IL,USA,17,31,490300,0,0,41.725381,-87.619148,Census Tract 4903
32473,32473,108165,70056416,50003,5,3,IL,USA,17,31,839100,0,0,41.880986,-87.63307,Census Tract 8391
32474,32474,108168,70056419,10000,-1,1,IL,USA,17,31,470100,0,1,41.728221,-87.596489,Census Tract 4701
32475,32475,108169,70056419,10002,1,2,IL,USA,17,31,833900,0,0,41.731032,-87.547423,Census Tract 8339
32476,32476,108179,70056421,10000,-1,1,IL,USA,17,31,691400,0,1,41.754846,-87.610168,Census Tract 6914
32477,32477,108180,70056421,30002,3,2,IL,USA,17,31,838200,0,0,41.870416,-87.675079,Census Tract 8382
32485,32485,108222,70056431,10000,-1,1,IL,USA,17,31,10202,0,1,42.016051,-87.673322,Census Tract 102.02
32486,32486,108223,70056431,10002,1,2,IL,USA,17,31,839100,0,0,41.880986,-87.63307,Census Tract 8391
32489,32489,108230,70056433,10000,-1,1,IL,USA,17,31,10503,0,1,42.000321,-87.663126,Census Tract 105.03
32490,32490,108231,70056433,10002,1,2,IL,USA,17,31,10400,0,0,42.006411,-87.658816,Census Tract 104
32506,32506,108266,70056454,10000,-1,1,IL,USA,17,31,691500,0,1,41.755053,-87.600267,Census Tract 6915
32507,32507,108267,70056454,10002,1,2,IL,USA,17,31,839100,0,0,41.880986,-87.63307,Census Tract 8391
32516,32516,108329,70056474,10000,-1,1,IL,USA,17,31,490600,0,1,41.717973,-87.62833,Census Tract 4906
32517,32517,108330,70056474,10003,1,3,IL,USA,17,31,831800,0,0,41.978233,-87.716453,Census Tract 8318
32524,32524,108349,70056489,10000,-1,1,IL,USA,17,31,839500,0,1,41.834098,-87.619292,Census Tract 8395
32525,32525,108350,70056489,10002,1,2,IL,USA,17,31,839500,0,0,41.834098,-87.619292,Census Tract 8395
32526,32526,108362,70056507,10000,-1,1,IL,USA,17,31,431400,0,1,41.757208,-87.546555,Census Tract 4314
32527,32527,108363,70056507,40002,4,2,IL,USA,17,31,834200,0,0,41.755568,-87.583607,Census Tract 8342
32528,32528,108364,70056507,50002,5,2,IL,USA,17,31,834200,0,0,41.755568,-87.583607,Census Tract 8342
32548,32548,108452,70056534,10000,-1,1,IL,USA,17,31,252101,0,1,41.873881,-87.769855,Census Tract 2521.01
32549,32549,108453,70056534,10003,1,3,IL,USA,17,31,280100,0,0,41.885452,-87.643498,Census Tract 2801
32554,32554,108508,70056593,10000,-1,1,IL,USA,17,31,10400,0,1,42.006411,-87.658816,Census Tract 104
32555,32555,108509,70056593,10002,1,2,IL,USA,17,31,10502,0,0,42.004517,-87.663327,Census Tract 105.02
32556,32556,108510,70056593,10003,1,3,IL,USA,17,31,10400,0,0,42.006411,-87.658816,Census Tract 104
32563,32563,108530,70056603,10000,-1,1,IL,USA,17,31,10503,0,1,42.000321,-87.663126,Census Tract 105.03
32564,32564,108531,70056603,10002,1,2,IL,USA,17,31,81201,0,0,41.899154,-87.626212,Census Tract 812.01
32565,32565,108532,70056603,10003,1,3,IL,USA,17,31,10400,0,0,42.006411,-87.658816,Census Tract 104
32566,32566,108533,70056603,20003,2,3,IL,USA,17,31,10400,0,0,42.006411,-87.658816,Census Tract 104
32567,32567,108534,70056603,30003,3,3,IL,USA,17,31,10400,0,0,42.006411,-87.658816,Census Tract 104
32568,32568,108535,70056603,40002,4,2,IL,USA,17,31,31700,0,0,41.965447,-87.663195,Census Tract 317
32569,32569,108536,70056603,40003,4,3,IL,USA,17,31,10400,0,0,42.006411,-87.658816,Census Tract 104
32570,32570,108546,70056606,10000,-1,1,IL,USA,17,31,10400,0,1,42.006411,-87.658816,Census Tract 104
32571,32571,108547,70056606,10003,1,3,IL,USA,17,31,10400,0,0,42.006411,-87.658816,Census Tract 104
32572,32572,108548,70056606,20003,2,3,IL,USA,17,31,10400,0,0,42.006411,-87.658816,Census Tract 104
32573,32573,108549,70056606,30003,3,3,IL,USA,17,31,10400,0,0,42.006411,-87.658816,Census Tract 104
32574,32574,108550,70056606,40003,4,3,IL,USA,17,31,10400,0,0,42.006411,-87.658816,Census Tract 104
32584,32584,108610,70056623,10000,-1,1,IL,USA,17,31,10400,0,1,42.006411,-87.658816,Census Tract 104
32585,32585,108611,70056623,10002,1,2,IL,USA,17,31,839100,0,0,41.880986,-87.63307,Census Tract 8391
32586,32586,108612,70056623,10003,1,3,IL,USA,17,31,10400,0,0,42.006411,-87.658816,Census Tract 104
32599,32599,108685,70056666,10000,-1,1,IL,USA,17,31,241000,0,1,41.907969,-87.694534,Census Tract 2410
32600,32600,108686,70056666,20003,2,3,IL,USA,17,31,831400,0,0,41.869119,-87.756088,Census Tract 8314
32601,32601,108687,70056666,30003,3,3,IL,USA,17,31,241200,0,0,41.906707,-87.684686,Census Tract 2412
32602,32602,108688,70056666,40003,4,3,IL,USA,17,31,241000,0,0,41.907969,-87.694534,Census Tract 2410
32603,32603,108689,70056666,50003,5,3,IL,USA,17,31,241000,0,0,41.907969,-87.694534,Census Tract 2410
32604,32604,108691,70056668,10000,-1,1,IL,USA,17,31,670800,0,1,41.783144,-87.661879,Census Tract 6708
32605,32605,108692,70056668,10002,1,2,IL,USA,17,31,842600,0,0,41.816219,-87.651695,Census Tract 8426
32615,32615,108731,70056700,10000,-1,1,IL,USA,17,31,10702,0,1,42.00902,-87.672726,Census Tract 107.02
32616,32616,108732,70056700,10002,1,2,IL,USA,17,31,63303,0,0,41.934731,-87.634661,Census Tract 633.03
32617,32617,108733,70056700,10003,1,3,IL,USA,17,31,31700,0,0,41.965447,-87.663195,Census Tract 317
32618,32618,108738,70056729,10000,-1,1,IL,USA,17,31,350400,0,1,41.841929,-87.62837,Census Tract 3504
32619,32619,108739,70056729,10002,1,2,IL,USA,17,31,81402,0,0,41.891022,-87.612931,Census Tract 814.02
32620,32620,108740,70056729,10003,1,3,IL,USA,17,31,839200,0,0,41.842011,-87.622036,Census Tract 8392
32621,32621,108741,70056729,20002,2,2,IL,USA,17,31,81402,0,0,41.891022,-87.612931,Census Tract 814.02
32622,32622,108742,70056729,20003,2,3,IL,USA,17,31,839200,0,0,41.842011,-87.622036,Census Tract 8392
32623,32623,108743,70056729,30003,3,3,IL,USA,17,31,350400,0,0,41.841929,-87.62837,Census Tract 3504
32624,32624,108744,70056729,40003,4,3,IL,USA,17,31,350400,0,0,41.841929,-87.62837,Census Tract 3504
32625,32625,108745,70056729,50003,5,3,IL,USA,17,31,350400,0,0,41.841929,-87.62837,Census Tract 3504
32626,32626,108746,70056729,60003,6,3,IL,USA,17,31,350400,0,0,41.841929,-87.62837,Census Tract 3504
32634,32634,108818,70056811,10000,-1,1,IL,USA,17,31,490901,0,1,41.696058,-87.616268,Census Tract 4909.01
32635,32635,108819,70056811,20003,2,3,IL,USA,17,31,840100,0,0,41.841831,-87.639203,Census Tract 8401
32644,32644,108905,70056860,10000,-1,1,IL,USA,17,31,839600,0,1,41.827443,-87.619249,Census Tract 8396
32645,32645,108906,70056860,10002,1,2,IL,USA,17,31,842600,0,0,41.816219,-87.651695,Census Tract 8426
32652,32652,108924,70056896,10000,-1,1,IL,USA,17,31,430300,0,1,41.769716,-87.58936,Census Tract 4303
32653,32653,108925,70056896,10002,1,2,IL,USA,17,31,81401,0,0,41.895035,-87.619717,Census Tract 814.01
32654,32654,108926,70056901,10000,-1,1,IL,USA,17,31,842200,0,1,41.904728,-87.64922,Census Tract 8422
32655,32655,108927,70056901,10002,1,2,IL,USA,17,31,842200,0,0,41.904728,-87.64922,Census Tract 8422
32656,32656,108928,70056901,10003,1,3,IL,USA,17,31,320100,0,0,41.886447,-87.619467,Census Tract 3201
32657,32657,108951,70056926,10000,-1,1,IL,USA,17,31,31100,0,1,41.972668,-87.663866,Census Tract 311
32658,32658,108952,70056926,10002,1,2,IL,USA,17,31,842200,0,0,41.904728,-87.64922,Census Tract 8422
32670,32670,109017,70058025,10000,-1,1,IL,USA,17,31,40100,0,1,41.985622,-87.682886,Census Tract 401
32671,32671,109018,70058025,20003,2,3,IL,USA,17,31,71800,0,0,41.914586,-87.645966,Census Tract 718
32672,32672,109019,70058025,30003,3,3,IL,USA,17,31,71800,0,0,41.914586,-87.645966,Census Tract 718
32673,32673,109020,70058025,40003,4,3,IL,USA,17,31,71800,0,0,41.914586,-87.645966,Census Tract 718
32680,32680,109085,70058126,10000,-1,1,IL,USA,17,31,470100,0,1,41.728221,-87.596489,Census Tract 4701
32681,32681,109086,70058126,10002,1,2,IL,USA,17,31,400400,0,0,41.791126,-87.618321,Census Tract 4004
32682,32682,109087,70058126,20003,2,3,IL,USA,17,31,834000,0,0,41.72756,-87.629504,Census Tract 8340
32693,32693,109139,70058228,10000,-1,1,IL,USA,17,31,10503,0,1,42.000321,-87.663126,Census Tract 105.03
32694,32694,109140,70058228,10002,1,2,IL,USA,17,31,320400,0,0,41.875817,-87.617256,Census Tract 3204
32695,32695,109141,70058228,10003,1,3,IL,USA,17,31,320400,0,0,41.875817,-87.617256,Census Tract 3204
32696,32696,109142,70058228,20002,2,2,IL,USA,17,31,40900,0,0,41.963185,-87.683854,Census Tract 409
32704,32704,109170,70058246,10000,-1,1,IL,USA,17,31,410100,0,1,41.801582,-87.581026,Census Tract 4101
32705,32705,109171,70058246,10002,1,2,IL,USA,17,31,280400,0,0,41.886009,-87.671885,Census Tract 2804
32718,32718,109260,70100281,10000,-1,1,IL,USA,17,31,10702,0,1,42.00902,-87.672726,Census Tract 107.02
32719,32719,109261,70100281,10002,1,2,IL,USA,17,31,190701,0,0,41.929796,-87.761422,Census Tract 1907.01
32720,32720,109262,70100284,10000,-1,1,IL,USA,17,31,710800,0,1,41.747837,-87.648813,Census Tract 7108
32721,32721,109263,70100284,10002,1,2,IL,USA,17,31,980000,0,0,41.979419,-87.902438,Census Tract 9800
32722,32722,109264,70100284,20003,2,3,IL,USA,17,31,710200,0,0,41.755113,-87.651425,Census Tract 7102
32723,32723,109265,70100284,30003,3,3,IL,USA,17,31,710200,0,0,41.755113,-87.651425,Census Tract 7102
32726,32726,109275,70100286,10000,-1,1,IL,USA,17,31,130300,0,1,41.986559,-87.713392,Census Tract 1303
32727,32727,109276,70100286,20002,2,2,IL,USA,17,31,191301,0,0,41.920152,-87.780266,Census Tract 1913.01
32728,32728,109301,70100299,10000,-1,1,IL,USA,17,31,390700,0,1,41.804016,-87.580489,Census Tract 3907
32729,32729,109302,70100299,10002,1,2,IL,USA,17,31,190701,0,0,41.929796,-87.761422,Census Tract 1907.01
32730,32730,109304,70100301,10000,-1,1,IL,USA,17,31,730100,0,1,41.725195,-87.638426,Census Tract 7301
32731,32731,109305,70100301,30002,3,2,IL,USA,17,31,839200,0,0,41.842011,-87.622036,Census Tract 8392
32736,32736,109341,70100353,10000,-1,1,IL,USA,17,31,290900,0,1,41.86241,-87.732457,Census Tract 2909
32737,32737,109342,70100353,10003,1,3,IL,USA,17,31,281900,0,0,41.878635,-87.642924,Census Tract 2819
32738,32738,109343,70100353,40003,4,3,IL,USA,17,31,843000,0,0,41.867936,-87.722749,Census Tract 8430
32743,32743,109353,70100360,10000,-1,1,IL,USA,17,31,610300,0,1,41.816178,-87.675102,Census Tract 6103
32744,32744,109354,70100360,10002,1,2,IL,USA,17,31,330100,0,0,41.859295,-87.615523,Census Tract 3301
32745,32745,109355,70100360,20003,2,3,IL,USA,17,31,670800,0,0,41.783144,-87.661879,Census Tract 6708
32748,32748,109362,70100397,10000,-1,1,IL,USA,17,31,836800,0,1,41.88509,-87.714967,Census Tract 8368
32749,32749,109363,70100397,10002,1,2,IL,USA,17,31,842100,0,0,41.895279,-87.73361,Census Tract 8421
32750,32750,109364,70100397,20002,2,2,IL,USA,17,31,839100,0,0,41.880986,-87.63307,Census Tract 8391
32751,32751,109369,70100398,10000,-1,1,IL,USA,17,31,691400,0,1,41.754846,-87.610168,Census Tract 6914
32752,32752,109370,70100398,10003,1,3,IL,USA,17,31,320400,0,0,41.875817,-87.617256,Census Tract 3204
32756,32756,109394,70100508,10000,-1,1,IL,USA,17,31,650301,0,1,41.774927,-87.729992,Census Tract 6503.01
32757,32757,109395,70100508,10003,1,3,IL,USA,17,31,841900,0,0,41.868458,-87.642965,Census Tract 8419
32758,32758,109396,70100508,30002,3,2,IL,USA,17,31,661100,0,0,41.760788,-87.70269,Census Tract 6611
32759,32759,109414,70100510,10000,-1,1,IL,USA,17,31,671400,0,1,41.773792,-87.676229,Census Tract 6714
32760,32760,109415,70100510,10002,1,2,IL,USA,17,31,839100,0,0,41.880986,-87.63307,Census Tract 8391
32761,32761,109416,70100510,20003,2,3,IL,USA,17,31,660800,0,0,41.773641,-87.693266,Census Tract 6608
32769,32769,109435,70100514,10000,-1,1,IL,USA,17,31,140702,0,1,41.963548,-87.713575,Census Tract 1407.02
32770,32770,109436,70100514,10002,1,2,IL,USA,17,31,843500,0,0,41.840983,-87.697566,Census Tract 8435
32771,32771,109437,70100514,20002,2,2,IL,USA,17,31,838200,0,0,41.870416,-87.675079,Census Tract 8382
32772,32772,109438,70100515,10000,-1,1,IL,USA,17,31,510300,0,1,41.715738,-87.574974,Census Tract 5103
32773,32773,109439,70100515,10003,1,3,IL,USA,17,31,837300,0,0,41.871619,-87.705552,Census Tract 8373
32774,32774,109440,70100515,20002,2,2,IL,USA,17,31,839100,0,0,41.880986,-87.63307,Census Tract 8391
32775,32775,109441,70100515,30002,3,2,IL,USA,17,31,839100,0,0,41.880986,-87.63307,Census Tract 8391
32776,32776,109443,70100516,10000,-1,1,IL,USA,17,31,430101,0,1,41.769853,-87.573953,Census Tract 4301.01
32777,32777,109444,70100516,10003,1,3,IL,USA,17,31,490500,0,0,41.717927,-87.613206,Census Tract 4905
32778,32778,109489,70100517,10000,-1,1,IL,USA,17,31,460600,0,1,41.735633,-87.559514,Census Tract 4606
32779,32779,109490,70100517,20003,2,3,IL,USA,17,31,450300,0,0,41.741944,-87.579089,Census Tract 4503
32780,32780,109491,70100517,30003,3,3,IL,USA,17,31,460100,0,0,41.747835,-87.536725,Census Tract 4601
32781,32781,109492,70100517,40003,4,3,IL,USA,17,31,833900,0,0,41.731032,-87.547423,Census Tract 8339
32782,32782,109493,70100517,50003,5,3,IL,USA,17,31,833900,0,0,41.731032,-87.547423,Census Tract 8339
32794,32794,109548,70100539,10000,-1,1,IL,USA,17,31,660800,0,1,41.773641,-87.693266,Census Tract 6608
32795,32795,109549,70100539,10003,1,3,IL,USA,17,31,570400,0,0,41.804992,-87.71913,Census Tract 5704
32796,32796,109550,70100539,20002,2,2,IL,USA,17,31,838200,0,0,41.870416,-87.675079,Census Tract 8382
32797,32797,109551,70100539,20003,2,3,IL,USA,17,31,670600,0,0,41.783005,-87.671577,Census Tract 6706
32798,32798,109552,70100539,30002,3,2,IL,USA,17,31,980000,0,0,41.979419,-87.902438,Census Tract 9800
32799,32799,109553,70100539,30003,3,3,IL,USA,17,31,570400,0,0,41.804992,-87.71913,Census Tract 5704
32800,32800,109554,70100539,40003,4,3,IL,USA,17,31,671300,0,0,41.773902,-87.671349,Census Tract 6713
32801,32801,109555,70100539,50003,5,3,IL,USA,17,31,671300,0,0,41.773902,-87.671349,Census Tract 6713
32802,32802,109556,70100539,60003,6,3,IL,USA,17,31,660900,0,0,41.767819,-87.699063,Census Tract 6609
32803,32803,109557,70100539,70003,7,3,IL,USA,17,31,660900,0,0,41.767819,-87.699063,Census Tract 6609
32812,32812,109596,70100553,10000,-1,1,IL,USA,17,31,440202,0,1,41.74096,-87.609762,Census Tract 4402.02
32813,32813,109597,70100553,10003,1,3,IL,USA,17,31,835900,0,0,41.820166,-87.621499,Census Tract 8359
32822,32822,109634,70100566,10000,-1,1,IL,USA,17,31,710600,0,1,41.74766,-87.660943,Census Tract 7106
32823,32823,109635,70100566,10003,1,3,IL,USA,17,31,835900,0,0,41.820166,-87.621499,Census Tract 8359
32824,32824,109638,70100568,10000,-1,1,IL,USA,17,31,470100,0,1,41.728221,-87.596489,Census Tract 4701
32825,32825,109639,70100568,10002,1,2,IL,USA,17,31,330100,0,0,41.859295,-87.615523,Census Tract 3301
32829,32829,109655,70100571,10000,-1,1,IL,USA,17,31,830700,0,1,41.958304,-87.660765,Census Tract 8307
32830,32830,109656,70100571,10002,1,2,IL,USA,17,31,81700,0,0,41.892218,-87.631832,Census Tract 817
32831,32831,109662,70100602,10000,-1,1,IL,USA,17,31,681300,0,1,41.761181,-87.639842,Census Tract 6813
32832,32832,109663,70100602,10002,1,2,IL,USA,17,31,681300,0,0,41.761181,-87.639842,Census Tract 6813
32833,32833,109664,70100602,10003,1,3,IL,USA,17,31,680900,0,0,41.77643,-87.63763,Census Tract 6809
32834,32834,109674,70100604,10000,-1,1,IL,USA,17,31,242200,0,1,41.899589,-87.674719,Census Tract 2422
32835,32835,109675,70100604,10002,1,2,IL,USA,17,31,242100,0,0,41.89967,-87.669838,Census Tract 2421
32836,32836,109690,70100608,10000,-1,1,IL,USA,17,31,843900,0,1,41.778993,-87.57613,Census Tract 8439
32837,32837,109691,70100608,20002,2,2,IL,USA,17,31,561100,0,0,41.78887,-87.77191,Census Tract 5611
32838,32838,109696,70100615,10000,-1,1,IL,USA,17,31,670900,0,1,41.783212,-87.657022,Census Tract 6709
32839,32839,109697,70100615,30003,3,3,IL,USA,17,31,720300,0,0,41.71392,-87.677144,Census Tract 7203
32843,32843,109724,70100624,10000,-1,1,IL,USA,17,31,490800,0,1,41.710683,-87.615337,Census Tract 4908
32844,32844,109725,70100624,10002,1,2,IL,USA,17,31,81401,0,0,41.895035,-87.619717,Census Tract 814.01
32845,32845,109738,70100627,10000,-1,1,IL,USA,17,31,160400,0,1,41.957366,-87.722824,Census Tract 1604
32846,32846,109739,70100627,20002,2,2,IL,USA,17,31,60300,0,0,41.950605,-87.671333,Census Tract 603
32852,32852,109763,70100636,10000,-1,1,IL,USA,17,31,680900,0,1,41.77643,-87.63763,Census Tract 6809
32853,32853,109764,70100636,10003,1,3,IL,USA,17,31,420400,0,0,41.78317,-87.603558,Census Tract 4204
32854,32854,109785,70100642,10000,-1,1,IL,USA,17,31,280400,0,1,41.886009,-87.671885,Census Tract 2804
32855,32855,109786,70100642,10003,1,3,IL,USA,17,31,281900,0,0,41.878635,-87.642924,Census Tract 2819
32856,32856,109790,70100644,10000,-1,1,IL,USA,17,31,611900,0,1,41.798538,-87.659555,Census Tract 6119
32857,32857,109791,70100644,10003,1,3,IL,USA,17,31,680900,0,0,41.77643,-87.63763,Census Tract 6809
32864,32864,109811,70100651,10000,-1,1,IL,USA,17,31,360200,0,1,41.826886,-87.609888,Census Tract 3602
32865,32865,109812,70100651,10002,1,2,IL,USA,17,31,81700,0,0,41.892218,-87.631832,Census Tract 817
32866,32866,109813,70100651,20003,2,3,IL,USA,17,31,836500,0,0,41.825946,-87.599456,Census Tract 8365
32867,32867,109867,70100670,10000,-1,1,IL,USA,17,31,431400,0,1,41.757208,-87.546555,Census Tract 4314
32868,32868,109868,70100670,20002,2,2,IL,USA,17,31,836200,0,0,41.790469,-87.601285,Census Tract 8362
32869,32869,109877,70100675,10000,-1,1,IL,USA,17,31,710700,0,1,41.74711,-87.656884,Census Tract 7107
32870,32870,109878,70100675,10002,1,2,IL,USA,17,31,835500,0,0,41.816353,-87.632542,Census Tract 8355
32871,32871,109879,70100675,30003,3,3,IL,USA,17,31,710600,0,0,41.74766,-87.660943,Census Tract 7106
32872,32872,109882,70100682,10000,-1,1,IL,USA,17,31,470100,0,1,41.728221,-87.596489,Census Tract 4701
32873,32873,109883,70100682,10002,1,2,IL,USA,17,31,843100,0,0,41.862602,-87.699453,Census Tract 8431
32874,32874,109884,70100682,20002,2,2,IL,USA,17,31,530501,0,0,41.674278,-87.632166,Census Tract 5305.01
32887,32887,109936,70100820,10000,-1,1,IL,USA,17,31,20601,0,1,42.000875,-87.701802,Census Tract 206.01
32888,32888,109937,70100820,10002,1,2,IL,USA,17,31,841900,0,0,41.868458,-87.642965,Census Tract 8419
32895,32895,109962,70100841,10000,-1,1,IL,USA,17,31,838100,0,1,41.878667,-87.671689,Census Tract 8381
32896,32896,109963,70100841,10002,1,2,IL,USA,17,31,839100,0,0,41.880986,-87.63307,Census Tract 8391
32899,32899,109983,70100896,10000,-1,1,IL,USA,17,31,838100,0,1,41.878667,-87.671689,Census Tract 8381
32900,32900,109984,70100896,10002,1,2,IL,USA,17,31,837000,0,0,41.878323,-87.698674,Census Tract 8370
32901,32901,109988,70100897,10000,-1,1,IL,USA,17,31,681000,0,1,41.77604,-87.649548,Census Tract 6810
32902,32902,109989,70100897,30003,3,3,IL,USA,17,31,834800,0,0,41.783634,-87.645088,Census Tract 8348
32909,32909,110037,70100914,10000,-1,1,IL,USA,17,31,680900,0,1,41.77643,-87.63763,Census Tract 6809
32910,32910,110038,70100914,20002,2,2,IL,USA,17,31,530200,0,0,41.681561,-87.632395,Census Tract 5302
32911,32911,110041,70100916,10000,-1,1,IL,USA,17,31,681000,0,1,41.77604,-87.649548,Census Tract 6810
32912,32912,110042,70100916,10002,1,2,IL,USA,17,31,320400,0,0,41.875817,-87.617256,Census Tract 3204
32913,32913,110044,70100917,10000,-1,1,IL,USA,17,31,690300,0,1,41.768733,-87.629116,Census Tract 6903
32914,32914,110045,70100917,30003,3,3,IL,USA,17,31,690300,0,0,41.768733,-87.629116,Census Tract 6903
32915,32915,110060,70100988,10000,-1,1,IL,USA,17,31,834300,0,1,41.745835,-87.591788,Census Tract 8343
32916,32916,110061,70100988,10003,1,3,IL,USA,17,31,281900,0,0,41.878635,-87.642924,Census Tract 2819
32917,32917,110062,70100988,20003,2,3,IL,USA,17,31,281900,0,0,41.878635,-87.642924,Census Tract 2819
