,index,majority,shortest_path,shortest_restricted_path,relative_increase,absolute_increase,n_cameras,id_year,year,id_race,race,household_income_by_race,household_income_by_race_moe,geography,id_geography
0,Census Tract 8424,black,903.1516531245519,903.1516531245519,0.0,0.0,0.0,2022,2022,0,Total,72616,35239.0,Census Tract 8424,14000US17031842400
1,Census Tract 8403,white,712.2879085558545,712.5812250027815,0.0004117947860741353,0.29331644692695136,1.0,2022,2022,0,Total,65909,16606.0,Census Tract 8403,14000US17031840300
2,Census Tract 8411,white,338.2918104543792,338.31680397074535,7.388152947779041e-05,0.0249935163661803,0.058700310526670595,2022,2022,0,Total,48542,24522.0,Census Tract 8411,14000US17031841100
3,Census Tract 8412,white,501.2909843835699,504.1490741219907,0.005701458489095614,2.8580897384208015,0.8857295582614417,2022,2022,0,Total,60498,6445.0,Census Tract 8412,14000US17031841200
4,Census Tract 8390,white,398.39883109043194,444.27457390355454,0.11515029471235907,45.8757428131226,1.0105780917599818,2022,2022,0,Total,110306,22152.0,Census Tract 8390,14000US17031839000
5,Census Tract 8382,black,246.80106086712652,246.80106086712652,0.0,0.0,0.0,2022,2022,0,Total,83929,55944.0,Census Tract 8382,14000US17031838200
6,Census Tract 6503.01,white,556.8301097852116,577.6716136756604,0.03742883785233548,20.84150389044885,1.3796941904286832,2022,2022,0,Total,59569,17647.0,Census Tract 6503.01,14000US17031650301
7,Census Tract 7608.03,white,1034.5390171871102,1034.5390171871102,0.0,0.0,0.0,2022,2022,0,Total,63155,11513.0,Census Tract 7608.03,14000US17031760803
8,Census Tract 306.01,white,608.9949770326759,662.3872974620194,0.08767284204788886,53.3923204293435,1.1901762912000613,2022,2022,0,Total,51808,11646.0,Census Tract 306.01,14000US17031030601
9,Census Tract 306.04,white,685.1309627499866,701.9417535037085,0.024536609302032646,16.810790753721903,0.9289551515453947,2022,2022,0,Total,49816,18898.0,Census Tract 306.04,14000US17031030604
10,Census Tract 208.01,white,572.9870221480171,631.3014223665249,0.1017726370134849,58.314400218507785,1.9933005032756255,2022,2022,0,Total,71953,24374.0,Census Tract 208.01,14000US17031020801
11,Census Tract 5401.02,black,626.5723090105804,628.9863610038193,0.00385279074501541,2.4140519932388997,0.2603406448358735,2022,2022,0,Total,28711,13253.0,Census Tract 5401.02,14000US17031540102
12,Census Tract 8433,white,508.9079957173892,508.9079957173892,0.0,0.0,0.0,2022,2022,0,Total,41250,29547.0,Census Tract 8433,14000US17031843300
13,Census Tract 5401.01,black,691.0231468367965,691.0231468367965,0.0,0.0,0.0,2022,2022,0,Total,16712,9838.0,Census Tract 5401.01,14000US17031540101
14,Census Tract 4402.01,black,537.426378216405,538.5075338230794,0.002011727839378526,1.081155606674315,0.029594042943398676,2022,2022,0,Total,34355,14144.999999999998,Census Tract 4402.01,14000US17031440201
15,Census Tract 802.02,white,280.9268086069099,285.60182786740467,0.01664141376779864,4.675019260494764,0.5202397439156252,2022,2022,0,Total,103948,15699.999999999998,Census Tract 802.02,14000US17031080202
16,Census Tract 701.02,white,361.6613840900083,381.83985365466975,0.055793818340416274,20.17846956466144,0.9465263973651552,2022,2022,0,Total,92641,16483.0,Census Tract 701.02,14000US17031070102
17,Census Tract 315.01,white,933.4179177894331,933.5722068678207,0.00016529474680857526,0.15428907838759187,0.560918046514054,2022,2022,0,Total,48889,7417.0,Census Tract 315.01,14000US17031031501
18,Census Tract 315.02,white,670.7290409383438,671.335049800454,0.000903507713431386,0.6060088621102295,0.11103429564313021,2022,2022,0,Total,47188,4962.0,Census Tract 315.02,14000US17031031502
19,Census Tract 8348,black,393.4976483765702,446.1968243395987,0.13392500865112242,52.699175963028495,0.6564643823318531,2022,2022,0,Total,20771,3398.9999999999995,Census Tract 8348,14000US17031834800
20,Census Tract 1605.02,white,604.5912219244648,623.5255267522764,0.03131753181520256,18.934304827811616,2.0,2022,2022,0,Total,100147,29694.000000000004,Census Tract 1605.02,14000US17031160502
21,Census Tract 1407.02,white,743.7435433768148,755.9064665060716,0.016353652058656593,12.162923129256797,0.8369093506871949,2022,2022,0,Total,73571,15100.0,Census Tract 1407.02,14000US17031140702
22,Census Tract 8420,white,118.31011159765445,118.31011159765445,0.0,0.0,0.0,2022,2022,0,Total,116875,35858.0,Census Tract 8420,14000US17031842000
23,Census Tract 1504.02,white,581.779137626615,622.48533538525,0.06996847278624857,40.70619775863497,2.923267473798289,2022,2022,0,Total,97986,8044.000000000001,Census Tract 1504.02,14000US17031150402
24,Census Tract 8344,black,333.14340060686413,343.9091191625976,0.03231556901959434,10.765718555733486,0.6348158603603908,2022,2022,0,Total,33768,25722.0,Census Tract 8344,14000US17031834400
25,Census Tract 402.01,white,680.9360549688496,732.5248138825237,0.07576153228666113,51.588758913674155,2.2348647118648906,2022,2022,0,Total,99624,16177.0,Census Tract 402.01,14000US17031040201
26,Census Tract 402.02,white,552.3328557497986,589.2972198329205,0.066924072501431,36.96436408312195,1.508284724775728,2022,2022,0,Total,58293,9324.0,Census Tract 402.02,14000US17031040202
27,Census Tract 207.02,white,341.1671653021082,351.294924109437,0.029685619946340776,10.127758807328803,1.122796190983081,2022,2022,0,Total,68897,20896.0,Census Tract 207.02,14000US17031020702
28,Census Tract 208.02,white,620.9957513733962,693.8884205771491,0.11738030259070736,72.89266920375292,2.6844555626977433,2022,2022,0,Total,62212,23228.0,Census Tract 208.02,14000US17031020802
29,Census Tract 203.01,white,1226.312662395807,1274.6168033492963,0.039389743280575124,48.30414095348942,5.0,2022,2022,0,Total,73539,6421.0,Census Tract 203.01,14000US17031020301
30,Census Tract 8387,white,517.6853139679268,518.250445074155,0.0010916498710317852,0.5651311062281366,0.3333333333333333,2022,2022,0,Total,21834,8437.0,Census Tract 8387,14000US17031838700
31,Census Tract 206.01,white,374.90061475072037,404.62115778322107,0.07927579167151418,29.7205430325007,1.434717911166682,2022,2022,0,Total,61046,15666.0,Census Tract 206.01,14000US17031020601
32,Census Tract 8415,white,601.5118117724271,605.8512987972472,0.007214300600404257,4.339487024820073,1.0,2022,2022,0,Total,26950,13004.0,Census Tract 8415,14000US17031841500
33,Census Tract 8386,black,183.59890396865114,184.1605624410367,0.0030591602686334475,0.5616584723855453,0.2,2022,2022,0,Total,18537,5876.0,Census Tract 8386,14000US17031838600
34,Census Tract 8373,black,163.42245800102634,163.42245800102634,0.0,0.0,0.0,2022,2022,0,Total,18949,7939.000000000001,Census Tract 8373,14000US17031837300
35,Census Tract 206.02,white,786.815393995523,812.5436505802458,0.032699228791231764,25.72825658472277,2.2750945308416064,2022,2022,0,Total,83839,17207.0,Census Tract 206.02,14000US17031020602
36,Census Tract 633.01,white,537.651359590845,543.9527259462687,0.011720171897675671,6.301366355423738,1.3180654008806243,2022,2022,0,Total,66447,14397.0,Census Tract 633.01,14000US17031063301
37,Census Tract 8378,black,372.06248627491675,376.541156415934,0.01203741389210614,4.478670141017233,0.5,2022,2022,0,Total,58681,36958.0,Census Tract 8378,14000US17031837800
38,Census Tract 8369,black,493.57089013372934,495.51712443843735,0.003943170765562565,1.946234304708014,0.8325711282332502,2022,2022,0,Total,25650,19309.0,Census Tract 8369,14000US17031836900
39,Census Tract 203.02,white,1027.0011588965228,1100.9704915813609,0.07202458540973364,73.96933268483804,4.003968612314873,2022,2022,0,Total,84205,15264.0,Census Tract 203.02,14000US17031020302
40,Census Tract 107.01,white,767.1338485998328,787.5580780108278,0.026624075379118123,20.42422941099494,1.0110335114990576,2022,2022,0,Total,70542,13567.0,Census Tract 107.01,14000US17031010701
41,Census Tract 301.03,white,866.1072317053857,933.7790218944949,0.07813327000614209,67.67179018910917,1.0,2022,2022,0,Total,53684,9085.0,Census Tract 301.03,14000US17031030103
42,Census Tract 633.03,white,1089.771472357382,1089.771472357382,0.0,0.0,0.0,2022,2022,0,Total,102500,15039.0,Census Tract 633.03,14000US17031063303
43,Census Tract 301.02,white,956.8498399804156,1033.5387500313664,0.0801472779182577,76.68891005095077,1.617463352945772,2022,2022,0,Total,55067,11380.0,Census Tract 301.02,14000US17031030102
44,Census Tract 105.02,white,512.8565633422904,563.0398040494946,0.09785044063813783,50.18324070720416,1.7000875578100245,2022,2022,0,Total,55813,13436.0,Census Tract 105.02,14000US17031010502
45,Census Tract 105.03,white,194.86651330901802,199.43839776740253,0.023461621911069208,4.571884458384517,0.27569495284840106,2022,2022,0,Total,18750,4614.0,Census Tract 105.03,14000US17031010503
46,Census Tract 107.02,white,984.1285864953221,1014.0250726626576,0.030378638094238138,29.896486167335524,1.2321871283174277,2022,2022,0,Total,52193,4707.0,Census Tract 107.02,14000US17031010702
47,Census Tract 8371,black,489.42120360586654,491.5909471182765,0.004433284656292263,2.1697435124099798,0.5,2022,2022,0,Total,48880,20912.0,Census Tract 8371,14000US17031837100
48,Census Tract 8370,black,201.70332669764412,203.5876012977525,0.009341812209835041,1.884274600108398,0.6323425949026555,2022,2022,0,Total,41023,16465.0,Census Tract 8370,14000US17031837000
49,Census Tract 102.01,white,959.2776041144416,985.9888682216199,0.027845186828724968,26.711264107178295,2.0146017116209856,2022,2022,0,Total,61071,21821.0,Census Tract 102.01,14000US17031010201
50,Census Tract 404.01,white,499.82293267191045,528.9195474478715,0.05821384509193867,29.096614775961086,1.714424824455709,2022,2022,0,Total,107083,22839.0,Census Tract 404.01,14000US17031040401
51,Census Tract 2106.02,white,643.9117377735383,654.9039491913119,0.017070990902854875,10.992211417773547,1.0278835867528442,2022,2022,0,Total,102625,22614.0,Census Tract 2106.02,14000US17031210602
52,Census Tract 1605.01,white,403.7553475023702,440.14108992954516,0.09011829230809465,36.38574242717493,1.3621486588699876,2022,2022,0,Total,73946,15643.0,Census Tract 1605.01,14000US17031160501
53,Census Tract 1906.02,white,1045.1781135300278,1123.3178161656517,0.07476209234013875,78.13970263562396,4.0,2022,2022,0,Total,61308,20298.0,Census Tract 1906.02,14000US17031190602
54,Census Tract 8402,white,265.24639064030634,265.24639064030634,0.0,0.0,0.0,2022,2022,0,Total,41359,21232.0,Census Tract 8402,14000US17031840200
55,Census Tract 207.01,white,989.5333506546094,996.7837679505277,0.007327107561480256,7.250417295918282,3.0,2022,2022,0,Total,92024,33366.0,Census Tract 207.01,14000US17031020701
56,Census Tract 8314,black,484.9249398823313,485.1391986554188,0.00044183904655329276,0.21425877308752206,0.09289986325242024,2022,2022,0,Total,33210,18397.0,Census Tract 8314,14000US17031831400
57,Census Tract 105.01,white,803.3043884512501,835.0964539326435,0.0395766112303801,31.792065481393365,1.7990454238571183,2022,2022,0,Total,47858,10110.0,Census Tract 105.01,14000US17031010501
58,Census Tract 8330,white,343.37338096346616,352.957921667608,0.0279128821146494,9.58454070414183,0.1878362797033036,2022,2022,0,Total,192608,35536.0,Census Tract 8330,14000US17031833000
59,Census Tract 2521.01,black,641.5690425401784,641.5690425401784,0.0,0.0,0.0,2022,2022,0,Total,35574,19790.0,Census Tract 2521.01,14000US17031252101
60,Census Tract 2521.02,black,542.185046114576,552.3755029721001,0.018795163995302407,10.190456857524055,0.5,2022,2022,0,Total,47255,19849.0,Census Tract 2521.02,14000US17031252102
61,Census Tract 2522.02,black,911.6180163577876,1069.1611439157407,0.17281704039526274,157.54312755795308,10.0,2022,2022,0,Total,41167,16537.0,Census Tract 2522.02,14000US17031252202
62,Census Tract 2206.01,white,456.30864561537476,491.10643700529863,0.07625932956627593,34.79779138992387,2.0051884695828726,2022,2022,0,Total,120427,25903.0,Census Tract 2206.01,14000US17031220601
63,Census Tract 2105.02,white,403.413060049313,415.1888541900456,0.029190413764227534,11.775794140732614,0.4989429339526583,2022,2022,0,Total,74855,10399.0,Census Tract 2105.02,14000US17031210502
64,Census Tract 2206.02,white,612.6207545395754,633.441638840901,0.033986580028575485,20.820884301325577,2.0009135379902165,2022,2022,0,Total,61875,13182.0,Census Tract 2206.02,14000US17031220602
65,Census Tract 2209.01,white,392.78834840158845,406.8693203496687,0.03584875163782565,14.080971948080276,1.5,2022,2022,0,Total,62917,21115.0,Census Tract 2209.01,14000US17031220901
66,Census Tract 2209.02,white,747.7443171220363,775.4969785294343,0.03711517529710443,27.752661407398023,1.7482529235617523,2022,2022,0,Total,73239,13689.0,Census Tract 2209.02,14000US17031220902
67,Census Tract 2004.01,white,598.119744499997,632.4184502722303,0.0573442125721926,34.29870577223335,2.0,2022,2022,0,Total,70046,15267.0,Census Tract 2004.01,14000US17031200401
68,Census Tract 2004.02,white,74.08221244317122,74.08221244317122,0.0,0.0,0.0,2022,2022,0,Total,77288,14163.0,Census Tract 2004.02,14000US17031200402
69,Census Tract 1913.01,white,840.9380904983321,887.1546923512069,0.054958387989640506,46.21660185287476,2.0,2022,2022,0,Total,55759,19810.0,Census Tract 1913.01,14000US17031191301
70,Census Tract 1906.01,white,581.6642243895361,648.3637287565298,0.11467011648687114,66.69950436699366,3.0064255710356127,2022,2022,0,Total,71176,26788.0,Census Tract 1906.01,14000US17031190601
71,Census Tract 1907.01,white,1192.738779099063,1327.938790200141,0.11335257431908224,135.20001110107796,5.0,2022,2022,0,Total,64063,22671.0,Census Tract 1907.01,14000US17031190701
72,Census Tract 1904.02,white,631.2790245540726,667.5293285013723,0.05742358376774271,36.2503039472997,3.1545418005138446,2022,2022,0,Total,56523,12046.0,Census Tract 1904.02,14000US17031190402
73,Census Tract 8321,white,527.5989057656411,536.8406891671722,0.017516684171510095,9.241783401531052,0.15075320206362205,2022,2022,0,Total,79985,21707.0,Census Tract 8321,14000US17031832100
74,Census Tract 8428,white,228.6766711909808,231.6962084771288,0.013204395841612579,3.019537286147994,0.3333333333333333,2022,2022,0,Total,49020,9810.0,Census Tract 8428,14000US17031842800
75,Census Tract 8333,white,211.05596602017778,212.83286533700453,0.00841909068164829,1.776899316826757,0.04332012706290713,2022,2022,0,Total,85096,16026.0,Census Tract 8333,14000US17031833300
76,Census Tract 8329,white,333.0259358420839,349.28410225894567,0.04881952024472691,16.25816641686174,0.2867626671010465,2022,2022,0,Total,75878,12778.0,Census Tract 8329,14000US17031832900
77,Census Tract 8381,black,199.69898285921428,200.3454023811849,0.003236969526411325,0.6464195219706141,0.06853326571166281,2022,2022,0,Total,26000,21420.0,Census Tract 8381,14000US17031838100
78,Census Tract 307.06,white,719.2549319144409,722.9408726742324,0.005124665256004047,3.6859407597914924,0.26817702348773237,2022,2022,0,Total,54143,14824.0,Census Tract 307.06,14000US17031030706
79,Census Tract 3815,black,852.2685758009758,966.3656202847667,0.1338745176384811,114.09704448379091,1.2188196469774102,2022,2022,0,Total,23288,4203.0,Census Tract 3815,14000US17031381500
80,Census Tract 8331,white,329.54354391611867,343.11415634466454,0.041180028190751346,13.570612428545871,0.48426542871228695,2022,2022,0,Total,160114,28886.000000000004,Census Tract 8331,14000US17031833100
81,Census Tract 8391,white,255.76460840209205,258.4522593430411,0.0105082988523718,2.687650940949027,0.2105418758561311,2022,2022,0,Total,122978,22799.0,Census Tract 8391,14000US17031839100
82,Census Tract 812.01,white,216.49718343365134,216.67274522100533,0.0008109194982104152,0.17556178735398476,0.15282927569416666,2022,2022,0,Total,128955,18890.0,Census Tract 812.01,14000US17031081201
83,Census Tract 1504.01,white,393.2658023174831,498.0156297130569,0.2663588513882764,104.74982739557379,1.306606465658308,2022,2022,0,Total,77908,9544.0,Census Tract 1504.01,14000US17031150401
84,Census Tract 1505.01,white,897.8977065240714,897.8977065240714,0.0,0.0,0.0,2022,2022,0,Total,122434,18674.0,Census Tract 1505.01,14000US17031150501
85,Census Tract 8430,black,325.4127198753894,325.4127198753894,0.0,0.0,0.0,2022,2022,0,Total,23587,7771.0,Census Tract 8430,14000US17031843000
86,Census Tract 8429,white,1330.4391625310852,1331.7973933348671,0.0010208890733477435,1.3582308037819075,1.0,2022,2022,0,Total,19304,8354.0,Census Tract 8429,14000US17031842900
87,Census Tract 8421,black,671.7391636714877,739.4357525363414,0.10077808846941146,67.69658886485365,2.1398085999747307,2022,2022,0,Total,50907,12137.0,Census Tract 8421,14000US17031842100
88,Census Tract 8419,white,296.7660078817459,303.2519263713773,0.02185532816216563,6.485918489631388,0.4110949608135386,2022,2022,0,Total,131803,12831.0,Census Tract 8419,14000US17031841900
89,Census Tract 802.01,white,404.7559890284216,413.93584152714647,0.022679967060549828,9.17985249872487,0.6961968655785609,2022,2022,0,Total,112708,21592.0,Census Tract 802.01,14000US17031080201
90,Census Tract 701.01,white,594.7459504963902,784.3506576906663,0.318799492516136,189.6047071942761,1.3236317195246912,2022,2022,0,Total,93523,18140.0,Census Tract 701.01,14000US17031070101
91,Census Tract 404.02,white,536.525627395628,549.5446167252235,0.024265363413843787,13.018989329595456,1.2310663694279054,2022,2022,0,Total,94132,17385.0,Census Tract 404.02,14000US17031040402
92,Census Tract 2207.02,white,652.8936238337694,684.2176196929479,0.0479771814514668,31.323995859178467,2.4275417436614246,2022,2022,0,Total,79969,18321.0,Census Tract 2207.02,14000US17031220702
93,Census Tract 8422,white,355.08744339560633,357.2477456543917,0.006083859902583311,2.16030225878535,0.9999999999999999,2022,2022,0,Total,102036,52674.0,Census Tract 8422,14000US17031842200
94,Census Tract 8437,white,260.31330027728006,291.0463517489452,0.11806177955152103,30.733051471665135,0.6835770546142331,2022,2022,0,Total,191384,49744.0,Census Tract 8437,14000US17031843700
95,Census Tract 8350,white,763.8074801625762,804.5765922304639,0.05337616235338519,40.769112067887704,2.0,2022,2022,0,Total,33857,18200.0,Census Tract 8350,14000US17031835000
96,Census Tract 8423,white,253.04769556834805,258.66456212257475,0.022196869019538615,5.616866554226704,0.0739428229532887,2022,2022,0,Total,167407,11286.0,Census Tract 8423,14000US17031842300
97,Census Tract 2302,white,454.5372187028271,504.04438628610626,0.10891774214785824,49.50716758327917,1.0,2022,2022,0,Total,72083,29272.0,Census Tract 2302,14000US17031230200
98,Census Tract 8351,white,677.7174742581158,711.4342991811187,0.04975056155946415,33.716824923002946,2.0,2022,2022,0,Total,47049,10398.0,Census Tract 8351,14000US17031835100
99,Census Tract 1510.01,white,642.0823718938227,668.0572046398066,0.0404540505751172,25.974832745983917,1.2406507084889904,2022,2022,0,Total,93879,14749.0,Census Tract 1510.01,14000US17031151001
100,Census Tract 1510.02,white,766.3966381925221,783.3842387692243,0.022165546833250675,16.98760057670222,1.0,2022,2022,0,Total,75893,16403.0,Census Tract 1510.02,14000US17031151002
101,Census Tract 1606.02,white,452.8135104572416,465.55986710868865,0.02814924103871383,12.746356651447059,1.2432207276871026,2022,2022,0,Total,84955,17709.0,Census Tract 1606.02,14000US17031160602
102,Census Tract 1406.01,white,465.87185639260485,517.3036814332388,0.11039908149611583,51.43182504063395,1.0,2022,2022,0,Total,87045,13939.999999999998,Census Tract 1406.01,14000US17031140601
103,Census Tract 1407.01,white,804.5991191492109,807.0078537612502,0.002993707741796112,2.408734612039325,0.2855791822068211,2022,2022,0,Total,92212,13419.0,Census Tract 1407.01,14000US17031140701
104,Census Tract 1406.02,white,534.3214913044872,563.9652740294931,0.055479300771963946,29.643782725005963,1.0000000000000002,2022,2022,0,Total,59962,14605.0,Census Tract 1406.02,14000US17031140602
105,Census Tract 3905,black,455.2700472625975,455.2700472625975,0.0,0.0,0.0,2022,2022,0,Total,58194,18449.0,Census Tract 3905,14000US17031390500
106,Census Tract 8426,white,587.152635978314,587.152635978314,0.0,0.0,0.0,2022,2022,0,Total,90521,18269.0,Census Tract 8426,14000US17031842600
107,Census Tract 8435,white,536.6871408762502,536.6871408762502,0.0,0.0,0.0,2022,2022,0,Total,52875,34796.0,Census Tract 8435,14000US17031843500
108,Census Tract 8434,white,427.3444187401399,427.3444187401399,0.0,0.0,0.0,2022,2022,0,Total,32404,12582.0,Census Tract 8434,14000US17031843400
109,Census Tract 1403.02,white,594.3979554406711,678.9356970803575,0.14222414607232675,84.53774163968637,2.802490647329543,2022,2022,0,Total,62478,14079.000000000002,Census Tract 1403.02,14000US17031140302
110,Census Tract 1105.01,white,838.1145437890989,872.7052393837331,0.041272038352001834,34.59069559463421,2.080026173071692,2022,2022,0,Total,101220,10252.0,Census Tract 1105.01,14000US17031110501
111,Census Tract 3904,black,608.1263628207016,608.1263628207016,0.0,0.0,0.0,2022,2022,0,Total,27232,10672.0,Census Tract 3904,14000US17031390400
112,Census Tract 8432,white,550.9520477782586,552.1052183297876,0.002093050667801706,1.1531705515290014,0.5,2022,2022,0,Total,66172,15003.0,Census Tract 8432,14000US17031843200
113,Census Tract 1105.02,white,605.9074968677844,621.8757015063768,0.02635419551852291,15.968204638592397,0.39862725163521223,2022,2022,0,Total,71440,19502.0,Census Tract 1105.02,14000US17031110502
114,Census Tract 8343,black,746.479293063687,759.3353087028494,0.017222199943951473,12.856015639162365,0.36366764707465754,2022,2022,0,Total,52973,8103.0,Census Tract 8343,14000US17031834300
115,Census Tract 8439,black,1053.2698747947954,1057.3779471564615,0.003900303673326248,4.108072361666018,0.44434206269076787,2022,2022,0,Total,56926,23659.0,Census Tract 8439,14000US17031843900
116,Census Tract 8312,white,543.9248731123644,579.3790064405961,0.06518204090458567,35.454133328231705,0.9999999999999999,2022,2022,0,Total,55326,13393.0,Census Tract 8312,14000US17031831200
117,Census Tract 8316,white,653.8052198039477,671.5776971023538,0.027183137668639935,17.772477298406102,1.5,2022,2022,0,Total,63839,15928.999999999998,Census Tract 8316,14000US17031831600
118,Census Tract 8315,white,941.8672491307477,1055.0373770562314,0.12015507284060337,113.17012792548371,6.0,2022,2022,0,Total,76914,15814.999999999998,Census Tract 8315,14000US17031831500
119,Census Tract 8311,white,549.3972617638011,575.4986652114867,0.04750916188385954,26.101403447685584,1.6850378029362312,2022,2022,0,Total,96318,15144.0,Census Tract 8311,14000US17031831100
120,Census Tract 8317,white,693.9027917250162,703.2339741716961,0.013447391418447748,9.331182446679918,1.4765373674949038,2022,2022,0,Total,44653,30020.0,Census Tract 8317,14000US17031831700
121,Census Tract 2715,black,369.47526579240537,370.62843634393425,0.003121103517053323,1.1531705515288877,0.5,2022,2022,0,Total,42171,10812.0,Census Tract 2715,14000US17031271500
122,Census Tract 4402.02,black,702.5046229576421,702.5046229576421,0.0,0.0,0.0,2022,2022,0,Total,31537,7904.0,Census Tract 4402.02,14000US17031440202
123,Census Tract 4401.02,black,855.8496322577935,855.8496322577935,0.0,0.0,0.0,2022,2022,0,Total,40565,9887.0,Census Tract 4401.02,14000US17031440102
124,Census Tract 306.03,white,337.1470327972627,365.1918255744407,0.08318267713790696,28.04479277717803,1.0204544741002137,2022,2022,0,Total,54300,12334.0,Census Tract 306.03,14000US17031030603
125,Census Tract 307.01,white,896.3464533124497,928.6905284541583,0.03608434553646193,32.34407514170857,1.5,2022,2022,0,Total,47614,19894.0,Census Tract 307.01,14000US17031030701
126,Census Tract 8363,black,608.9698303093701,608.9698303093701,0.0,0.0,0.0,2022,2022,0,Total,64722,16628.0,Census Tract 8363,14000US17031836300
127,Census Tract 8383,white,269.5600594456159,276.7630834173183,0.02672140667469925,7.203023971702407,0.5601193087730586,2022,2022,0,Total,112381,21715.0,Census Tract 8383,14000US17031838300
128,Census Tract 8398,white,401.4251048819629,401.4251048819629,0.0,0.0,0.0,2022,2022,0,Total,77560,10376.0,Census Tract 8398,14000US17031839800
129,Census Tract 8366,black,759.4847315375437,776.8321761787851,0.022841070953621742,17.347444641241395,1.0,2022,2022,0,Total,80763,17142.0,Census Tract 8366,14000US17031836600
130,Census Tract 7302.02,black,1497.6887232408967,1550.3152634869823,0.0351385033681801,52.6265402460856,3.0,2022,2022,0,Total,78819,19179.0,Census Tract 7302.02,14000US17031730202
131,Census Tract 4301.01,black,858.1991011626683,863.5851907266256,0.006276037293281168,5.3860895639572846,0.48195922069008057,2022,2022,0,Total,32264,13411.0,Census Tract 4301.01,14000US17031430101
132,Census Tract 633.02,white,361.1718074260094,363.6739315152063,0.006927794577957046,2.5021240891968546,0.13928950627685138,2022,2022,0,Total,94173,10595.0,Census Tract 633.02,14000US17031063302
133,Census Tract 8362,black,197.05151643964018,197.05151643964018,0.0,0.0,0.0,2022,2022,0,Total,146250,107729.0,Census Tract 8362,14000US17031836200
134,Census Tract 714,white,310.1524156600344,324.9562297210401,0.04773077143217376,14.803814061005653,0.4957039674459155,2022,2022,0,Total,118295,29034.0,Census Tract 714,14000US17031071400
135,Census Tract 8401,white,382.71218636529755,382.71218636529755,0.0,0.0,0.0,2022,2022,0,Total,66765,9150.0,Census Tract 8401,14000US17031840100
136,Census Tract 5805.02,white,788.3392915125785,793.9769902513941,0.007151360841089926,5.637698738815629,0.2582789570407223,2022,2022,0,Total,46853,12148.0,Census Tract 5805.02,14000US17031580502
137,Census Tract 814.01,white,660.5800689300794,661.5196627880841,0.0014223769414154015,0.9395938580047414,0.6944859600827138,2022,2022,0,Total,74432,23886.0,Census Tract 814.01,14000US17031081401
138,Census Tract 814.03,white,250.84689313713497,264.0415152968544,0.052600301302141717,13.194622159719444,0.07029434949393776,2022,2022,0,Total,114052,15013.0,Census Tract 814.03,14000US17031081403
139,Census Tract 307.03,white,755.3873918544126,819.0072521193364,0.08422150137923584,63.61986026492377,1.7374213168204349,2022,2022,0,Total,56667,26093.0,Census Tract 307.03,14000US17031030703
140,Census Tract 8360,black,346.45922433820186,347.73586771667755,0.003684830100610819,1.2766433784756828,0.25,2022,2022,0,Total,77292,11619.0,Census Tract 8360,14000US17031836000
141,Census Tract 8358,black,602.2137823315068,609.9097108629472,0.012779396216481834,7.695928531440472,0.21065759456158611,2022,2022,0,Total,79868,23968.0,Census Tract 8358,14000US17031835800
142,Census Tract 8345,black,702.2838111428681,702.2838111428681,0.0,0.0,0.0,2022,2022,0,Total,48393,32046.000000000004,Census Tract 8345,14000US17031834500
143,Census Tract 8436,black,725.9660627134174,728.5193494703685,0.003517088315957649,2.553286756951138,0.5,2022,2022,0,Total,55250,34134.0,Census Tract 8436,14000US17031843600
144,Census Tract 5805.01,white,672.0141261428151,672.0141261428151,0.0,0.0,0.0,2022,2022,0,Total,45854,10759.0,Census Tract 5805.01,14000US17031580501
145,Census Tract 8346,black,541.2650509758448,548.7952588730961,0.013912237421712607,7.53020789725133,1.0,2022,2022,0,Total,26304,13087.0,Census Tract 8346,14000US17031834600
146,Census Tract 8318,white,765.649112526904,788.7167351108767,0.030128190846903304,23.067622583972707,2.788009626566947,2022,2022,0,Total,80471,7745.000000000001,Census Tract 8318,14000US17031831800
147,Census Tract 716,white,251.68769148627715,251.68769148627715,0.0,0.0,0.0,2022,2022,0,Total,230313,54114.99999999999,Census Tract 716,14000US17031071600
148,Census Tract 8326,white,384.6827508482488,387.328282344992,0.006877177338754085,2.6455314967431605,0.08362622526162294,2022,2022,0,Total,201563,30180.0,Census Tract 8326,14000US17031832600
149,Census Tract 619.01,white,392.7598082428969,410.05326755153055,0.04403062366793589,17.293459308633658,1.0864172703513466,2022,2022,0,Total,61563,18183.0,Census Tract 619.01,14000US17031061901
150,Census Tract 8399,white,644.0404418212456,658.0988548110221,0.021828463054309858,14.058412989776457,0.6267099961023339,2022,2022,0,Total,100217,16131.0,Census Tract 8399,14000US17031839900
151,Census Tract 301.04,white,232.90455717899908,243.1772397790192,0.044106833822598994,10.272682600020119,0.24280911404903627,2022,2022,0,Total,45865,7639.0,Census Tract 301.04,14000US17031030104
152,Census Tract 8397,white,489.430165470163,492.87298658276086,0.007034345971075526,3.442821112597869,0.1774598296324418,2022,2022,0,Total,83498,14142.0,Census Tract 8397,14000US17031839700
153,Census Tract 8339,black,795.4216615160722,795.4216615160722,0.0,0.0,0.0,2022,2022,0,Total,39602,12604.0,Census Tract 8339,14000US17031833900
154,Census Tract 8368,black,355.17813747020375,375.2161826683206,0.05641688798989731,20.038045198116833,0.6625494516136843,2022,2022,0,Total,19453,10604.0,Census Tract 8368,14000US17031836800
155,Census Tract 8388,black,1131.725418796817,1131.725418796817,0.0,0.0,0.0,2022,2022,0,Total,29120,7138.0,Census Tract 8388,14000US17031838800
156,Census Tract 8367,black,529.0032535116158,531.7875186861709,0.005263228829071805,2.7842651745551166,1.0,2022,2022,0,Total,51434,29153.0,Census Tract 8367,14000US17031836700
157,Census Tract 8322,white,283.0037150389041,283.3821431210008,0.0013371841498430379,0.3784280820967183,0.10657159366679361,2022,2022,0,Total,150682,13693.0,Census Tract 8322,14000US17031832200
158,Census Tract 2522.01,black,762.9387934488639,799.4716730132441,0.047884417305919615,36.53287956438021,1.0,2022,2022,0,Total,47979,11430.0,Census Tract 2522.01,14000US17031252201
159,Census Tract 8310,white,215.71890534379133,215.71890534379133,0.0,0.0,0.0,2022,2022,0,Total,177500,20227.0,Census Tract 8310,14000US17031831000
160,Census Tract 8324,white,474.16012979096837,482.390342381315,0.017357453892158533,8.230212590346639,0.7957072841846555,2022,2022,0,Total,132226,9931.0,Census Tract 8324,14000US17031832400
161,Census Tract 701.03,white,359.0115261795331,386.5112186159795,0.07659835529262207,27.499692436446367,0.9044359828559942,2022,2022,0,Total,78125,11051.0,Census Tract 701.03,14000US17031070103
162,Census Tract 2207.01,white,640.0572278415208,664.0698345642514,0.03751634334902974,24.012606722730652,1.836446857256277,2022,2022,0,Total,75625,9112.0,Census Tract 2207.01,14000US17031220701
163,Census Tract 6603.02,white,360.35150906291767,372.2265377544388,0.03295401404701142,11.875028691521152,1.3111992969619062,2022,2022,0,Total,44329,5172.0,Census Tract 6603.02,14000US17031660302
164,Census Tract 3018.02,white,874.4228316509239,875.076961613782,0.0007480705434271093,0.6541299628581783,0.15073900650394603,2022,2022,0,Total,33668,13324.0,Census Tract 3018.02,14000US17031301802
165,Census Tract 8340,black,652.4564027393357,655.604824437295,0.004825489771792655,3.148421697959293,0.33333333333333337,2022,2022,0,Total,39194,12226.0,Census Tract 8340,14000US17031834000
166,Census Tract 8342,black,475.0123793631674,475.0123793631674,0.0,0.0,0.0,2022,2022,0,Total,57270,14935.0,Census Tract 8342,14000US17031834200
167,Census Tract 7302.01,black,877.6980580106268,916.5371973860997,0.04425113969547217,38.83913937547288,1.8726565479095947,2022,2022,0,Total,62083,12238.0,Census Tract 7302.01,14000US17031730201
168,Census Tract 8355,white,567.7202737325102,574.874897556962,0.012602375070055608,7.154623824451733,1.0685004193959817,2022,2022,0,Total,18304,6412.0,Census Tract 8355,14000US17031835500
169,Census Tract 8392,white,835.2472943461232,867.2446937351741,0.038308893193243064,31.997399389050884,0.9584304070777033,2022,2022,0,Total,43090,15290.000000000002,Census Tract 8392,14000US17031839200
170,Census Tract 8404,white,726.2073944630723,738.8852435985909,0.01745761504520632,12.677849135518613,0.34626852495757227,2022,2022,0,Total,71667,25806.0,Census Tract 8404,14000US17031840400
171,Census Tract 8410,white,402.31731882464203,402.31731882464203,0.0,0.0,0.0,2022,2022,0,Total,103750,46092.0,Census Tract 8410,14000US17031841000
172,Census Tract 301.01,white,616.1691645932018,692.3629470205256,0.12365724675240329,76.19378242732375,2.0584156134459435,2022,2022,0,Total,50696,10463.0,Census Tract 301.01,14000US17031030101
173,Census Tract 7003.02,black,1257.5174352174731,1341.555825849608,0.06682880752074935,84.0383906321349,3.6665216405018533,2022,2022,0,Total,83086,13890.000000000002,Census Tract 7003.02,14000US17031700302
174,Census Tract 8407,white,520.1484070276193,524.2923844612126,0.00796691363004253,4.14397743359325,0.3720669706185247,2022,2022,0,Total,97727,31941.0,Census Tract 8407,14000US17031840700
175,Census Tract 8413,white,601.5351399197175,624.5015418692893,0.038179651404300324,22.966401949571832,0.7192324196701695,2022,2022,0,Total,79744,25052.0,Census Tract 8413,14000US17031841300
176,Census Tract 3018.01,white,894.2282510733972,964.9078807600308,0.07903980846254015,70.67962968663358,2.326153761246762,2022,2022,0,Total,35779,13158.0,Census Tract 3018.01,14000US17031301801
177,Census Tract 608,white,560.4322610707842,562.6330654642722,0.003926976632792537,2.200804393488056,0.3829708273224362,2022,2022,0,Total,81156,5479.0,Census Tract 608,14000US17031060800
178,Census Tract 8323,white,465.2052069954201,465.62891370303396,0.0009107952818293185,0.4237067076138601,1.0,2022,2022,0,Total,119886,19682.0,Census Tract 8323,14000US17031832300
179,Census Tract 8325,white,308.4787186138266,308.4787186138266,0.0,0.0,0.0,2022,2022,0,Total,142500,46972.0,Census Tract 8325,14000US17031832500
180,Census Tract 8320,white,618.5165032598046,645.2192110727036,0.04317218323547735,26.702707812899007,1.0,2022,2022,0,Total,128828,20526.0,Census Tract 8320,14000US17031832000
181,Census Tract 1606.01,white,528.6208439791667,572.8457077676013,0.0836608398857945,44.22486378843462,2.6142473338372354,2022,2022,0,Total,83333,21277.0,Census Tract 1606.01,14000US17031160601
182,Census Tract 2105.01,white,603.1713955043111,665.8916161136041,0.10398407662693057,62.72022060929294,2.2957774137170297,2022,2022,0,Total,61678,7276.0,Census Tract 2105.01,14000US17031210501
183,Census Tract 2106.01,white,602.5285374365905,631.437712403259,0.04797976057642062,28.909174966668502,1.1833343084081511,2022,2022,0,Total,93547,14368.000000000002,Census Tract 2106.01,14000US17031210601
184,Census Tract 813,white,199.28143612818351,199.72959801178433,0.00224888927091306,0.4481618836008181,0.11453315248091633,2022,2022,0,Total,116424,24035.0,Census Tract 813,14000US17031081300
185,Census Tract 7005.02,black,644.9430626535319,656.5350135804969,0.017973603560090135,11.591950926964955,2.0,2022,2022,0,Total,87543,20163.0,Census Tract 7005.02,14000US17031700502
186,Census Tract 611,white,591.7577538718408,604.1271819071392,0.02090285755339213,12.36942803529837,0.499310296506816,2022,2022,0,Total,108158,22203.0,Census Tract 611,14000US17031061100
187,Census Tract 8365,black,397.0460793443882,398.1619047795498,0.00281031722313959,1.1158254351615824,0.886080793856745,2022,2022,0,Total,30944,19919.0,Census Tract 8365,14000US17031836500
188,Census Tract 8396,black,561.5797245498795,561.5797245498795,0.0,0.0,0.0,2022,2022,0,Total,65062,10153.0,Census Tract 8396,14000US17031839600
189,Census Tract 8400,white,375.59357070269925,376.9591351550837,0.003635750340000746,1.365564452384433,0.16452528786333726,2022,2022,0,Total,105481,27037.0,Census Tract 8400,14000US17031840000
190,Census Tract 8400,white,375.59357070269925,376.9591351550837,0.003635750340000746,1.365564452384433,0.16452528786333726,2022,2022,0,Total,73438,16752.0,Census Tract 8400,14000US17043840000
191,Census Tract 8308,white,696.3900063842193,697.7919121029871,0.0020131043035019284,1.4019057187678072,0.6557674267098292,2022,2022,0,Total,75500,17713.0,Census Tract 8308,14000US17031830800
192,Census Tract 4603.01,black,592.3422302564554,592.3422302564554,0.0,0.0,0.0,2022,2022,0,Total,31831,13001.0,Census Tract 4603.01,14000US17031460301
193,Census Tract 3104,white,399.87091631332646,399.87091631332646,0.0,0.0,0.0,2022,2022,0,Total,77991,30078.0,Census Tract 3104,14000US17031310400
194,Census Tract 811,white,300.4328550712579,300.88302515505507,0.0014984049720207465,0.45017008379716117,0.21388765298331144,2022,2022,0,Total,82039,16505.0,Census Tract 811,14000US17031081100
195,Census Tract 1507,white,652.0262208814164,693.6865737033917,0.06389367710651012,41.660352821975266,1.7252151316535902,2022,2022,0,Total,100862,26828.0,Census Tract 1507,14000US17031150700
196,Census Tract 3017.02,white,570.1846244348528,573.9231074108936,0.006556618358038448,3.738482976040814,1.3333333333333333,2022,2022,0,Total,43632,23964.0,Census Tract 3017.02,14000US17031301702
197,Census Tract 7003.01,black,307.98393028262615,365.11833605936704,0.18551099638318996,57.13440577674089,1.0,2022,2022,0,Total,74207,16023.999999999998,Census Tract 7003.01,14000US17031700301
198,Census Tract 4909.02,black,714.143434674518,714.7500103981115,0.0008493752013137349,0.6065757235935507,0.0982268349843026,2022,2022,0,Total,67428,13051.0,Census Tract 4909.02,14000US17031490902
199,Census Tract 618,white,376.22564421040636,438.1943879906843,0.16471164242494205,61.96874378027792,1.0,2022,2022,0,Total,69250,21807.0,Census Tract 618,14000US17031061800
200,Census Tract 4909.01,black,931.7540394705309,934.1469672047948,0.002568196791101347,2.3929277342639352,0.09551272958020703,2022,2022,0,Total,35038,6304.0,Census Tract 4909.01,14000US17031490901
201,Census Tract 8319,white,604.715844431125,609.649253477194,0.00815822686225457,4.9334090460689595,0.19914436840188662,2022,2022,0,Total,125139,21498.0,Census Tract 8319,14000US17031831900
202,Census Tract 8306,white,329.7124506013123,337.661647341651,0.024109483053616543,7.949196740338721,0.5447566950942307,2022,2022,0,Total,59364,9741.0,Census Tract 8306,14000US17031830600
203,Census Tract 8309,white,330.35086576629897,344.28711289015394,0.042186198275968576,13.936247123854969,1.7358296633019297,2022,2022,0,Total,121813,17838.0,Census Tract 8309,14000US17031830900
204,Census Tract 8307,white,293.2790740828561,294.90120088473685,0.005531000829000472,1.6221268018807677,0.19599858983304017,2022,2022,0,Total,64330,6318.0,Census Tract 8307,14000US17031830700
205,Census Tract 7005.01,black,947.6372366391108,1005.1539005601466,0.06069481199897153,57.51666392103573,2.112146585119032,2022,2022,0,Total,66979,12426.0,Census Tract 7005.01,14000US17031700501
206,Census Tract 4603.02,black,893.4535839865287,905.2025745588542,0.01315008499927027,11.74899057232551,0.5,2022,2022,0,Total,50056,30709.0,Census Tract 4603.02,14000US17031460302
207,Census Tract 4313.02,black,697.9051519056733,697.9051519056733,0.0,0.0,0.0,2022,2022,0,Total,32031,7565.999999999999,Census Tract 4313.02,14000US17031431302
208,Census Tract 4313.01,black,823.1567983381586,834.8528149472721,0.014208734754698192,11.696016609113485,0.9414333658963494,2022,2022,0,Total,36867,4420.0,Census Tract 4313.01,14000US17031431301
209,Census Tract 4401.01,black,516.7943193299488,531.7771007395775,0.028991768773802665,14.982781409628615,0.41277282565307183,2022,2022,0,Total,28877,7564.0,Census Tract 4401.01,14000US17031440101
210,Census Tract 3102,white,227.32916567422376,227.32916567422376,0.0,0.0,0.0,2022,2022,0,Total,133382,28233.0,Census Tract 3102,14000US17031310200
211,Census Tract 3103,white,307.5132238542435,308.7209771187596,0.003927483993626747,1.2077532645161,0.050000029234141506,2022,2022,0,Total,66683,16311.0,Census Tract 3103,14000US17031310300
212,Census Tract 3105,white,463.6070436235236,469.43692998334154,0.012575059934922242,5.82988635981792,0.08478806347874443,2022,2022,0,Total,58321,16087.0,Census Tract 3105,14000US17031310500
213,Census Tract 5103,black,971.3795986031066,993.1877355253966,0.022450684525031454,21.808136922290032,1.3125523591979613,2022,2022,0,Total,30607,9485.0,Census Tract 5103,14000US17031510300
214,Census Tract 4914,black,1127.5590517651074,1137.699225999336,0.008993031645087666,10.140174234228652,0.4669374496364182,2022,2022,0,Total,36480,7823.0,Census Tract 4914,14000US17031491400
215,Census Tract 5002,black,1359.8986586267538,1359.8986586267538,0.0,0.0,0.0,2022,2022,0,Total,38451,9370.0,Census Tract 5002,14000US17031500200
216,Census Tract 5302,black,1361.8407932245677,1361.8407932245677,0.0,0.0,0.0,2022,2022,0,Total,41464,10571.0,Census Tract 5302,14000US17031530200
217,Census Tract 1405,white,553.9047412456167,589.6456723100692,0.06452541096521144,35.740931064452525,1.0,2022,2022,0,Total,73273,10432.0,Census Tract 1405,14000US17031140500
218,Census Tract 1408,white,590.0784018846832,606.6976346396633,0.028164448490063398,16.61923275498009,1.3938357738739229,2022,2022,0,Total,97722,21414.0,Census Tract 1408,14000US17031140800
219,Census Tract 3011,white,380.88000429983447,382.63656621005987,0.0046118512140180725,1.7565619102254004,0.5676610857649101,2022,2022,0,Total,34608,12969.0,Census Tract 3011,14000US17031301100
220,Census Tract 1502,white,487.586702102643,544.9848322388381,0.11771881777881636,57.39813013619505,1.2994694292713325,2022,2022,0,Total,91038,18520.0,Census Tract 1502,14000US17031150200
221,Census Tract 1503,white,558.8009294905271,579.0987750429235,0.03632392947324282,20.29784555239644,1.001208156609494,2022,2022,0,Total,86290,12076.0,Census Tract 1503,14000US17031150300
222,Census Tract 3012,white,473.3357784565753,481.41227642394495,0.0170629357318075,8.076497967369619,2.2442411045886055,2022,2022,0,Total,50040,14003.0,Census Tract 3012,14000US17031301200
223,Census Tract 7404,white,1057.4706678091925,1074.1417717370887,0.015765074564606532,16.671103927896183,0.5616302715996063,2022,2022,0,Total,93194,30369.0,Census Tract 7404,14000US17031740400
224,Census Tract 204,white,617.9898072110061,653.145232608754,0.0568867398580644,35.15542539774788,1.9676675488182827,2022,2022,0,Total,76607,24950.0,Census Tract 204,14000US17031020400
225,Census Tract 6403,white,980.2391798378525,1091.9650785594947,0.11397820146316077,111.72589872164224,2.752172168088622,2022,2022,0,Total,79750,29847.0,Census Tract 6403,14000US17031640300
226,Census Tract 6406,white,1154.6058664200946,1262.6678246253596,0.09359207444555584,108.061958205265,2.0,2022,2022,0,Total,79231,18113.0,Census Tract 6406,14000US17031640600
227,Census Tract 718,white,391.23788060488044,391.23788060488044,0.0,0.0,0.0,2022,2022,0,Total,211964,45169.0,Census Tract 718,14000US17031071800
228,Census Tract 1603,white,583.6917946914973,596.6959763275979,0.02227919212565563,13.004181636100611,0.4891392255912925,2022,2022,0,Total,77721,12904.0,Census Tract 1603,14000US17031160300
229,Census Tract 3107,white,297.9081672029303,297.9081672029303,0.0,0.0,0.0,2022,2022,0,Total,62647,27135.0,Census Tract 3107,14000US17031310700
230,Census Tract 715,white,576.5067274636335,576.750361189065,0.00042260343865077496,0.2436337254314367,0.044639114688834525,2022,2022,0,Total,115993,14697.000000000002,Census Tract 715,14000US17031071500
231,Census Tract 717,white,366.94354721910736,367.86163181097874,0.0025019777533332,0.9180845918713771,0.12896958753758006,2022,2022,0,Total,149625,61292.0,Census Tract 717,14000US17031071700
232,Census Tract 6712,black,416.6595887648806,450.3727004147101,0.08091284242315537,33.7131116498295,1.0115187156811611,2022,2022,0,Total,40286,9621.0,Census Tract 6712,14000US17031671200
233,Census Tract 6705,black,1148.2035656121193,1180.6679945387143,0.028274105654155404,32.46442892659502,1.8,2022,2022,0,Total,30313,9593.0,Census Tract 6705,14000US17031670500
234,Census Tract 6708,black,815.0658262110039,827.2253736210016,0.014918485132082849,12.159547409997685,0.730394731448365,2022,2022,0,Total,39297,12712.0,Census Tract 6708,14000US17031670800
235,Census Tract 6709,black,777.9651156370081,811.9799734824638,0.043722857441498376,34.01485784545571,1.0,2022,2022,0,Total,29906,17687.0,Census Tract 6709,14000US17031670900
236,Census Tract 6714,black,764.2759128029282,792.2407125120889,0.03658992680614737,27.964799709160616,1.3419892997829665,2022,2022,0,Total,26080,837.0,Census Tract 6714,14000US17031671400
237,Census Tract 6715,black,318.43302115501655,321.7666634844336,0.010468896464711157,3.333642329417046,0.12133970283802613,2022,2022,0,Total,34167,15435.999999999998,Census Tract 6715,14000US17031671500
238,Census Tract 6716,black,250.80347464475508,250.80347464475508,0.0,0.0,0.0,2022,2022,0,Total,21063,12308.0,Census Tract 6716,14000US17031671600
239,Census Tract 2305,white,812.6824349821056,910.977949585169,0.12095193690906793,98.29551460306334,4.999999999999999,2022,2022,0,Total,28413,18770.0,Census Tract 2305,14000US17031230500
240,Census Tract 2406,white,512.6204043241911,549.7528111068343,0.07243645877029889,37.132406782643216,1.716386190632296,2022,2022,0,Total,157938,26996.0,Census Tract 2406,14000US17031240600
241,Census Tract 2410,white,386.21986551808897,402.70691037719763,0.04268823623816543,16.487044859108664,0.830289431744776,2022,2022,0,Total,90185,19396.0,Census Tract 2410,14000US17031241000
242,Census Tract 803,white,234.22886595364005,234.59501563971293,0.001563213332319782,0.36614968607287324,0.042187348001110125,2022,2022,0,Total,157112,21808.0,Census Tract 803,14000US17031080300
243,Census Tract 3008,white,306.8693532368114,324.1663425011581,0.05636597164852311,17.296989264346735,1.0,2022,2022,0,Total,29684,6013.0,Census Tract 3008,14000US17031300800
244,Census Tract 6502,white,792.6706628570563,819.5402616609678,0.033897556782364356,26.869598803911458,1.625,2022,2022,0,Total,92357,20413.0,Census Tract 6502,14000US17031650200
245,Census Tract 2214,white,330.78461727792956,338.47083219887236,0.023236313055285594,7.686214920942803,0.7036925586324196,2022,2022,0,Total,104583,32531.0,Census Tract 2214,14000US17031221400
246,Census Tract 1610,white,371.9718611397542,383.1905646015182,0.03016008637693429,11.218703461763994,0.9995992887326304,2022,2022,0,Total,102159,10883.0,Census Tract 1610,14000US17031161000
247,Census Tract 2405,white,368.702945339841,371.42493442475404,0.007382607378967736,2.721989084913048,0.2791497766100735,2022,2022,0,Total,171962,10481.0,Census Tract 2405,14000US17031240500
248,Census Tract 2407,white,497.81987070661245,559.131820969542,0.1231609139585017,61.31195026292954,1.8625688833301468,2022,2022,0,Total,102102,39293.0,Census Tract 2407,14000US17031240700
249,Census Tract 2408,white,472.85744038960405,489.48104893836313,0.03515564550504333,16.62360854875908,0.6277934472980997,2022,2022,0,Total,130278,62395.0,Census Tract 2408,14000US17031240800
250,Census Tract 2409,white,631.5894831145579,673.9088824967218,0.06700459794465587,42.319399382163965,3.0,2022,2022,0,Total,76429,30271.000000000004,Census Tract 2409,14000US17031240900
251,Census Tract 2411,white,422.6531573350373,438.0317079685577,0.03638574648415521,15.378550633520433,1.4493331754081693,2022,2022,0,Total,92927,15149.0,Census Tract 2411,14000US17031241100
252,Census Tract 1903,white,387.49508553569194,444.1551070301154,0.14622126475770372,56.66002149442346,2.5623797045845738,2022,2022,0,Total,69309,16712.0,Census Tract 1903,14000US17031190300
253,Census Tract 1908,white,814.5128530682084,939.8664078234171,0.15390003274105665,125.35355475520873,3.5041070737186693,2022,2022,0,Total,52404,13953.0,Census Tract 1908,14000US17031190800
254,Census Tract 1911,white,630.2561499737963,673.3728633251125,0.06841141233307893,43.11671335131621,4.724156449364653,2022,2022,0,Total,50513,15559.000000000002,Census Tract 1911,14000US17031191100
255,Census Tract 801,white,258.7718706569546,260.82164212485566,0.007921152568465865,2.049771467901053,0.4126750894366572,2022,2022,0,Total,114681,23389.0,Census Tract 801,14000US17031080100
256,Census Tract 810,white,266.46738806882337,269.39655634856126,0.010992595758027045,2.929168279737894,0.6393238354121065,2022,2022,0,Total,79556,14729.0,Census Tract 810,14000US17031081000
257,Census Tract 1506,white,811.0256749920923,878.1643080177303,0.08278237680489292,67.138633025638,3.740108440285516,2022,2022,0,Total,81923,22415.0,Census Tract 1506,14000US17031150600
258,Census Tract 3016,white,342.9219230993625,342.9219230993625,0.0,0.0,0.0,2022,2022,0,Total,28442,3335.0,Census Tract 3016,14000US17031301600
259,Census Tract 7503,white,1279.8225096223866,1291.1399783862842,0.008842998680525441,11.317468763897523,0.25150355426477666,2022,2022,0,Total,119000,15460.000000000002,Census Tract 7503,14000US17031750300
260,Census Tract 6408,white,1031.2022100393563,1145.0443256526041,0.1103974705493533,113.84211561324787,2.0,2022,2022,0,Total,38365,13853.0,Census Tract 6408,14000US17031640800
261,Census Tract 7402,white,2549.443900254003,2627.249427521041,0.030518626928518124,77.80552726703809,2.0,2022,2022,0,Total,118444,6802.999999999999,Census Tract 7402,14000US17031740200
262,Census Tract 6504,white,1060.2400503162148,1105.386736904346,0.042581570630788976,45.14668658813116,2.9377577408604756,2022,2022,0,Total,72308,9094.0,Census Tract 6504,14000US17031650400
263,Census Tract 6505,white,1403.1869145986223,1506.6465918230954,0.07373192847516503,103.45967722447313,3.0,2022,2022,0,Total,66818,14167.0,Census Tract 6505,14000US17031650500
264,Census Tract 6606,white,329.2190305806553,340.1958148139507,0.03334188857167583,10.976784233295348,0.5100797081913496,2022,2022,0,Total,36729,6876.0,Census Tract 6606,14000US17031660600
265,Census Tract 2211,white,579.9563403428824,601.1331161229283,0.03651443101307545,21.176775780045887,1.0118559824509004,2022,2022,0,Total,87478,13405.0,Census Tract 2211,14000US17031221100
266,Census Tract 2213,white,475.22752606540615,490.06819515268705,0.03122855531991714,14.8406690872809,0.8761126360773478,2022,2022,0,Total,81264,16050.0,Census Tract 2213,14000US17031221300
267,Census Tract 2215,white,450.68459527638043,466.97467688406545,0.03614519284311279,16.29008160768501,1.1624277621768782,2022,2022,0,Total,62500,21374.0,Census Tract 2215,14000US17031221500
268,Census Tract 201,white,727.4717090864849,739.9014124428015,0.017086167339655164,12.429703356316622,0.712621844670196,2022,2022,0,Total,57029,15126.999999999998,Census Tract 201,14000US17031020100
269,Census Tract 2216,white,415.32822292634904,418.3822280982383,0.0073532329451899605,3.05400517188923,0.205750593950325,2022,2022,0,Total,135236,26241.0,Census Tract 2216,14000US17031221600
270,Census Tract 1608,white,495.8854701863969,511.2531706256541,0.030990422916567152,15.367700439257192,0.658397596042509,2022,2022,0,Total,82691,12462.0,Census Tract 1608,14000US17031160800
271,Census Tract 1609,white,633.7292638363349,643.5953714023657,0.015568331981871021,9.866107566030792,0.5685790209151118,2022,2022,0,Total,114861,27729.000000000004,Census Tract 1609,14000US17031160900
272,Census Tract 2228,white,654.9760237106312,672.435274527089,0.026656320513147848,17.45925081645771,1.0,2022,2022,0,Total,84239,31319.000000000004,Census Tract 2228,14000US17031222800
273,Census Tract 1611,white,586.2776468791451,633.635038109121,0.0807763889380181,47.35739122997586,1.0750886579722823,2022,2022,0,Total,158393,28633.0,Census Tract 1611,14000US17031161100
274,Census Tract 1613,white,508.2853321778596,613.3922340118585,0.20678720234488257,105.1069018339989,2.2403837047846316,2022,2022,0,Total,53969,9411.0,Census Tract 1613,14000US17031161300
275,Census Tract 6501,white,535.1679912074255,545.477789848303,0.019264602536517395,10.309798640877489,1.3048742842785221,2022,2022,0,Total,59966,23932.0,Census Tract 6501,14000US17031650100
276,Census Tract 3302,white,243.54622599137775,243.63649161899372,0.0003706303690337575,0.09026562761596324,0.21199979599957644,2022,2022,0,Total,128000,17573.0,Census Tract 3302,14000US17031330200
277,Census Tract 4206,black,585.4352375954993,606.859463491651,0.036595381556028865,21.42422589615171,0.5445060327270795,2022,2022,0,Total,34643,16764.0,Census Tract 4206,14000US17031420600
278,Census Tract 4207,black,443.93859563073295,482.51465473165695,0.08689503341361081,38.576059100924,0.816888743048545,2022,2022,0,Total,24785,8335.0,Census Tract 4207,14000US17031420700
279,Census Tract 6610,white,1548.1682035430276,1594.9566786925875,0.030221829283460993,46.78847514955987,5.443157350888717,2022,2022,0,Total,46066,9383.0,Census Tract 6610,14000US17031661000
280,Census Tract 101,white,910.443017851364,955.8870506003465,0.04991419765756452,45.44403274898252,1.7782725434036997,2022,2022,0,Total,68196,8825.0,Census Tract 101,14000US17031010100
281,Census Tract 6405,white,1198.9126098096335,1299.5154957666643,0.08391177566562154,100.60288595703082,1.799100531567604,2022,2022,0,Total,72813,32166.000000000004,Census Tract 6405,14000US17031640500
282,Census Tract 6407,white,437.8050694672929,467.78997735279677,0.06848917469591778,29.984907885503844,1.0,2022,2022,0,Total,72297,7043.0,Census Tract 6407,14000US17031640700
283,Census Tract 3108,white,351.13075228215047,351.13075228215047,0.0,0.0,0.0,2022,2022,0,Total,63779,24876.0,Census Tract 3108,14000US17031310800
284,Census Tract 6604,white,560.1079698883784,643.2930923084948,0.14851622703510897,83.18512242011639,3.0,2022,2022,0,Total,44297,16564.0,Census Tract 6604,14000US17031660400
285,Census Tract 6704,black,1090.5955454150742,1146.4956558448732,0.05125649986817413,55.90011042979904,1.6896867840940821,2022,2022,0,Total,32083,18515.0,Census Tract 6704,14000US17031670400
286,Census Tract 3404,white,272.1860745934613,272.1860745934613,0.0,0.0,0.0,2022,2022,0,Total,49309,14224.000000000002,Census Tract 3404,14000US17031340400
287,Census Tract 4208,black,398.7186234184907,410.0923713867074,0.02852575049216826,11.373747968216662,0.2953431224070797,2022,2022,0,Total,44375,23819.0,Census Tract 4208,14000US17031420800
288,Census Tract 2225,white,377.0785505444225,377.1259107383645,0.00012559768746751954,0.04736019394198365,0.08113151341028105,2022,2022,0,Total,147582,20700.0,Census Tract 2225,14000US17031222500
289,Census Tract 3906,black,314.2306642399266,314.2306642399266,0.0,0.0,0.0,2022,2022,0,Total,76806,47463.0,Census Tract 3906,14000US17031390600
290,Census Tract 103,white,867.2281572745801,926.6342198749446,0.06850107679512935,59.40606260036452,1.7902312914242886,2022,2022,0,Total,68336,10353.0,Census Tract 103,14000US17031010300
291,Census Tract 106,white,673.457055913505,698.9752316954014,0.037891318470607574,25.51817578189639,1.2761627295513205,2022,2022,0,Total,66313,15659.000000000002,Census Tract 106,14000US17031010600
292,Census Tract 1508,white,720.5402989328937,740.8098733493204,0.02813107670236553,20.26957441642662,1.3809200802602053,2022,2022,0,Total,85714,21303.0,Census Tract 1508,14000US17031150800
293,Census Tract 1511,white,942.8185963645335,973.3446892682658,0.03237748281741533,30.52609290373232,1.0,2022,2022,0,Total,77521,14893.0,Census Tract 1511,14000US17031151100
294,Census Tract 2301,white,273.8514078632164,288.37980823927575,0.053052129581586754,14.528400376059324,0.5900951934248717,2022,2022,0,Total,90833,37906.0,Census Tract 2301,14000US17031230100
295,Census Tract 1601,white,697.8284018227062,697.8284018227062,0.0,0.0,0.0,2022,2022,0,Total,107137,15454.0,Census Tract 1601,14000US17031160100
296,Census Tract 1602,white,576.0718111070776,643.9746932719281,0.11787225282618295,67.90288216485055,1.3969974711311153,2022,2022,0,Total,124364,22257.0,Census Tract 1602,14000US17031160200
297,Census Tract 1604,white,499.4165957766902,552.0518904391582,0.10539356342495963,52.63529466246803,2.2328810947620656,2022,2022,0,Total,72325,16837.0,Census Tract 1604,14000US17031160400
298,Census Tract 3106,white,343.9548732395117,346.39550775249234,0.007095798614491821,2.440634512980637,0.14650652300079353,2022,2022,0,Total,73508,14554.0,Census Tract 3106,14000US17031310600
299,Census Tract 3109,white,337.95042502785157,337.95042502785157,0.0,0.0,0.0,2022,2022,0,Total,78287,38298.0,Census Tract 3109,14000US17031310900
300,Census Tract 3204,white,158.43086428407486,163.52123571603673,0.03212992275819797,5.09037143196187,0.47468709582653157,2022,2022,0,Total,162143,49884.0,Census Tract 3204,14000US17031320400
301,Census Tract 615,white,346.86484694948706,350.6446249434563,0.0108969762350108,3.779777993969219,0.1773754958129922,2022,2022,0,Total,133000,14567.999999999998,Census Tract 615,14000US17031061500
302,Census Tract 3206,white,281.7523788477396,283.30280852024794,0.0055028095196534895,1.5504296725083577,0.27117209940252257,2022,2022,0,Total,108320,24581.0,Census Tract 3206,14000US17031320600
303,Census Tract 7403,white,1537.394651900288,1537.394651900288,0.0,0.0,0.0,2022,2022,0,Total,122063,32705.000000000004,Census Tract 7403,14000US17031740300
304,Census Tract 2227,white,596.1250569325828,603.5792484430476,0.012504408972206423,7.454191510464852,1.0,2022,2022,0,Total,80391,9946.0,Census Tract 2227,14000US17031222700
305,Census Tract 2212,white,532.2441260477681,551.1918069003702,0.035599605379020446,18.94768085260216,1.2544418075322101,2022,2022,0,Total,128243,16046.0,Census Tract 2212,14000US17031221200
306,Census Tract 1607,white,296.79655991603295,318.9251303928533,0.07455804232731261,22.128570476820357,0.42853016671664873,2022,2022,0,Total,92614,35247.0,Census Tract 1607,14000US17031160700
307,Census Tract 2222,white,388.866560688286,389.2874561595741,0.0010823647848330212,0.42089547128813365,0.08459380654745442,2022,2022,0,Total,184727,34990.0,Census Tract 2222,14000US17031222200
308,Census Tract 3405,white,319.158522306093,321.0464697015273,0.005915390827708026,1.8879473954343098,0.1039077006986868,2022,2022,0,Total,57720,20523.0,Census Tract 3405,14000US17031340500
309,Census Tract 3403,white,440.9231169164346,440.9231169164346,0.0,0.0,0.0,2022,2022,0,Total,47519,12804.0,Census Tract 3403,14000US17031340300
310,Census Tract 3504,white,273.528571177467,273.528571177467,0.0,0.0,0.0,2022,2022,0,Total,22292,12998.0,Census Tract 3504,14000US17031350400
311,Census Tract 7505,black,641.7417356340945,642.5664896142846,0.0012851805241794459,0.824753980190053,0.3756917965849063,2022,2022,0,Total,52880,29440.0,Census Tract 7505,14000US17031750500
312,Census Tract 7504,white,1193.4363298554988,1193.4363298554988,0.0,0.0,0.0,2022,2022,0,Total,104009,17197.0,Census Tract 7504,14000US17031750400
313,Census Tract 7502,black,1268.4949039466853,1268.4949039466853,0.0,0.0,0.0,2022,2022,0,Total,75250,33237.0,Census Tract 7502,14000US17031750200
314,Census Tract 4302,black,565.617500372008,576.6623891942056,0.019527134176247046,11.044888822197663,0.48238374654234667,2022,2022,0,Total,33183,9442.0,Census Tract 4302,14000US17031430200
315,Census Tract 6608,white,572.7510130501262,587.4712833856508,0.02570099397490962,14.720270335524674,1.1178354515379447,2022,2022,0,Total,41099,11220.0,Census Tract 6608,14000US17031660800
316,Census Tract 6609,white,1140.3085364452186,1140.3085364452186,0.0,0.0,0.0,2022,2022,0,Total,41032,11362.0,Census Tract 6609,14000US17031660900
317,Census Tract 6703,black,562.837757471897,588.0755357305318,0.04484023668205114,25.237778258634762,0.5906615226512488,2022,2022,0,Total,30179,14640.0,Census Tract 6703,14000US17031670300
318,Census Tract 2226,white,741.711258382973,757.8484853597286,0.021756750749525874,16.137226976755528,1.2357632916403305,2022,2022,0,Total,90313,17620.0,Census Tract 2226,14000US17031222600
319,Census Tract 1704,white,964.7775785191378,1121.257459173995,0.16219270030615981,156.47988065485708,5.0,2022,2022,0,Total,103016,19981.0,Census Tract 1704,14000US17031170400
320,Census Tract 3902,black,263.32520143436335,263.32520143436335,0.0,0.0,0.0,2022,2022,0,Total,104441,19527.0,Census Tract 3902,14000US17031390200
321,Census Tract 1710,white,116.19043286300673,116.19043286300673,0.0,0.0,0.0,2022,2022,0,Total,81950,12268.0,Census Tract 1710,14000US17031171000
322,Census Tract 1801,white,897.4877814604338,967.0878513804925,0.0775498801853349,69.60006992005867,4.429976386100522,2022,2022,0,Total,83920,32863.0,Census Tract 1801,14000US17031180100
323,Census Tract 3903,black,637.1283616280799,637.1283616280799,0.0,0.0,0.0,2022,2022,0,Total,19475,10702.0,Census Tract 3903,14000US17031390300
324,Census Tract 4003,black,751.8502411582026,751.8502411582026,0.0,0.0,0.0,2022,2022,0,Total,84293,15967.0,Census Tract 4003,14000US17031400300
325,Census Tract 4005,black,651.4134814675165,669.8934404647707,0.028369015261431565,18.479958997254244,0.3522402805928905,2022,2022,0,Total,22463,17154.0,Census Tract 4005,14000US17031400500
326,Census Tract 4008,black,1097.395519788537,1107.8244066084608,0.009503307268771532,10.428886819923719,0.6666666666666667,2022,2022,0,Total,21029,13729.0,Census Tract 4008,14000US17031400800
327,Census Tract 4403,black,627.1722126370204,628.5500427562602,0.0021968928014947024,1.3778301192397748,0.6276289479278675,2022,2022,0,Total,46747,16686.0,Census Tract 4403,14000US17031440300
328,Census Tract 4308,black,973.4548725167848,976.1722899888032,0.0027915186915575562,2.717417472018383,0.6565347619648658,2022,2022,0,Total,45221,13833.0,Census Tract 4308,14000US17031430800
329,Census Tract 2001,white,680.8044356213616,722.5292736629515,0.06128755316276427,41.72483804158992,1.5485335935535407,2022,2022,0,Total,68393,14478.999999999998,Census Tract 2001,14000US17031200100
330,Census Tract 4102,black,550.7026484991684,552.4024015976813,0.0030865170217453486,1.6997530985129288,0.33285589522709785,2022,2022,0,Total,51739,15399.0,Census Tract 4102,14000US17031410200
331,Census Tract 6806,black,516.9818582386265,518.3457893700868,0.0026382572419605455,1.3639311314602764,0.26423731716042076,2022,2022,0,Total,50330,14326.0,Census Tract 6806,14000US17031680600
332,Census Tract 4303,black,972.4219428318512,972.4219428318512,0.0,0.0,0.0,2022,2022,0,Total,36467,22365.0,Census Tract 4303,14000US17031430300
333,Census Tract 4309,black,655.6206545807124,667.5341975638355,0.018171396675631155,11.91354298312308,0.4018080884360009,2022,2022,0,Total,38173,16903.0,Census Tract 4309,14000US17031430900
334,Census Tract 4312,black,1249.6347251528505,1249.6347251528505,0.0,0.0,0.0,2022,2022,0,Total,57845,15244.0,Census Tract 4312,14000US17031431200
335,Census Tract 2308,black,637.6799877037425,681.6904402006012,0.06901651823093641,44.01045249685865,3.333333333333333,2022,2022,0,Total,68485,31990.0,Census Tract 2308,14000US17031230800
336,Census Tract 2311,black,677.7182307749772,707.0104437439558,0.04322181644056209,29.29221296897856,2.0,2022,2022,0,Total,60333,21319.0,Census Tract 2311,14000US17031231100
337,Census Tract 2101,white,314.3941760508502,314.3941760508502,0.0,0.0,0.0,2022,2022,0,Total,107717,13371.0,Census Tract 2101,14000US17031210100
338,Census Tract 4202,black,552.3039820309332,554.8572687878843,0.004622973652230765,2.553286756951138,0.5,2022,2022,0,Total,30461,13236.0,Census Tract 4202,14000US17031420200
339,Census Tract 4203,black,180.24749018549647,180.24749018549647,0.0,0.0,0.0,2022,2022,0,Total,38583,8626.0,Census Tract 4203,14000US17031420300
340,Census Tract 4406,black,804.0739321904903,806.0707386133104,0.0024833617194631847,1.9968064228201001,0.5,2022,2022,0,Total,58631,10294.0,Census Tract 4406,14000US17031440600
341,Census Tract 4408,black,269.5269251059287,272.79828425431623,0.012137411307244522,3.271359148387546,0.11017037904540819,2022,2022,0,Total,35292,20949.0,Census Tract 4408,14000US17031440800
342,Census Tract 4409,black,716.2018102856202,716.2018102856202,0.0,0.0,0.0,2022,2022,0,Total,39730,9626.0,Census Tract 4409,14000US17031440900
343,Census Tract 4503,black,666.3570803520932,666.3570803520932,0.0,0.0,0.0,2022,2022,0,Total,51990,18420.0,Census Tract 4503,14000US17031450300
344,Census Tract 6720,black,888.960309862362,902.293177932931,0.014998271489346193,13.33286807056902,1.0,2022,2022,0,Total,38654,30697.0,Census Tract 6720,14000US17031672000
345,Census Tract 6809,black,367.6739109029302,370.79114597410967,0.008478260161359332,3.1172350711794934,0.1543073456877829,2022,2022,0,Total,22846,14382.0,Census Tract 6809,14000US17031680900
346,Census Tract 2402,white,393.71886731079525,396.4087499457151,0.006831988147513655,2.6898826349198544,0.5,2022,2022,0,Total,166458,24653.0,Census Tract 2402,14000US17031240200
347,Census Tract 2403,white,285.02537077525363,300.23840586530525,0.05337431909542994,15.21303509005162,0.6196242205293011,2022,2022,0,Total,161125,30036.0,Census Tract 2403,14000US17031240300
348,Census Tract 2002,white,815.6706400285959,892.2548880096402,0.09389114211387994,76.58424798104431,5.333333333333333,2022,2022,0,Total,64583,10244.0,Census Tract 2002,14000US17031200200
349,Census Tract 4105,black,464.88756239283924,482.94973231902065,0.03885277083605545,18.06216992618141,0.4048084430068213,2022,2022,0,Total,70833,17999.0,Census Tract 4105,14000US17031410500
350,Census Tract 4106,black,741.7529816624941,746.8595551763966,0.006884466446575137,5.106573513902504,1.0,2022,2022,0,Total,39461,10925.0,Census Tract 4106,14000US17031410600
351,Census Tract 1702,white,814.9141131605072,955.6707781051293,0.17272576664394862,140.75666494462212,7.0,2022,2022,0,Total,105855,20567.0,Census Tract 1702,14000US17031170200
352,Census Tract 1703,white,608.1960268393532,741.1165939166231,0.21854889083709694,132.92056707726988,3.9999999999999996,2022,2022,0,Total,85774,22985.0,Census Tract 1703,14000US17031170300
353,Census Tract 3818,black,499.28126020482836,499.28126020482836,0.0,0.0,0.0,2022,2022,0,Total,46813,36761.0,Census Tract 3818,14000US17031381800
354,Census Tract 3812,black,966.6722197420231,995.6217798485451,0.029947648763763764,28.94956010652197,1.0,2022,2022,0,Total,44757,36303.0,Census Tract 3812,14000US17031381200
355,Census Tract 3814,black,525.859236624693,525.859236624693,0.0,0.0,0.0,2022,2022,0,Total,34300,14528.999999999998,Census Tract 3814,14000US17031381400
356,Census Tract 3901,black,515.5232305903814,515.5232305903814,0.0,0.0,0.0,2022,2022,0,Total,65833,57019.0,Census Tract 3901,14000US17031390100
357,Census Tract 4304,black,913.7252319966958,925.3484702813091,0.012720715021969907,11.623238284613308,0.8571428571428571,2022,2022,0,Total,36917,14133.0,Census Tract 4304,14000US17031430400
358,Census Tract 4305,black,582.2622809293968,586.3791755261793,0.007070515696485195,4.116894596782572,1.0,2022,2022,0,Total,28528,15769.999999999998,Census Tract 4305,14000US17031430500
359,Census Tract 4306,black,703.7826970558879,711.9028367739072,0.011537850748516654,8.120139718019345,0.997745677611337,2022,2022,0,Total,54375,33438.0,Census Tract 4306,14000US17031430600
360,Census Tract 2307,black,825.2446452595984,842.3567550716549,0.02073580229856989,17.112109812056474,1.6875127995433854,2022,2022,0,Total,32576,11592.0,Census Tract 2307,14000US17031230700
361,Census Tract 2309,black,650.9537319845459,678.5899272110964,0.04245493015655161,27.636195226550512,1.1030302312538567,2022,2022,0,Total,70926,14510.0,Census Tract 2309,14000US17031230900
362,Census Tract 1707,white,1385.1200740728952,1507.705114015202,0.0885013813869941,122.58503994230682,6.0,2022,2022,0,Total,82868,10202.0,Census Tract 1707,14000US17031170700
363,Census Tract 1708,white,971.7387273215245,1085.7756576442862,0.11735348928316373,114.03693032276169,4.5,2022,2022,0,Total,64769,19866.0,Census Tract 1708,14000US17031170800
364,Census Tract 2422,white,151.74035610269505,155.92424939305084,0.027572713006711387,4.1838932903557975,0.14535472399072144,2022,2022,0,Total,164025,14073.0,Census Tract 2422,14000US17031242200
365,Census Tract 2104,white,595.6590150377683,672.5753485568645,0.1291281279680107,76.91633351909616,3.620266809698816,2022,2022,0,Total,63077,12301.0,Census Tract 2104,14000US17031210400
366,Census Tract 2203,white,392.52027831684956,412.68545092723895,0.051373581759543374,20.16517261038939,0.7509939362147325,2022,2022,0,Total,100461,17849.0,Census Tract 2203,14000US17031220300
367,Census Tract 2107,white,501.8669246963028,510.99337945536695,0.018185009431707155,9.126454759064131,0.6545844002492058,2022,2022,0,Total,93026,25820.0,Census Tract 2107,14000US17031210700
368,Census Tract 2109,white,394.0282874369997,396.4555086780266,0.006160017740896358,2.4272212410269276,0.3271285293142111,2022,2022,0,Total,109844,23821.0,Census Tract 2109,14000US17031210900
369,Census Tract 4204,black,551.8180804228043,551.8180804228043,0.0,0.0,0.0,2022,2022,0,Total,32938,9588.0,Census Tract 4204,14000US17031420400
370,Census Tract 4205,black,848.4677249874113,892.8797344322621,0.05234378178086827,44.41200944485081,1.0,2022,2022,0,Total,25298,5157.0,Census Tract 4205,14000US17031420500
371,Census Tract 6913,black,1185.9903234561598,1323.5260948218224,0.11596702658151718,137.53577136566264,3.5,2022,2022,0,Total,42708,29093.0,Census Tract 6913,14000US17031691300
372,Census Tract 317,white,604.3920302367462,617.0771748068432,0.020988272405127704,12.685144570097009,0.3416977560976644,2022,2022,0,Total,84766,12411.0,Census Tract 317,14000US17031031700
373,Census Tract 4701,black,632.1626643101648,636.9197219574373,0.007525053148248741,4.757057647272518,0.5409734507968064,2022,2022,0,Total,45855,11900.0,Census Tract 4701,14000US17031470100
374,Census Tract 4801,black,1137.4417598321843,1169.443719421581,0.028135031365577892,32.00195958939662,1.7348281591685002,2022,2022,0,Total,72171,28237.000000000004,Census Tract 4801,14000US17031480100
375,Census Tract 6910,black,928.1247857310346,945.3220073210045,0.01852899723653491,17.1972215899699,1.0,2022,2022,0,Total,78375,32219.0,Census Tract 6910,14000US17031691000
376,Census Tract 2423,white,399.8970834200846,400.07490842080773,0.0004446769133755957,0.17782500072314633,0.047198491763134454,2022,2022,0,Total,104397,19364.0,Census Tract 2423,14000US17031242300
377,Census Tract 4111,black,225.2309906423111,226.12627042336874,0.0039749404755735,0.8952797810576385,0.17531908208513225,2022,2022,0,Total,123750,29376.0,Census Tract 4111,14000US17031411100
378,Census Tract 4604,black,1641.0396482191184,1670.11633321572,0.017718453681576884,29.07668499660167,2.0,2022,2022,0,Total,68475,20361.0,Census Tract 4604,14000US17031460400
379,Census Tract 2414,white,425.6108414706587,437.5119455761947,0.027962408251662053,11.901104105535978,1.2319454149073708,2022,2022,0,Total,178434,32298.0,Census Tract 2414,14000US17031241400
380,Census Tract 2415,white,444.6072127388204,446.2745314430822,0.0037500936927922406,1.6673187042617883,0.26208488034393435,2022,2022,0,Total,173393,34622.0,Census Tract 2415,14000US17031241500
381,Census Tract 2416,white,341.81116306091246,341.81116306091246,0.0,0.0,0.0,2022,2022,0,Total,111458,12208.0,Census Tract 2416,14000US17031241600
382,Census Tract 2420,white,269.57885906766126,271.03317959621074,0.005394787015492449,1.4543205285494878,0.0773625019633732,2022,2022,0,Total,145583,38305.0,Census Tract 2420,14000US17031242000
383,Census Tract 2433,white,343.399359758745,350.79288970602283,0.021530412731322973,7.393529947277841,0.191296874574246,2022,2022,0,Total,128375,42850.0,Census Tract 2433,14000US17031243300
384,Census Tract 4803,black,1102.135287573709,1118.196425242561,0.014572746059342308,16.06113766885187,0.5855367753191458,2022,2022,0,Total,57839,9834.0,Census Tract 4803,14000US17031480300
385,Census Tract 7108,black,409.0520563769635,423.7154841931767,0.035847339201981784,14.663427816213186,0.43610336476857264,2022,2022,0,Total,30461,12831.0,Census Tract 7108,14000US17031710800
386,Census Tract 7113,black,658.3070316140272,714.0366327112331,0.08465594080101027,55.72960109720589,2.0,2022,2022,0,Total,70223,12871.0,Census Tract 7113,14000US17031711300
387,Census Tract 102.02,white,1092.0819806517716,1111.8017174718636,0.018057011441872724,19.719736820092066,1.29104819997518,2022,2022,0,Total,58698,20001.0,Census Tract 102.02,14000US17031010202
388,Census Tract 4804,black,660.9131235621298,670.0205026743347,0.013779994355564804,9.107379112204853,0.2703864841035199,2022,2022,0,Total,83567,15317.0,Census Tract 4804,14000US17031480400
389,Census Tract 4805,black,890.676953239709,892.061249447982,0.0015542068347428565,1.3842962082730992,0.0542894093568546,2022,2022,0,Total,46250,28518.0,Census Tract 4805,14000US17031480500
390,Census Tract 2412,white,529.3435249365763,530.860671163205,0.0028660900816922033,1.5171462266287108,0.15963687813647753,2022,2022,0,Total,131875,36793.0,Census Tract 2412,14000US17031241200
391,Census Tract 6911,black,418.3220840897734,418.3220840897734,0.0,0.0,0.0,2022,2022,0,Total,57542,20006.0,Census Tract 6911,14000US17031691100
392,Census Tract 6912,black,681.872068830841,737.1455160069545,0.081061315901804,55.27344717611345,1.0,2022,2022,0,Total,35551,7231.0,Census Tract 6912,14000US17031691200
393,Census Tract 6914,black,853.0667137130067,854.4905387137748,0.0016690664140097304,1.4238250007680335,1.0,2022,2022,0,Total,38816,18176.0,Census Tract 6914,14000US17031691400
394,Census Tract 512,white,342.41537676236067,354.1104684515603,0.034154691882649045,11.695091689199614,0.96404896559177,2022,2022,0,Total,166771,10490.0,Census Tract 512,14000US17031051200
395,Census Tract 6915,black,622.4067064033122,627.6637228278014,0.008446272140716107,5.257016424489166,0.7720343058344166,2022,2022,0,Total,22363,1974.0,Census Tract 6915,14000US17031691500
396,Census Tract 4107,black,584.2127663884343,587.7186857833452,0.006001100278215982,3.5059193949109613,0.6310494476885267,2022,2022,0,Total,45972,6194.0,Census Tract 4107,14000US17031410700
397,Census Tract 4108,black,449.48270726986055,450.5748851944227,0.002429855268951204,1.0921779245621224,0.1781819218926906,2022,2022,0,Total,58396,7679.0,Census Tract 4108,14000US17031410800
398,Census Tract 4112,black,401.70273235247817,401.70273235247817,0.0,0.0,0.0,2022,2022,0,Total,111058,65382.99999999999,Census Tract 4112,14000US17031411200
399,Census Tract 5306,black,831.5152056449186,831.5152056449186,0.0,0.0,0.0,2022,2022,0,Total,38304,15549.999999999998,Census Tract 5306,14000US17031530600
400,Census Tract 4601,black,1180.2797672953075,1181.707144459731,0.001209354937680891,1.427377164423433,0.22856169557890266,2022,2022,0,Total,47790,6727.0,Census Tract 4601,14000US17031460100
401,Census Tract 4602,black,707.1293528096726,707.1293528096726,0.0,0.0,0.0,2022,2022,0,Total,28487,1792.9999999999998,Census Tract 4602,14000US17031460200
402,Census Tract 4605,black,690.3159576268906,691.6555616668355,0.0019405665263049672,1.339604039944902,0.33297064891757266,2022,2022,0,Total,68207,32945.0,Census Tract 4605,14000US17031460500
403,Census Tract 2413,white,399.0697890083991,419.0764440110884,0.05013322369603947,20.006655002689342,2.0,2022,2022,0,Total,167292,24872.0,Census Tract 2413,14000US17031241300
404,Census Tract 6813,black,212.26213986745663,212.26213986745663,0.0,0.0,0.0,2022,2022,0,Total,17500,7696.0,Census Tract 6813,14000US17031681300
405,Census Tract 6814,black,912.1717814806268,928.3065643965906,0.01768831621799789,16.134782915963797,1.2423970283191186,2022,2022,0,Total,51531,11115.0,Census Tract 6814,14000US17031681400
406,Census Tract 601,white,602.9268171617603,625.8952154424637,0.03809483610104746,22.968398280703468,0.4852337316958059,2022,2022,0,Total,135272,44763.0,Census Tract 601,14000US17031060100
407,Census Tract 6903,black,702.1425872755253,702.1425872755253,0.0,0.0,0.0,2022,2022,0,Total,35319,17787.0,Census Tract 6903,14000US17031690300
408,Census Tract 6904,black,493.52047558391143,493.52047558391143,0.0,0.0,0.0,2022,2022,0,Total,40722,13133.0,Census Tract 6904,14000US17031690400
409,Census Tract 6909,black,608.8638656518804,608.8638656518804,0.0,0.0,0.0,2022,2022,0,Total,41131,11420.0,Census Tract 6909,14000US17031690900
410,Census Tract 602,white,918.9117914575785,959.5402860328927,0.044213704680913145,40.62849457531422,1.6045839673417366,2022,2022,0,Total,89167,28315.0,Census Tract 602,14000US17031060200
411,Census Tract 2421,white,300.85425966418103,300.85425966418103,0.0,0.0,0.0,2022,2022,0,Total,179015,53472.0,Census Tract 2421,14000US17031242100
412,Census Tract 2431,white,386.8953559389285,389.60387187921987,0.0070006421599924885,2.7085159402913632,0.353197265152339,2022,2022,0,Total,114464,46473.0,Census Tract 2431,14000US17031243100
413,Census Tract 2432,white,429.324870458843,429.9044154357749,0.0013498984494248422,0.5795449769319134,1.0309031108651534,2022,2022,0,Total,136094,48097.0,Census Tract 2432,14000US17031243200
414,Census Tract 2434,white,262.9565433517273,263.47447171079955,0.001969634801517257,0.5179283590722434,0.04074043613364323,2022,2022,0,Total,124773,29809.0,Census Tract 2434,14000US17031243400
415,Census Tract 2435,white,188.83897499211932,188.83897499211932,0.0,0.0,0.0,2022,2022,0,Total,160370,16991.0,Census Tract 2435,14000US17031243500
416,Census Tract 2502,white,563.1496551863737,614.3631007921589,0.09094109378232,51.21344560578518,1.666666666666667,2022,2022,0,Total,49327,14680.0,Census Tract 2502,14000US17031250200
417,Census Tract 4910,black,1219.226683928647,1235.6639422793814,0.01348170817404491,16.43725835073451,1.0,2022,2022,0,Total,22438,13735.999999999998,Census Tract 4910,14000US17031491000
418,Census Tract 4911,black,995.2282050080441,1043.3221988232253,0.04832458884622594,48.09399381518119,1.0,2022,2022,0,Total,68155,19285.0,Census Tract 4911,14000US17031491100
419,Census Tract 5101,black,1200.3622580394986,1200.3622580394986,0.0,0.0,0.0,2022,2022,0,Total,56806,41482.0,Census Tract 5101,14000US17031510100
420,Census Tract 5102,black,836.944551418168,836.944551418168,0.0,0.0,0.0,2022,2022,0,Total,55417,30385.0,Census Tract 5102,14000US17031510200
421,Census Tract 7103,black,349.1586513647721,379.1959969049518,0.08602778542869097,30.03734554017973,1.0,2022,2022,0,Total,54444,17043.0,Census Tract 7103,14000US17031710300
422,Census Tract 5202,black,545.6926275068123,545.6926275068123,0.0,0.0,0.0,2022,2022,0,Total,58438,31957.000000000004,Census Tract 5202,14000US17031520200
423,Census Tract 7109,black,639.7459302969198,647.6329775482209,0.012328405508793949,7.887047251301055,0.5885556388442017,2022,2022,0,Total,45663,7408.999999999999,Census Tract 7109,14000US17031710900
424,Census Tract 7110,black,796.1319150391857,812.6729946820758,0.020776807624997548,16.541079642890054,1.0,2022,2022,0,Total,58030,9823.0,Census Tract 7110,14000US17031711000
425,Census Tract 7112,black,944.3275553097563,950.77349304916,0.006825955361738127,6.445937739403689,1.5264602765599755,2022,2022,0,Total,58444,2111.0,Census Tract 7112,14000US17031711200
426,Census Tract 7106,black,729.517523180072,819.9589396544305,0.1239742893085164,90.44141647435856,2.0,2022,2022,0,Total,35865,25162.0,Census Tract 7106,14000US17031710600
427,Census Tract 619.02,white,476.4885028331136,477.76623100708093,0.0026815509007461465,1.2777281739673185,0.22219994930552797,2022,2022,0,Total,86805,18012.0,Census Tract 619.02,14000US17031061902
428,Census Tract 302,white,652.1700584108621,664.8222716843497,0.019400175016187012,12.652213273487632,0.9531736815094876,2022,2022,0,Total,91406,22315.0,Census Tract 302,14000US17031030200
429,Census Tract 303,white,545.6042409452028,548.3168919597119,0.004971829049220217,2.712651014509106,0.12078472383321504,2022,2022,0,Total,64662,27498.0,Census Tract 303,14000US17031030300
430,Census Tract 304,white,598.4158530270709,673.5887416949195,0.12561981486217072,75.17288866784861,1.5207273109198751,2022,2022,0,Total,97143,15493.0,Census Tract 304,14000US17031030400
431,Census Tract 305,white,702.9432930180792,707.1257228492418,0.005949882263198489,4.182429831162608,0.2420637259058786,2022,2022,0,Total,109375,11104.0,Census Tract 305,14000US17031030500
432,Census Tract 308,white,378.31660110525524,414.7946560524912,0.09642203075589328,36.47805494723593,1.1317629783357492,2022,2022,0,Total,96069,7839.999999999999,Census Tract 308,14000US17031030800
433,Census Tract 2424,white,403.8958196990827,409.1164278998306,0.012925630685253068,5.220608200747904,1.8632085800311116,2022,2022,0,Total,103095,8454.0,Census Tract 2424,14000US17031242400
434,Census Tract 2425,white,292.25456884788423,304.43862884196653,0.04168988714911757,12.184059994082304,1.0491575631348025,2022,2022,0,Total,81875,11707.0,Census Tract 2425,14000US17031242500
435,Census Tract 2426,white,377.176847587799,391.8166188932203,0.03881407726653609,14.639771305421334,1.5570267886056421,2022,2022,0,Total,79583,12306.0,Census Tract 2426,14000US17031242600
436,Census Tract 2427,white,410.49230397582767,420.5667253666554,0.024542290545405684,10.074421390827752,0.3334712780160533,2022,2022,0,Total,61964,18863.0,Census Tract 2427,14000US17031242700
437,Census Tract 2428,black,453.8920366926113,479.44166343847826,0.05629009694032123,25.54962674586693,1.0,2022,2022,0,Total,139500,23498.0,Census Tract 2428,14000US17031242800
438,Census Tract 2429,black,511.5244158616266,528.9829026603097,0.03413030982944485,17.45848679868311,1.2295379066043823,2022,2022,0,Total,143750,26788.0,Census Tract 2429,14000US17031242900
439,Census Tract 2430,black,487.05086128105876,492.5520513968674,0.011294898650500712,5.50119011580864,0.36873746517718503,2022,2022,0,Total,113125,32190.0,Census Tract 2430,14000US17031243000
440,Census Tract 2204,white,475.83213117218554,499.97479665872265,0.0507377789454088,24.142665486537112,0.9303561629139664,2022,2022,0,Total,114803,31355.0,Census Tract 2204,14000US17031220400
441,Census Tract 2205,white,539.515757930131,550.4868033618776,0.020334986087964014,10.971045431746575,1.2196421829574557,2022,2022,0,Total,94867,20315.0,Census Tract 2205,14000US17031220500
442,Census Tract 318,white,282.74741140426727,290.9595586328859,0.029044111094891814,8.212147228618619,0.5890054961405512,2022,2022,0,Total,80873,5684.0,Census Tract 318,14000US17031031800
443,Census Tract 2210,white,508.90588497855487,525.4715546834236,0.03255153888732654,16.565669704868753,0.6231592224939821,2022,2022,0,Total,82102,12989.0,Census Tract 2210,14000US17031221000
444,Census Tract 319,white,620.9298224457792,623.4919911724944,0.004126341873262045,2.5621687267151856,0.22004852747451834,2022,2022,0,Total,93864,21141.0,Census Tract 319,14000US17031031900
445,Census Tract 5205,black,889.9134371874975,894.5112815503296,0.005166619775248311,4.59784436283212,0.3111469346832203,2022,2022,0,Total,87381,27714.0,Census Tract 5205,14000US17031520500
446,Census Tract 7205,white,1010.344500888318,1043.4816601898706,0.03279788158634771,33.13715930155263,1.0,2022,2022,0,Total,110625,17720.0,Census Tract 7205,14000US17031720500
447,Census Tract 3501,white,451.5475903727879,451.5475903727879,0.0,0.0,0.0,2022,2022,0,Total,61620,5495.0,Census Tract 3501,14000US17031350100
448,Census Tract 3511,black,502.8774274952155,503.49526187346714,0.0012285983511509308,0.6178343782516436,0.05197964899735084,2022,2022,0,Total,18220,12036.0,Census Tract 3511,14000US17031351100
449,Census Tract 2512,black,582.3723391299299,609.8020061145016,0.047099879478396896,27.42966698457178,1.2276306986127998,2022,2022,0,Total,46483,12726.0,Census Tract 2512,14000US17031251200
450,Census Tract 309,white,1104.356055685934,1157.2103433889315,0.047859825126932244,52.85428770299745,2.0,2022,2022,0,Total,102309,14716.0,Census Tract 309,14000US17031030900
451,Census Tract 2506,black,624.6423608423542,655.2695947147918,0.04903163120595218,30.627233872437614,2.0,2022,2022,0,Total,65486,28987.0,Census Tract 2506,14000US17031250600
452,Census Tract 321,white,504.5791588063636,508.71927265624174,0.008205082944115346,4.140113849878162,0.39373097466353346,2022,2022,0,Total,69313,12811.0,Census Tract 321,14000US17031032100
453,Census Tract 4905,black,493.9882575433121,495.4316095123751,0.0029218345720220342,1.4433519690629737,0.6574754501175811,2022,2022,0,Total,67135,17431.0,Census Tract 4905,14000US17031490500
454,Census Tract 4906,black,1221.7053892576832,1223.217690511176,0.0012378608351819058,1.5123012534927511,0.9215796658768295,2022,2022,0,Total,63947,18994.0,Census Tract 4906,14000US17031490600
455,Census Tract 4907,black,1304.6714111772844,1325.8279728342063,0.016216007705596187,21.156561656921895,2.0,2022,2022,0,Total,44792,12521.0,Census Tract 4907,14000US17031490700
456,Census Tract 4908,black,724.2150576191174,751.1777267831736,0.03723019685988991,26.96266916405625,0.9271048497876219,2022,2022,0,Total,51591,13103.0,Census Tract 4908,14000US17031490800
457,Census Tract 7002,black,1315.1264361967953,1475.7205191980092,0.12211303687699776,160.5940830012139,4.0,2022,2022,0,Total,80096,24528.0,Census Tract 7002,14000US17031700200
458,Census Tract 7102,black,369.0905281744465,374.3708996667767,0.014306439990338966,5.280371492330232,0.15607826558352805,2022,2022,0,Total,28091,10020.0,Census Tract 7102,14000US17031710200
459,Census Tract 7104,black,827.5237343610384,830.6113617069183,0.00373116469978229,3.0876273458799233,0.5,2022,2022,0,Total,44858,19493.0,Census Tract 7104,14000US17031710400
460,Census Tract 7105,black,1157.685918916483,1254.5217984943074,0.08364607187107917,96.83587957782447,2.0,2022,2022,0,Total,39943,6329.0,Census Tract 7105,14000US17031710500
461,Census Tract 7107,black,454.3367403393842,485.315653562555,0.06818491764507066,30.978913223170764,0.740544489427374,2022,2022,0,Total,31473,13520.0,Census Tract 7107,14000US17031710700
462,Census Tract 2510,black,462.5351040403564,548.2391054648037,0.18529188525541548,85.70400142444737,3.333333333333333,2022,2022,0,Total,31690,5176.0,Census Tract 2510,14000US17031251000
463,Census Tract 2804,black,267.57544394643617,267.57544394643617,0.0,0.0,0.0,2022,2022,0,Total,44414,37664.0,Census Tract 2804,14000US17031280400
464,Census Tract 5808,white,341.81416751308217,341.81416751308217,0.0,0.0,0.0,2022,2022,0,Total,63333,15005.0,Census Tract 5808,14000US17031580800
465,Census Tract 3510,white,296.36736586447387,300.6666012590695,0.014506439945083754,4.299235394595655,0.4681386693866232,2022,2022,0,Total,54688,9413.0,Census Tract 3510,14000US17031351000
466,Census Tract 3602,black,372.86853776424374,372.86853776424374,0.0,0.0,0.0,2022,2022,0,Total,26638,4712.0,Census Tract 3602,14000US17031360200
467,Census Tract 2315,black,574.6575230326023,576.450324369483,0.003119773543413692,1.792801336880757,0.8775825495453832,2022,2022,0,Total,37237,18420.0,Census Tract 2315,14000US17031231500
468,Census Tract 2511,black,158.0750436967686,158.0750436967686,0.0,0.0,0.0,2022,2022,0,Total,38350,7565.0,Census Tract 2511,14000US17031251100
469,Census Tract 5502,white,1089.8416338688337,1092.0369279574645,0.002014323935155361,2.195294088630817,1.0,2022,2022,0,Total,70197,9851.0,Census Tract 5502,14000US17031550200
470,Census Tract 5608,white,951.4599448133832,1094.2379801777088,0.15006205583602328,142.77803536432555,3.0,2022,2022,0,Total,103098,19889.0,Census Tract 5608,14000US17031560800
471,Census Tract 5609,white,1211.6775830464253,1354.455618410751,0.11783500607921632,142.77803536432566,3.0,2022,2022,0,Total,117188,18249.0,Census Tract 5609,14000US17031560900
472,Census Tract 5003,black,1274.9158398860764,1274.9158398860764,0.0,0.0,0.0,2022,2022,0,Total,48469,5954.0,Census Tract 5003,14000US17031500300
473,Census Tract 5610,white,707.7748629137947,743.5218320784262,0.05050612989767261,35.74696916463154,0.7511022771832465,2022,2022,0,Total,106375,34656.0,Census Tract 5610,14000US17031561000
474,Census Tract 5611,white,1230.631092382905,1335.4071274463308,0.08514008439405266,104.77603506342575,3.333333333333333,2022,2022,0,Total,95926,20334.0,Census Tract 5611,14000US17031561100
475,Census Tract 7304,black,686.414828306317,725.4284193788124,0.05683675448672756,39.01359107249539,1.0,2022,2022,0,Total,91284,23692.0,Census Tract 7304,14000US17031730400
476,Census Tract 7305,black,1049.1308291364192,1072.1125562971285,0.021905492167861047,22.981727160709397,0.9372610620591267,2022,2022,0,Total,61742,13753.0,Census Tract 7305,14000US17031730500
477,Census Tract 7306,black,1189.7574531683963,1327.0400269803872,0.11538702568863854,137.28257381199091,1.0,2022,2022,0,Total,75462,19172.0,Census Tract 7306,14000US17031730600
478,Census Tract 7307,black,749.2656675780839,803.2992536492878,0.07211539032058058,54.0335860712039,0.5,2022,2022,0,Total,54531,30179.0,Census Tract 7307,14000US17031730700
479,Census Tract 2503,white,539.2534006403976,589.7251025375817,0.09359551898466627,50.471701897184175,3.0000000000000004,2022,2022,0,Total,47550,15078.0,Census Tract 2503,14000US17031250300
480,Census Tract 2504,white,936.0405259783163,1040.4688062871849,0.11156384516548988,104.42828030886858,5.768214869207964,2022,2022,0,Total,46709,11314.0,Census Tract 2504,14000US17031250400
481,Census Tract 2505,white,1208.6399590913327,1297.0906940228954,0.07318203760039575,88.45073493156269,2.5,2022,2022,0,Total,119514,39850.0,Census Tract 2505,14000US17031250500
482,Census Tract 2507,black,435.3351962134602,468.3693414499786,0.07588209160171046,33.034145236518384,0.8,2022,2022,0,Total,44624,7859.0,Census Tract 2507,14000US17031250700
483,Census Tract 2508,black,759.6899660286003,775.3302526187858,0.0205877230048826,15.640286590185497,2.0,2022,2022,0,Total,63047,23400.0,Census Tract 2508,14000US17031250800
484,Census Tract 5203,black,1117.6659181918203,1117.6659181918203,0.0,0.0,0.0,2022,2022,0,Total,50276,7158.0,Census Tract 5203,14000US17031520300
485,Census Tract 5607,white,924.9866927011292,1067.7647280654546,0.15435685344552108,142.77803536432543,3.0,2022,2022,0,Total,78411,15427.0,Census Tract 5607,14000US17031560700
486,Census Tract 7206,black,1386.5297610532934,1438.5948770685168,0.03755066604244504,52.06511601522334,1.0,2022,2022,0,Total,148450,17638.0,Census Tract 7206,14000US17031720600
487,Census Tract 310,white,680.176057226217,716.5694079040361,0.05350578029199157,36.39335067781906,3.18282249501236,2022,2022,0,Total,121026,20822.0,Census Tract 310,14000US17031031000
488,Census Tract 505,white,495.75881683250935,503.84384523141136,0.01630839054070422,8.085028398902011,0.7678386896729343,2022,2022,0,Total,142548,32423.0,Census Tract 505,14000US17031050500
489,Census Tract 508,white,666.2478682722265,682.0172075651278,0.02366887767130244,15.76933929290135,3.0002431118957418,2022,2022,0,Total,172888,47516.0,Census Tract 508,14000US17031050800
490,Census Tract 510,white,485.56626839376503,485.56626839376503,0.0,0.0,0.0,2022,2022,0,Total,180500,36939.0,Census Tract 510,14000US17031051000
491,Census Tract 514,white,412.9247857694977,470.518411805588,0.13947728017528147,57.59362603609031,2.2024117646818646,2022,2022,0,Total,154044,26419.0,Census Tract 514,14000US17031051400
492,Census Tract 819,white,200.2802402505929,200.2802402505929,0.0,0.0,0.0,2022,2022,0,Total,195083,70339.0,Census Tract 819,14000US17031081900
493,Census Tract 2520,black,761.469457324456,785.8295363368466,0.0319908812862745,24.360079012390543,2.2059421486162876,2022,2022,0,Total,29596,15096.999999999998,Census Tract 2520,14000US17031252000
494,Census Tract 403,white,653.9331392722951,678.5752634534178,0.03768294142203105,24.642124181122767,0.9523544496307141,2022,2022,0,Total,86979,15070.0,Census Tract 403,14000US17031040300
495,Census Tract 408,white,652.0318999539359,683.9178877019192,0.048902496565330605,31.885987747983336,2.5550276397152754,2022,2022,0,Total,105500,20156.0,Census Tract 408,14000US17031040800
496,Census Tract 501,white,512.5038563031208,526.803160950262,0.027900872298381233,14.299304647141298,1.6664089995982325,2022,2022,0,Total,123929,21716.0,Census Tract 501,14000US17031050100
497,Census Tract 502,white,558.6481960410821,588.978614913814,0.05429252092402973,30.33041887273191,1.1037477555054678,2022,2022,0,Total,138546,31598.000000000004,Census Tract 502,14000US17031050200
498,Census Tract 503,white,695.1051520982901,752.5605450044761,0.08265712422465495,57.455392906186034,0.9999999999999999,2022,2022,0,Total,163625,35821.0,Census Tract 503,14000US17031050300
499,Census Tract 3802,black,582.84767991849,591.5222024791196,0.014883000927176591,8.674522560629612,0.6750336398958822,2022,2022,0,Total,25167,9973.0,Census Tract 3802,14000US17031380200
500,Census Tract 6004,white,411.36762815299335,411.36762815299335,0.0,0.0,0.0,2022,2022,0,Total,62599,7203.0,Census Tract 6004,14000US17031600400
501,Census Tract 815,white,423.3165878407536,425.1936428226657,0.004434163545271344,1.8770549819121243,0.324548518348239,2022,2022,0,Total,151626,31559.0,Census Tract 815,14000US17031081500
502,Census Tract 7201,black,1012.715425517308,1169.7358472310389,0.15504890886156186,157.0204217137309,2.372825045008412,2022,2022,0,Total,151613,18738.0,Census Tract 7201,14000US17031720100
503,Census Tract 7202,black,961.8081605967308,1032.052144281572,0.07303325815125138,70.24398368484128,0.7397084734171846,2022,2022,0,Total,118836,14804.0,Census Tract 7202,14000US17031720200
504,Census Tract 7203,black,1331.9648207528257,1445.192973438397,0.08500836577768987,113.22815268557133,1.5,2022,2022,0,Total,145250,33564.0,Census Tract 7203,14000US17031720300
505,Census Tract 7207,black,1046.4939593801575,1087.5753305063306,0.03925619518196331,41.08137112617305,0.7503380842220473,2022,2022,0,Total,118227,43196.0,Census Tract 7207,14000US17031720700
506,Census Tract 7301,black,831.9124194877423,835.1711009548378,0.0039170967889889585,3.258681467095471,0.15279722720638256,2022,2022,0,Total,65944,23810.0,Census Tract 7301,14000US17031730100
507,Census Tract 7303,black,192.32867515647132,192.32867515647132,0.0,0.0,0.0,2022,2022,0,Total,49271,9881.0,Census Tract 7303,14000US17031730300
508,Census Tract 311,white,428.53386303852744,432.93023211006,0.010259093739663907,4.396369071532547,0.3274730221231916,2022,2022,0,Total,79010,12066.0,Census Tract 311,14000US17031031100
509,Census Tract 312,white,790.2843655119867,793.2994650795351,0.003815208422597456,3.0150995675484182,0.16932281568163057,2022,2022,0,Total,24389,8120.0,Census Tract 312,14000US17031031200
510,Census Tract 313,white,776.9636966697145,797.424259859919,0.026334001547181893,20.460563190204425,1.4691987568046605,2022,2022,0,Total,64598,7784.0,Census Tract 313,14000US17031031300
511,Census Tract 314,white,628.2107699086712,629.1592843080309,0.0015098665046726783,0.9485143993597376,0.4566221252823469,2022,2022,0,Total,82526,9212.0,Census Tract 314,14000US17031031400
512,Census Tract 5705,white,978.4852928103682,1037.9581132563462,0.060780494998716336,59.47282044597807,1.2476063358452354,2022,2022,0,Total,77772,23439.0,Census Tract 5705,14000US17031570500
513,Census Tract 5801,white,639.8948350326601,645.0169246014796,0.00800458026600262,5.122089568819433,1.0,2022,2022,0,Total,51111,17331.0,Census Tract 5801,14000US17031580100
514,Census Tract 603,white,405.7000269287573,414.3789510153403,0.021392466133868505,8.678924086582981,0.2975592443118829,2022,2022,0,Total,140125,45275.0,Census Tract 603,14000US17031060300
515,Census Tract 5804,white,607.3054702728617,607.3054702728617,0.0,0.0,0.0,2022,2022,0,Total,55355,7600.0,Census Tract 5804,14000US17031580400
516,Census Tract 5806,white,562.5934542686855,576.1235070443267,0.024049431561959694,13.530052775641252,1.0,2022,2022,0,Total,59631,15267.0,Census Tract 5806,14000US17031580600
517,Census Tract 513,white,587.8916947349142,623.0753721939861,0.059847209569675305,35.18367745907199,2.5993787767549557,2022,2022,0,Total,218403,15594.000000000002,Census Tract 513,14000US17031051300
518,Census Tract 5001,black,578.2339882747497,578.2339882747497,0.0,0.0,0.0,2022,2022,0,Total,71108,20609.0,Census Tract 5001,14000US17031500100
519,Census Tract 506,white,263.3710491560079,271.78120688622016,0.03193273428177929,8.410157730212234,0.90898549348201,2022,2022,0,Total,109188,39519.0,Census Tract 506,14000US17031050600
520,Census Tract 507,white,585.7610898346113,615.6533063828798,0.05103141377435724,29.892216548268493,1.714522079049539,2022,2022,0,Total,125438,16956.0,Census Tract 507,14000US17031050700
521,Census Tract 509,white,549.1391547276658,631.4704062518103,0.14992784764177866,82.33125152414459,3.5,2022,2022,0,Total,130769,10257.0,Census Tract 509,14000US17031050900
522,Census Tract 511,white,467.2818788326839,488.3402507983995,0.04506567217697694,21.058371965715594,1.25,2022,2022,0,Total,159145,86370.0,Census Tract 511,14000US17031051100
523,Census Tract 818,white,282.4400595154283,283.3574013904704,0.0032479170150861267,0.9173418750420979,0.2049417675542073,2022,2022,0,Total,164091,33424.0,Census Tract 818,14000US17031081800
524,Census Tract 901,white,1126.0393155394001,1127.1792459142944,0.0010123362116785113,1.1399303748942202,1.0,2022,2022,0,Total,124667,21989.0,Census Tract 901,14000US17031090100
525,Census Tract 902,white,1193.0979847490864,1193.0979847490864,0.0,0.0,0.0,2022,2022,0,Total,119421,13407.0,Census Tract 902,14000US17031090200
526,Census Tract 903,white,917.7494844319075,960.3300319969468,0.046396700066137234,42.580547565039296,1.0,2022,2022,0,Total,107639,21027.0,Census Tract 903,14000US17031090300
527,Census Tract 1001,white,824.8365822820944,825.2642701606733,0.0005185122577803573,0.4276878785789222,0.28303891297807227,2022,2022,0,Total,109111,10370.0,Census Tract 1001,14000US17031100100
528,Census Tract 2602,black,565.1014469444968,572.0323699618692,0.012264918192738446,6.930923017372379,1.3333333333333335,2022,2022,0,Total,45857,12912.0,Census Tract 2602,14000US17031260200
529,Census Tract 1002,white,634.4156075414032,644.1950508887686,0.015414884550625035,9.779443347365373,0.33932745022812955,2022,2022,0,Total,107850,18172.0,Census Tract 1002,14000US17031100200
530,Census Tract 624,white,598.6542223371599,626.5661693576731,0.046624488693229715,27.91194702051314,1.4329924904845182,2022,2022,0,Total,162500,83840.0,Census Tract 624,14000US17031062400
531,Census Tract 4913,black,105.41312824788764,105.41312824788764,0.0,0.0,0.0,2022,2022,0,Total,40700,13321.0,Census Tract 4913,14000US17031491300
532,Census Tract 7204,white,1329.8852335466795,1425.828977528239,0.07214437874889887,95.94374398155946,1.0,2022,2022,0,Total,116406,13983.0,Census Tract 7204,14000US17031720400
533,Census Tract 5304,black,1461.726085390562,1570.6165608446643,0.07449444635518529,108.89047545410222,3.0,2022,2022,0,Total,80147,16414.0,Census Tract 5304,14000US17031530400
534,Census Tract 634,white,514.2883118256216,530.0930343056677,0.030731249605775668,15.804722480046166,1.2948215760328177,2022,2022,0,Total,95833,33303.0,Census Tract 634,14000US17031063400
535,Census Tract 7506,black,939.3026799135283,957.5816656777484,0.01946016566875214,18.278985764220124,0.39378495770725297,2022,2022,0,Total,56504,14585.0,Census Tract 7506,14000US17031750600
536,Census Tract 401,white,679.9178106901667,687.1563154926127,0.01064614676750188,7.238504802446073,0.6563381595498377,2022,2022,0,Total,93576,20712.0,Census Tract 401,14000US17031040100
537,Census Tract 406,white,647.2375766186926,670.8637388658391,0.03650307568756216,23.626162247146453,1.7331473949404326,2022,2022,0,Total,97596,27336.0,Census Tract 406,14000US17031040600
538,Census Tract 407,white,593.9419488318812,619.3393194266255,0.04276069512297267,25.397370594744302,1.624341575488696,2022,2022,0,Total,105400,21709.0,Census Tract 407,14000US17031040700
539,Census Tract 409,white,721.760375486199,747.9762720654915,0.03632216102419403,26.215896579292462,2.0,2022,2022,0,Total,79803,27526.0,Census Tract 409,14000US17031040900
540,Census Tract 816,white,128.14699311627186,128.14699311627186,0.0,0.0,0.0,2022,2022,0,Total,157623,26852.0,Census Tract 816,14000US17031081600
541,Census Tract 817,white,286.4558863593669,292.43604292822357,0.02087636126057608,5.980156568856671,0.4045156100285062,2022,2022,0,Total,132903,19900.0,Census Tract 817,14000US17031081700
542,Census Tract 2513,black,860.9225822102999,881.1873125815908,0.023538388689101485,20.264730371290966,2.0,2022,2022,0,Total,38920,5782.0,Census Tract 2513,14000US17031251300
543,Census Tract 2514,black,761.7231279777445,804.5957518775625,0.056283736603400886,42.872623899817995,2.666666666666667,2022,2022,0,Total,22029,3178.0,Census Tract 2514,14000US17031251400
544,Census Tract 2515,black,460.9770549153974,513.0298498957167,0.11291840759812323,52.05279498031928,2.0821696508270615,2022,2022,0,Total,40077,25996.0,Census Tract 2515,14000US17031251500
545,Census Tract 2519,black,452.60746875041934,456.7369889511315,0.009123844580190239,4.129520200712136,0.49846086765200553,2022,2022,0,Total,26300,9453.0,Census Tract 2519,14000US17031251900
546,Census Tract 6009,white,517.7102258077396,522.1538463714098,0.008583219612356042,4.443620563670265,0.1149722435271868,2022,2022,0,Total,68526,6160.0,Census Tract 6009,14000US17031600900
547,Census Tract 628,white,507.5673808435066,519.0461025447323,0.022615168220916138,11.478721701225709,1.2506931286683294,2022,2022,0,Total,166538,47789.0,Census Tract 628,14000US17031062800
548,Census Tract 629,white,558.2427858668418,564.6801892158504,0.011531547763779118,6.437403349008605,0.6655456444219496,2022,2022,0,Total,159088,16390.0,Census Tract 629,14000US17031062900
549,Census Tract 630,white,462.2976866368386,473.691684468039,0.024646452189909074,11.393997831200409,0.7606645238554952,2022,2022,0,Total,104052,15622.0,Census Tract 630,14000US17031063000
550,Census Tract 631,white,539.3083568943473,588.7681560082001,0.0917096842308753,49.459799113852796,1.0,2022,2022,0,Total,99483,20414.0,Census Tract 631,14000US17031063100
551,Census Tract 632,white,413.42102843404297,589.484287355017,0.4258691426216679,176.06325892097408,1.3779176695194848,2022,2022,0,Total,81020,17269.0,Census Tract 632,14000US17031063200
552,Census Tract 2516,black,319.7899919396184,340.72194831295775,0.06545532036941182,20.931956373339347,1.0,2022,2022,0,Total,35417,17094.0,Census Tract 2516,14000US17031251600
553,Census Tract 2518,black,233.75473507960626,233.75473507960626,0.0,0.0,0.0,2022,2022,0,Total,30341,10951.0,Census Tract 2518,14000US17031251800
554,Census Tract 1006,white,610.1781022867227,704.8045644600478,0.15508006894822998,94.62646217332508,2.208928074959875,2022,2022,0,Total,84000,13844.0,Census Tract 1006,14000US17031100600
555,Census Tract 622,white,515.820314349879,534.6724170625029,0.03654780974724567,18.852102712623832,0.7080415692557294,2022,2022,0,Total,198333,59807.0,Census Tract 622,14000US17031062200
556,Census Tract 2610,black,968.30284479275,1000.8368515226474,0.03359899942962662,32.53400672989744,1.5,2022,2022,0,Total,45086,7300.0,Census Tract 2610,14000US17031261000
557,Census Tract 626,white,528.3012309250527,528.3012309250527,0.0,0.0,0.0,2022,2022,0,Total,195357,32283.0,Census Tract 626,14000US17031062600
558,Census Tract 1101,white,955.9698504859543,975.044134832956,0.01995280953400942,19.074284347001708,1.194572572732461,2022,2022,0,Total,96514,25185.0,Census Tract 1101,14000US17031110100
559,Census Tract 2609,black,500.31788598134005,507.1115238863561,0.013578642889591663,6.793637905016055,0.33333333333333337,2022,2022,0,Total,19417,5880.0,Census Tract 2609,14000US17031260900
560,Census Tract 5201,black,698.4306825938801,698.4306825938801,0.0,0.0,0.0,2022,2022,0,Total,57446,29898.0,Census Tract 5201,14000US17031520100
561,Census Tract 6114,white,832.3033160567231,832.3033160567231,0.0,0.0,0.0,2022,2022,0,Total,29194,10096.0,Census Tract 6114,14000US17031611400
562,Census Tract 6103,white,356.7853290349044,359.1116817801517,0.006520315035206197,2.326352745247277,0.5692295032528252,2022,2022,0,Total,38984,14014.999999999998,Census Tract 6103,14000US17031610300
563,Census Tract 6108,white,431.7117672292205,439.0669282343114,0.017037202975256342,7.355161005090849,0.3659120925888771,2022,2022,0,Total,86705,7131.999999999999,Census Tract 6108,14000US17031610800
564,Census Tract 627,white,309.49430409182395,313.1851238904464,0.011925323826080534,3.6908197986224422,0.5068417242076911,2022,2022,0,Total,151080,40460.0,Census Tract 627,14000US17031062700
565,Census Tract 1203,white,1306.253506027872,1312.8648799342682,0.0050613252909080956,6.6113739063962385,1.0,2022,2022,0,Total,140988,37002.0,Census Tract 1203,14000US17031120300
566,Census Tract 5204,black,627.0203357147205,627.0203357147205,0.0,0.0,0.0,2022,2022,0,Total,49505,8715.0,Census Tract 5204,14000US17031520400
567,Census Tract 5807,white,643.7932494864361,651.4486497906503,0.011891085080996068,7.65540030421414,0.7251173372574925,2022,2022,0,Total,57269,26122.0,Census Tract 5807,14000US17031580700
568,Census Tract 612,white,484.839075692939,490.6769823940988,0.01204091624177811,5.837906701159795,0.235655756888433,2022,2022,0,Total,109479,13683.0,Census Tract 612,14000US17031061200
569,Census Tract 5905,white,721.6241260620542,740.0493173307674,0.025532947975645676,18.425191268713206,0.3641359629294756,2022,2022,0,Total,69697,30054.0,Census Tract 5905,14000US17031590500
570,Census Tract 5906,white,584.7491274794304,584.7491274794304,0.0,0.0,0.0,2022,2022,0,Total,65192,23209.0,Census Tract 5906,14000US17031590600
571,Census Tract 5907,white,638.8504050014648,645.9035796201181,0.011040416603691663,7.0531746186533155,0.3695778554159166,2022,2022,0,Total,76667,25002.0,Census Tract 5907,14000US17031590700
572,Census Tract 6006,white,422.1790375390059,423.113611155011,0.0022136902425401333,0.9345736160050819,0.21536499836495168,2022,2022,0,Total,60625,32638.0,Census Tract 6006,14000US17031600600
573,Census Tract 6007,white,897.3598525937596,911.2171657139436,0.015442314563249477,13.857313120184017,0.8494976555407272,2022,2022,0,Total,65342,21068.0,Census Tract 6007,14000US17031600700
574,Census Tract 604,white,522.2846638952792,528.1232964602705,0.011179023564364,5.838632564991258,0.2590358729661534,2022,2022,0,Total,162011,33265.0,Census Tract 604,14000US17031060400
575,Census Tract 605,white,448.0490949382312,461.71966808243656,0.03051132855449697,13.670573144205378,0.7488017780219217,2022,2022,0,Total,54250,51719.0,Census Tract 605,14000US17031060500
576,Census Tract 609,white,811.9025016039265,821.8065139637511,0.012198524256618338,9.904012359824605,0.7822030660786015,2022,2022,0,Total,83601,15477.0,Census Tract 609,14000US17031060900
577,Census Tract 610,white,681.0722722278636,721.1903193883081,0.058904243787834674,40.118047160444576,1.2857271803253876,2022,2022,0,Total,127872,14188.0,Census Tract 610,14000US17031061000
578,Census Tract 620,white,575.0340107425402,605.7611146174563,0.05343528087188837,30.72710387491611,1.6063781067761262,2022,2022,0,Total,110250,31981.0,Census Tract 620,14000US17031062000
579,Census Tract 621,white,439.309604413513,459.19877159796323,0.04527369077442015,19.88916718445023,0.9903252850320172,2022,2022,0,Total,99212,35625.0,Census Tract 621,14000US17031062100
580,Census Tract 2608,black,35.2036088390371,35.2036088390371,0.0,0.0,0.0,2022,2022,0,Total,39696,14592.000000000002,Census Tract 2608,14000US17031260800
581,Census Tract 6308,white,733.4555930793829,766.7486020578106,0.04539199004352583,33.29300897842768,1.8,2022,2022,0,Total,68558,15822.0,Census Tract 6308,14000US17031630800
582,Census Tract 1003,white,805.5807614151088,886.9873923779714,0.10105334543970637,81.40663096286266,2.069634207853318,2022,2022,0,Total,83271,31610.0,Census Tract 1003,14000US17031100300
583,Census Tract 1004,white,1027.148031962341,1027.148031962341,0.0,0.0,0.0,2022,2022,0,Total,143137,9552.0,Census Tract 1004,14000US17031100400
584,Census Tract 1005,white,929.4590015420472,933.6369272897175,0.004495008107661339,4.177925747670315,0.2964697598610315,2022,2022,0,Total,109564,15614.000000000002,Census Tract 1005,14000US17031100500
585,Census Tract 2831,white,201.68860800527088,201.68860800527088,0.0,0.0,0.0,2022,2022,0,Total,44129,38134.0,Census Tract 2831,14000US17031283100
586,Census Tract 2712,black,257.40245177046233,257.40245177046233,0.0,0.0,0.0,2022,2022,0,Total,32401,23228.0,Census Tract 2712,14000US17031271200
587,Census Tract 623,white,455.82380738205075,455.82380738205075,0.0,0.0,0.0,2022,2022,0,Total,227750,26224.0,Census Tract 623,14000US17031062300
588,Census Tract 625,white,735.803002778862,756.4164288961882,0.028014870881848435,20.613426117326185,0.894388636168786,2022,2022,0,Total,145903,32210.0,Census Tract 625,14000US17031062500
589,Census Tract 707,white,346.1500609878408,362.53415786080984,0.04733235298648287,16.384096872969053,0.48661475069430116,2022,2022,0,Total,160000,34661.0,Census Tract 707,14000US17031070700
590,Census Tract 711,white,406.4160463652047,418.3369867910406,0.02933186455714835,11.920940425835909,0.6401880054701826,2022,2022,0,Total,206304,20259.0,Census Tract 711,14000US17031071100
591,Census Tract 713,white,376.5197922886097,387.5854798278174,0.029389391383509513,11.065687539207659,0.4363114799647022,2022,2022,0,Total,118878,33623.0,Census Tract 713,14000US17031071300
592,Census Tract 1402,white,493.49222711903957,500.6030834629478,0.01440925703211317,7.11085634390821,0.5818078889304193,2022,2022,0,Total,72629,23381.0,Census Tract 1402,14000US17031140200
593,Census Tract 706,white,466.95485043876613,466.95485043876613,0.0,0.0,0.0,2022,2022,0,Total,250001,,Census Tract 706,14000US17031070600
594,Census Tract 1204,white,886.9480928426968,887.5318388120655,0.0006581512199860174,0.5837459693686924,1.0,2022,2022,0,Total,111750,23382.0,Census Tract 1204,14000US17031120400
595,Census Tract 1301,white,624.1750470300748,669.9882864159786,0.07339806293745728,45.813239385903785,2.9999999999999996,2022,2022,0,Total,58068,15609.999999999998,Census Tract 1301,14000US17031130100
596,Census Tract 1401,white,572.6194205376491,575.238357228793,0.004573607874991145,2.6189366911438583,0.2494322576579574,2022,2022,0,Total,86795,24712.0,Census Tract 1401,14000US17031140100
597,Census Tract 2832,white,163.1542465575793,163.24084123350605,0.0005307534296765771,0.08659467592673309,0.03754634377886865,2022,2022,0,Total,57055,13255.0,Census Tract 2832,14000US17031283200
598,Census Tract 1404,white,675.4206667120282,685.9646639576047,0.01561100772486734,10.54399724557652,0.684728710490017,2022,2022,0,Total,93036,32838.0,Census Tract 1404,14000US17031140400
599,Census Tract 2924,white,631.1810477372729,658.9594791733888,0.044010243234804056,27.778431436115852,1.5,2022,2022,0,Total,41875,27769.000000000004,Census Tract 2924,14000US17031292400
600,Census Tract 2827,black,427.4290767370952,427.468159765842,9.143745915732676e-05,0.03908302874680203,0.09224076004579687,2022,2022,0,Total,79330,20422.0,Census Tract 2827,14000US17031282700
601,Census Tract 2925,white,650.382062716847,665.8070530958902,0.02371681395179965,15.424990379043152,2.0,2022,2022,0,Total,52500,12210.0,Census Tract 2925,14000US17031292500
602,Census Tract 3006,white,740.2118140838488,765.97119088716,0.03480000766428355,25.75937680331117,1.2000000000000002,2022,2022,0,Total,48915,2803.0,Census Tract 3006,14000US17031300600
603,Census Tract 3007,white,230.73057445272744,230.73057445272744,0.0,0.0,0.0,2022,2022,0,Total,46554,9261.0,Census Tract 3007,14000US17031300700
604,Census Tract 2828,black,279.64955701031147,279.64955701031147,0.0,0.0,0.0,2022,2022,0,Total,81286,11677.0,Census Tract 2828,14000US17031282800
605,Census Tract 2838,white,233.25594426504142,245.77672081252683,0.05367827425336027,12.520776547485411,0.7139011234632348,2022,2022,0,Total,77422,20518.0,Census Tract 2838,14000US17031283800
606,Census Tract 2909,white,430.76041209740663,459.8288159561026,0.06748160472119427,29.068403858695945,1.1773691454087396,2022,2022,0,Total,34349,16793.0,Census Tract 2909,14000US17031290900
607,Census Tract 2916,white,545.3506437497974,551.9362748370714,0.012075957299677169,6.58563108727401,0.5916240124272057,2022,2022,0,Total,120207,45345.0,Census Tract 2916,14000US17031291600
608,Census Tract 2713,black,604.8739450876682,635.4152041752358,0.0504919402391205,30.541259087567596,0.7960823911157678,2022,2022,0,Total,23900,18072.0,Census Tract 2713,14000US17031271300
609,Census Tract 2809,black,222.33525296119748,227.66101518786127,0.023953746226619534,5.325762226663784,0.5,2022,2022,0,Total,47784,35625.0,Census Tract 2809,14000US17031280900
610,Census Tract 703,white,363.272493894693,374.562370082565,0.031078257720070432,11.289876187871982,0.7824694172325902,2022,2022,0,Total,191051,30787.0,Census Tract 703,14000US17031070300
611,Census Tract 3005,white,464.3558895593804,468.63951696857663,0.009224880109221626,4.283627409196242,0.14285714285714288,2022,2022,0,Total,50329,24739.0,Census Tract 3005,14000US17031300500
612,Census Tract 2912,white,190.439638590156,190.439638590156,0.0,0.0,0.0,2022,2022,0,Total,24120,3822.0,Census Tract 2912,14000US17031291200
613,Census Tract 6203,white,1036.4744802319303,1057.8640066053065,0.02063680947416077,21.389526373376157,2.202945496578879,2022,2022,0,Total,67292,13496.000000000002,Census Tract 6203,14000US17031620300
614,Census Tract 6304,white,670.1983858225816,687.239032455225,0.02542627226970747,17.040646632643416,1.0,2022,2022,0,Total,39828,8631.0,Census Tract 6304,14000US17031630400
615,Census Tract 6305,white,984.1355610121657,998.2124100818885,0.014303770361925573,14.076849069722812,1.0,2022,2022,0,Total,48986,7226.999999999999,Census Tract 6305,14000US17031630500
616,Census Tract 1103,white,704.030005101608,704.030005101608,0.0,0.0,0.0,2022,2022,0,Total,115833,16361.0,Census Tract 1103,14000US17031110300
617,Census Tract 1104,white,369.1464328067343,408.0964622360762,0.10551376355771014,38.950029429341896,0.4694209722499473,2022,2022,0,Total,81250,7401.000000000001,Census Tract 1104,14000US17031110400
618,Census Tract 2801,white,178.89592539742503,178.90973464606228,7.71915213080816e-05,0.013809248637244309,0.057529868030521104,2022,2022,0,Total,136378,22722.0,Census Tract 2801,14000US17031280100
619,Census Tract 1201,white,973.5716371189969,973.5716371189969,0.0,0.0,0.0,2022,2022,0,Total,160461,14871.0,Census Tract 1201,14000US17031120100
620,Census Tract 1202,white,791.8067998178287,796.0815967342347,0.005398787832321589,4.27479691640599,0.19068414807396453,2022,2022,0,Total,149306,23068.0,Census Tract 1202,14000US17031120200
621,Census Tract 2714,black,437.7283361949106,457.0824739634608,0.044214952901592074,19.35413776855023,0.7506512820845058,2022,2022,0,Total,40670,16637.0,Census Tract 2714,14000US17031271400
622,Census Tract 710,white,458.7501795814512,458.7501795814512,0.0,0.0,0.0,2022,2022,0,Total,202115,38515.0,Census Tract 710,14000US17031071000
623,Census Tract 2819,white,177.02184659044315,177.38542757521125,0.0020538763535174567,0.36358098476810596,0.1846547613210882,2022,2022,0,Total,135243,23776.0,Census Tract 2819,14000US17031281900
624,Census Tract 712,white,381.2278688481981,384.4071668424042,0.008339626386212735,3.179297994206081,0.22593780969510538,2022,2022,0,Total,125581,14562.999999999998,Census Tract 712,14000US17031071200
625,Census Tract 6115,white,729.8853707410393,733.5232885331197,0.004984231686116572,3.6379177920804295,1.0,2022,2022,0,Total,40960,12542.0,Census Tract 6115,14000US17031611500
626,Census Tract 6119,white,499.36560613004065,499.36560613004065,0.0,0.0,0.0,2022,2022,0,Total,34000,11832.0,Census Tract 6119,14000US17031611900
627,Census Tract 6202,white,420.84605388362127,427.3439529791106,0.015440085597871004,6.497899095489345,0.5,2022,2022,0,Total,62250,27441.000000000004,Census Tract 6202,14000US17031620200
628,Census Tract 702,white,419.8198165093939,445.2884746875561,0.0606656884134776,25.46865817816223,1.1707428452601167,2022,2022,0,Total,108083,23058.0,Census Tract 702,14000US17031070200
629,Census Tract 704,white,416.11823593556716,431.60801233880943,0.03722445945781802,15.489776403242274,1.1158228586134133,2022,2022,0,Total,243795,31450.0,Census Tract 704,14000US17031070400
630,Census Tract 705,white,426.7583303193767,426.7583303193767,0.0,0.0,0.0,2022,2022,0,Total,186757,25472.0,Census Tract 705,14000US17031070500
631,Census Tract 1303,white,826.3949270841362,860.9442341707877,0.04180725940387342,34.54930708665154,3.4401885617706993,2022,2022,0,Total,66154,9707.0,Census Tract 1303,14000US17031130300
632,Census Tract 2922,white,271.4767208458593,272.04553341369586,0.0020952535674671623,0.5688125678365736,0.13598817494658166,2022,2022,0,Total,33736,8677.0,Census Tract 2922,14000US17031292200
633,Census Tract 6309,white,860.1723851572814,903.7903555619971,0.05070840584674226,43.61797040471572,2.358621198788958,2022,2022,0,Total,41600,17930.0,Census Tract 6309,14000US17031630900
